threshold,signal_yield,background_yield,signal_efficiency,background_efficiency,background_neff,s_over_b,asimov_z_bkg_syst_0,asimov_z_bkg_syst_0.0001,asimov_z_bkg_syst_0.01,asimov_z_bkg_syst_0.05,asimov_z_bkg_syst_0.1
0.0,682.5695760001637,1186262829.1693516,1.00000000000024,1.0000000000022635,392044.9999987882,5.753948949729079e-07,0.019817844838867952,0.005529034847351704,5.753923593874143e-05,0.0003369528310483493,5.753947603607738e-06
0.0005,682.5252720001637,1070557988.3389318,0.9999350923313989,0.9024627274977369,353806.0000016203,6.375416179549169e-07,0.020859965814224397,0.00609250959013209,0.0003879885636808762,0.00031069685271944926,6.375414526924073e-06
0.001,682.5141960001637,1029010270.8383862,0.9999188654141886,0.8674386868896936,340075.0000015851,6.632724816673455e-07,0.021276578310903575,0.006354222217730834,0.00037823182215352845,1.3265444122187752e-05,6.6327230279529525e-06
0.0015,682.4957360001637,998667214.171321,0.9998918205521715,0.8418599905662316,330047.00000155944,6.834065705926757e-07,0.021596804493890266,0.00652357398164571,0.0004047216660086119,1.3668125560952071e-05,6.834063806953113e-06
0.002,682.4514320001637,974711691.6710064,0.9998269128833305,0.8216658801959833,322130.0000015392,7.001572237532069e-07,0.02185916714963468,0.006643874595203756,2.764791607303943e-05,1.400313833364392e-05,0.00046369713120788874
0.0025,682.4255880001637,955167834.1707498,0.9997890500765064,0.8051907306593618,315671.0000015226,7.14456207157171e-07,0.022080830626386442,0.006779773544931421,7.144522970880195e-05,1.4289117748201809e-05,0.0002397818032394891
0.003,682.3923600001636,938050695.0038583,0.9997403693248756,0.7907612646539942,310014.0000015081,7.274578694250175e-07,0.022280295597912662,0.006896097610818271,8.329092524059274e-05,1.4549150758539893e-05,7.274576542518206e-06
0.0035,682.3702080001636,923072820.0036616,0.9997079154904551,0.7781351630583483,305064.0000014954,7.392376779087232e-07,0.0224596002631912,0.00703500899003728,7.392334915639736e-05,0.00036737992799867875,0.0003690199155201649
0.004,682.3295960001636,909753101.6701534,0.9996484167940174,0.7669068601848062,300662.0000014841,7.500162348966126e-07,0.02262207211520915,0.007134449283166099,7.50011925337905e-05,1.5000317650104905e-05,0.0005378009781021118
0.0045000000000000005,682.2889840001636,897413753.336658,0.9995889180975798,0.7565049930520701,296584.0000014737,7.602836277729834e-07,0.022775711016640787,0.007216626726197932,0.00030849544360855825,1.5205665313146571e-05,7.602833927363244e-06
0.005,682.2446800001636,886048723.3365088,0.9995240104287387,0.7469244602049496,292828.0000014641,7.699855121184535e-07,0.0229198251452524,0.007320352764295359,0.0005395974414449371,0.00045780439403118786,7.699852710421543e-06
0.0055,682.2151440001636,875894026.6697087,0.9994807386495113,0.7383642183958612,289472.0000014555,7.788786351176024e-07,0.02305130500181027,0.0073821058248766695,0.0005455215320390897,0.0006520490580479186,0.00045109035211214025
0.006,682.1856080001636,866147817.5029141,0.9994374668702839,0.7301483248121086,286251.0000014473,7.876087593996257e-07,0.02317962940054202,0.007446336844156739,0.000291764042106325,1.5752167415185635e-05,0.0004285807923578436
0.006500000000000001,682.1449960001636,857324487.5027982,0.9993779681738463,0.7227104031448554,283335.00000143977,7.956672251216166e-07,0.023297215977671256,0.0075297478024157,0.0004141081218472908,0.000213117950939832,0.00010629734960370207
0.007,682.1191520001636,848719017.5026852,0.9993401053670222,0.7154561338644478,280491.00000143243,8.037043331575935e-07,0.023414140412528275,0.00759308327763194,8.036993830804353e-05,0.00020219263159070548,0.00044566495499609806
0.0075,682.0859240001636,840954729.1692499,0.9992914246153914,0.7089109668554726,277925.0000014259,8.110851872775276e-07,0.02352083416384782,0.007686713930719641,0.0002656809889332404,0.0004522758004143233,8.110849197671985e-06
0.008,682.0674640001636,833396197.502484,0.9992643797533743,0.7025392493229629,275427.0000014195,8.184192177072306e-07,0.023626615671779733,0.0077444530483604486,8.184140843392988e-05,1.6368375960634274e-05,8.18418945335914e-06
0.0085,682.0453120001636,826349031.6690581,0.9992319259189538,0.6965986047540216,273098.0000014136,8.253719504245922e-07,0.023726375924397223,0.007781365487521015,0.0005600345593394422,0.0005043970164776099,0.00025207962152614093
0.009000000000000001,682.0194680001636,819468286.6689677,0.9991940631121298,0.6907982502028096,270824.0000014077,8.322707285872944e-07,0.023824875281146896,0.007868732257819743,0.0001004384808097931,0.00039080323205605043,0.00046912634330589206
0.0095,681.9788560001635,813180605.0022185,0.9991345644156922,0.6854978382602335,268746.0000014024,8.38656076897337e-07,0.023915383164040897,0.007916228918682027,8.386506858589673e-05,0.0002146279642187408,8.386557908830709e-06
0.01,681.9234760001635,807259049.1688074,0.9990534298296407,0.6805060643566619,266789.0000013974,8.44739339499885e-07,0.02400098798746288,0.007969609707207283,0.0004892190223355923,1.6894777847057315e-05,8.447390493170655e-06
0.0105,681.8865560001635,801255795.8353952,0.9989993401056065,0.6754454208080232,264805.00000139227,8.510223071637485e-07,0.02408942725739963,0.008010769812276953,0.00039888193929755333,0.0004900728431927508,8.510220126453823e-06
0.011,681.8385600001635,795449221.6686523,0.9989290234643621,0.6705505745530648,262886.0000013874,8.571742122895511e-07,0.02417548890129965,0.008090413630856939,0.0005909889653454753,1.7143475037089422e-05,8.5717391349395e-06
0.0115,681.8016400001635,790078367.5019151,0.9988749337403278,0.6660230330717978,261111.00000138284,8.629544460961474e-07,0.024256207194030648,0.008128912203378585,8.629487367258764e-05,0.0003749045599830681,0.00018727736059523194
0.012,681.7684120001635,784740797.501845,0.998826252988697,0.6615235495940767,259347.0000013783,8.687816590784049e-07,0.024337372918635247,0.008175065100354277,8.687758720718643e-05,1.737562372132263e-05,0.0003779977400822421
0.0125,681.7351840001635,779717914.1684457,0.9987775722370662,0.6572893417862439,257687.00000137405,8.743356688517553e-07,0.024414446835174918,0.008242327257003476,8.74329807344633e-05,1.748670379522817e-05,8.743353579635344e-06
0.013000000000000001,681.6613440001635,775030898.3350508,0.9986693927889977,0.653338264741465,256138.00000137006,8.795279587749764e-07,0.024485506625908256,0.008271672221996476,8.795220268291613e-05,1.759054947905889e-05,8.795276441771937e-06
0.0135,681.6355000001635,770247055.834988,0.9986315299821737,0.6493055644136435,254557.00000136602,8.849569691132867e-07,0.02456049486604117,0.008319179075144843,8.849509634924831e-05,0.0003108591949717377,8.84956650617542e-06
0.014,681.5875040001634,765629634.1682607,0.9985612133409292,0.6454131541035515,253031.0000013621,8.902313515340924e-07,0.02463270965241675,0.008364617030944268,0.0003752901873933442,0.0003642900490914592,0.00034367002216570397
0.0145,681.5468920001634,761133245.8348683,0.9985017146444916,0.6416227728972627,251545.0000013583,8.954370285751892e-07,0.024703889201478143,0.00842706508574195,8.954308791056786e-05,1.7908730520318518e-05,0.00024232446203436238
0.015,681.4841280001634,756718555.001477,0.9984097621136333,0.637901261336041,250086.00000135458,9.005780596972851e-07,0.02477356392362896,0.008456103759038451,4.7169649406268386e-05,0.00017684802591788767,8.801929685733327e-05
0.0155,681.4435160001634,752376484.1680866,0.9983502634171957,0.6342409672371011,248651.00000135088,9.057214444356872e-07,0.024843466326390836,0.008499613441887963,9.057151519850263e-05,0.0003680162672747126,9.057211108013893e-06
0.016,681.3992120001634,748364229.168034,0.9982853557483545,0.630858702446025,247325.0000013475,9.105181480382668e-07,0.02490835523207143,0.008548937027437307,0.00041165371811852054,0.0002778422882348489,0.00013865812675981694
0.0165,681.3733680001634,744279354.1679803,0.9982474929415306,0.6274152201926672,245975.00000134404,9.154806783023847e-07,0.02497566741325313,0.008596914070349565,0.0004113208985030464,0.0002518457201858072,0.00012562945183612674
0.017,681.3290640001634,740491010.8345972,0.9981825852726895,0.624221709243627,244723.00000134084,9.201044361527721e-07,0.025037845394911985,0.008637158852608748,0.0005470111569173071,1.8402078108876115e-05,0.00036341402536104004
0.0175,681.2958360001634,736660305.8345469,0.9981339045210587,0.6209924881082557,243457.00000133758,9.248439621411903e-07,0.025101636319401092,0.008670819312770943,0.00023808494900989235,1.849686851876913e-05,0.00044087070207364596
0.018000000000000002,681.2478400001634,732868936.6678305,0.9980635878798142,0.6177964264316205,242204.00000133438,9.295629899359971e-07,0.02516470907488482,0.008710472024840014,9.295563600302379e-05,0.000592243780384698,0.0005003416850896033
0.0185,681.2035360001634,729286350.0011168,0.997998680210973,0.6147763649590458,241020.00000133135,9.340686768635121e-07,0.02522480302109129,0.008766144885266607,9.34061982114196e-05,1.8681362597523777e-05,0.0002418735911146595
0.019,681.1703080001633,725740073.3344035,0.9979499994593423,0.6117869122176121,239848.00000131948,9.385871512792935e-07,0.025285124061323522,0.008798722678374993,9.385803912877313e-05,0.000274266774899724,9.38586792966748e-06
0.0195,681.1223120001633,722390475.8343595,0.9978796828180977,0.6089632567698585,238741.00000128712,9.428727741924732e-07,0.0253418918402956,0.008833157850167809,0.0003447775347764103,1.885744433628274e-05,0.0002440442444293355
0.02,681.0706240001633,719170989.1676506,0.9978039572044498,0.6062492826086934,237677.000001256,9.470218268793301e-07,0.025396624636843026,0.008867093073201405,9.470149438807535e-05,0.0005132889572292359,9.470214620882155e-06
0.0205,681.0189360001633,715845598.3342736,0.9977282315908018,0.6034460329817005,236578.00000122387,9.513489187959671e-07,0.025453613165260257,0.008923373077507384,0.00047311655082805584,1.9026967026218403e-05,9.513485506586186e-06
0.021,680.9783240001633,712541388.3342302,0.9976687328943642,0.6006606384478731,235486.00000119195,9.557035354706136e-07,0.025511040441208454,0.00895520637770416,9.556965247873126e-05,1.9114059255251497e-05,9.557031639513982e-06
0.021500000000000002,680.9303280001633,709397547.5008556,0.9975984162531197,0.598010432476585,234447.0000011616,9.598712744342298e-07,0.025565704618436297,0.00898392142831988,9.598642019951663e-05,0.0004022322164878167,0.0004448421731030054
0.022,680.8860240001633,706359610.834149,0.9975335085842786,0.5954495019711248,233443.00000113226,9.639368015338482e-07,0.025618955589105572,0.009021716903458108,9.63929668613777e-05,1.9278724377574004e-05,0.0003609084860843782
0.0225,680.8564880001633,703303519.1674422,0.9974902368050512,0.5928732671000939,232433.00000110274,9.680834368725307e-07,0.025673443011519543,0.00905566221999395,9.680762421538771e-05,0.0003346429243371869,0.00016707444816367945
0.023,680.8048000001633,700389641.6674039,0.9974145111914032,0.5904169164260319,231470.0000010746,9.720372197101382e-07,0.025724839955547488,0.00909087903035006,9.72029965576611e-05,1.9440732543761622e-05,0.0005487072657351138
0.0235,680.7604960001632,697499970.8340327,0.9973496035225622,0.5879809715727305,230515.0000010467,9.760007519228235e-07,0.02577639501142347,0.009132788108557298,9.759934380555099e-05,0.00029379095042328846,0.0005037943358427729
0.024,680.7235760001632,694682920.0006623,0.997295513798528,0.585606244181711,229584.00000101945,9.799054452058706e-07,0.025827205050032727,0.009169391644991098,0.00022033650511583947,1.959809686037822e-05,9.799050546055747e-06
0.0245,680.6866560001632,691880998.3339589,0.9972414240744937,0.583244270428667,228658.0000009924,9.838204223547814e-07,0.02587804501269047,0.009184369690397187,0.00014640402975404235,0.0003707024724502004,9.838200286232958e-06
0.025,680.6460440001632,688918707.5005866,0.997181925378056,0.5807471081130837,227679.0000009638,9.8799181469402e-07,0.025932074709969784,0.009225023960483318,9.368153060990817e-05,1.975982404989322e-05,0.00020020002254173144
0.025500000000000002,680.5758960001632,686168225.0005505,0.997079154902391,0.578428496729156,226770.0000009372,9.918499155212517e-07,0.02598131870604789,0.009272557442754273,9.918423602287022e-05,0.00011109875850398068,5.476315405128617e-05
0.026000000000000002,680.5205160001632,683644680.0005174,0.9969980203163397,0.5763011899148593,225936.00000091284,9.954301348467279e-07,0.02602710902598716,0.009310115767208622,9.954225243198947e-05,1.9908590266816053e-05,9.954297317500782e-06
0.0265,680.4540600001632,680994050.0004826,0.996900658813078,0.5740667525415692,225060.00000088723,9.992070562138994e-07,0.02607516580170321,0.009327315755316735,9.991993871087657e-05,1.998412859908121e-05,0.0002448103906234667
0.027,680.4134480001632,678425117.5004488,0.9968411601166403,0.5719011848133463,224211.00000086243,1.0029308031917215e-06,0.026122928196381776,0.009364345991367696,0.00010029230763783115,0.0005199546403381049,0.0002598066167588375
0.0275,680.3580680001631,675831978.3337481,0.996760025530589,0.5697152112643628,223354.00000083738,1.006697063488434e-06,0.0261708662332815,0.009387743073410957,0.00010066892779279115,2.0133928555251138e-05,1.0066966511973443e-05
0.028,680.2989960001631,673235813.333714,0.9966734819721341,0.5675266869877842,222496.0000008123,1.0104913947335538e-06,0.02621900169156385,0.009438017694405635,0.00036880631259958506,0.0002043280120735695,1.0104909793221681e-05
0.0285,680.2583840001631,670675958.3336804,0.9966139832756965,0.5653687714423465,221650.00000078758,1.0142877130861983e-06,0.026267422548749503,0.009455510973907346,0.0004008178984172304,2.0285741353858497e-05,1.0142872945431155e-05
0.029,680.2214640001631,668212930.0003147,0.9965598935516623,0.5632924791799514,220836.0000007638,1.0179711188764975e-06,0.02631436052256844,0.009493700127015909,0.00027090921694404303,0.00043934457980587875,1.0179706972838671e-05
0.029500000000000002,680.1919280001631,665755953.3336158,0.9965166217724348,0.5612212883727464,220024.00000074008,1.0216835832924402e-06,0.026361727746009565,0.009535915241960728,0.00010216755623296531,2.0433658568457162e-05,0.0005068647232303692
0.03,680.1476240001631,663504733.3335862,0.9964517141035938,0.5593235470420069,219280.0000007183,1.0250833036005026e-06,0.026404691532034504,0.00955902742126412,0.0004476552507758008,2.0501652886906023e-05,1.0250828760878883e-05
0.0305,680.1033200001631,661168790.0002222,0.9963868064347526,0.5573543853386052,218508.00000069576,1.0286379670158577e-06,0.026449571956847214,0.009578570982226373,0.00010286298354747539,2.0572746063205737e-05,0.0003145171713403025
0.031,680.0664000001631,658748123.3335238,0.9963327167107184,0.5553138032625412,217708.00000067236,1.0323618025031488e-06,0.026496685321914997,0.009604698244239644,0.0004522320891300037,2.0647222676306722e-05,0.0005965274470909711
0.0315,680.0110200001631,656412180.0001597,0.996251582124667,0.5533446415591394,216936.0000006498,1.0359512524584745e-06,0.026541628143903134,0.009646634397795069,0.0002844446876185506,2.0719011581738297e-05,1.0359508158169705e-05
0.032,679.963024000163,654330406.6667991,0.9961812654834226,0.5515897409737244,216248.0000006297,1.0391738135232598e-06,0.026581939807644905,0.009676511227145296,0.00010391655129170654,2.0783462718668355e-05,1.039173374155382e-05
0.0325,679.892876000163,652036825.0001023,0.9960784950077575,0.5496562894566538,215490.00000060754,1.0427215916831942e-06,0.026625903467162267,0.009705251919763314,0.0004617265424382547,0.00023272018761884432,1.0427211493019106e-05
0.033,679.878108000163,649782579.1667393,0.9960568591181438,0.5477559973983191,214745.00000058577,1.0463163060973676e-06,0.026671469823178896,0.009742664947502339,0.00010463078899901267,2.0926312382416466e-05,1.0463158606589176e-05
0.0335,679.819036000163,647585824.1667105,0.9959703155596891,0.5459041691642911,214019.00000056456,1.0497744246871509e-06,0.026714347974232656,0.00976040260779444,0.00010497659521529222,2.099547466267927e-05,1.049773976292409e-05
0.034,679.763656000163,645573645.0000174,0.9958891809736377,0.5442079353135629,213354.00000054511,1.0529606672529897e-06,0.026753768737502143,0.009797864349413966,0.0003581556209215936,2.1059199429377962e-05,0.00035646179200197326
0.0345,679.697200000163,643373864.1666552,0.995791819470376,0.5423535563519398,212627.00000052387,1.0564575868815504e-06,0.0267968470319069,0.009832636551996595,0.00010564490046560581,0.0005173368079943004,1.0564571327447062e-05
0.035,679.663972000163,641149876.666626,0.9957431387187452,0.540478771569556,211892.00000050236,1.06007034663061e-06,0.02684197026912972,0.009875733070886654,0.00010600617052038338,0.0003867093872237183,1.060069889378398e-05
0.035500000000000004,679.597516000163,639146774.999933,0.9956457772154835,0.5387901899016131,211230.00000048304,1.06328865697591e-06,0.026881370381768202,0.009897768141218217,0.0005639929465814529,0.00018441228746469558,1.0632881969349706e-05
0.036000000000000004,679.553212000163,637204189.9999075,0.9955808695466425,0.5371526227855717,210588.00000046426,1.0664606772285374e-06,0.026920559453515215,0.009912877920421372,0.00010664519299399437,0.0005361740918223022,0.0002678997121604878
0.0365,679.5273680001629,635167804.1665474,0.9955430067398185,0.5354359831140829,209915.0000004446,1.0698391252557631e-06,0.026962653904605262,0.009946635267990547,0.0003117104031059418,2.1396768137392628e-05,0.0003529431516487977
0.037,679.4646040001629,633300864.9998562,0.9954510542089603,0.5338621841879185,209298.00000042657,1.0728938511718551e-06,0.026999872870047844,0.009978686130253222,0.0003769880161139844,0.0001940954154729897,9.652256586094027e-05
0.0375,679.4461440001629,631340124.9998305,0.9954240093469432,0.5322093127063067,208650.00000040763,1.0761966760790713e-06,0.027041032146913044,0.009988263006717455,0.00010761877670070055,0.0002548944252329859,0.0002936552880025567
0.038,679.4276840001629,629385436.6664715,0.9953969644849261,0.530561542679885,208004.00000038874,1.0795097001270626e-06,0.02708225455367161,0.010024035329046664,0.00036802637899459317,0.00024357011105703689,0.00039304001263395675
0.0385,679.3796880001629,627445877.4997793,0.9953266478436815,0.5289265262914388,207363.00000037,1.082770183632933e-06,0.02712216444538604,0.010068381367542064,0.00010827611645503805,0.00028916434266756957,1.0827697065522117e-05
0.039,679.3316920001629,625575912.4997548,0.9952563312024371,0.5273501766376794,206745.00000035195,1.0859300660819948e-06,0.027160751865441427,0.010077013775025848,0.00010859209936684444,2.171858651647163e-05,0.00025095471471790645
0.0395,679.2209320001629,623705947.4997302,0.9950940620303343,0.5257738269839198,206127.00000033388,1.0890082653900886e-06,0.027197002419593764,0.010106673499348875,0.0002698983237374042,2.178015041744182e-05,1.0890077827759956e-05
0.04,679.1766280001629,621839008.333039,0.9950291543614932,0.5242000280577556,205510.00000031583,1.0922065340044017e-06,0.02723602175171615,0.010124860473120749,0.00039401806248095953,2.1844115701679516e-05,1.0922060485456753e-05
0.0405,679.1397080001628,619926681.6663473,0.994975064637459,0.522587968217665,204878.00000029735,1.09551617648502e-06,0.027276514889533175,0.010158921244454963,0.00018782974393420797,0.00039117941201021264,0.00019531853259477684
0.041,679.1064800001628,618105129.9996567,0.9949263838858282,0.5210524302054268,204276.00000027978,1.0986908974538685e-06,0.02731534064670344,0.010203471559730538,0.0002800826793705302,2.1973802791554832e-05,1.0986904062045757e-05
0.0415,679.0547920001628,616310810.8329664,0.9948506582721802,0.5195398487415444,203683.00000026243,1.1018057448682355e-06,0.027352992450661,0.010218558972408752,0.0001101796401606902,0.0003679793878013682,1.101805250822756e-05
0.042,679.0104880001628,614513465.8329428,0.9947857506033392,0.5180247165500669,203089.00000024508,1.1049562389650768e-06,0.027391177386840385,0.010245962496337942,0.00026541861139523247,2.209910944739642e-05,0.00023912779876338297
0.0425,678.9477240001628,612770585.83292,0.9946937980724809,0.5165554974553008,202513.00000022823,1.107996597253914e-06,0.02742756806988072,0.010271487659581786,0.0003655899667526853,2.2159916528015123e-05,1.1079960976266747e-05
0.043000000000000003,678.9181880001628,611018628.332897,0.9946505262932536,0.5150786261777495,201934.00000021132,1.111125187545465e-06,0.027465666196807965,0.010286252466660945,0.00011111156837307454,0.00018429378767889794,9.155292189354923e-05
0.043500000000000004,678.8738840001628,609197076.6662064,0.9945856186244124,0.5135430881655113,201332.00000019374,1.1143748222090272e-06,0.027504902884426904,0.010331195574363915,0.00011143652621261638,2.2287480848312975e-05,0.00022052631180766787
0.044,678.7926600001628,607396705.8328494,0.9944666212315371,0.5120254052464388,200737.00000017637,1.1175441906116642e-06,0.02754234033350475,0.01035433461116199,0.0005557189778745332,0.0003863630270157687,1.1175436823157552e-05
0.0445,678.7409720001627,605814194.9994953,0.9943908956178892,0.5106913747142119,200214.00000016106,1.120378125178675e-06,0.027576189982207257,0.010380374453254413,9.294659309716632e-05,2.2407546737770577e-05,0.00017719865685657347
0.045,678.6929760001627,604110650.8328062,0.9943205789766446,0.5092553150781819,199651.00000014462,1.123458053693541e-06,0.027613091179283775,0.010400267899680887,0.0003915861189455744,2.2469145220742137e-05,0.0003558445683883423
0.0455,678.6375960001627,602410132.4994506,0.9942394443905933,0.5078218061697469,199089.00000012817,1.1265374856568862e-06,0.02764978126489629,0.01042940665303393,0.00011265277124982288,0.000244844723890284,1.1265369691258092e-05
0.046,678.5748320001627,600812492.4994296,0.994147491859735,0.5064750219995447,198561.00000011275,1.1294286328455579e-06,0.027683958466010117,0.010459694566457203,0.00011294188085898933,2.2588556633524058e-05,0.00032625774513184256
0.0465,678.5046840001627,599133154.9994075,0.9940447213840701,0.5050593681842753,198006.0000000965,1.1324772771101837e-06,0.027719863763060064,0.010482022836202188,0.00047328904909680665,2.2649529431415052e-05,1.1324767550993065e-05
0.047,678.4714560001627,597544592.4993867,0.9939960406324392,0.5037202361968584,197481.00000008117,1.1354323418144883e-06,0.02775532638512748,0.01051259108692567,0.000468675135894998,2.2708630640940893e-05,0.00025450961213584547
0.0475,678.4271520001627,595968133.3326993,0.9939311329635981,0.5023913071198217,196960.00000006598,1.1383614560166939e-06,0.027790196610908556,0.010538027383364573,0.0005463680388170495,0.00013581045424788525,1.138360928556235e-05
0.048,678.3680800001626,594482449.1660131,0.9938445894051433,0.5011388998706374,196469.0000000516,1.1411069930690652e-06,0.02782247770050304,0.010555551024424242,0.00020801875310977333,0.00019947469330782575,1.14110646305289e-05
0.0485,678.3274680001626,592905989.9993258,0.9937850907087057,0.49980997079360073,195948.00000003638,1.14407255018782e-06,0.02785777342910733,0.010578191151605796,0.00013467210379290313,2.2881434559350906e-05,1.1440720174074329e-05
0.049,678.2757800001626,591374918.332639,0.9937093650950577,0.49851930263049027,195442.0000000216,1.146947154797396e-06,0.027891686547417454,0.01060197965546349,0.00021632954611953555,0.00022362213121544284,1.1469466193289217e-05
0.0495,678.2314760001626,589901337.4992863,0.9936444574262167,0.4972770982916863,194955.00000000733,1.1497371388838107e-06,0.027924677577908615,0.010617029191460053,0.0001149726953218938,2.299472616892371e-05,0.0002482555597520784
0.05,678.1797880001626,588330929.9992657,0.9935687318125687,0.4959532706698398,194435.99999999217,1.152718229519242e-06,0.027959790847984747,0.010649364062950945,0.0001152707990219955,0.000340210257093748,1.152717688634733e-05
0.0505,678.1391760001626,586824064.9992459,0.993509233116131,0.49468300832748996,193937.99999997762,1.1556090086404927e-06,0.027993989337917736,0.01068208421905949,0.00015354657576871833,0.00036298341812500455,0.00018116585915832478
0.051000000000000004,678.0948720001626,585314174.1658927,0.99344432544729,0.49341019525754504,193438.99999996304,1.1585143533666989e-06,0.02802824180575236,0.010710642124938009,0.00011585040095991273,0.0003274691231009599,0.0003957982598809074
0.051500000000000004,678.0579520001626,583837567.4992067,0.9933902357232557,0.492165440191146,192950.99999994878,1.161381161038569e-06,0.02806213510850087,0.010726478795861237,0.00022873070753634913,2.3227606271867785e-05,1.161380611975914e-05
0.052000000000000005,678.0210320001626,582351883.3325205,0.9933361459992215,0.49091303294196176,192459.99999993443,1.1642806547137332e-06,0.028096378138321474,0.010760440061349706,0.0003342591962423502,0.0003365278471158647,0.0003968640120971826
0.0525,677.9841120001626,580987232.4991692,0.9932820562751872,0.48976265479658065,192008.99999992125,1.1669518262626056e-06,0.02812782412318332,0.01077751213121135,0.0001166941329639472,2.333901941248996e-05,1.1669512719091304e-05
0.053,677.9139640001625,579516677.4991499,0.9931792857995222,0.4885230011853718,191522.99999990704,1.169791984116207e-06,0.02816057549160466,0.01080047848145642,0.0006516385992221365,0.00042010250017915834,1.1697914270506062e-05
0.0535,677.8622760001625,578088484.1657978,0.9931035601858742,0.48731905776049406,191050.99999989325,1.1725925953677175e-06,0.028193190221144394,0.01082418099765499,0.00011725819952011138,2.3451834627296308e-05,1.172592035623839e-05
0.054,677.8142800001625,576687523.3324461,0.9930332435446297,0.486138070883972,190587.9999998797,1.1753579756387748e-06,0.02822541599268142,0.010849209941717666,7.1416429818451e-05,0.00034310933806541206,0.00017119797581459918
0.0545,677.7625920001625,575283536.665761,0.9929575179309817,0.4849545332798549,190123.99999986615,1.1781366036100241e-06,0.02825768221873535,0.010873561113830534,0.0001178125901466369,2.356271462715166e-05,0.00042261425348919787
0.055,677.7109040001625,573894679.1657428,0.9928817923173339,0.4837837493137132,189664.9999998527,1.1808976953494932e-06,0.028289696525012446,0.010894454695281035,0.00011808869421995026,0.00022761094194907066,0.00027666480176389137
0.0555,677.6887520001625,572572389.9990587,0.9928493384829133,0.48266908135466324,189227.99999983996,1.1835861523139048e-06,0.028321417797754184,0.010920999006210215,0.0002087190266782348,0.0002165477256519539,0.00010769956116544824
0.056,677.6407560001625,571183532.4990405,0.9927790218416688,0.4814982973885215,188768.99999982654,1.1863800642769771e-06,0.028353821011677063,0.010950614751610457,0.00036569709973240355,0.00028410266523941986,1.1863794912587223e-05
0.0565,677.5964520001625,569861243.3323565,0.9927141141728277,0.48038362942947155,188331.9999998138,1.1890551602312992e-06,0.028384841703387363,0.010964081197546537,0.00013756472224894212,0.0005463867819076724,1.1890545846191832e-05
0.057,677.5447640001624,568481463.3323383,0.9926383885591797,0.4792204976461151,187875.99999980044,1.1918502320700383e-06,0.028417099841397765,0.010994328986226442,0.0003821354691966772,0.0002243423814966613,1.1918496537406025e-05
0.0575,677.4746160001624,567286259.165656,0.9925356180835146,0.47821296024605847,187480.99999978888,1.194237662298691e-06,0.02844407459957661,0.01102013711298288,0.00011942266611632094,2.3884735317261917e-05,1.1942370816391004e-05
0.058,677.4413880001624,565966995.8323053,0.9924869373318839,0.47710084301460365,187044.99999977613,1.196962708053186e-06,0.0284758099931448,0.01103675466845999,0.00027289164748708645,0.00019236613999406533,0.00036714353502004054
0.0585,677.3933920001624,564665887.4989549,0.9924166206906394,0.4760040301487192,186614.9999997636,1.1996357616014412e-06,0.028506578411191287,0.011056306407857703,0.00011996246595154021,2.3992697139851933e-05,1.1996351756679492e-05
0.059000000000000004,677.3269360001624,563376882.498938,0.9923192591873777,0.47491742019321515,186188.99999975113,1.202262565328884e-06,0.02853637141222166,0.011082473716174069,0.00043614287832300475,2.4045233134244932e-05,1.2022619768161164e-05
0.059500000000000004,677.2863240001624,562142342.4989218,0.9922597604909401,0.47387672333442254,185780.9999997392,1.2048306501683983e-06,0.028565976166946613,0.011098717697071582,0.0004906477389712077,5.616961929202252e-05,1.2048300591323436e-05
0.06,677.2494040001624,560801898.3322375,0.9922056707669058,0.47274675100980207,185337.99999972625,1.2076446353235017e-06,0.028598536331077524,0.011123935233736029,0.00026414887795204377,0.0004306857684082231,0.0002150426191511473
0.0605,677.2051000001624,559524996.665554,0.9921407630980648,0.47167034396467833,184915.99999971394,1.2103214405717597e-06,0.0286292773496982,0.011153221188981903,0.00035752589425710665,0.00026079477028470533,1.2103208441233885e-05
0.061,677.1423360001623,558278353.3322043,0.9920488105672065,0.4706194441955054,184503.9999997019,1.2129116809894074e-06,0.028658567947137895,0.01117817960289346,9.609660166644432e-05,0.0002304415045583308,1.2129110819752882e-05
0.0615,677.0795720001623,557001451.6655209,0.9919568580363483,0.46954303715038165,184081.99999968955,1.2155795464726154e-06,0.02868873900005171,0.01119630811461631,9.51832859247654e-05,2.431157234912683e-05,0.00019447504217202447
0.062,677.0500360001623,555794144.165505,0.9919135862571209,0.4685252968399447,183682.9999996779,1.2181669114501313e-06,0.02871862838089544,0.011205730867998477,0.0001218155458167875,2.4363319569114007e-05,1.218166307219087e-05
0.0625,677.0020400001623,554620120.8321563,0.9918432696158764,0.4675356145330537,183294.99999966656,1.2206589962592473e-06,0.028746970177729928,0.01123706778897986,0.0001220647495287819,0.00024085650712041365,1.2206583895456428e-05
0.063,676.9392760001623,553509639.9988084,0.9917513170850182,0.4665994975056593,182927.99999965582,1.2229945552558391e-06,0.028773124807465657,0.011263307893663844,0.000122298300920745,2.445987229558957e-05,1.2229939462080503e-05
0.0635,676.8654360001623,552250893.3321252,0.9916431376369497,0.46553839482610604,182511.99999964365,1.225648422071621e-06,0.028802755332517433,0.011269689884265615,0.00012256368246495517,2.451294954921595e-05,1.2256478103656247e-05
0.064,676.8063640001623,550992146.665442,0.991556594078495,0.46447729214655276,182095.99999963152,1.2283412170139581e-06,0.028833120064488894,0.011299533795090686,0.00014132508107959606,5.703733519384107e-05,2.6068275314676078e-05
0.0645,676.7657520001623,549869562.4987606,0.9914970953820572,0.4635309722087781,181724.99999962066,1.230775074955504e-06,0.02886080520797934,0.011312519971561212,0.0004370727355215754,0.0004531445651347195,0.0004840911969402138
0.065,676.7399080001622,548759081.6654127,0.9914592325752333,0.46259485518138377,181357.99999960995,1.2332186028636545e-06,0.028888888879821616,0.011340894309480314,0.0002553130639508065,2.4664352929294523e-05,1.233217983557119e-05
0.0655,676.6734520001622,547521515.8320631,0.9913618710719716,0.461551607594996,180948.999999598,1.235884677466653e-06,0.028918679199539315,0.011358357717808222,0.00012358728823194055,2.471767433767359e-05,0.0003247893409911705
0.066,676.6328400001622,546277898.3320467,0.991302372375534,0.46050325855341817,180537.99999958597,1.2386238617123792e-06,0.028949839985539697,0.011388317639606245,0.0001238612013542219,0.0003295882219968751,0.000457130605279424
0.0665,676.5626920001622,545112952.4986981,0.9911996018998689,0.45952122842931237,180152.99999957473,1.2411422052969435e-06,0.028977752918409132,0.011396953213594296,0.00012411303077190515,0.00030979016351411235,1.2411415779767707e-05
0.067,676.5073120001622,543914722.4986824,0.9911184673138176,0.4585111403016607,179756.99999956315,1.2437745918925757e-06,0.029007279384337482,0.011427806825804927,0.00045991688459441377,2.4875472377868116e-05,0.00019659756940008097
0.0675,676.4334720001622,542598484.9986651,0.9910102878657491,0.4574015737978009,179321.99999955043,1.246655659205953e-06,0.029039271092943318,0.011465808867109935,0.00012466436534961338,0.00014261558392129512,0.00025531846773959183
0.068,676.3633240001622,541400254.9986494,0.990907517390084,0.45639148567014926,178925.99999953888,1.249285196590551e-06,0.029068373477536682,0.011480708193262709,0.00022525743086755474,2.498568429704437e-05,1.2492845609778287e-05
0.0685,676.3153280001621,540211102.4986337,0.9908372007488395,0.45538904972528277,178532.99999952738,1.2519463685066944e-06,0.029098284578875967,0.011501788876799077,0.00038302469028287875,0.00018986992127845932,1.2519457301749582e-05
0.069,676.2821000001621,539112724.9986193,0.9907885199972087,0.4544631356082688,178169.99999951676,1.254435424431679e-06,0.029126480531836463,0.011512127418032439,0.00011061583207662323,0.00027997401904741377,0.0005087938539770451
0.0695,676.2230280001621,537875159.1652697,0.9907019764387539,0.45341988802188105,177760.99999950483,1.2572118575797309e-06,0.029157421918263773,0.011545079780886315,0.00034085951613721825,2.5144217264934798e-05,1.2572112138513103e-05
0.07,676.1750320001621,536713239.16525763,0.9906316597975094,0.452440408625373,177376.99999949566,1.2598441451748189e-06,0.029186894276205234,0.011564996453745589,0.00012598318796201285,0.00032154758489159494,1.2598434987396341e-05
0.07050000000000001,676.1159600001621,535502905.83193225,0.9905451162390546,0.4514201175873611,176976.99999949973,1.2625813093390781e-06,0.02921730676709175,0.011585414955328232,0.0003839197073435142,0.0003987641824563776,0.00019902707392989257
0.07100000000000001,676.0495040001621,534386373.3319396,0.9904477547357929,0.4504788991047951,176607.9999995035,1.2650949532731198e-06,0.029244938962007333,0.01160835765000482,0.00012650825830673766,0.0002759324738711429,1.2650943014162781e-05
0.07150000000000001,675.9867400001621,533242608.3319471,0.9903558022049348,0.4495147240738739,176229.99999950733,1.2676907835904888e-06,0.029273568248844577,0.0116423917834876,0.000493499621291145,0.000309320991209141,0.0005654968732949051
0.07200000000000001,675.923976000162,532071610.8319548,0.9902638496740765,0.4485275924945974,175842.99999951126,1.2703627899697142e-06,0.02930304258170238,0.011645579381979364,0.0002405892811845849,2.540723549029055e-05,1.2703621326507614e-05
0.0725,675.887056000162,530988362.49862856,0.9902097599500423,0.4476144320155767,175484.99999951493,1.2728848760822093e-06,0.029331315116266094,0.011685404130843827,0.0001272872350187456,2.5457677131296252e-05,0.00030701375638569287
0.073,675.827984000162,529832494.1653028,0.9901232163915875,0.44664005407427537,175102.9999995188,1.2755502756863945e-06,0.029360725546868395,0.011697561895412477,0.00012755376962270492,2.5510985037054865e-05,1.2755496129711067e-05
0.0735,675.768912000162,528797659.1653096,0.9900366728331328,0.4457677052367752,174760.99999952226,1.2779347644368204e-06,0.029386871516011114,0.011711118941829218,0.0001277922136846123,2.5558674734589546e-05,1.277934099230922e-05
0.074,675.713532000162,527726514.16531664,0.9899555382470814,0.44486474766813466,174406.9999995259,1.2804236926941416e-06,0.029414269438801825,0.01173735405162134,0.00029447549292622093,0.0002026843571575083,0.00026213376028142116
0.0745,675.650768000162,526737066.66532314,0.9898635857162231,0.44403065974455996,174079.9999995292,1.2827097441187964e-06,0.02943914831105216,0.011763739008466157,0.0003946346984696188,2.565417417263883e-05,1.2827090739112665e-05
0.075,675.602772000162,525517655.8319978,0.9897932690749787,0.44300271652376294,173676.99999953332,1.2855948120916126e-06,0.029471190110871785,0.011787459404878936,0.000471863750939929,0.0001346248734973494,0.0002504564794178811
0.0755,675.554776000162,524385994.1653386,0.9897229524337341,0.44204874440322184,173302.9999995371,1.2882776876515126e-06,0.0295008774632445,0.011803742599025403,0.0001288264850940861,2.5765532861714624e-05,1.2882770115954763e-05
0.076,675.5178560001619,523236177.49867946,0.9896688627096999,0.44107946791711056,172922.99999954097,1.291038129720812e-06,0.029531659858737676,0.01182508981296504,0.0001323396779332347,0.00016800020788654187,1.2910374507577079e-05
0.0765,675.4514000001619,522313298.33201885,0.9895715012064382,0.44030149600062646,172617.99999954406,1.2931920404040676e-06,0.029554830362412826,0.011850635977271864,0.0001293179103677439,2.5863819755559423e-05,1.2931913591613922e-05
0.077,675.3997120001619,521323850.83202535,0.9894957755927903,0.43946740807705176,172290.99999954738,1.2955473088795645e-06,0.029580600088547133,0.01187309207108911,0.0004672029812010373,0.00023338790400660177,1.2955466251436506e-05
0.0775,675.3258720001619,520391894.1653648,0.9893875961447218,0.43868178397778257,171982.99999955055,1.297725578687749e-06,0.029603838920353245,0.011878484236537316,4.504706150301446e-05,2.5954490371513133e-05,1.2977248926370713e-05
0.078,675.2815680001619,519378239.9987048,0.9893226884758808,0.43782729023344763,171647.99999955393,1.3001730068665293e-06,0.029630769250430795,0.01191149398318902,0.0003763209606732012,2.6003438854384292e-05,0.0003734475322602172
0.0785,675.2077280001619,518397869.9987112,0.9892145090278123,0.43700085449265796,171323.9999995572,1.3024893948770284e-06,0.029655531071682603,0.01191324290331535,0.0002047229290971309,2.604976653759243e-05,0.0003254960658993835
0.079,675.1154280001618,517408422.4987177,0.9890792847177267,0.43616676656908326,170996.99999956056,1.304801774852892e-06,0.029679815120635597,0.011946315520354417,0.00035097270715584377,0.00017752573138634948,1.3048010812607772e-05
0.0795,675.0600480001618,516443181.66539073,0.9889981501316754,0.43535308446626875,170677.9999995638,1.3071332374323816e-06,0.029705101272220518,0.011975772797809786,0.00013071200129446934,2.6142643233901955e-05,1.3071325413490061e-05
0.08,675.0083600001618,515414398.33206415,0.9889224245180274,0.43448583708395866,170337.99999956726,1.3096420320902185e-06,0.029732455912431347,0.011992181918001572,0.00023742205836456054,0.0003841117201815131,1.3096413333225517e-05
0.0805,674.9308280001618,514524803.33207,0.9888088360975554,0.43373592317101994,170043.99999957025,1.3117556697544998e-06,0.029754729927974535,0.012003423110599435,0.00013117423491302652,2.6235091725957537e-05,1.3117549687148833e-05
0.081,674.8902160001618,513544433.33207643,0.9887493374011178,0.4329094874302303,169719.99999957354,1.3141807644982364e-06,0.029781325550253396,0.012024054761643511,0.00013141673938062165,0.0001129899295051832,0.0003421520655536938
0.0815,674.8496040001618,512570114.9987495,0.9886898387046801,0.4320881531446307,169397.99999957683,1.3165995914564941e-06,0.029807823184663903,0.012045050921825357,0.00013165861707276357,2.6331969998430295e-05,1.3165988852144047e-05
0.082,674.7868400001618,511580667.498756,0.9885978861738219,0.43125406522105597,169070.99999958015,1.3190233385858012e-06,0.029833859945776624,0.012064230197973516,0.0004466899016929475,0.0002645143770840501,1.319022629729067e-05
0.0825,674.7462280001618,510594245.8320958,0.9885383874773842,0.4304225280250763,168744.99999958347,1.3214920330732552e-06,0.02986086689709986,0.012086901920101976,0.0001321478510435585,0.0003764669282388486,0.0003032556067640333
0.083,674.6760800001617,509629004.9987688,0.9884356170017192,0.4296088459222618,168425.9999995867,1.3238573028271648e-06,0.029886024517370532,0.01210215074324191,0.00048685468515698475,0.00031331375374245274,0.00015615857987309932
0.0835,674.6022400001617,508597195.8321089,0.9883274375536507,0.42873904781235667,168084.99999959016,1.3263978754276343e-06,0.02991305036900861,0.01213127958120128,0.00013263842494202525,2.6527935347887344e-05,1.3263971585867691e-05
0.084,674.5505520001617,507601696.6654488,0.9882517119400027,0.42789985843359185,167755.9999995935,1.3288973548186265e-06,0.029940074266495087,0.012143778154793991,0.00013288836764063135,0.0004396268166500643,1.3288966352635411e-05
0.0845,674.4693280001617,506699998.3321214,0.9881327145471275,0.427139741610273,167457.99999959656,1.3311018950469274e-06,0.029963094003441385,0.012168353555542749,0.00013310881696328446,0.0003756593605049141,1.3311011730866716e-05
0.085,674.4028720001617,505662137.49879485,0.9880353530438658,0.42626484204517784,167114.99999960003,1.3337025297880227e-06,0.029990872222411376,0.01219144100700346,0.0003304129205596071,0.00038182946553828466,1.3337018049909648e-05
0.0855,674.3290320001616,504624276.66546834,0.9879271735957973,0.4253899424800826,166771.99999960352,1.3362992293119422e-06,0.030018410424960906,0.012200483562853557,0.0003182600366483093,0.0003689192889151708,0.000299818427672611
0.08600000000000001,674.2884200001616,503628777.4988082,0.9878676748993597,0.42455075310131785,166442.99999960687,1.338859989988871e-06,0.030046254083556854,0.012227680074633084,0.00040695092013166595,6.403681299680305e-05,1.338859259552803e-05
0.08650000000000001,674.2367320001616,502699846.665481,0.9877919492857117,0.4237676797296437,166135.99999960998,1.3412312266902858e-06,0.03007169690768966,0.012250191280578098,0.00013546905639026538,2.6824601868933238e-05,0.000305169160344697
0.08700000000000001,674.2071960001616,501707373.33215415,0.9877486775064843,0.42293104107847396,165807.99999961333,1.343825568124159e-06,0.030100107346904197,0.012275881030124855,0.00013438115738575044,0.00043477839936383647,1.3438248322438156e-05
0.08750000000000001,674.1518160001616,500787519.99882686,0.987667542920433,0.4221556198895849,165503.9999996164,1.3461833393965986e-06,0.03012526407571025,0.012298623801239328,0.00045350817939527086,0.00033484826302296,1.3461826009207145e-05
0.088,674.0927440001616,499919105.8321659,0.9875809993619782,0.4214235610698114,165216.99999961935,1.348403643981692e-06,0.03014877615939191,0.01230950555242468,0.00013483895519141327,0.00014251047369839986,1.3484029030559976e-05
0.0885,674.0484400001616,499032536.66550505,0.9875160916931371,0.42067619788446764,164923.99999962232,1.3507104055861741e-06,0.03017356180543541,0.012326937856124938,0.00037958480175039484,0.00017117215710302035,8.463199009112483e-05
0.089,674.0189040001616,498152019.16551083,0.9874728199139097,0.419933936154314,164632.9999996253,1.353038586753613e-06,0.03019889358474592,0.012348387756813996,0.00013530243961538323,0.0001446317266954292,1.3530378407106403e-05
0.0895,673.9561400001616,497265449.99885,0.9873808673830515,0.4191865729689703,164339.99999962826,1.3553246862449828e-06,0.030222987632732564,0.012369914034393047,0.0003643642404247069,0.00014039764706233295,1.3553239376661568e-05
0.09,673.9155280001615,496390984.1655224,0.9873213686866138,0.4184494126940067,164050.9999996312,1.3576304757691636e-06,0.03024777420956763,0.012391912936699858,0.00019889476955839183,2.715258628766365e-05,1.357629724632844e-05
0.0905,673.8490720001615,495392459.16552895,0.9872240071833522,0.41760767258764686,163720.99999963454,1.3602328003442692e-06,0.0302752571332095,0.012404922062722893,0.00013602184549802397,2.7204632688950996e-05,0.0003035250395529638
0.091,673.7863080001615,494490760.83220154,0.987132054652494,0.416847555764328,163422.99999963757,1.362586242999192e-06,0.030300025362361732,0.012422916344363003,0.0001362571846669336,0.00013654042957345191,0.000473385465164915
0.0915,673.7309280001615,493619320.83220726,0.9870509200664426,0.41611294621695943,163134.9999996405,1.3648795733203855e-06,0.030324266904582977,0.012441436535670453,0.00022302920606498208,2.729756798694655e-05,1.3648788141033663e-05
0.092,673.6644720001615,492763009.99887955,0.986953558563181,0.41539109030756605,162851.9999996434,1.367116561776204e-06,0.030347610072132318,0.012462215200304777,0.00013671020670499964,0.00016093032814914538,1.3671158000548048e-05
0.0925,673.6386280001615,491870389.1655521,0.986915695756357,0.41463862566703225,162556.9999996464,1.369544991604344e-06,0.030373968919481256,0.01248543142336115,0.00013695304448043283,0.00018373954568980892,9.095597366326716e-05
0.093,673.5758640001615,490965664.99889135,0.9868237432254988,0.4138759581161184,162257.99999964944,1.371940874932023e-06,0.030399109158196276,0.012499323710003169,0.0003234473232399116,0.00016226828728666397,0.0003397520981604893
0.0935,673.5315600001614,490136586.66556346,0.9867588355566577,0.4131770587550802,161983.9999996522,1.3741711562122875e-06,0.03042280753740067,0.012515141190378977,0.0001374156508744254,2.7483399320699527e-05,1.3741703865816822e-05
0.094,673.4761800001614,489231862.49890274,0.9866777009706064,0.41241439120416634,161684.99999965527,1.3765991784757721e-06,0.0304484208238157,0.012548399527063409,0.00013765844780444457,0.00016705330079111683,1.3765984061114773e-05
0.0945,673.4171080001614,488375551.665575,0.9865911574121515,0.4116925352947729,161401.99999965815,1.3788919320459704e-06,0.030472430002797285,0.012565137899956433,0.00014070311500632336,0.00041226833853322503,1.3788911570943755e-05
0.095,673.3875720001614,487476879.1655809,0.9865478856329242,0.4109349691990491,161104.99999966117,1.3813733548815806e-06,0.03049916754769148,0.012582692168427296,0.00013813585504451867,2.7627443041493915e-05,1.381372577132092e-05
0.0955,673.3063480001614,486553999.9989203,0.9864288882400488,0.410156997282565,160799.99999966426,1.3838265598508193e-06,0.03052439643270451,0.012613864806400322,0.00026495061186424115,0.00031932216151895276,1.3838257793192882e-05
0.096,673.2398920001614,485670456.6655928,0.9863315267367873,0.40941218482481634,160507.99999966723,1.3862072167665719e-06,0.030549133631010965,0.01262265034326491,0.0001386192305409233,2.7724120108035396e-05,1.3862064335330819e-05
0.0965,673.1918960001614,484820197.4989317,0.9862612100955427,0.40869543037061296,160226.99999967008,1.3885392965742618e-06,0.03057373004701251,0.012642338479014893,0.00013885243339821314,2.777076162178658e-05,1.3885385106930081e-05
0.097,673.1623600001614,483912447.49893767,0.9862179383163153,0.40793021209210406,159926.99999967313,1.3910829603151284e-06,0.030601049890570917,0.012665430303568448,0.00013910679422227015,2.782163480695206e-05,1.3910821715456223e-05
0.0975,673.0995960001613,483092446.6656097,0.9861259857854571,0.407238964913851,159655.99999967587,1.3933142624067399e-06,0.030624154380695063,0.012691355131263996,0.00014261906336407887,0.00028572958818254285,0.00014225782293922142
0.098,673.0331400001613,482227058.33228207,0.9860286242821954,0.4065094568216725,159369.9999996788,1.39567684635482e-06,0.030648594314113802,0.012708757227215758,0.00028035732535510057,0.0005134176393131765,0.00034534586751638685
0.0985,672.9814520001613,481434289.99895394,0.9859528986685475,0.4058411661917747,159107.99999968146,1.397867717319478e-06,0.030671462433730354,0.012726460082151773,0.0001397852548473448,0.000309378669463485,0.000277857144094037
0.099,672.9186880001613,480617314.9989593,0.9858609461376893,0.4051524697411167,158837.9999996842,1.4001132855598813e-06,0.03069465679337893,0.012736604663325553,0.00015724289732800553,0.00017274692264889957,8.535561888554441e-05
0.0995,672.8891520001613,479785210.8322981,0.9858176743584619,0.4044510196524835,158562.999999687,1.4024799781403846e-06,0.030719914092359343,0.012765767185536044,0.00014024647070263874,0.00018007477432608671,0.00033832710152536806
0.1,672.8300800001613,478859305.8323042,0.9857311308000071,0.4036704970084044,158256.9999996901,1.405068402775878e-06,0.030746899730623174,0.012779065187047831,0.00031667894883193694,0.0002225475528796917,1.405067597994232e-05
0.1005,672.7710080001613,478039304.99897623,0.9856445872415524,0.4029792498301513,157985.99999969287,1.4073550040024472e-06,0.030770557364965215,0.012798866299915234,0.000289044154357799,0.00034146679523277775,0.00017021526002937846
0.101,672.6750160001612,477158787.498982,0.9855039539590633,0.4022369880999977,157694.99999969584,1.4097508704093527e-06,0.030794540808371282,0.012817320719743088,0.00036030182539705864,2.81949923410235e-05,1.409750060220768e-05
0.1015,672.6196360001612,476302476.6656543,0.9854228193730119,0.40151513219060425,157411.99999969872,1.4121690920207285e-06,0.030819672512980886,0.012842136965332578,0.0001412153603239362,2.4703245523827557e-05,1.4121682790380363e-05
0.10200000000000001,672.5568720001612,475497604.9989929,0.9853308668421538,0.40083663865032637,157145.99999970142,1.4144274648903556e-06,0.030842867293634963,0.012857801661070749,0.0001414411925141945,0.00029292317481923006,0.0002721459738870912
0.10250000000000001,672.5162600001612,474659449.1656651,0.985271368145716,0.4001300871065031,156868.99999970425,1.4168395071082643e-06,0.030868222437335766,0.012879853824803474,0.0003136741913188205,2.833676481946026e-05,1.4168386887162483e-05
0.10300000000000001,672.4461120001612,473890887.49900347,0.985168597670051,0.3994822022973656,156614.9999997068,1.4189893280055427e-06,0.03089002112782852,0.012891703102259048,0.00017956531947128498,2.8379761159252178e-05,1.4189885071124767e-05
0.10350000000000001,672.4091920001612,473101144.99900866,0.9851145079460167,0.3988164623950628,156353.9999997095,1.4212799928894067e-06,0.030914095151530634,0.012918213974628109,0.0004594000122080054,2.842557437419468e-05,9.363936273078934e-05
0.10400000000000001,672.3279680001611,472235756.665681,0.9849955105531414,0.39808695430288427,156067.9999997124,1.4237125387269971e-06,0.030938670040752278,0.012941959454606336,0.00014236967891574954,0.00045186493489793886,0.00022553182192034218
0.1045,672.2725880001611,471545866.66568553,0.9849143759670901,0.3975053884112175,155839.9999997147,1.4256780422100188e-06,0.030958743703015233,0.012950687408283987,0.0001425662247879619,0.0003296944840278416,0.0002816831298045375
0.105,672.2319760001611,470792434.1656905,0.9848548772706525,0.3968702572400551,155590.99999971723,1.4278733624754388e-06,0.030981634479609863,0.012968159340496076,0.00014278575185503448,0.0002901541605778719,0.00014444866308001354
0.1055,672.1765960001611,469930071.66569614,0.984773742684601,0.39614329987547164,155305.9999997201,1.4303757868007673e-06,0.031007493755376616,0.012989091999992458,0.0002864301557706508,0.0004044183246563871,0.00020175701184678383
0.106,672.1101400001611,469215974.99903417,0.9846763811813394,0.3955413281630446,155069.99999972252,1.432411034175775e-06,0.031028011878774842,0.01301249371882842,0.0005476309416260072,2.864819479376858e-05,1.4324101976039511e-05
0.1065,672.0510680001611,468429258.33237267,0.9845898376228847,0.3948781389883369,154809.99999972517,1.4346906305397968e-06,0.03105132701568585,0.013020028074323486,0.00014346746308425935,2.869378663750278e-05,1.434689791289688e-05
0.107,672.0067640001611,467615309.16571134,0.9845249299540435,0.3941919932652739,154540.9999997279,1.437093163607307e-06,0.031076291022279528,0.013046378098283537,0.00014370771092665243,0.0003980969779682296,1.4370923215338997e-05
0.1075,671.9735360001611,466768075.8323836,0.9844762492024127,0.3934777895386656,154260.99999973076,1.439630452022316e-06,0.031102943611356727,0.013069474632911533,0.0001439614340179337,2.8792582886563413e-05,1.439629606965181e-05
0.108,671.944000000161,466038849.999055,0.9844329774231854,0.3928630641882634,154019.9999997332,1.4418197109565512e-06,0.031125899794632032,0.01308459193367659,0.0004585642743284175,2.8836367985098857e-05,0.00037804906829680857
0.1085,671.903388000161,465249107.4990602,0.9843734787267476,0.3921973242859606,153758.99999973585,1.4441798536959434e-06,0.03115042326336466,0.013109013111577843,0.0004684008823862494,0.0001858066692710837,9.189547853525755e-05
0.109,671.855392000161,464459364.9990654,0.9843031620855032,0.39153158438365787,153497.99999973853,1.446532124508918e-06,0.03117466822597863,0.013116856220316449,0.0002445279940180086,0.0003323868258741482,0.00028106725327423744
0.1095,671.796320000161,463600028.3324044,0.9842166185270483,0.3908071777466694,153213.9999997414,1.4490860201554572e-06,0.0312008042483327,0.01314370287014388,0.00021294206663721705,2.8981693901240723e-05,1.4490851639198963e-05
0.11,671.748324000161,462801208.3324096,0.9841463018858039,0.3901337856615816,152949.9999997441,1.4514835136680843e-06,0.031225488719941935,0.013158906579590936,0.000145146713016894,2.9029643682830523e-05,1.4514826545857169e-05
0.1105,671.674484000161,462014491.6657481,0.9840381224377354,0.3894705964868738,152689.99999974674,1.453795272911255e-06,0.031248627436850765,0.013186197065587279,0.00014537788354540318,0.00032876720649582114,0.0004251060440939335
0.111,671.593260000161,461221723.33242,0.98391912504486,0.38880230585697606,152427.9999997494,1.456118014450326e-06,0.031271689585960064,0.01319788210510152,0.00014561015225182048,2.9122333525485313e-05,1.4561171498367662e-05
0.1115,671.526804000161,460350283.3324257,0.9838217635415984,0.38806769630960747,152139.99999975233,1.4587300764518952e-06,0.03129817678608414,0.013219167887452693,0.00012524949047808273,2.917457466815676e-05,1.4587292087178972e-05
0.112,671.4492720001609,459581721.6657641,0.9837081751211265,0.38741981150046995,151885.99999975492,1.4610008195419048e-06,0.031320719322649564,0.013238249745986272,0.0001460984213412649,0.000237933771137262,0.000254924065986551
0.1125,671.3902000001609,458882754.1657687,0.9836216315626717,0.38683059342601805,151654.99999975724,1.463097477308169e-06,0.03134180640494185,0.013261521560990596,0.00013939111322469735,0.00025681970097570466,0.00012766274511626595
0.113,671.3274360001609,458156554.16577345,0.9835296790318135,0.3862184188032109,151414.9999997597,1.4652795641492808e-06,0.03136370342324664,0.013279013367707605,5.579061972335545e-05,2.9305564176562145e-05,0.0003661803882991649
0.1135,671.2425200001609,457372863.33244526,0.9834052726665348,0.3855577803560982,151155.99999976234,1.4676046040629715e-06,0.031386591575969916,0.013288862528780953,0.0002452572565752733,0.00035214454806627404,1.467603725670814e-05
0.114,671.1686800001609,456610353.3324503,0.9832970932184663,0.3849149970021507,150903.9999997649,1.469893696237532e-06,0.03140933187152145,0.013312600918226503,0.00020864274461533306,2.9397846644298407e-05,0.0002162945990701853
0.1145,671.1206840001608,455875075.8324551,0.9832267765772218,0.3842951701965585,150660.99999976737,1.472159193556819e-06,0.031432403666858275,0.01333065844773641,0.0005672884273183119,2.9443156505602798e-05,0.00036395807130825395
0.115,671.0616120001608,455103488.33246017,0.983140233018767,0.3836447346598259,150405.99999976996,1.47452530952683e-06,0.031456268771464076,0.013353093955985858,0.0001474508385178498,0.00028164183618080294,1.4745244227871075e-05
0.1155,671.0025400001608,454356107.49913174,0.9830536894603121,0.3830147049438536,150158.99999977247,1.4768207776351793e-06,0.03147935839862379,0.013368692763806233,0.0002691345489661523,2.953638801130133e-05,0.00018612837953411033
0.116,670.9287000001608,453635959.16580313,0.9829455100122437,0.3824076317762365,149920.99999977488,1.479002460990835e-06,0.031500868387131085,0.013390406463556487,0.00014789854304827558,0.0003839250832165351,0.0003706501892979022
0.1165,670.8585520001608,453024740.8324738,0.9828427395365786,0.38189238480204046,149718.99999977695,1.4808430788291998e-06,0.03151881586201922,0.013403754512861151,0.00025719192735024476,2.961683388214706e-05,1.4808421844250745e-05
0.117,670.7957880001608,452337876.66581166,0.9827507870057204,0.38131336963796875,149491.99999977925,1.482952948677668e-06,0.03153978598497212,0.013411230203622324,0.00014829358238230305,0.00017024629645660529,0.00032785446976578956
0.11750000000000001,670.7219480001608,451657064.1658161,0.982642607557652,0.38073945592908703,149266.99999978155,1.4850248146543319e-06,0.03156007356703309,0.013442077613194964,0.00014850076401060592,2.9700468439338914e-05,0.00022104993166583155
0.11800000000000001,670.6628760001607,450958096.6658207,0.9825560639991971,0.38015023785463514,149035.9999997839,1.4871955531095624e-06,0.03158174080941863,0.01345747188767422,0.0001487178326862947,0.00015919805393028346,1.4871946509673121e-05
0.11850000000000001,670.5927280001607,450216767.4991589,0.9824532935235321,0.3795253095938529,148790.99999978638,1.4894885673075547e-06,0.031604425413921125,0.013473353907818814,0.00014894712861701433,0.00018401641322332086,9.092305895967159e-05
0.11900000000000001,670.5299640001607,449502670.83249694,0.9823613409926739,0.37892333788142585,148554.9999997888,1.4917151943909753e-06,0.031626559064140296,0.013497561252644659,0.0003573611748212798,2.9834275778731878e-05,1.4917142867242255e-05
0.11950000000000001,670.4672000001607,448815806.6658348,0.9822693884618157,0.37834432271735413,148327.9999997911,1.4938582599862757e-06,0.031647787694566935,0.013510078879910686,0.00014938408741909704,7.361879484287958e-05,3.3988604978203676e-05
0.12,670.3822840001607,448077503.3325063,0.9821449820965369,0.37772194518416685,148083.99999979357,1.4961301984908802e-06,0.03166983863635745,0.013527574868335458,0.00014961127576589605,5.194273585776766e-05,0.0002240999997305952
0.1205,670.3379800001607,447433000.83251053,0.9820800744276958,0.3771786402064255,147870.99999979575,1.4981862731468283e-06,0.03169054525137442,0.01353949411346593,5.780329369396734e-05,0.00011898969521442893,5.778214078413904e-05
0.121,670.2936760001606,446724955.8325152,0.9820151667588547,0.37658176994918857,147636.9999997981,1.5004616761358306e-06,0.031713553406093734,0.013558404825015961,0.0003538726717096637,0.00025788356973296847,0.00025694544992326636
0.1215,670.2087600001606,446092556.66585267,0.981890760393576,0.37604866788182734,147427.99999980023,1.5023984372422135e-06,0.03173200418137434,0.013582621222888693,0.0001502380845605333,0.00043071510577860384,0.00021488791369317592
0.122,670.1423040001606,445399640.8325239,0.9817933988903144,0.37546455126256556,147198.99999980256,1.5045865388385953e-06,0.03175352868596529,0.013598929491224236,0.00030772340001984356,3.009170217269833e-05,1.5045856153429238e-05
0.1225,670.0869240001606,444718828.33252835,0.981712264304263,0.37489063755368385,146973.99999980486,1.5067653566921128e-06,0.03177519875468594,0.01361401964447397,0.00015067476595631544,3.0135278445744674e-05,0.00015745743729404942
0.123,670.0204680001606,444025912.49919957,0.9816149028010014,0.374306520934422,146744.9999998072,1.5089670425515277e-06,0.03179682838701926,0.013629518754296665,0.0001508949291982017,3.017931207768553e-05,1.508966113639746e-05
0.1235,669.9761640001606,443354177.499204,0.9815499951321602,0.37374025940832545,146522.99999980946,1.5111533803047643e-06,0.03181880316710601,0.013654031231889012,0.00033815833213406696,0.00041867288995861205,1.51115244868797e-05
0.124,669.9060160001605,442615874.1658755,0.9814472246564953,0.37311788187513817,146278.99999981193,1.513515567562101e-06,0.03184199542323752,0.013666845113708371,0.000151349770689962,8.210629269213374e-05,3.847326442853944e-05
0.1245,669.8543280001605,441922958.3325467,0.9813714990428473,0.3725337652558764,146049.99999981426,1.515771732085699e-06,0.03186449029816635,0.013686441813433268,0.00015157538168118155,3.031540560487511e-05,1.5157707947346478e-05
0.125,669.7915640001605,441335946.6658839,0.981279546511989,0.3720389241024406,145855.9999998162,1.517645614548661e-06,0.03188268676523249,0.01369950502558535,0.0001517627653341072,0.00024719937570652283,0.0002531180886074314
0.1255,669.7251080001605,440627901.66588855,0.9811821850087274,0.3714420538452036,145621.9999998186,1.5199334982376756e-06,0.031905126710587484,0.013717561888447687,0.00015199154811247118,2.7755044626954067e-05,0.00031276955281791006
0.126,669.6586520001605,439938011.6658931,0.9810848235054658,0.3708604879535369,145393.99999982092,1.522165928477957e-06,0.03192696456872629,0.013741199179196141,0.00026376794161976673,0.000151988405682709,1.52216498315137e-05
0.1265,669.5848120001605,439248121.6658976,0.9809766440573973,0.3702789220618701,145165.99999982325,1.5243885607539656e-06,0.03194850402178926,0.013765841689421668,0.00015243704342326838,0.0002040263910323229,0.00010098742052900195
0.127,669.5331240001605,438627825.83256835,0.9809009184437494,0.36975602290488896,144960.99999982535,1.5264264703893467e-06,0.0319686184125934,0.013778004983698898,0.0003110765036160683,2.2799234874156518e-05,1.5264255197308023e-05
0.1275,669.4925120001604,437977271.66590595,0.9808414197473116,0.3692076164719576,144745.9999998275,1.5286010377973607e-06,0.03199041148610556,0.013795743214523034,0.00014988489947913818,3.057199121795941e-05,1.5286000844176612e-05
0.128,669.4334400001604,437335794.9992435,0.9807548761888569,0.3686668622218113,144533.99999982966,1.5307080912535833e-06,0.03201103966206051,0.013813534117953895,0.0003415326494646708,0.0004052576474055459,1.530707135228318e-05
0.1285,669.3596000001604,436667085.8325812,0.9806466967407884,0.36810315142330974,144312.99999983193,1.532883108704909e-06,0.032032007434700714,0.01382662753627686,0.00015328647737016492,0.00020519399620373804,1.5328821499414792e-05
0.129,669.3116040001604,435971144.1659191,0.980576380099544,0.3675164840764529,144082.99999983425,1.5352199634236298e-06,0.03205526494126489,0.013851208875416566,0.00017429811772655336,0.0003005625903755215,0.00014957678607565057
0.1295,669.2562240001604,435281254.16592366,0.9804952455134925,0.3669349181847861,143854.99999983658,1.5375259503940145e-06,0.03207800312492099,0.013866058271024077,0.00021384790150336773,3.075048911897729e-05,1.5375249857866538e-05
0.13,669.2045360001604,434552028.3325951,0.9804195198998447,0.36632019283438394,143613.99999983903,1.5399871416270739e-06,0.032102427502900974,0.01388828816557367,0.00021185645388349422,3.0799712846777965e-05,1.5399861739153718e-05
0.1305,669.1306960001604,433971068.3325989,0.9803113404517761,0.3658304531361382,143421.99999984098,1.541878583222357e-06,0.03212036362435235,0.013898172659142961,0.00024144165995277828,3.0837541603412146e-05,1.5418776131124708e-05
0.131,669.0679320001603,433187377.49927074,0.9802193879209179,0.3651698146890255,143162.9999998436,1.544523148071845e-06,0.03214638979315131,0.013921314245075153,0.0004170714771625114,5.1582159617083834e-05,1.5445221746146014e-05
0.1315,669.0236280001603,432591288.332608,0.9801544802520769,0.36466732135280466,142965.9999998456,1.5465490083696871e-06,0.03216640009249683,0.013940890280557358,0.0003793317355546196,3.093094992168218e-05,1.5465480323452804e-05
0.132,668.9793240001603,431937708.3326123,0.9800895725832357,0.3641163641922782,142749.99999984782,1.5487865752276829e-06,0.03218859520256455,0.013952399673426581,0.00015487678476225572,3.0975701170309274e-05,0.0001759557810893932
0.1325,668.9128680001603,431202430.8326171,0.9799922110799741,0.363496537386686,142506.9999998503,1.551273416312945e-06,0.03221282684748224,0.013980041130310416,0.0001551254626732509,3.1025437893093255e-05,1.551272434286522e-05
0.133,668.8574880001603,430545824.9992881,0.9799110764939227,0.36294302949856455,142289.9999998525,1.5535105653417178e-06,0.03223471166753136,0.014000331792717093,0.0003631075306725634,2.2526433561325395e-05,1.5535095804658836e-05
0.1335,668.7836480001603,429913425.83262557,0.9798028970458542,0.3624099274312033,142080.99999985463,1.5556240112876398e-06,0.03225485020510607,0.014008103953965557,0.00022892113871094072,0.00033431970209961355,0.00027469137907900406
0.134,668.7393440001603,429232613.33263004,0.9797379893770132,0.36183601372232166,141855.99999985693,1.5579881938792162e-06,0.032278281579483134,0.014031774246320627,0.00015579692365768128,0.00024864265483230175,0.0002507837292970443
0.1345,668.6839640001602,428597188.3326342,0.9796568547909618,0.3613003609273654,141645.99999985905,1.5601688069899207e-06,0.032299525072138326,0.014044358697297107,0.0002377356710560138,3.12033453516268e-05,1.560167813606557e-05
0.135,668.5990480001602,427895194.9993055,0.9795324484256831,0.3607085921253185,141413.9999998614,1.5625299274539539e-06,0.032321903994851596,0.014070531001111499,0.00015625108556352398,3.125056766579402e-05,0.0002893205368377406
0.1355,668.5547440001602,427256744.16597635,0.979467540756842,0.36017038860276723,141202.99999986353,1.5647611257844696e-06,0.03234390094357972,0.014089849172010005,0.0001564741998247182,0.0003169460628814691,0.00034606960322686067
0.136,668.5104400001602,426600138.3326473,0.9794026330880009,0.35961688071464576,140985.99999986574,1.5670656896948308e-06,0.032366637552692354,0.01410345027777621,0.00015670465045577813,3.1341282729106156e-05,1.5670646874616956e-05
0.1365,668.4476760001602,425967739.1659848,0.9793106805571427,0.3590837786472846,140776.9999998679,1.5692448383742257e-06,0.03238761362865922,0.014121483257965778,0.00015692255981138658,0.00033783674770464597,0.0004125389369673382
0.137,668.3959880001602,425311133.3326558,0.9792349549434948,0.3585302707591631,140559.99999987008,1.5715459474637743e-06,0.03241009805451986,0.01414548954365397,8.920420998693936e-05,3.143088770407164e-05,1.5715449394600283e-05
0.1375,668.3258400001602,424554674.9993274,0.9791321844678297,0.35789258886040565,140309.99999987264,1.5741808519744104e-06,0.03243555438257822,0.01415812041314798,0.00010101128295379306,3.148358568786663e-05,1.5741798405682727e-05
0.138,668.2704600001601,423976740.83266455,0.9790510498817783,0.357405399889755,140118.9999998746,1.5761960401122891e-06,0.03245496417101441,0.014180672898677008,0.0001576176624092936,3.152388936907107e-05,1.576195026099588e-05
0.1385,668.1929280001601,423338289.9993354,0.9789374614613064,0.3568671963672037,139907.99999987672,1.5783900105072213e-06,0.032475659928139104,0.01420012829942805,0.0003075820982864736,0.0002965648146813256,1.5783889936480392e-05
0.139,668.1375480001601,422687735.832673,0.978856326875255,0.3563187899342723,139692.9999998789,1.5806882749601514e-06,0.0324979481174413,0.014212417404680822,0.0002013661361582715,3.1613733883625904e-05,1.580687255122058e-05
0.1395,668.0821680001601,422112827.49934345,0.9787751922892036,0.3558341516912167,139502.99999988085,1.5827099402734906e-06,0.032517375822089696,0.014229911040623619,0.00017204197125311564,3.165416710772664e-05,0.0002675886828030318
0.14,668.0230960001601,421462273.33268106,0.9786886487307489,0.35528574525828527,139287.999999883,1.5850127953750592e-06,0.03253958505382354,0.014245901936365449,0.00029118701133822717,3.170022411611995e-05,1.5850117699168837e-05
0.1405,667.9455640001601,420872235.83268493,0.978575060310277,0.35478835337725445,139092.999999885,1.587050670326701e-06,0.032558607066518974,0.014263483169538429,0.00015870309768021494,9.014408642464463e-05,0.0003768077852685913
0.14100000000000001,667.86064800016,420291275.83268875,0.9784506539449982,0.3542986136790088,138900.99999988696,1.5890423770443066e-06,0.032576959793566264,0.014278013752251873,0.00015890226316562923,0.00014776130649086169,1.589041346319486e-05
0.14150000000000001,667.82003600016,419649799.1660263,0.9783911552485606,0.35375785942886245,138688.9999998891,1.5913746112289929e-06,0.03259986635442854,0.014306627765749825,0.00022187573972016396,3.182746017287168e-05,0.0004674209679514339
0.14200000000000002,667.74250400016,419011348.33269715,0.9782775668280886,0.35321965590631116,138477.99999989127,1.5936143654752975e-06,0.03262090559262656,0.01431993110990872,0.0002470862951814527,3.1872255165746845e-05,0.00017405730518047372
0.14250000000000002,667.70558400016,418487879.1660339,0.9782234771040544,0.35277838003237105,138304.99999989304,1.5955195293368333e-06,0.03263949651279194,0.014337536824245635,0.00011100878059531565,3.191035836523283e-05,1.595518490147883e-05
0.14300000000000002,667.62436000016,417876660.8327046,0.9781044797111791,0.352263133058175,138102.99999989508,1.597658884968072e-06,0.03265938490852534,0.014361571032226133,0.0001597638918101464,3.195314538953084e-05,1.597657842967203e-05
0.14350000000000002,667.55790400016,417259390.83270866,0.9780071182079174,0.35174278462878894,137898.99999989715,1.5998631035431944e-06,0.0326802798422213,0.014373516012933338,0.00015998430796360585,3.1997229670292345e-05,0.00020494617636375995
0.14400000000000002,667.49883200016,416639094.9993794,0.9779205746494627,0.3512198854718079,137693.99999989924,1.60210321117646e-06,0.03270170410092673,0.014381787830052055,0.00016020831294548637,3.204203173079941e-05,0.00020827252640154192
0.1445,667.4545280001599,416015773.3327168,0.9778556669806215,0.35069443558723173,137487.99999990134,1.6043971666101948e-06,0.03272402146327508,0.014408788537379888,0.00016043770260605128,3.2087910745334874e-05,1.604396115752263e-05
0.145,667.4028400001599,415483226.66605365,0.9777799413669737,0.3502455075305065,137311.9999999031,1.6063292021571492e-06,0.032742451000623715,0.014422496297598042,0.0003713390921414692,0.000253751945651599,1.6063281487518118e-05
0.1455,667.3400760001599,414799388.3327248,0.9776879888361154,0.3496690430940298,137085.9999999054,1.6088260850203172e-06,0.0327663477699954,0.014445145829568656,0.00033976213542573873,3.2176488930717525e-05,1.608825028319366e-05
0.146,667.2810040001599,414200273.33272874,0.9776014452776607,0.3491639990302139,136887.99999990742,1.6110105351478857e-06,0.03278713390965442,0.014465168762014965,0.00029543914500478285,3.222017784284259e-05,1.6110094755582148e-05
0.1465,667.2330080001599,413607209.9993993,0.9775311286364161,0.3486640564215881,136691.99999990943,1.6132044893538702e-06,0.03280827190131379,0.01447490658981643,0.0002834989847923603,0.00038677224024498587,0.000288242703039904
0.147,667.1739360001599,413059534.16606957,0.9774445850779614,0.3482023747268877,136510.99999991126,1.615200427093699e-06,0.0328271084064303,0.014490555630619748,0.00016151800061802205,3.23039755081028e-05,0.00041682472794389726
0.1475,667.1296320001599,412460419.1660735,0.9773796774091202,0.3476973306630718,136312.99999991327,1.6174391553715269e-06,0.03284875959199906,0.014510532034441475,0.00016174186765090633,3.234874998098226e-05,1.6174380872640784e-05
0.148,667.0521000001598,411912743.33274376,0.9772660889886483,0.34723564896837145,136131.99999991513,1.6194014649877295e-06,0.03286676991933002,0.014524137113114172,0.00026018661225590324,3.238799609105067e-05,1.6194003942641662e-05
0.1485,667.0041040001598,411337834.9994142,0.9771957723474038,0.3467510107253158,135941.99999991705,1.6215481466739128e-06,0.032887363592714935,0.014551038595590982,0.00016215275599213623,0.00030523630325262593,0.0003382177908327726
0.149,666.9376480001598,410814365.832751,0.9770984108441422,0.3463097348513756,135768.9999999188,1.623452594332304e-06,0.03290503105928677,0.014562916479147047,0.00016234319572264825,3.2469018508871075e-05,1.6234515182110508e-05
0.1495,666.8711920001598,410299974.1660877,0.9770010493408806,0.34587611116022055,135598.99999992055,1.6253259419660922e-06,0.032922370221311774,0.014572089982574038,0.00018109682113657465,0.00041828814468727,1.6253248633401382e-05
0.15,666.7899680001598,409682704.16609174,0.9768820519480053,0.3453557627308345,135394.9999999226,1.6275765640568336e-06,0.0329431500675588,0.014594163565979432,0.00042531636573019826,0.00023828027013466925,0.00038782470661268036
0.1505,666.7345880001598,409068459.9994291,0.9768009173619538,0.34483796502904346,135191.99999992468,1.6298851004085973e-06,0.03296513583502799,0.014612346783741197,0.0001916289656143463,0.0002694460193274887,1.6298840156821008e-05
0.151,666.6570560001597,408508680.8327661,0.9766873289414819,0.34436608042396294,135006.99999992657,1.6319287380653571e-06,0.032983878125663425,0.014622751392687875,7.78694291771564e-05,3.263854102736499e-05,1.6319276505937525e-05
0.1515,666.5795240001597,407957979.16610307,0.9765737405210101,0.34390184800166756,134824.9999999284,1.633941626445691e-06,0.03300229444241547,0.014639855702764637,0.00016339207110578093,0.0004147335564936527,0.0002067865678373651
0.152,666.5130680001597,407289269.9994408,0.9764763790177484,0.34333813720316597,134603.99999993065,1.636461152048211e-06,0.0330260828485517,0.01466492132344655,0.0004763064149841985,0.00041660605432120436,1.636460058484283e-05
0.1525,666.4466120001597,406705284.1661113,0.9763790175144867,0.3428458467773252,134410.99999993262,1.638647536548755e-06,0.03304649001647701,0.014681042306309615,0.0002481235832887624,3.277291671360251e-05,0.00029112079964921036
0.153,666.4133840001597,406187866.6661147,0.976330336762856,0.34240967235857517,134239.99999993437,1.6406531033777767e-06,0.03306588254785429,0.014694208884659237,0.00016406320107836936,3.28130279660577e-05,1.6406520041739345e-05
0.1535,666.3506200001597,405634139.1661183,0.9762383842319977,0.3419428892086847,134056.99999993623,1.642738013545923e-06,0.03308532747761717,0.014715679562300934,0.00011276152201806931,0.00031481164697427815,0.00015663201540821496
0.154,666.2878560001596,405083437.4994553,0.9761464317011396,0.3414786567863893,133874.99999993807,1.6448163373775448e-06,0.0331046907539522,0.014732097489754356,0.00011806522689893938,0.0005000082471404895,0.00024951640239240144
0.1545,666.2140160001596,404550890.8327921,0.9760382522530711,0.3410297287296641,133698.99999993984,1.6467990334385827e-06,0.0331228017443099,0.014743326255392068,0.000164677777643436,3.2935946306434e-05,1.646797925923136e-05
0.155,666.1734040001596,403854949.16613,0.9759787535566334,0.3404430613828072,133468.9999999422,1.6495363134106898e-06,0.03314930793624474,0.014769944059102359,0.00030301370782914944,0.00012388824028409468,0.0005221243754661757
0.1555,666.1217160001596,403246756.666134,0.9759030279429854,0.3399303651362062,133267.99999994424,1.6518960288914897e-06,0.033171723073464617,0.014790909375813994,0.0003151760109199831,0.00028277175750434107,0.00044589464866789035
0.156,666.0700280001596,402768674.9994705,0.9758273023293376,0.33952735017619157,133109.99999994584,1.6537284782661792e-06,0.03318882894215798,0.014802144072228417,0.00016537070375588603,0.0002964203062145086,1.6537273613662917e-05
0.1565,665.9888040001596,402239154.1661406,0.9757083049364622,0.33908097284706135,132934.9999999476,1.655703571127439e-06,0.033206617296539245,0.014818034671142778,0.00016556820766659174,3.311403668203418e-05,0.00020084052855977137
0.157,665.9186560001596,401661219.99947774,0.9756055344607971,0.33859378387641065,132743.99999994956,1.657911251678779e-06,0.033226998397495974,0.014830470916399968,0.00016578896976853378,3.315819019861569e-05,0.00012179138661133453
0.1575,665.8448160001595,401062104.9994817,0.9754973550127286,0.3380887398125948,132545.99999995157,1.6602037632077458e-06,0.033248119611213295,0.01485402041188447,0.0001660182147270235,3.3204040330954914e-05,0.0003610694841977046
0.158,665.7857440001595,400441809.1661524,0.9754108114542739,0.3375658406556137,132340.99999995367,1.6626279493306101e-06,0.03327090880566708,0.01487248261091419,0.00026796322706973787,3.3252523949847294e-05,0.00014474287402062175
0.1585,665.7155960001595,399824539.1661565,0.9753080409786088,0.3370454922262276,132136.99999995573,1.6650193542110375e-06,0.03329307340338172,0.014891038082501997,0.000166499760865365,0.00016588903868928787,0.00030888336726352735
0.159,665.6454480001595,399313173.3328265,0.9752052705029437,0.3366144192626676,131967.99999995745,1.666975928803996e-06,0.03331087393867996,0.014913215339303489,0.0001666954129911034,3.333948335230578e-05,1.6669747938051905e-05
0.1595,665.5753000001595,398786678.33282995,0.9751025000272787,0.3361705926611324,131793.99999995925,1.6690008371961362e-06,0.03332934315147004,0.01492261670423883,0.00016689789831072626,3.3379981432758454e-05,1.6689996994161944e-05
0.16,665.4940760001595,398272286.66616666,0.9749835026344034,0.33573696896997735,131623.99999996097,1.6709525073181381e-06,0.03334678958588122,0.014940455634557948,0.00016709305995291768,0.00011934872176846402,0.00030289211960632287
0.1605,665.4091600001594,397703429.99950373,0.9748590962691246,0.3352574321821118,131435.9999999629,1.6731290449292574e-06,0.03336637186750945,0.014953013176259255,0.00016731070773467698,3.346254540832287e-05,1.6731279014613425e-05
0.161,665.3500880001594,397189038.33284044,0.9747725527106698,0.3348238084909567,131265.9999999646,1.6751471561070694e-06,0.03338500689618287,0.014971882749567404,0.00016751251336270007,3.350290754471391e-05,1.6751460098602934e-05
0.1615,665.2430200001594,396586897.49951106,0.9746156925109705,0.3343162136995458,131066.99999996662,1.6774205708623531e-06,0.03340496523398862,0.014991296621562705,0.000159273385919623,0.0003199743098930191,1.6774194214681937e-05
0.162,665.1765640001594,396102764.1661809,0.9745183310077089,0.333908097284341,130906.99999996825,1.6793030096631471e-06,0.03342203435661137,0.015000779227253645,0.00023490464392033171,0.00035276748067029424,1.679301857666614e-05
0.1625,665.0953400001594,395533907.499518,0.9743993336148336,0.33342856049647546,130718.99999997017,1.6815128295946912e-06,0.033441975423574195,0.015021742877252017,0.00044418487416805123,3.363022073704866e-05,0.00026944283714108567
0.163,665.0141160001593,395034644.99952126,0.9742803362219582,0.33300769044329553,130553.99999997186,1.6834323885718055e-06,0.03345901482989019,0.015040040862303717,0.00023999763116313167,0.0004638750695846104,1.6834312308507914e-05
0.1635,664.9365840001593,394505124.1661914,0.9741667478014863,0.3325613131141653,130378.99999997362,1.68549543026986e-06,0.033477558812211594,0.015055971350520293,0.00020213579257909986,0.0002965739625775056,1.6854942696846354e-05
0.164,664.8701280001593,393972577.4995282,0.9740693862982247,0.3321123850574401,130202.99999997542,1.6876050922629391e-06,0.03349682943598016,0.015069636560979288,1.8716686695378988e-05,0.000281231471944309,0.00038824630899534664
0.1645,664.7852120001593,393400694.999532,0.9739449799329459,0.3316302975419795,130013.99999997733,1.68984249506969e-06,0.033516886319420736,0.015091372020566509,0.00016898200662779,3.3796813682430915e-05,0.000294323018472453
0.165,664.7298320001593,392840915.832869,0.9738638453468945,0.33115841293689896,129828.99999997922,1.6921094652038823e-06,0.03353796365367356,0.015104924955804396,0.00016920869744005738,3.384215298643688e-05,0.00015649672180985288
0.1655,664.6596840001592,392314420.83287245,0.9737610748712295,0.3307145863353638,129654.999999981,1.6942015095675185e-06,0.033556918870635936,0.015120226247459484,0.00016941789608387094,3.388399378202843e-05,0.00015363873321116067
0.166,664.6116880001592,391815158.3328757,0.973690758229985,0.3302937162821839,129489.99999998267,1.696237814861473e-06,0.03357586692817655,0.015142065279727807,0.00016962152103337802,0.00021790155627476011,0.0002347569375828972
0.1665,664.5710760001592,391279585.83287925,0.9736312595335473,0.3298422374978636,129312.99999998446,1.6984557847186192e-06,0.0335967848054871,0.015155167323578139,0.00028465060334610935,0.0002592532285625473,0.00012861821753098405
0.167,664.4898520001592,390768219.99954927,0.973512262140672,0.3294111645343036,129143.99999998618,1.7004705551565214e-06,0.03361465137675308,0.01517572093643237,0.0002832215687535692,3.400937441941205e-05,0.000193146674547444
0.1675,664.4418560001592,390196337.499553,0.9734419454994274,0.328929077018843,128954.9999999881,1.702839806898291e-06,0.033636845866742454,0.015189527527362863,0.0003717629638311731,3.40567593506932e-05,0.0003246151269063241
0.168,664.3606320001592,389651687.4995566,0.9733229481065522,0.3284699460517376,128774.99999998994,1.7050115611289767e-06,0.03365623143960806,0.015214050723063026,0.00012324571226139268,0.0002661336990737128,1.7050103733221307e-05
0.1685,664.2831000001592,389067701.6662271,0.9732093596860802,0.32797765562589687,128581.9999999919,1.7073714861328517e-06,0.033677550061759966,0.015229369362132211,0.00016068630612660678,3.4147392735129835e-05,1.7073702950100127e-05
0.169,664.2055680001591,388489767.49956423,0.9730957712656083,0.3274904666552462,128390.99999999384,1.709711872915428e-06,0.033698657223082934,0.01524941937544154,0.00017096888944013422,8.119438807932247e-05,3.720319068257379e-05
0.1695,664.1464960001591,387942091.6662345,0.9730092277071536,0.3270287849605458,128209.99999999568,1.711973282269037e-06,0.033719436648317475,0.015260881230227808,0.00030571990703722715,0.00024379153809005996,0.000317386774682118
0.17,664.0874240001591,387421648.3329046,0.9729226841486988,0.3265900598142007,128037.99999999744,1.7141205889184604e-06,0.03373907639311652,0.015279934292972459,0.0001714097487811765,0.00034236940838152085,1.7141193882950236e-05
0.1705,664.0283520001591,386889101.6662414,0.9728361405902439,0.3261411317574755,127861.9999999992,1.7163273639405797e-06,0.0337592858186884,0.015305012937105802,0.0001716304201342037,0.00027342452666182844,0.00013573524434702685
0.171,663.9840480001591,386377735.83291143,0.9727712329214029,0.32571005879391546,127693.00000000095,1.7184842355598308e-06,0.033779364490383636,0.015313457038645914,0.0001718461013225719,3.436964723261313e-05,1.718483028781131e-05
0.1715,663.9212840001591,385908731.66624784,0.9726792803905446,0.32531469601668583,127538.00000000253,1.7204101113067056e-06,0.03379668970722452,0.015331372171548133,0.00017203868347872575,0.00011328786099434746,0.00021397572353275138
0.17200000000000001,663.858520000159,385385262.4995846,0.9725873278596865,0.3248734201427457,127365.00000000426,1.7225840855833831e-06,0.033816437789821026,0.015351490137608724,0.00014803767973585908,2.7910369265043024e-05,1.7225828729974553e-05
0.17250000000000001,663.803140000159,384837586.6662549,0.9725061932736351,0.32441173844804533,127184.00000000611,1.7248916503985699e-06,0.03383766888335672,0.0153677960382478,0.00032789675922250246,3.44977952445025e-05,1.7248904345430245e-05
0.17300000000000001,663.714532000159,384247549.16625875,0.9723763779359529,0.3239143465670145,126989.0000000081,1.7273097341552039e-06,0.03385911859400907,0.015387613637571249,0.0004667581356944199,0.0004148910897484741,0.0002922739063141333
0.17350000000000002,663.637000000159,383690795.8329291,0.9722627895154811,0.323445012689529,126805.00000000997,1.7296140726011244e-06,0.03387971712672138,0.015405185165725989,0.00042551397374128344,3.459224347697947e-05,1.729612850022499e-05
0.17400000000000002,663.574236000159,383200610.8329323,0.9721708369846228,0.32303179481913424,126643.00000001161,1.7316627824726092e-06,0.033898173174241895,0.015416036511278179,0.00017316391886610288,3.463321758268434e-05,1.7316615569746375e-05
0.17450000000000002,663.489320000159,382616624.9996028,0.972046430619344,0.3225395043932935,126450.00000001356,1.7340838757355296e-06,0.03391969142760467,0.01544303732667393,8.287060946648388e-05,3.4681639339103796e-05,1.7340826467793498e-05
0.17500000000000002,663.4154800001589,382135517.49960595,0.9719382511712755,0.32213393870568374,126291.00000001519,1.7360738523888794e-06,0.0339372597852409,0.015457003793129701,0.0003086299587873492,3.472143878248008e-05,1.7360726205851845e-05
0.17550000000000002,663.3453320001589,381609022.4996094,0.9718354806956105,0.3216901121041486,126117.00000001695,1.7382852419345978e-06,0.03395707191144127,0.015475686462076924,0.00023343988872154034,0.00018704237552211948,1.7382840069667106e-05
0.176,663.2825680001589,381012933.33294666,0.9717435281647523,0.32118761876792773,125920.00000001896,1.7408400344787037e-06,0.03398040874220711,0.015496381130553056,0.00026759621308395455,0.00022134458292188502,0.00023297044299571898
0.1765,663.2124200001589,380465257.4996169,0.9716407576890872,0.32072593707322733,125739.00000002082,1.7431615815823254e-06,0.03400126084779273,0.0155080680737486,0.00027359131641488665,0.00027557729386576353,0.0003212339113067586
0.177,663.1275040001589,379917581.6662872,0.9715163513238084,0.320264255378527,125558.00000002266,1.7454509504186047e-06,0.03402140294982614,0.015527091492861687,0.00017454269639246756,3.490898032061481e-05,1.745449705172523e-05
0.1775,663.0241280001588,379400164.1662906,0.9713649000965126,0.3198280809597769,125387.00000002439,1.7475588853713734e-06,0.03403928658350115,0.015547538441256187,0.0002088841340827439,0.0002597388052047152,0.00031754301773827384
0.178,662.9872080001588,378906953.3329605,0.9713108103724784,0.319412312361787,125224.00000002603,1.7497361876533466e-06,0.03405953659591572,0.015568728129311588,0.0002824667889145156,3.49946848712049e-05,0.00022854228229063125
0.1785,662.8875240001588,378498465.83296317,0.9711647681175859,0.319067964136458,125089.00000002742,1.7513611912305626e-06,0.03407278687978068,0.015577326706048705,0.00017513370336505194,3.502718486771266e-05,1.7513599374534705e-05
0.179,662.8173760001588,377999203.33296645,0.9710619976419208,0.3186470940832781,124924.0000000291,1.7534888173198233e-06,0.034091673140853526,0.015596964933426057,0.0001753464598555094,3.5069737292823974e-05,1.7534875604700574e-05
0.1795,662.7435360001588,377530199.16630286,0.9709538181938524,0.3182517313060485,124769.00000003068,1.7554715820448017e-06,0.034109042243764515,0.015609061875085166,0.00017554473058887686,0.0003022340027711014,1.7554703223251537e-05
0.18,662.6770800001588,377046065.8329727,0.9708564566905907,0.31784361489084373,124609.00000003229,1.7575493820262202e-06,0.03412751104361611,0.015624071838546331,0.00017575250460326092,3.515094840192283e-05,1.757548119299396e-05
0.1805,662.5958560001587,376558906.66630924,0.9707374592977154,0.3174329477480439,124448.00000003394,1.7596074459269756e-06,0.034145393806792004,0.01564271840484473,0.0001789009639653529,0.0001599844382073209,0.000299552037426605
0.181,662.5035560001587,376080824.9996457,0.9706022349876298,0.31702993278802927,124290.00000003555,1.761598869074973e-06,0.034162330567673364,0.01565729270539537,0.00018941154577841135,3.523193795696791e-05,0.00028213790747215966
0.1815,662.4112560001587,375536174.9996493,0.9704670106775442,0.3165708018209239,124110.00000003738,1.7639079803717372e-06,0.0341823318948079,0.015680152200185978,0.00024875899085629265,0.00031594385905726587,1.7639067083974004e-05
0.182,662.3374160001587,375027834.9996526,0.9703588312294757,0.3161422795849589,123942.00000003909,1.7661020174696424e-06,0.03420167770649256,0.01568901178120469,0.0001774124522511881,0.0003135759841503391,0.00015588425591868865
0.1825,662.2635760001587,374570934.1663223,0.9702506517814072,0.31575711971810944,123791.00000004061,1.7680591727549554e-06,0.03421871564322187,0.01571008094517334,0.0001792551836238906,0.00037152662593147593,0.000184999375937494
0.183,662.1675840001586,374086800.83299214,0.9701100184989182,0.31534900330290466,123631.00000004224,1.7700907450508463e-06,0.03423588790410003,0.01572017789720135,0.00029437150509035396,8.365475088349329e-05,3.8283467166379345e-05
0.1835,662.1085120001586,373545176.666329,0.9700234749404634,0.3148924230633943,123452.00000004406,1.77249916036686e-06,0.03425764276834472,0.015744230293232995,0.00017724743882558525,0.00010632304762069788,5.041272436934121e-05
0.184,662.0272880001586,373039862.4996657,0.9699044775475881,0.31446645155502434,123285.00000004577,1.7746824255296628e-06,0.03427663195730919,0.015756159007939672,0.0001665899149214593,0.0003959093123176668,0.0002834014891556463
0.1845,661.9460640001586,372555729.1663355,0.9697854801547128,0.3140583351398196,123125.0000000474,1.776770593439508e-06,0.03429468769923834,0.015781575254196403,0.0002393903127215878,0.00034333486109245693,0.00017083189510834102
0.185,661.8796080001586,372068569.99967206,0.9696881186514511,0.3136476679970198,122964.00000004903,1.7789183536807259e-06,0.034313686543954905,0.015787284080989603,0.00017244615661718906,0.0001036155591794474,1.7789170597741183e-05
0.1855,661.8057680001585,371514842.4996757,0.9695799392033826,0.31318088484712936,122781.00000005089,1.7813710040420154e-06,0.03433541765337024,0.015808487730692905,0.00039782099910080996,3.562737974614223e-05,1.781369706538305e-05
0.186,661.7282360001585,370985321.66634583,0.9694663507829108,0.3127345075179992,122606.00000005268,1.7837046302206506e-06,0.034355887657790844,0.015834187252291493,0.0002786556158419786,0.0003334099994468569,1.7837033292870484e-05
0.1865,661.6728560001585,370555653.3330153,0.9693852161968594,0.31237230419950496,122464.0000000541,1.7856234280833345e-06,0.03437292320976244,0.015845507579277655,0.0004467615670763771,0.00022352979012070455,1.7856221243291384e-05
0.187,661.6100920001585,370101778.3330183,0.9692932636660011,0.3119896950602505,122314.00000005565,1.7876436448917586e-06,0.03439073089649951,0.01585796313341895,0.0002084143049238389,3.575283227286812e-05,1.7876423381629065e-05
0.1875,661.5473280001585,369548050.83302194,0.969201311135143,0.31152291191036,122131.0000000575,1.7901523942797758e-06,0.034413221679371386,0.015881383893604953,0.00031684109368612906,0.00030255435892791334,0.0002522345700727146
0.188,661.4661040001585,369109304.9996915,0.9690823137422676,0.31115305640908075,121986.00000005898,1.7920602245470656e-06,0.03442944069577049,0.015895347597349063,0.00017920348791091478,3.584116366076262e-05,1.7920589113005612e-05
0.1885,661.3811880001584,368582809.99969494,0.9689579073769888,0.31070922980754556,121812.00000006074,1.7943896732479353e-06,0.03444959889434933,0.015909811482615784,0.0003136268864007121,3.58877525260632e-05,1.7943883565538606e-05
0.189,661.3147320001584,368165244.9996977,0.9688605458737273,0.31035722939943144,121674.00000006215,1.796244325019602e-06,0.03446566586189809,0.01593464743958192,0.00011554614077440225,3.5924845474864385e-05,0.00034824177542081534
0.1895,661.2593520001584,367726499.16636723,0.9687794112876759,0.3099873738981521,121529.00000006364,1.7982368784931942e-06,0.034483332792537784,0.015948649642276182,0.00017982113503987342,0.00034443617868031435,0.0003331928771798491
0.19,661.1928960001584,367221184.9997039,0.9686820497844142,0.3095614023897822,121362.00000006532,1.8005303697298715e-06,0.034503582060457824,0.015961416412584205,0.0001800504774013239,0.0002401440909912959,0.0003693678069998115
0.1905,661.1596680001584,366685612.4997074,0.9686333690327834,0.3091099236054619,121185.00000006711,1.803069565486936e-06,0.03452703519009476,0.015979366387541036,0.00020571352088082296,3.606134996723535e-05,0.00028328461720313606
0.191,661.1153640001584,366271073.33304346,0.9685684613639424,0.3087604739249428,121048.00000006851,1.8049892883542527e-06,0.03454425324826076,0.015997900786940793,0.0003128440767763927,3.609974433517951e-05,1.804987955959557e-05
0.1915,661.0193720001583,365832327.499713,0.9684278280814533,0.30839061842366355,120903.00000006998,1.8068916339840878e-06,0.03455994290861725,0.016015248799540104,0.00018068658506099292,0.0002841677238981237,1.806890298743535e-05
0.192,660.9529160001583,365342142.4997162,0.9683304665781917,0.3079774005532687,120741.00000007164,1.809134066707543e-06,0.0345796430810581,0.0160326517886658,0.00025917233263659373,3.618263970688062e-05,1.8091327281258582e-05
0.1925,660.8753840001583,364885241.6663859,0.9682168781577197,0.3075922406864192,120590.00000007317,1.8111869391648234e-06,0.03459722736188737,0.016048295085877583,0.00018111610276569119,0.00017874243814332378,1.811185597514455e-05
0.193,660.7720080001583,364446495.83305544,0.9680654269304239,0.3072223851851399,120445.00000007465,1.8130837188865242e-06,0.034612631301158714,0.016063297419611555,0.00022809378662925068,3.6261632563056274e-05,1.8130823743856693e-05
0.1935,660.6612480001583,363980517.49972516,0.9679031577583211,0.30682957313550535,120291.00000007621,1.8151005788397923e-06,0.03462897469227157,0.016072511642911805,0.00018150745471533767,3.6301969665697756e-05,0.00015494846741936878
0.194,660.5874080001582,363508487.49972826,0.9677949783102526,0.3064316596306807,120135.0000000778,1.8172544265576524e-06,0.03464757804029411,0.01609280270367306,0.0004934281459311293,0.00020585295853130876,1.817253075794239e-05
0.1945,660.5024920001582,363057638.33306456,0.967670571944974,0.30605160121902125,119986.00000007931,1.8192772228475232e-06,0.03466462765618651,0.016108180693166087,0.00040657132706666585,8.260769013337287e-05,0.00020423743121066222
0.195,660.4397280001582,362597711.6664009,0.9675786194141157,0.3056638906245767,119834.00000008086,1.821411737445766e-06,0.034683309272458135,0.01611919628690926,0.0001821385515999552,3.642819253912135e-05,0.0003463788419324135
0.1955,660.3917320001582,362146862.4997372,0.9675083027728711,0.3052838322129173,119685.00000008238,1.823546744107544e-06,0.034702369668618435,0.01614559498361084,0.00030209093405573226,0.00012823472054622131,0.00020979830847498555
0.196,660.3105080001582,361668780.8330737,0.9673893053799959,0.3048808172529026,119527.000000084,1.8257326675506476e-06,0.034721027222229084,0.016157821804250967,0.00031814105592556374,0.00018960615490256995,1.8257313040483036e-05
0.1965,660.2403600001581,361175569.9997436,0.9672865349043308,0.30446504865491275,119364.00000008564,1.8280316135463616e-06,0.0347410350337161,0.016180365519054885,0.00029418232423766903,3.656058974764353e-05,0.00030577243023802066
0.197,660.1665200001581,360715643.33307993,0.9671783554562623,0.3040773380604682,119212.00000008718,1.830157721744741e-06,0.034759288213043825,0.01619522392684054,0.0002776709656422269,0.0001240172603007683,5.9503343565533745e-05
0.1975,660.1037560001581,360264794.1664162,0.9670864029254042,0.3036972796488088,119063.00000008871,1.8322738349371934e-06,0.03477772421681433,0.01620905275092572,6.175844474007865e-05,0.00011086450142914875,0.00028768482339964075
0.198,660.0188400001581,359823022.49975246,0.9669619965601254,0.30332487341993447,118917.00000009018,1.8342874100019882e-06,0.034794590216663465,0.016223711254543676,0.00018342608002844526,0.00034560776112142847,0.00017191665928491048
0.1985,659.9413080001581,359372173.33308876,0.9668484081396534,0.302944815008275,118768.00000009169,1.836372866266646e-06,0.034812319222463195,0.016246091689507566,0.00027385521121411406,3.67274144038412e-05,1.8363714866824167e-05
0.199,659.871160000158,358881988.333092,0.9667456376639884,0.3025315971378802,118606.00000009335,1.8386856444511968e-06,0.03483238271313305,0.016262187973014954,0.0003868576596828817,3.677366985717288e-05,1.8386842613625795e-05
0.1995,659.786244000158,358422061.6664283,0.9666212312987096,0.3021438865434357,118454.0000000949,1.8408081269679194e-06,0.03485023866069776,0.016273395857937512,0.0001755147643066597,0.000112804492464961,5.3600939620833765e-05
0.2,659.701328000158,357931876.66643155,0.9664968249334309,0.3017306686730409,118292.00000009655,1.8430918591108199e-06,0.034869605674183485,0.016298575893075387,0.00013462338354144215,0.00038153142408368386,1.8430904693191504e-05
0.2005,659.638564000158,357514311.6664343,0.9664048724025727,0.30137866826492676,118154.00000009795,1.8450689733943007e-06,0.03488664357003069,0.016309320060452003,0.00018962786569238615,0.0004215800974191918,0.000351435702005588
0.201,659.549956000158,357030178.33310413,0.9662750570648905,0.300970551849722,117994.00000009958,1.84732270834766e-06,0.03490559927586659,0.016329256282723963,0.00018472957007103257,0.00014975139411705678,1.847321312108728e-05
0.2015,659.468732000158,356552096.6664406,0.9661560596720151,0.30056753688970733,117836.00000010118,1.8495718807035933e-06,0.034924691421697816,0.016345835673845087,0.00021417469324937669,0.00021055731626125647,1.8495704810307243e-05
0.202,659.3948920001579,356128479.9997767,0.9660478802239467,0.30021043502640316,117696.00000010259,1.8515646151090509e-06,0.03494154397981212,0.016354582022477998,0.00025849783578882904,3.703124865038073e-05,1.851563212389428e-05
0.2025,659.2952080001579,355704863.33311284,0.9659018379690543,0.299853333163099,117556.00000010403,1.8534894401562815e-06,0.03495705867242789,0.016378089109270848,0.0001853462241843457,3.7069745057369384e-05,1.853488034479316e-05
0.203,659.2398280001579,355257039.99978244,0.9658207033830029,0.29947582547903456,117408.00000010553,1.855669990383756e-06,0.03497614627776021,0.016390667917887805,0.00032546698715705456,3.711335595717338e-05,0.00030018293542128304
0.20350000000000001,659.1659880001579,354872759.16645163,0.9657125239349343,0.29915188307446583,117281.00000010683,1.8574713639571832e-06,0.03499115872440605,0.016411347224225326,0.00023431738686581236,3.71493833411207e-05,1.8574699521826977e-05
0.20400000000000001,659.0958400001579,354409806.6664547,0.9656097534592694,0.29876162175242627,117128.00000010838,1.8596997814466573e-06,0.0350102789149332,0.01642650407171267,0.0002108776880954923,0.00022275313339150383,0.0003607385188951412
0.20450000000000002,659.0367680001578,354004344.99979067,0.9655232099008145,0.29841982425469227,116994.00000010974,1.8616629352403784e-06,0.035027183195490606,0.016436165472689505,0.00018616354862168786,0.0002799822577681607,0.00031286881104779213
0.20500000000000002,658.9887720001578,353502056.66646063,0.9654528932595701,0.2979964034739173,116828.00000011144,1.8641723847788888e-06,0.03504950651778038,0.016458643628522326,0.00018641448597856979,0.00019802924150988973,9.740393654674916e-05
0.20550000000000002,658.9149320001578,353014897.49979717,0.9653447138115016,0.29758573633111757,116667.00000011307,1.866535765676961e-06,0.03506975223691375,0.01647609294068693,0.0002723871545670301,0.00011193004845379564,1.866534339989343e-05
0.20600000000000002,658.8706280001578,352542867.49980026,0.9652798061426604,0.2971878228262929,116511.00000011465,1.868909255412836e-06,0.03509086273836502,0.0164980180083042,0.0002704605615656742,0.00017635381324025422,1.8689078260792795e-05
0.20650000000000002,658.8115560001578,352037553.3331369,0.9651932625842057,0.29676185131792293,116344.00000011634,1.8714240846251915e-06,0.035112889998637625,0.01651798228594086,0.00011326533909819407,3.742843708047238e-05,1.8714226514185583e-05
0.20700000000000002,658.7377160001578,351598807.49980646,0.9650850831361372,0.29639199581664366,116199.00000011783,1.8735493464394653e-06,0.03513085319968181,0.016531618791140033,0.00014555380474203848,3.747094221298514e-05,0.00017394894919228645
0.20750000000000002,658.6528000001578,351172164.99980927,0.9649606767708584,0.29603234322574445,116058.00000011927,1.8755837325561254e-06,0.03514765575255052,0.01654895071616935,0.0003320264699631782,3.751162983540281e-05,1.8755822929068357e-05
0.20800000000000002,658.5678840001577,350754599.999812,0.9648362704055796,0.29568034281763034,115920.00000012066,1.8775744751473273e-06,0.03516403667595207,0.016556525613889483,0.00018775465358714753,3.33736029356704e-05,0.00019722814540069862
0.2085,658.5161960001577,350303750.8331483,0.9647605447919317,0.2953002844059709,115771.00000012218,1.8798434057128117e-06,0.03518389621527979,0.01657911985205344,0.0003604537028622462,3.759682309029004e-05,1.879841959461223e-05
0.209,658.4682000001577,349880134.1664844,0.9646902281506872,0.29494318254266677,115631.0000001236,1.8819822439156748e-06,0.03520262324502942,0.016597588738669115,0.00038289642233557805,0.00018144406312576428,1.881980794351597e-05
0.2095,658.3685160001577,349389949.16648763,0.9645441858957947,0.29452996467227194,115469.00000012525,1.8843373072716492e-06,0.03522197577525993,0.016613753386652417,0.00018843091582035917,0.000271437979836962,0.00013452151252500984
0.21,658.3020600001577,348981461.6664903,0.9644468243925332,0.2941856164469429,115334.00000012662,1.8863525210094814e-06,0.03523902623178536,0.01663183123883351,0.0001773361523822632,0.00032943370000898574,0.0003229503370448317
0.2105,658.2282200001576,348560870.83315974,0.9643386449444646,0.29383106531123376,115195.00000012804,1.8884168450314137e-06,0.03525632533272781,0.016647110263912863,0.0001888388568176593,3.776829145556557e-05,1.888415385439392e-05
0.211,658.1728400001576,348116073.33316267,0.9642575103584132,0.29345610835476443,115048.00000012953,1.890670642404543e-06,0.035275873936528306,0.016663110907721292,0.00026801025736135836,3.7813367292659705e-05,7.36506329064579e-05
0.2115,658.1211520001576,347622862.4998326,0.9641817847447653,0.29304033975677457,114885.00000013119,1.8932044551600072e-06,0.035298117666079,0.016685471999882056,0.00017295308402986618,0.000145333277059419,0.0002086807228566976
0.212,658.0768480001576,347162935.8331689,0.9641168770759243,0.29265262916233004,114733.00000013273,1.8955849835202457e-06,0.03531911384339212,0.01670084755313545,0.00026840661462962785,3.791165387466012e-05,1.895583512763645e-05
0.2125,658.0399280001576,346763525.83317155,0.96406278735189,0.2923159331197861,114601.00000013407,1.8976618905321132e-06,0.03533746600761873,0.016718300286747714,0.00028148352940266923,3.795319191326182e-05,1.897660416535514e-05
0.213,657.9587040001576,346303599.1665079,0.9639437899590146,0.2919282225253416,114449.00000013562,1.8999476343409335e-06,0.03535655938465092,0.016734013059363978,0.000189991899988359,3.7998906676095664e-05,0.00016122685887733025
0.2135,657.8885560001576,345861827.49984413,0.9638410194833497,0.29155581629646726,114303.00000013711,1.9021716295084748e-06,0.03537536081910209,0.016751859663964055,0.0001902142925044497,3.8043386469321844e-05,0.000134101450721534
0.214,657.8257920001575,345447288.3331802,0.9637490669524914,0.2912063666159482,114166.0000001385,1.9042725597130514e-06,0.035393202872562354,0.016770776590211933,0.0003273216277834781,0.00031137047152663945,1.9042710753392893e-05
0.2145,657.7408760001575,345038800.8331829,0.9636246605872126,0.29086201839061915,114031.00000013987,1.9062809006171972e-06,0.03540957600562821,0.01678111324714045,0.0003216852813840286,3.8125571687050243e-05,1.9062794130751377e-05
0.215,657.6670360001575,344600054.9998524,0.9635164811391441,0.2904921628893399,113886.00000014134,1.9084937058423835e-06,0.03542813289433986,0.016804240834450587,0.0003315238514293078,0.00015191088530695513,1.908492214813766e-05
0.2155,657.6227320001575,344158283.33318865,0.9634515734703031,0.2901197566604655,113740.00000014284,1.910814772874421e-06,0.035448475721389296,0.016825005364109774,0.00036074872064472026,3.8216248907584866e-05,1.9108132781981886e-05
0.216,657.5673520001575,343728614.99985814,0.9633704388842517,0.2897575533419713,113598.00000014428,1.9130422179149352e-06,0.035467637405647595,0.01683810161526475,0.000268805194533726,0.0003943798918647393,1.9130407197285383e-05
0.2165,657.5008960001575,343232378.33319473,0.9632730773809901,0.2893392340163864,113434.00000014596,1.915614427732936e-06,0.03548968016855624,0.01685852854741351,0.00030737587482183143,5.997573093565947e-05,1.9156129254868125e-05
0.217,657.4233640001574,342733115.833198,0.9631594889605182,0.2889183639632065,113269.00000014761,1.9181787041556655e-06,0.035511331854437396,0.01687907726725959,0.0002912022441951174,3.836352716694215e-05,0.0002682483905541875
0.2175,657.3236800001574,342297395.8332009,0.9630134467056257,0.28855105918952223,113125.0000001491,1.9203291874311154e-06,0.03552853839195472,0.01689661240294796,0.00034916541165956204,3.8406536723793574e-05,0.00025713214555607547
0.218,657.2793760001574,341843520.83320385,0.9629485390367847,0.28816845005026775,112975.00000015061,1.9227492579005604e-06,0.03554972042569939,0.01691062367904985,0.0002870657256602758,3.845493801306659e-05,1.9227477443484268e-05
0.2185,657.1612320001574,341377542.4998736,0.962775451919875,0.28777563800063316,112821.00000015218,1.9250277191283044e-06,0.035567580404167326,0.016931619750506114,0.00018318389390247834,3.8500507121767316e-05,0.0002548958451369285
0.219,657.0763160001574,340914589.9998766,0.9626510455545964,0.28738537667859365,112668.00000015373,1.927392770137515e-06,0.035587123057293155,0.01694824984829321,0.0001927363264544821,0.00025555963932059,1.927391249178656e-05
0.2195,657.0024760001573,340536360.83321244,0.9625428661065278,0.2870665357292149,112543.000000155,1.9293166650181694e-06,0.035602879247628665,0.016961817240849546,0.00033620936389973074,3.8586285823262186e-05,1.9293151409895658e-05
0.22,656.9397120001573,340052227.4998823,0.9624509135756696,0.28665841931401015,112383.00000015664,1.931878867049576e-06,0.03562481058563561,0.01697995308034543,0.00016776666166662703,3.8637529735533206e-05,0.00026281271053145455
0.2205,656.8400280001573,339604404.1665519,0.9623048713207771,0.28628091162994573,112235.00000015814,1.9341328320289507e-06,0.035642882101105944,0.01699976507650351,0.00019341031094768362,0.0002415997896311301,0.00011937708713116028
0.221,656.7698800001573,339162632.4998881,0.9622021008451122,0.28590850540107143,112089.00000015962,1.9364452833711684e-06,0.03566227860874057,0.017019611753316285,0.00019364154866561154,3.8728857830743484e-05,1.9364437479584558e-05
0.2215,656.7108080001573,338708757.4998911,0.9621155572866573,0.28552589626181696,111939.00000016115,1.9388657466300335e-06,0.03568295486959059,0.017037172251699706,0.00019388358728061644,0.00011342223406960175,5.3597511129324794e-05
0.222,656.6369680001573,338294218.33322716,0.9620073778385888,0.28517644658129787,111802.00000016254,1.941023323530039e-06,0.035700796143114076,0.01705025525408374,0.00022651096740739475,3.882041840282331e-05,1.9410217807908108e-05
0.2225,656.5742040001572,337761671.666564,0.9619154253077307,0.2847275185245726,111626.00000016433,1.943897899251052e-06,0.03572551453945877,0.017074207260928977,0.00019438678641724974,3.8877909772565016e-05,0.00011006582027554509
0.223,656.5077480001572,337298719.166567,0.961818063804469,0.2843372572025331,111473.00000016589,1.9463689326254344e-06,0.03574640479305964,0.017094641757617518,6.238904761152273e-05,3.8927330315065734e-05,0.00018316956443816887
0.2235,656.4412920001572,336884179.9999031,0.9617207023012073,0.283987807522014,111336.00000016729,1.9485666913784614e-06,0.03576477044962379,0.017109980445165904,0.00026473512558926066,3.897128537856147e-05,0.00011482969797418102
0.224,656.3379160001572,336481744.1665724,0.9615692510739114,0.28364856075187506,111203.00000016863,1.950589972201412e-06,0.03578051599374528,0.0171253951734909,0.00014598402624330513,0.00010063285375163415,0.0004347058630528
0.2245,656.2640760001572,336042998.33324194,0.961461071625843,0.28327870525059573,111058.00000017011,1.9529169756703675e-06,0.03579983827378436,0.01714370043667764,0.00025866357908670135,3.905829084155245e-05,1.9529154138018943e-05
0.225,656.2197720001571,335589123.3332449,0.9613961639570019,0.2828960961113413,110908.00000017164,1.9554262232406182e-06,0.035821620758321016,0.017165127272472085,0.0003372713044577871,3.910847566622958e-05,1.9554246573362998e-05
0.2255,656.1385480001571,335144325.83324784,0.9612771665641265,0.2825211391548719,110761.00000017312,1.9577790743401128e-06,0.035840946986877335,0.017182599491014874,0.0002278841362882955,3.9155532567823724e-05,0.00042010057037834874
0.226,656.0757840001571,334696502.49991745,0.9611852140332684,0.2821436314708075,110613.00000017464,1.9602110541932505e-06,0.035861485803971735,0.017201209105623998,0.00014289851765383695,3.9204172041034535e-05,1.960209480551927e-05
0.2265,656.0130200001571,334230524.1665872,0.9610932615024101,0.2817508194211729,110459.00000017621,1.9627561594978296e-06,0.03588304269728244,0.017217468521930165,0.0002724392961037464,0.00015224443844864485,0.00020627498175035627
0.227,655.9428720001571,333752442.49992365,0.960990491026745,0.28134780446115826,110301.0000001778,1.9653575179462758e-06,0.03590489395769876,0.017239820724890827,0.0003155735297647224,3.9307101053464975e-05,0.00038268239144688995
0.2275,655.8616480001571,333241076.6665937,0.9608714936338698,0.2809167314975982,110132.00000017953,1.9681296632477995e-06,0.03592798237881956,0.017262558901614437,0.0001968098842656498,3.936254381738102e-05,0.00015958157931950171
0.228,655.787808000157,332756943.3332635,0.9607633141858013,0.28050861508239344,109972.00000018116,1.970771222475652e-06,0.03595006107122999,0.017279548973222526,0.0003097564765565537,3.941537486644813e-05,0.00032779942649621767
0.2285,655.713968000157,332360559.16659945,0.9606551347377328,0.28017446976744453,109841.00000018248,1.972899460887816e-06,0.03596744198942821,0.017300813822160085,0.00016629144089157688,3.945793952487052e-05,1.9728978666445916e-05
0.229,655.632744000157,331909709.99993575,0.9605361373448574,0.27979441135578514,109692.000000184,1.9753346294095583e-06,0.0359874035007909,0.017314022341048646,0.00019753035723654844,3.950664276960814e-05,0.00032728785043410915
0.2295,655.566288000157,331443731.6666055,0.9604387758415959,0.27940159930615055,109538.00000018557,1.9779112572253495e-06,0.03600904172596646,0.017337439232536934,0.0001977880116083439,3.9558175193452996e-05,1.977909654804865e-05
0.23,655.510908000157,330977753.3332752,0.9603576412555445,0.27900878725651596,109384.00000018714,1.980528604712885e-06,0.03603133701161413,0.01735502820119338,0.00020740181053757953,3.961052200889505e-05,0.00012848914554971355
0.2305,655.448144000157,330602549.9999443,0.9602656887246863,0.27869249703473226,109260.0000001884,1.9825864743035628e-06,0.036048325428263625,0.017372261122084592,0.00014599784871257757,0.0003854826762976262,0.0001918056918438088
0.231,655.3558440001569,330197088.3332803,0.9601304644146007,0.2783506995369983,109126.00000018976,1.984741438236674e-06,0.03606537175921536,0.017385796675801608,0.00030205438874398444,3.969477846038117e-05,1.9847398246335616e-05
0.2315,655.2930800001569,329797678.33328295,0.9600385118837425,0.2780140034944544,108994.0000001911,1.9869548000211777e-06,0.03608374798035948,0.01740563033003633,0.0002877329871995238,3.973904558150307e-05,1.986953182788266e-05
0.232,655.2155480001569,329346829.16661924,0.9599249234632705,0.27763394508279493,108845.00000019261,1.9894393690023293e-06,0.03610416515810334,0.01742754599501047,0.0002484622578741106,3.9788736832096855e-05,1.989437747686649e-05
0.2325,655.1343240001569,328847566.6666225,0.9598059260703952,0.277213075029615,108680.00000019428,1.99221277700472e-06,0.036127082697094796,0.017443373610463508,0.0003011678866316002,3.98442048481083e-05,1.9922111511279025e-05
0.233,655.0715600001569,328414872.4999587,0.959713973539537,0.2768483209835258,108537.00000019575,1.9946464513425448e-06,0.03614741061246146,0.017466720357703542,0.00025786629929086356,3.989287820861177e-05,0.00032452480691904197
0.2335,654.9718760001568,327970074.9999616,0.9595679312846446,0.2764733640270564,108390.00000019724,1.997047675768082e-06,0.03616640971836196,0.017484020426235054,0.00019970159015289364,3.9940902570989085e-05,1.9970460419145226e-05
0.234,654.8906520001568,327603949.1666307,0.9594489338917692,0.2761647259880578,108269.00000019846,1.999031616273517e-06,0.036182126057736505,0.017494417668797724,0.00019989997750889595,3.998058127680072e-05,1.9990299791342514e-05
0.23450000000000001,654.8020440001568,327219668.3332999,0.959319118554087,0.275840783583489,108142.00000019975,2.0011084521153773e-06,0.036198467239684944,0.01750823352772855,0.00010788179834394041,0.00022872349365244817,2.001106811531258e-05
0.23500000000000001,654.7245120001568,326844464.999969,0.9592055301336151,0.27552449336170537,108018.00000020103,2.0031684244682525e-06,0.036214949860090426,0.017525843978747437,0.00039950078483499436,0.00022849808493951665,2.003166780468427e-05
0.23550000000000001,654.6432880001568,326387564.1666387,0.9590865327407398,0.27513933349485586,107867.00000020256,2.0057237464657987e-06,0.03623579322494517,0.01755253230960147,0.00015089340391091107,0.0003406701097746788,0.0002547188181325089
0.23600000000000002,654.5879080001567,325954869.99997485,0.9590053981546884,0.2747745794487666,107724.000000204,2.008216376703337e-06,0.03625676870420689,0.017571618235900265,0.00020081842280147348,0.000218421875259711,0.00021850790144366264
0.23650000000000002,654.5029920001567,325519149.9999777,0.9588809917894097,0.2744072746750823,107580.00000020547,2.0106435888647457e-06,0.03627631958455786,0.01758232079784971,0.00018546300887468516,7.734152136421005e-05,2.010641932467812e-05
0.23700000000000002,654.3996160001567,325116714.166647,0.9587295405621138,0.2740680279049434,107447.00000020684,2.012814437047759e-06,0.03629303116344315,0.017599369005555105,0.0001818902661931585,0.00018609444203027267,2.0128127770232523e-05
0.23750000000000002,654.3479280001567,324732433.3333162,0.9586538149484659,0.2737440855003746,107320.00000020812,2.0150371839467974e-06,0.03631163065160247,0.017619550986164738,8.27849837678937e-05,4.0300691788966115e-05,2.0150355202294398e-05
0.23800000000000002,654.2703960001567,324333023.3333188,0.958540226527994,0.27340738945783066,107188.00000020946,2.0172796136388473e-06,0.03632967718252235,0.017635432962395562,0.0002829508162075518,4.034554026430382e-05,2.017277946179655e-05
0.23850000000000002,654.2113240001567,323888225.83332175,0.9584536829695391,0.2730324325013613,107041.00000021096,2.0198675710330535e-06,0.03635133213772491,0.017659106552528836,9.43219222663332e-05,0.0003194551089507429,2.0198658992646173e-05
0.23900000000000002,654.1485600001566,323452505.8333246,0.958361730438681,0.272665127727677,106897.00000021243,2.022394472767634e-06,0.036372318324838976,0.017673217317655088,0.0003642347580341455,0.0002687056067032779,0.00040164358401682256
0.23950000000000002,654.0636440001566,323034940.83332735,0.9582373240734022,0.2723131273195629,106759.00000021383,2.0247458132946255e-06,0.036391094116122354,0.017694891115799218,0.00014978914058414524,0.00034521237180486653,0.0001715133866818894
0.24,653.9898040001566,322611324.16666347,0.9581291446253337,0.27195602545625874,106619.00000021525,2.027175598034186e-06,0.03641086755663182,0.017710678810178668,0.00022087758394774286,0.00025015758370130857,0.00012356242785771073
0.2405,653.9344240001566,322233094.9999993,0.9580480100392824,0.27163718450688,106494.00000021652,2.0293831830034653e-06,0.03642914527224712,0.01772930095900222,0.0002029350321615736,4.05876110126924e-05,2.029381495313227e-05
0.241,653.8568920001566,321839736.66666853,0.9579344216188105,0.27130558991952614,106364.00000021784,2.0316226292384783e-06,0.036447078874257806,0.017743858455814537,0.00031006796061577873,0.00024139984887753155,0.00011912056592687298
0.2415,653.7719760001565,321443352.5000045,0.9578100152535317,0.2709714446045773,106233.00000021918,2.0338637303135628e-06,0.03646480780844334,0.017762264656358055,0.00014453411279032207,4.067722171987707e-05,2.0338620350842223e-05
0.242,653.6870600001565,321068149.1666736,0.9576856088882529,0.2706551543827936,106109.00000022045,2.0359760433938687e-06,0.03648136909439113,0.017774841851711885,0.00020359429561552002,4.071946786827907e-05,2.035974344600286e-05
0.2425,653.5984520001565,320674790.83334285,0.9575557935505707,0.2703235597954397,105979.00000022177,2.038197172598568e-06,0.03649878918264502,0.017796199868376442,0.00030792428993477324,0.00015276377815846162,0.0002768701188279916
0.243,653.5430720001565,320245122.50001234,0.9574746589645194,0.26996135647694547,105837.0000002232,2.0407588627681014e-06,0.036520171262832773,0.01781159272739723,0.00020407256128766963,0.00023608874316066958,0.0001164135474185273
0.2435,653.4470800001565,319851764.1666816,0.9573340256820304,0.2696297618895916,105707.00000022452,2.042968503558515e-06,0.036537253513050504,0.017830765036108046,0.00022798466093829523,4.085931669751866e-05,2.0429667929588117e-05
0.244,653.3510880001564,319503793.33335054,0.9571933923995414,0.2693364282161632,105592.00000022569,2.044893054895565e-06,0.03655177412387118,0.017845251662894048,0.00020448596607531685,0.0002518328791080146,0.00029396452373565664
0.2445,653.2772480001564,319164900.00001943,0.9570852129514729,0.2690507467255199,105480.00000022684,2.046832994480648e-06,0.03656704135673143,0.017859796547184826,0.00010056403862474543,0.00019025390615006908,2.0468312773199292e-05
0.245,653.1627960001564,318771541.6666887,0.9569175348069667,0.268719152138166,105350.00000022816,2.04899970864749e-06,0.03658318554630762,0.017875584523486112,0.00020489661709827099,4.097994047251062e-05,2.0489979877930766e-05
0.2455,653.1148000001564,318357002.50002474,0.9568472181657222,0.2683697024576469,105213.00000022954,2.051516991526221e-06,0.03660430566549156,0.0178951718715108,0.0002882119481082448,4.103028599616368e-05,2.0515152664172515e-05
0.246,653.0261920001564,317975747.50002724,0.9567174028280401,0.2680483107806732,105087.00000023082,2.0536981110488636e-06,0.03662127440440303,0.0179113964745546,0.00032161027211279156,0.00014938939570893815,0.00020123185372074672
0.2465,652.9449680001563,317533975.8333635,0.9565984054351647,0.26767590455179885,104941.0000002323,2.0562995386131874e-06,0.03664218219335505,0.017933450747820497,0.00039970029871462136,0.00017316134592716836,0.0002785938471621306
0.247,652.8674360001563,317167850.00003254,0.9564848170146928,0.26736726651280024,104820.00000023354,2.058428797244391e-06,0.0366589717409793,0.017950463193506568,0.00040418509231332354,4.11685217373353e-05,0.00015029340440729259
0.2475,652.7972880001563,316765414.16670185,0.9563820465390277,0.26702801974266127,104687.0000002349,2.060822485047605e-06,0.03667830973631107,0.017969059434385884,0.00020607885410423675,0.00016196094806862553,7.85333302873793e-05
0.248,652.7492920001563,316344823.3333713,0.9563117298977832,0.2666734686069521,104548.00000023631,2.0634106957150186e-06,0.03669998561616231,0.01798544614787502,0.0002817751991721163,4.126815943931824e-05,0.0002552383787520685
0.2485,652.6348400001563,315981723.33337367,0.9561440517532771,0.2663673812955486,104428.00000023753,2.0654195853967155e-06,0.03671462722941713,0.01800088576069048,0.0003175192147240826,4.1308337122245035e-05,0.00017767078418148624
0.249,652.5794600001562,315645855.8333759,0.9560629171672257,0.2660842505325003,104317.00000023867,2.0674418749367074e-06,0.03673103827455414,0.01801656133239728,0.000369598545060298,0.000507879371012414,0.000170436334198498
0.2495,652.4797760001562,315297885.0000448,0.9559168749123332,0.26579091685907186,104202.00000023983,2.069407398657506e-06,0.036745687426856945,0.018030586235460087,0.0002069373155299941,4.138809317023698e-05,2.0694056430104047e-05
0.25,652.3985520001562,314853087.50004774,0.9557978775194579,0.26541595990260247,104055.00000024133,2.072072906066253e-06,0.03676705631214259,0.01805470344032981,0.00035561523939629504,4.144140317386598e-05,0.00014762150187475886
0.2505,652.3062520001562,314468806.66671693,0.9556626532093723,0.26509201749803374,103928.00000024262,2.074311468009891e-06,0.03678430920524613,0.018067657064162558,0.00015263901583042862,4.1486174290216966e-05,2.0743097039441794e-05
0.251,652.2176440001562,314111758.33338594,0.9555328378716902,0.2647910316418202,103810.00000024382,2.0763872306490286e-06,0.036800209917829875,0.01808595594332305,0.00035662118689401594,4.152768942913592e-05,2.0763854630060566e-05
0.2515,652.1216520001561,313724451.6667218,0.9553922045892012,0.2644645385096564,103682.00000024513,2.078644646713489e-06,0.036817499123034135,0.01809995048332998,0.00022467611088041364,4.157283762646936e-05,2.0786428751761644e-05
0.252,652.0515040001561,313382532.5000574,0.9552894341135361,0.26417630629141803,103569.00000024628,2.0806887314309286e-06,0.03683361611301008,0.01811486841983355,0.00010167917966565139,0.0002575409178668029,0.0003472190265837176
0.2525,651.9702800001561,313064820.0000595,0.9551704367206607,0.2639084798939399,103464.00000024734,2.082540861665748e-06,0.03684771100570633,0.01813008515045327,0.00020825061563137655,4.165076171180593e-05,2.0825390834038528e-05
0.253,651.9112080001561,312653306.66672885,0.955083893162206,0.2635615809410159,103328.00000024872,2.0850929579166658e-06,0.03686861163694883,0.01814534964199783,0.00020850581644316047,0.00016836692221913063,2.0850911752634694e-05
0.2535,651.8226000001561,312238767.5000649,0.9549540778245238,0.2632121312604968,103191.0000002501,2.0875774178170254e-06,0.03688806301862158,0.018163757601394517,0.00019283683398724848,4.175149255989541e-05,2.0875756308676787e-05
0.254,651.759836000156,311860538.3334007,0.9548621252936655,0.2628932903111181,103066.00000025137,2.0899080065826707e-06,0.03690687132293325,0.018183363748647183,0.0002787487539153104,4.179810420797454e-05,2.0899062156089054e-05
0.2545,651.682304000156,311455076.6667367,0.9547485368731936,0.2625514928133841,102932.00000025274,2.092379777445302e-06,0.03692649351595895,0.018208000053340036,0.0002092344728557268,4.184753948966856e-05,0.00025133434080526024
0.255,651.608464000156,311055666.66673934,0.9546403574251252,0.26221479677084014,102800.00000025409,2.09482910561562e-06,0.03694600685719139,0.018226500202524542,0.00016931459143735013,0.00012542977767512442,5.940644904619802e-05
0.2555,651.542008000156,310707695.8334083,0.9545429959218635,0.26192146309741177,102685.00000025526,2.0969612814144533e-06,0.03696291938206463,0.0182403537506628,0.00045764378816300354,0.000150925824132504,2.0969594782187253e-05
0.256,651.449708000156,310299208.333411,0.9544077716117779,0.26157711487208274,102550.00000025662,2.099424331434919e-06,0.03698200116903694,0.018255522560911314,0.0003623138937010231,4.198843018168981e-05,2.099422523952785e-05
0.2565,651.3389480001559,309908875.83341354,0.9542455024396752,0.2612480710123239,102421.00000025793,2.1017111763855144e-06,0.0369989917078331,0.018273689347029668,0.0003497552001382768,0.00017286695062304302,2.1017093649059064e-05
0.257,651.2761840001559,309533672.5000827,0.954153549908817,0.2609317807905402,102297.0000002592,2.104056010255175e-06,0.03701784175506112,0.01829767041087927,0.00027357458902433225,4.2081063501514986e-05,2.1040541946985063e-05
0.2575,651.1949600001559,309143340.00008523,0.9540345525159416,0.2606027369307814,102168.00000026052,2.106449907670585e-06,0.0370365846173473,0.018308955260917005,0.00020646752843482885,4.2128941317321345e-05,2.1064480879377676e-05
0.258,651.1285040001559,308746955.8334212,0.95393719101268,0.2602685916158325,102037.00000026185,2.1089390249776598e-06,0.037056569550489526,0.018330073625478414,0.00020277595053780286,9.755176636488693e-05,0.0003237326810179292
0.2585,651.0435880001559,308402010.83342344,0.9538127846474013,0.2599778086699991,101923.00000026301,2.111022513247499e-06,0.03707245209505288,0.018344011309970515,3.1856420130863436e-05,0.00013671499404834217,0.00019621831873142925
0.259,650.9365200001558,308075220.8334256,0.953655924447702,0.25970233008973587,101815.0000002641,2.112914236462118e-06,0.037086009102517546,0.018360787275559357,0.0002612676853317533,4.2258227532889266e-05,0.00018335730800196905
0.2595,650.8552960001558,307690940.0000948,0.9535369270548266,0.2593783876851671,101688.0000002654,2.1152891144599685e-06,0.03710453007542822,0.018375006384786428,0.0002115253250264538,4.230572496076746e-05,2.1152872792436892e-05
0.26,650.7740720001558,307361124.1667636,0.9534179296619513,0.2591003583773089,101579.0000002665,2.117294676626274e-06,0.03711979937652275,0.0183919580465205,0.00021172587400937029,0.0002901880647242997,2.1172928378853285e-05
0.2605,650.6670040001558,306964740.00009954,0.953261069462252,0.25876621306236,101448.00000026783,2.119679947605529e-06,0.037137647026465166,0.018409142441197412,0.0002843213394602802,4.239354137744095e-05,0.00014090151564973938
0.261,650.5783960001557,306610717.50010186,0.9531312541245698,0.2584677779337415,101331.00000026902,2.121838405730027e-06,0.037154020648646986,0.01842269143491771,0.000264423050487775,4.2436710418845765e-05,0.00022881353182581266
0.2615,650.4897880001557,306253669.1667709,0.9530014387868876,0.25816679207752796,101213.00000027023,2.124022839530228e-06,0.037170609201831455,0.018441194241015223,0.0002123986659097623,4.248039897221471e-05,2.1240209889332416e-05
0.262,650.3974880001557,305875440.0001067,0.9528662144768021,0.25784795112814923,101088.0000002715,2.1263475354540686e-06,0.03718830616471923,0.018458023603331458,0.0002589648885808736,6.025120423468024e-05,0.00018560573283900284
0.2625,650.3199560001557,305460900.83344275,0.9527526260563302,0.2574985014476302,100951.0000002729,2.128979369293331e-06,0.03720909549171332,0.0184794508316571,0.00029400771333466097,0.00026326031334335986,0.0001300320925032501
0.263,650.2461160001557,305106878.3334451,0.9526444466082616,0.2572000663190117,100834.00000027407,2.131207659269861e-06,0.03722644917978021,0.018496729322024917,0.00045844163525778515,0.00032637008521226333,0.00040212589293520926
0.2635,650.1648920001556,304755881.6667807,0.9525254492153863,0.25690418191798825,100718.00000027526,2.133395714774241e-06,0.03724322768338767,0.01851444188500613,0.00021333591968463196,4.266785595170264e-05,0.00021352947195898384
0.264,650.0836680001556,304410936.666783,0.9524064518225109,0.25661339897215485,100604.00000027643,2.1355463608449655e-06,0.03725966751632775,0.018527325957393634,0.000213550976487259,0.0002154012366112047,2.135544489894335e-05
0.2645,650.0061360001556,304038759.1667854,0.9522928634020391,0.2562996594779662,100481.00000027767,2.1379055018560452e-06,0.03727801904797084,0.01854545199447402,0.00021378688207918358,4.275805143954438e-05,0.00017263825144505474
0.265,649.9396800001556,303696840.000121,0.9521955018987774,0.25601142725972786,100368.00000027881,2.1400936539211164e-06,0.037295184571743266,0.01856200105367885,0.0004345545047499446,4.280181435795315e-05,2.1400917749162082e-05
0.2655,649.8399960001556,303351895.00012326,0.952049459643885,0.25572064431389446,100254.00000027998,2.1421985710684005e-06,0.03731065955780276,0.018579138238705554,9.355794162742073e-05,4.28439125809992e-05,2.142196688311283e-05
0.266,649.7772320001555,303040234.166792,0.9519575071130267,0.2554579193716064,100151.00000028103,2.1441945944462316e-06,0.03732623518071525,0.018590984491953167,0.00022669648765725195,4.288383293612061e-05,2.144192708144741e-05
0.2665,649.6812400001555,302643850.0001279,0.9518168738305377,0.2551237740566575,100020.00000028235,2.1466857496026466e-06,0.0373451531226724,0.018611545222581783,0.00022081848460941408,0.00018301399373630038,0.00027413225843027404
0.267,649.6000160001555,302235362.5001306,0.9516978764376625,0.25477942583132845,99885.00000028373,2.1493183677336065e-06,0.037365709492500544,0.018629991790015687,0.0002149281271782371,0.00019664602440864123,0.00020687115106312996
0.2675,649.5151000001555,301851081.6667998,0.9515734700723837,0.2544554834267597,99758.00000028503,2.151773306272683e-06,0.03738459912365631,0.01864882798379939,0.0002355472494592581,4.303540674366991e-05,2.1517714064694832e-05
0.268,649.3969560001555,301448645.8334691,0.9514003829554741,0.25411623665662075,99625.00000028638,2.1542540163172777e-06,0.03740274048839464,0.01866649896796666,0.00018261616249244582,0.00021953051383175601,0.00028027627465540534
0.2685,649.3341920001554,301109752.500138,0.9513084304246159,0.2538305551659774,99513.00000028752,2.1564701462130753e-06,0.037420165600003996,0.018684352908165284,0.0002156432788330801,4.3129343274981804e-05,2.1564682380074008e-05
0.269,649.2382000001554,300749678.3334737,0.9511677971421268,0.25352701858216886,99394.00000028872,2.1587328159343026e-06,0.0374370244448588,0.018698122563888937,0.0002963523405236432,0.0002862677711077276,0.00023118526489812835
0.2695,649.1643600001554,300326061.6668098,0.9510596176940583,0.2531699167188647,99254.00000029015,2.161531891029679e-06,0.037459157164433335,0.018723881497665698,0.00021614943481565734,4.323057788343389e-05,2.161529973761357e-05
0.27,649.0794440001554,299944806.6668123,0.9509352113287797,0.252848525041891,99128.00000029143,2.163996273891724e-06,0.03747805337571332,0.018738299666602575,4.5091863243796994e-05,4.327986540015224e-05,2.163994352201935e-05
0.2705,648.9613000001553,299596835.83348125,0.95076212421187,0.25255519136846255,99013.00000029261,2.1661153336107132e-06,0.03749298611752872,0.01875257653175442,0.00038802239676458686,0.00024951473340162534,2.166113408089714e-05
0.271,648.8505400001553,299182296.6668173,0.9505998550397673,0.25220574168794346,98876.000000294,2.1687464373025524e-06,0.03751254829308011,0.01877442174021758,0.00021687086258801724,0.00027740726971232953,2.1687445070391313e-05
0.2715,648.7508560001553,298822222.500153,0.9504538127848748,0.2519022051041349,98757.0000002952,2.171026139128e-06,0.03752937578308943,0.01879403240397906,7.199128137907161e-05,4.34204622992008e-05,5.4024400975655494e-05
0.272,648.6844000001553,298468200.0001553,0.9503564512816133,0.2516037699755165,98640.0000002964,2.1733786044872376e-06,0.037547779893004445,0.018808896965524,4.462257023607869e-05,4.3467511472254716e-05,2.1733766658761954e-05
0.2725,648.5884080001553,298035505.8334915,0.9502158179991242,0.2512390159294272,98497.00000029785,2.176211878468309e-06,0.03756946597414366,0.018830369488613857,0.0003290231609962267,0.00016633402092659723,0.00026954773086770525
0.273,648.4887240001552,297675431.6668272,0.9500697757442318,0.25093547934561866,98378.00000029906,2.178509393163408e-06,0.03758640380240617,0.018847853377144733,0.0002178471220147322,0.0002282868369478792,0.00011220361141209799
0.2735,648.3890400001552,297276021.6668298,0.9499237334893393,0.2505987833030747,98246.0000003004,2.181101039917821e-06,0.03760586365640388,0.01886368666307309,0.00010301909954567361,4.362195973596744e-05,2.181099087338758e-05
0.274,648.3188920001552,296934102.5001654,0.9498209630136742,0.25031055108483635,98133.00000030156,2.1833763334738355e-06,0.037623438109074564,0.01888309568003513,0.0002671061692453557,4.366746547644052e-05,2.183374376779069e-05
0.2745,648.2155160001552,296543770.00016797,0.9496695117863784,0.24998150722507753,98004.00000030285,2.1859016495264357e-06,0.037642188207714505,0.018903189658811666,0.00015446197680330488,4.371797165115633e-05,2.1858996882440193e-05
0.275,648.1269080001551,296235135.00017,0.9495396964486962,0.24972133301038452,97902.0000003039,2.1878799353080896e-06,0.03765664381148821,0.0189164383998702,0.0002798540014340089,0.00020281270308560183,2.1878779704235885e-05
0.2755,648.0161480001551,295881112.5001723,0.9493774272765935,0.24942289788176603,97785.0000003051,2.1901233996468014e-06,0.037672726113535004,0.018935501052286457,0.0002190084791568092,4.380240640729258e-05,2.1901214306673826e-05
0.276,647.9275400001551,295475650.8335083,0.9492476119389113,0.24908110038403203,97651.00000030646,2.1928288783607517e-06,0.03769341033168854,0.01895175056443697,0.00023457223305663297,0.00035165826238035933,0.0003099669572908916
0.2765,647.8647760001551,295097421.6668441,0.949155659408053,0.24876225943465333,97526.00000030771,2.1954267588673626e-06,0.037713904922181955,0.018973205143838195,0.0002826646357262692,4.3908473286133694e-05,0.00025177057907937225
0.277,647.7946280001551,294713140.8335133,0.949052888932388,0.24843831703008454,97399.00000030901,2.1980513870811798e-06,0.03773439859494882,0.018992502094202147,0.0003025438705633555,0.00023732357547512318,0.00011676092089261085
0.2775,647.709712000155,294347015.0001824,0.9489284825671093,0.24812967899108596,97278.00000031025,2.2004969610435958e-06,0.03775290992085608,0.019014676637982227,0.00031593082367277275,4.400987703630341e-05,0.00015525551963361183
0.278,647.646948000155,293953656.66685164,0.948836530036251,0.24779808440373208,97148.00000031157,2.203228071199525e-06,0.0377745004975156,0.019027587759372435,0.0003327826288962488,4.4064499082062526e-05,0.00025415102908125947
0.2785,647.565724000155,293539117.5001877,0.9487175326433758,0.24744863472321302,97011.00000031295,2.206062788206553e-06,0.037796423062613854,0.019054104750713292,0.0001949873706335919,4.412119325790917e-05,0.00022220627533452774
0.279,647.458656000155,293121552.50019044,0.9485606724436764,0.2470966343150989,96873.00000031437,2.2088401568483585e-06,0.037817081146234915,0.019070613336254132,0.00024590200783374005,0.0001505035084129259,0.00019430326275722003
0.2795,647.370048000155,292749375.0001929,0.9484308571059943,0.24678289482091026,96750.00000031562,2.211345619438909e-06,0.037835933510813095,0.019087742893984898,0.00022113062218680944,4.4226849573702336e-05,0.00012553579102745445
0.28,647.3146680001549,292389300.8335286,0.9483497225199429,0.2464793582371017,96631.00000031682,2.213879461918829e-06,0.037855984879464046,0.01911255226690764,0.0002420091616686273,0.00013003409560998516,6.142405678821295e-05
0.2805,647.2408280001549,292071588.33353066,0.9482415430718744,0.24621153183962358,96526.0000003179,2.21603488272553e-06,0.03787224831940846,0.019127049781757346,0.00016166389202921535,4.4320634566689934e-05,2.216032866426416e-05
0.281,647.1669880001549,291750850.00019944,0.948133363623806,0.24594115471455044,96420.00000031896,2.218218003476982e-06,0.03788873714722935,0.01914366555705555,0.00022181783487269004,4.4364296853886705e-05,2.218215983159841e-05
0.28150000000000003,647.0746880001549,291369595.00020194,0.9479981393137203,0.24561976303757668,96294.00000032024,2.2208037458393913e-06,0.03790811031009835,0.019163316081293905,0.0002220763993151796,0.00027505414733657876,0.00022539957761989957
0.28200000000000003,647.0230000001549,291021624.1668709,0.9479224137000724,0.24532642936414825,96179.00000032142,2.2232815236752093e-06,0.037927736752074497,0.019177173967927435,0.0003767275493407468,4.446556696211884e-05,2.2232794940390166e-05
0.28250000000000003,646.9196240001548,290637343.3335401,0.9477709624727765,0.2450024869595795,96052.0000003227,2.225865460302324e-06,0.037946738703024285,0.01920070343713292,0.0003292944563290604,0.0002824072331403016,2.2258634258844545e-05
0.28300000000000003,646.8014800001548,290301475.8335423,0.9475978753558669,0.24471935619653118,95941.00000032384,2.228033729911274e-06,0.03796174974411662,0.019216555663128618,0.00024322738061823747,0.0003935153449330151,0.0002654865668476366
0.28350000000000003,646.7128720001548,289950479.1668779,0.9474680600181847,0.24442347179550775,95825.00000032502,2.2304252569555027e-06,0.03797951620956754,0.019234715315523537,0.00028392282903398473,4.460844120417803e-05,2.2304232140709655e-05
0.28400000000000003,646.6685680001548,289593430.83354694,0.9474031523493437,0.24412248593929423,95707.00000032622,2.233022227537503e-06,0.038000318570024005,0.019250370210859225,0.00029464737930394935,4.4660380464734685e-05,0.00020850350622778297
0.28450000000000003,646.5762680001548,289245460.0002159,0.9472679280392581,0.24382915226586582,95592.0000003274,2.235389513113437e-06,0.03801774233140353,0.019272781293177582,0.00021421301688475652,4.470772603589063e-05,0.00024686723363713384
0.28500000000000003,646.4802760001547,288903540.83355147,0.947127294756769,0.24354092004762745,95479.00000032854,2.237702847583364e-06,0.03803458525416412,0.019288987101050526,0.00022376624520358115,3.7297888636501954e-05,2.237700791206461e-05
0.28550000000000003,646.4322800001547,288528337.5002206,0.9470569781155245,0.24322462982584375,95355.0000003298,2.2404464171553356e-06,0.038056481761178804,0.019305232115274067,8.566729773819317e-05,4.480886381889714e-05,2.2404443557040162e-05
0.28600000000000003,646.3067520001547,288207599.16688937,0.9468730730538081,0.24295425270077062,95249.00000033088,2.2425042013757053e-06,0.03807025772840964,0.019320567589992205,0.0002158360595696155,4.485001937867932e-05,2.2425021360603383e-05
0.28650000000000003,646.2181440001547,287889886.66689146,0.9467432577161259,0.24268642630329249,95144.00000033194,2.244671223021717e-06,0.038086036631995036,0.01933776307852527,0.0002244630559689628,0.00018894296204970124,2.244669153659382e-05
0.28700000000000003,646.1221520001546,287584277.5002268,0.9466026244336369,0.24242880281619447,95043.00000033298,2.246722795892919e-06,0.03810060735147283,0.01935496093788621,0.00019519027043183332,0.0002532429934558957,0.0002818172272953228
0.28750000000000003,646.0335440001546,287266565.0002289,0.9464728090959547,0.24216097641871637,94938.00000033404,2.2488991853251e-06,0.038116442929918594,0.019364585231665562,3.6298969647976635e-05,0.0001920581263605488,0.00020160589424302554
0.28800000000000003,645.9338600001546,286945826.66689765,0.9463267668410622,0.2418905992936432,94832.00000033513,2.2510655321361053e-06,0.03813185488832018,0.019382219303128043,0.00022510246195502328,4.502124548121405e-05,2.251063450794603e-05
0.2885,645.8563280001546,286555494.1669002,0.9462131784205904,0.24156155543388438,94703.00000033643,2.2538612629914703e-06,0.038153236631846825,0.019404060076836562,0.0002169340789959394,0.00011288260896410738,2.253859176429676e-05
0.289,645.7677200001546,286195420.0002359,0.9460833630829082,0.24125801885007583,94584.00000033765,2.2563873314241793e-06,0.03817199243268468,0.019422585511311728,0.0001784018215824474,4.512768115040041e-05,0.00020778075111849896
0.2895,645.6643440001545,285847449.16690487,0.9459319118556123,0.2409646851766474,94469.0000003388,2.2587724532156116e-06,0.03818910494416083,0.019443401018064358,0.0001890024515199583,8.2180457635744e-05,0.00018152083217330814
0.29,645.5831200001545,285541840.0002402,0.945812914462737,0.24070706168954942,94368.00000033985,2.260905512129541e-06,0.038204729217014066,0.019455395768376228,3.423814045969896e-05,4.5218044492965545e-05,0.00010470976823101837
0.2905,645.5129720001545,285248334.1669088,0.9457101439870719,0.24045964111283152,94271.00000034082,2.2629859483156253e-06,0.038220226099455384,0.019473440162712078,0.00022629445754413592,4.525965309218082e-05,0.0001296443220543718
0.291,645.4243640001545,284912466.666911,0.9455803286493897,0.2401765103497832,94160.00000034196,2.2653426561173093e-06,0.03823749781212668,0.019487786003836303,2.144224833658206e-05,4.53067871065729e-05,0.0001573239016597511
0.2915,645.3431400001544,284597780.0002464,0.9454613312565144,0.23991123467990014,94056.00000034302,2.2675621011505984e-06,0.03825381733133909,0.01950843540568406,0.00022675205503023768,0.00033943020659270756,0.00030252065252652123
0.292,645.2729920001544,284361765.00024796,0.9453585607808493,0.2397122779274878,93978.0000003438,2.269197449944059e-06,0.03826552914273557,0.01951840360090438,0.00011517984269033538,4.538388275076085e-05,0.00014032816575896203
0.2925,645.1843840001544,284007742.5002503,0.9452287454431672,0.23941384279886932,93861.00000034498,2.2717140677937182e-06,0.03828411330428138,0.019536645972078052,0.0001144758598773611,4.5434214956336306e-05,2.2717119476296836e-05
0.293,645.0810080001544,283626487.5002528,0.9450772942158713,0.2390924511218956,93735.00000034629,2.274403260730645e-06,0.03830369741713968,0.0195556090452682,0.0003404693853822045,0.00019692524180292943,2.2744011354798155e-05
0.2935,644.9665560001544,283272465.0002551,0.9449096160713651,0.2387940159932771,93618.00000034746,2.2768416831462018e-06,0.0383208249441511,0.019575229893450022,0.00022767997680780947,4.5536766952444945e-05,2.2768395532646027e-05
0.294,644.8594880001543,282927520.0002574,0.9447527558716659,0.23850323304744372,93504.00000034862,2.2792391775800662e-06,0.038337812826856534,0.01959256175420088,7.472205876438484e-05,4.5584716695208005e-05,2.2792370431437485e-05
0.2945,644.7782640001543,282609807.50025946,0.9446337584787905,0.2382354066499656,93399.0000003497,2.2815141119954316e-06,0.038354525020786095,0.019609126483335425,0.00022814720129372428,4.146264068471689e-05,0.00017697876796808919
0.295,644.6970400001543,282298146.6669282,0.9445147610859151,0.23797268170767752,93296.00000035074,2.2837452091416153e-06,0.03837085685350983,0.01962604338243879,0.00022655597809350766,4.56748370536775e-05,2.2837430661555498e-05
0.2955,644.6268920001543,282001615.00026345,0.94441199061025,0.23772271040336462,93198.00000035173,2.2858978733137823e-06,0.03838684824731323,0.019640614884741302,0.0002656349797944315,0.0002843121766969679,0.00022589937756245507
0.296,644.5567440001543,281629437.5002659,0.9443092201345851,0.23740897090917595,93075.00000035299,2.288669642354222e-06,0.0384080242550445,0.01966254856495019,0.00022886272648553225,0.0002781976687178972,0.0003793807560383197
0.2965,644.4644440001542,281305673.33360136,0.9441739958244995,0.23713604305650776,92968.00000035408,2.290975636441863e-06,0.03842461726919074,0.019676775098956663,0.0002703803736273274,0.0003539340397647126,0.00017558102530642824
0.297,644.4164480001542,280951650.8336037,0.9441036791832549,0.2368376079278893,92851.00000035526,2.2936916230537336e-06,0.03844595529704629,0.019697751763580847,0.0003707358391010197,0.0003707272450007383,0.0001840376152674578
0.2975,644.3426080001542,280667222.5002722,0.9439954997351865,0.2365978395339565,92757.00000035623,2.2957529641692636e-06,0.03846102339049649,0.01971216943975939,0.00031148741007294315,4.591499142846813e-05,2.295750798363818e-05
0.298,644.2466160001542,280334380.83360773,0.9438548664526974,0.23631725949850324,92647.00000035734,2.2981362973903165e-06,0.03847811583775907,0.019730313580077697,0.00026567023639528466,0.00013979393429812572,6.628510016168966e-05
0.2985,644.1727760001542,280001539.16694325,0.9437466870046289,0.23603667946304996,92537.00000035847,2.3006044106639135e-06,0.03849656599325242,0.01974975691453081,0.00030942018938533676,4.601202006261025e-05,2.3006022355868455e-05
0.299,644.0952440001541,279614232.5002791,0.943633098584157,0.23571018633088614,92409.00000035977,2.3035138027157152e-06,0.03851858181934193,0.01976902972947459,0.0002899287124293138,4.6070207727201825e-05,2.3035116220843007e-05
0.2995,643.9881760001541,279308623.33361447,0.9434762383844577,0.23545256284378815,92308.00000036079,2.3056508900942724e-06,0.038533242399941235,0.01978395004448037,0.00038343709778950494,0.0002379104341756447,0.0002113400355986352
0.3,643.9032600001541,278984859.1669499,0.9433518320191789,0.23517963499111996,92201.00000036186,2.3080222415039015e-06,0.03855051104396245,0.01980430453705394,0.00023079791023758136,4.61603762253808e-05,0.00016424549363006985
0.3005,643.8109600001541,278667146.666952,0.9432166077090933,0.23491180859364183,92096.00000036294,2.310322431978687e-06,0.0385669516214832,0.019817371150116583,0.00023102792008816958,5.707293724494117e-05,2.3103202382544326e-05
0.301,643.744504000154,278322201.6669543,0.9431192462058318,0.23462102564780846,91982.0000003641,2.3129470094177796e-06,0.03858686016356377,0.019838169938502237,0.00012753216979236653,0.00025568380492381254,0.000216205859115298
0.3015,643.644820000154,278010540.833623,0.9429732039509393,0.23435830070552038,91879.00000036515,2.315181352729165e-06,0.038602504255178756,0.01985639771856237,0.0002864364847943708,0.00018209564602701203,0.0002636682511468098
0.302,643.548828000154,277668621.6669586,0.9428325706684503,0.23407006848728204,91766.0000003663,2.3176865435376405e-06,0.03862050370501227,0.019873073789288875,0.000263654873491776,0.0002586908469561457,2.3176843356362677e-05
0.3025,643.474988000154,277311573.3336276,0.9427243912203818,0.23376908263106852,91648.0000003675,2.3204043749952085e-06,0.03864092419413406,0.01989357217432482,0.00017052100584791748,4.640801813486741e-05,2.3204021618646154e-05
0.303,643.367920000154,276954525.0002966,0.9425675310206825,0.233468096774855,91530.00000036869,2.3230092377059554e-06,0.03865939037351804,0.019914223138453216,0.00023229655016586588,0.00013670763321111027,2.3230070195339195e-05
0.3035,643.2866960001539,276624709.1669654,0.9424485336278071,0.23319006746699678,91421.00000036981,2.3254853043944036e-06,0.038677546439616635,0.019927410663188677,0.00023319308389138052,4.65096364089057e-05,2.3254830814381408e-05
0.304,643.1611680001539,276322125.8336341,0.9422646285660907,0.2329349947074938,91321.00000037083,2.327577518665239e-06,0.038691165838104405,0.019943648208240117,0.00033394513174713034,4.6551480562312446e-05,0.00023320227002434266
0.3045,643.0614840001539,276013490.8336361,0.9421185863111983,0.23267482049280075,91219.00000037187,2.3298190318811326e-06,0.03870679165731895,0.019960793021715714,5.595903595244197e-05,0.00038226986736189603,0.00025820505410534435
0.305,642.9507240001539,275729062.50030464,0.9419563171390956,0.23243505209886797,91125.0000003728,2.3318206581848565e-06,0.038720080254740684,0.01997466763065113,0.00023317765623037578,4.663634308687577e-05,2.3318184228791984e-05
0.3055,642.8584240001538,275353859.16697377,0.9418210928290099,0.23211876187708427,91001.00000037409,2.3346628441852577e-06,0.03874088936454005,0.019994927925197924,0.000386034732962335,9.65637015719298e-05,2.3346606033663292e-05
0.306,642.7624320001538,275039172.50030917,0.9416804595465209,0.2318534862072012,90897.00000037513,2.336985041646863e-06,0.03875725762399543,0.020011976457712004,0.0001251313237273246,0.00021850313913560055,2.336982796304574e-05
0.3065,642.6442880001538,274730537.5003112,0.9415073724296114,0.23159331199250816,90795.00000037618,2.3391803978086195e-06,0.038771893803922854,0.020031051755861378,0.0002221488300796031,4.6783537420065416e-05,2.3391781481675667e-05
0.307,642.5593720001538,274437031.6669798,0.9413829660643326,0.23134589141579026,90698.00000037716,2.3413726933902934e-06,0.03878749532281286,0.020043830291903576,0.0002676826134303746,2.6862835676034958e-05,2.341370439474145e-05
0.3075,642.4633800001537,274104190.0003153,0.9412423327818435,0.231065311380337,90588.00000037829,2.3438655935883895e-06,0.03880523978701028,0.020062232031103026,0.00024409476334431808,4.6877241043192905e-05,2.34386333480625e-05
0.308,642.3636960001537,273762270.8336509,0.9410962905269511,0.23077707916209864,90475.00000037943,2.3464288707280634e-06,0.0388234406342003,0.02008063110900317,0.0004788794006886716,4.692850642566453e-05,2.3464266069362744e-05
0.3085,642.2898560001537,273384041.6669867,0.9409881110788826,0.2304582382127199,90350.00000038069,2.349405078964107e-06,0.03884582176133747,0.020103472267646184,0.000274375994946045,4.698803040623546e-05,2.349402809376505e-05
0.309,642.2307840001537,272981605.833656,0.9409015675204279,0.23011899144258097,90217.00000038205,2.3526522310499677e-06,0.03887086958270046,0.02012670175660703,0.00041339155548228873,4.7052973247907446e-05,2.3526499551447325e-05
0.3095,642.1274080001537,272712306.6669911,0.940750116293132,0.2298919766866233,90128.00000038296,2.3545963724484763e-06,0.038883797127728055,0.020143133330925395,0.00011912288618920634,4.709185595231001e-05,2.3545940927107607e-05
0.31,642.0166480001536,272373413.33366,0.9405878471210293,0.22960629519598,90016.0000003841,2.3571193683785765e-06,0.03890126844658911,0.020157158742004747,0.00038092555967483485,0.00022500229571416298,0.00026947435147710037
0.3105,641.9095800001536,272079907.5003286,0.94043098692133,0.2293588746192621,89919.00000038507,2.359268590972225e-06,0.038915754129776124,0.020176323756292927,8.838327921146765e-05,0.00021185389460501755,0.0003183099939368091
0.311,641.8135880001536,271771272.5003306,0.940290353638841,0.22909870040456906,89817.0000003861,2.3615946678079184e-06,0.03893202221856541,0.02019276342075921,0.00014172893706358296,0.00016060835079865007,0.0002574352132955807
0.3115,641.7139040001535,271453560.0003327,0.9401443113839485,0.22883087400709096,89712.0000003872,2.3639914834764627e-06,0.03894874848450116,0.02020900720158604,0.00025382275311962624,4.727975757874022e-05,2.363989185229232e-05
0.312,641.6216040001535,271160054.1670013,0.9400090870738629,0.22858345343037306,89615.00000038819,2.366209897586882e-06,0.03896421682353152,0.020224948626434223,0.00027149080571732006,0.0001796361425324028,8.685451402106583e-05
0.3125,641.5699160001535,270848393.33367,0.9399333614602149,0.228320728488085,89512.00000038923,2.3687418193755923e-06,0.038983487407795656,0.020244746591085907,0.00023282727088571502,0.00020211903306209465,0.0001993955250510998
0.313,641.4739240001535,270536732.50033873,0.9397927281777259,0.22805800354579694,89409.00000039027,2.371115811415185e-06,0.039000099506787095,0.02025991446337334,0.0002609606624410674,0.00021435232886221484,2.371113499130819e-05
0.3135,641.3890080001535,270212968.3336742,0.9396683218124471,0.22778507569312875,89302.00000039136,2.3736425825726105e-06,0.039018291308955275,0.020279229580666656,0.00025590808721865163,4.747277895304482e-05,2.3736402652993255e-05
0.314,641.2819400001534,269831713.3336767,0.9395114616127478,0.227463684016155,89176.00000039263,2.3765995926770013e-06,0.03903932876029548,0.020302887480861554,0.00036310453119391427,0.00024951230187125945,0.00021211563405081977
0.3145,641.1379520001534,269489794.1670123,0.9393005116890143,0.22717545179791665,89063.00000039379,2.379080640073582e-06,0.03905531564085615,0.020319344343125965,0.00017715530433958204,4.75815397557542e-05,2.379078311997536e-05
0.315,641.0530360001534,269220495.0003474,0.9391761053237355,0.226948437041959,88974.00000039469,2.38114500160668e-06,0.03906966880597339,0.02033052268345806,0.0001822815436684954,4.762282685491002e-05,2.381142669430105e-05
0.3155,640.9681200001534,268869498.333683,0.9390516989584567,0.22665255264093556,88858.00000039587,2.383937649947462e-06,0.03908998362003575,0.02035239331331643,0.00026137135241698084,4.7678679645280206e-05,2.3839353122385245e-05
0.316,640.8610520001533,268506398.3336854,0.9388948387587575,0.22634646532953198,88738.00000039709,2.386762684156694e-06,0.03910987122984562,0.02037542625339592,0.0003107164680114639,0.00034873041260366,0.00029914948666961993
0.3165,640.7613680001533,268258280.00035194,0.938748796503865,0.22613730566673806,88656.00000039676,2.388598659468452e-06,0.039121867620333754,0.02038462874004146,0.00020475628795944544,4.777189953709326e-05,2.3885963124657297e-05
0.317,640.6838360001533,267898205.8336841,0.9386352080833931,0.22583376908292652,88537.00000039564,2.3915196968429907e-06,0.0391434131343674,0.02040788861401827,0.0002140817045162498,4.783032010001346e-05,0.000281336315002171
0.3175,640.5841520001533,267595622.50034976,0.9384891658285006,0.22557869632342104,88437.00000039468,2.393851386710618e-06,0.039159443778729895,0.020424729897872192,0.0002393804748966823,4.787695374774923e-05,0.00015227785755834796
0.318,640.5066200001532,267256729.1670153,0.9383755774080288,0.2252930148327749,88325.00000039361,2.396596792890797e-06,0.039179521244008225,0.020443263851260433,0.000239655004268705,4.7931861697210425e-05,2.3965944299658113e-05
0.3185,640.3995520001532,266939016.66701427,0.9382187172083295,0.22502518843529415,88220.00000039261,2.399048142141776e-06,0.03919627694810059,0.020461158924820005,0.00023990012887427988,4.7980888524433565e-05,0.0002477366426346997
0.319,640.2887920001532,266581968.33367977,0.9380564480362268,0.22472420257907766,88102.00000039149,2.4018458412712515e-06,0.03921573333751763,0.020481822546392484,0.0003612690511756046,0.0002432083609218241,0.00020938864311076256
0.3195,640.2112600001532,266252152.50034535,0.9379428596157549,0.2244461732712167,87993.00000039046,2.4045298938919294e-06,0.03923526320998917,0.02049987813959569,0.00024930729051439834,4.809052320879713e-05,2.4045275150895545e-05
0.32,640.1337280001532,265876949.16701078,0.9378292711952829,0.22412988304942988,87869.00000038926,2.407631537843669e-06,0.039258182779599124,0.02052389374189791,0.0001738169295435531,0.00017563384330088593,0.00030939221283506426
0.3205,640.0598880001531,265583443.3336765,0.9377210917472144,0.22388246247270957,87772.00000038835,2.4100142688337242e-06,0.0392753386208441,0.020540272582619867,0.0002578192704523387,9.194471909420473e-05,0.00017622361611034857
0.321,639.9417440001531,265320195.83367562,0.9375480046303049,0.22366054917193978,87685.00000038752,2.41196016756041e-06,0.03928756489315262,0.02055404379283417,0.00031213353739019173,0.0002747262126122717,2.4119577738424356e-05
0.3215,639.8715960001531,264917760.00034097,0.9374452341546398,0.22332130240179748,87552.00000038624,2.415359377941779e-06,0.039313084536641396,0.02057999660488678,0.00010917793576309807,0.00027629873493952494,0.0003267625633098276
0.322,639.8125240001531,264648460.83367342,0.937358690596185,0.2230942876458376,87463.00000038541,2.417593973472089e-06,0.039329450232712206,0.020595381756410402,0.0003525057440054934,0.000291978353766229,0.0003300160668012877
0.3225,639.734992000153,264270231.6670055,0.9372451021757131,0.22277544669645574,87338.0000003842,2.4207607037869216e-06,0.0393528154012291,0.020619366948416085,0.00043979111913595433,0.00026235976174487186,2.4207582924211678e-05
0.323,639.668536000153,263940415.8336711,0.9371477406724514,0.22249741738859477,87229.00000038317,2.423533864564557e-06,0.039373304494647286,0.020640081739920903,5.644471632215279e-05,6.803232043248357e-05,0.00029751671410797095
0.3235,639.591004000153,263607574.16700333,0.9370341522519796,0.22221683735313874,87119.00000038212,2.426299798180127e-06,0.039393378489591534,0.02066173675403017,0.00021896306377790412,4.852591990070982e-05,2.4262973756629806e-05
0.324,639.502396000153,263335249.16700244,0.9369043369142974,0.2219872718695838,87029.00000038126,2.428472443484359e-06,0.039408281983276346,0.020674048976412913,0.00037766016881646275,4.856937266540126e-05,2.4284700165628777e-05
0.3245,639.387944000153,263096208.33366832,0.9367366587697913,0.22178576438957445,86950.00000038052,2.430243856609509e-06,0.03941912434351403,0.020688303524787385,0.00028411424045545993,4.892931171973513e-05,6.655679744370424e-06
0.325,639.310412000153,262799676.66700068,0.9366230703493194,0.2215357930852591,86852.00000037957,2.4326910143433603e-06,0.03943657482066525,0.02070392934006175,0.0002432642758947656,4.8653743806482325e-05,0.00011471420265932732
0.3255,639.2107280001529,262469860.83366627,0.9364770280944269,0.22125776377739811,86743.00000037854,2.4353681065318077e-06,0.03945519175686438,0.020722506553873893,0.00031177717588752314,0.00036484913954544236,0.0003863707189094636
0.326,639.1331960001529,262200561.6669987,0.936363439673955,0.22103074902143824,86654.00000037768,2.437573710508935e-06,0.039470660118498486,0.02073896532014884,0.0003165394964302319,4.875139741216785e-05,0.00015280617819959547
0.3265,639.0298200001529,261888900.83366436,0.9362119884466591,0.22076802407914758,86551.0000003767,2.4400798123400623e-06,0.03948775120222762,0.020756941004279706,0.0002860524863895515,4.880151928476727e-05,2.4400773618189834e-05
0.327,638.9264440001529,261595395.00033006,0.9360605372193632,0.22052060350242725,86454.00000037579,2.4424223675624973e-06,0.03950350576244343,0.020772524464736288,0.00027921052500506124,4.884837023533159e-05,0.00036829448290683694
0.3275,638.8304520001528,261247424.16699558,0.9359199039368742,0.22022726982899593,86339.00000037468,2.4453081366719893e-06,0.03952386657390063,0.02079452962070081,0.0001512543560666735,4.890608542956106e-05,2.445305675492264e-05
0.328,638.7307680001528,260905505.0003278,0.9357738616819817,0.21993903761075476,86226.0000003736,2.4481306670756153e-06,0.039543584878024604,0.020815904323798606,0.00024480817546815206,4.8962535853215996e-05,2.448128200137706e-05
0.3285,638.6680040001528,260590818.3336601,0.9356819091511236,0.21967376194086904,86122.00000037262,2.4508461506207144e-06,0.03956356581726084,0.020836440067316633,9.577676421197622e-05,0.00026765659026556533,0.0002151213007868585
0.329,638.5978560001528,260297312.5003258,0.9355791386754585,0.2194263413641487,86025.00000037169,2.4533401819096903e-06,0.039581517140448934,0.020852801478467867,5.577383440929447e-05,0.0001716585125375595,0.00018894453675669055
0.3295,638.4944800001527,259994729.16699147,0.9354276874481626,0.21917126860464323,85925.00000037074,2.455797785000693e-06,0.03959813185481396,0.020872471378384196,0.0002098548360757674,4.9115877711621516e-05,0.00011363730589873632
0.33,638.3726440001527,259689120.0003238,0.9352491913588497,0.2189136451175427,85824.00000036978,2.458218673155644e-06,0.039613864597116286,0.020889384995612884,0.0002458169330295119,0.00027365706105569957,2.458216185579481e-05
0.3305,638.2508080001527,259389562.50032282,0.9350706952695366,0.21866112308563226,85725.00000036883,2.4605878580768195e-06,0.039629167292955084,0.020906616372441875,0.0002089133696376938,0.0002406481747658609,2.4605853656128695e-05
0.331,638.1437400001527,259041591.66698834,0.9349138350698373,0.21836778941220095,85610.00000036774,2.463479844659541e-06,0.03964912294680171,0.020925637468391173,0.00029966500233464475,4.926951839522375e-05,2.4634773462534836e-05
0.3315,638.0809760001526,258760189.16698742,0.9348218825389791,0.21813057174586084,85517.00000036685,2.465916329920348e-06,0.03966677457547287,0.020941623394038867,0.00034082647406280395,4.931824794133854e-05,2.4659138265229285e-05
0.332,637.9554480001526,258457605.8336531,0.9346379774772626,0.21787549898635536,85417.00000036591,2.4683175638899542e-06,0.03968217914595393,0.020960648659165297,0.00037175148201873214,0.0003403402223022859,2.4683150555207618e-05
0.3325,637.8299200001526,258142919.1669854,0.9344540724155462,0.21761022331646965,85313.0000003649,2.470840269639774e-06,0.03969854598834599,0.020976501185230763,0.0003103431458687806,0.00022264369893664106,0.00020119133230597536
0.333,637.7117760001526,257816129.16698432,0.9342809852986367,0.21733474473620373,85205.00000036389,2.473513887826291e-06,0.03971633963103821,0.0209950790197536,0.00023474520287578991,0.0003202422459791821,2.4735113687014815e-05
0.3335,637.6157840001525,257501442.50031662,0.9341403520161476,0.21706946906631802,85101.00000036288,2.4761639306131984e-06,0.03973461843971311,0.021013135380056648,0.00034294876970961406,4.9523199272045635e-05,0.00018638624116392317
0.334,637.5493280001525,257195833.33364895,0.934042990512886,0.21681184557921748,85000.00000036192,2.4788478092220395e-06,0.039754074623580916,0.02103227765979576,0.0002492272349062021,0.0003122675818249941,0.000408132620808309
0.3345,637.4311840001525,256805500.83364767,0.9338699033959764,0.21648280171945541,84871.0000003607,2.482155490949023e-06,0.03977690290301855,0.02105742902483555,0.0003041594926652426,0.00017271989093053776,8.293434898109507e-05
0.335,637.3388840001525,256472659.1669799,0.9337346790858908,0.21620222168399938,84761.00000035965,2.485016867178831e-06,0.039796941653860024,0.02108040979757919,0.00024274988553982019,4.9700257418189454e-05,2.485014324286097e-05
0.3355,637.1875120001524,256154946.66697887,0.9335129112173505,0.21593439528651862,84656.00000035865,2.487508128541219e-06,0.0398121564496085,0.021096189847292907,0.0002002658139197151,4.9750082475878994e-05,2.4875055804320476e-05
0.336,637.0361400001524,255813027.50031108,0.93329114334881,0.2156461630682774,84543.00000035757,2.490241197741103e-06,0.03982928976987293,0.021116757279811594,0.00028478798732712413,0.0002958568991954504,2.4902386439139257e-05
0.3365,636.9623000001524,255516495.83364344,0.9331829639007416,0.21539619176396205,84445.00000035664,2.4928421858714475e-06,0.03984777500322449,0.02113364559047167,0.0002520190448566216,9.652585968347335e-05,0.00017352813774973902
0.337,636.8589240001523,255183654.16697568,0.9330315126734458,0.215115611728506,84335.00000035559,2.4956885505818217e-06,0.0398672823612854,0.021153801831467877,0.0003693295234319897,8.608218539448044e-05,2.4956859854335072e-05
0.3375,636.7407800001523,254850812.50030792,0.9328584255565361,0.21483503169304996,84225.00000035454,2.4984844025144436e-06,0.03988590706434336,0.02117375106465135,0.0002498433304665026,0.00018221200225592308,0.00030429368892661104
0.338,636.6484800001523,254520996.6669735,0.9327232012464506,0.214557002385189,84116.00000035351,2.501359370493002e-06,0.0399059558649428,0.021194825652423806,0.00014742326768590823,8.23261958020777e-05,0.0003378387961990024
0.3385,636.5303360001523,254176051.66697237,0.9325501141295409,0.21426621943935273,84002.00000035242,2.50428917998203e-06,0.039925614616892195,0.02121463597879204,0.00023557076090886803,0.00017436270270255162,2.504286596869091e-05
0.339,636.4417280001522,253870442.5003047,0.9324202987918587,0.2140085959522522,83901.00000035146,2.5069548141642694e-06,0.03994407741629401,0.021234432718230452,0.0002444697905747672,5.0139014884892115e-05,0.00028920719866596046
0.3395,636.3383520001522,253570885.00030372,0.9322688475645629,0.21375607392034177,83802.00000035051,2.5095087395360472e-06,0.03996117265340585,0.021252492308450832,0.0002509457158497083,5.019009321996645e-05,2.5095061454949534e-05
0.34,636.2792800001522,253238043.33363596,0.9321823040061081,0.21347549388488574,83692.00000034946,2.5125738282611324e-06,0.03998371327654749,0.021273134272471426,0.00044782603358825904,0.0002584158963658541,2.5125712278334496e-05
0.3405,636.1648280001522,252914279.16696823,0.932014625861602,0.21320256603221485,83585.00000034845,2.51533772666181e-06,0.04000210057699961,0.02129382974394099,0.0002762436356859791,5.030667257225533e-05,2.5153351204204578e-05
0.341,636.0725280001521,252590515.0003005,0.9318794015515164,0.212929638179544,83478.00000034743,2.518196409708399e-06,0.04002192164377878,0.021316108475694626,0.0003262300805679123,5.0363846040998224e-05,0.00013543499687912897
0.3415,635.9470000001521,252290957.5002995,0.9316954964898,0.21267711614763354,83379.00000034648,2.5206888360213906e-06,0.040037771620671916,0.02133129379182927,0.0003335350414877676,0.0002493368876741587,0.00020725042998138226
0.342,635.8362400001521,251942986.66696504,0.9315332273176972,0.21238378247420225,83264.00000034538,2.523730659907762e-06,0.04005843311446551,0.021351249816768947,0.00025236784530614174,5.0474530668607905e-05,2.523728035986206e-05
0.3425,635.7402480001521,251619222.5002973,0.9313925940352082,0.21211085462153137,83157.00000034436,2.5265965043644504e-06,0.04007814535847484,0.021373042926523495,0.0002526544171305466,0.0003677844770376012,0.0002984706656660998
0.343,635.640564000152,251337820.00029638,0.9312465517803158,0.21187363695519126,83064.00000034348,2.5290287152144572e-06,0.04009428742112647,0.021391640197292637,0.00025289762734640527,0.00024219329669560524,2.5290260801097444e-05
0.3435,635.548264000152,251026159.16696203,0.9311113274702302,0.2116109120129006,82961.0000003425,2.531800933055098e-06,0.04011334353926846,0.021410260675340898,0.0002442125884224673,0.00011879650693041508,0.00029416280703469617
0.34400000000000003,635.448580000152,250729627.5002944,0.9309652852153377,0.21136094070858524,82863.00000034156,2.5343976550972456e-06,0.04013076165076477,0.021427694672782795,0.0003302791928930453,5.0687869848621515e-05,2.534395008639755e-05
0.34450000000000003,635.363664000152,250411915.00029334,0.930840878850059,0.21109311431110447,82758.00000034056,2.537274090968905e-06,0.040150845566481505,0.02144799420738365,0.00035878649883986535,5.074539837155354e-05,2.5372714384330717e-05
0.34500000000000003,635.275056000152,250085125.00029227,0.9307110635123768,0.21081763573083856,82650.00000033953,2.5402352738868797e-06,0.0401714667347609,0.021470879381714388,0.0002770785793945023,2.420823629559533e-05,2.540232615085207e-05
0.34550000000000003,635.1975240001519,249785567.5002913,0.9305974750919048,0.21056511369892814,82551.0000003386,2.542971278752569e-06,0.04019064183128796,0.02149265465877897,0.0002542918221716091,0.00019119592566120206,9.234810516721633e-05
0.34600000000000003,635.1089160001519,249513242.5002904,0.9304676597542226,0.2103355482153732,82461.00000033774,2.5453916178393328e-06,0.04020695884548156,0.021505032382835416,0.00025453384526446116,5.090774835779666e-05,0.0002793416170167514
0.34650000000000003,634.9833880001519,249174349.16695595,0.9302837546925062,0.21004986672472706,82349.00000033666,2.54834974034462e-06,0.04022633934835076,0.021526462110768745,0.00036702625664120374,5.096691060446513e-05,0.0001099173133183867
0.34700000000000003,634.8837040001519,248886895.00028834,0.9301377124376138,0.20980754760319684,82254.00000033576,2.5508924606071216e-06,0.04024324386480046,0.021546323623181984,0.00025508390472062423,5.101776483516275e-05,0.0001443664889247004
0.34750000000000003,634.7544840001518,248563130.8336206,0.929948398403494,0.20953461975052595,82147.00000033474,2.553695239802214e-06,0.040261248420420934,0.021566335552283402,0.0001616101732765178,0.0002139530545670202,0.00010405567705633174
0.34800000000000003,634.6474160001518,248299883.33361974,0.9297915382037947,0.2093127064497562,82060.00000033391,2.555971462730932e-06,0.04027579052357408,0.02158065042060392,0.00031435122661595006,0.00017537419165495366,0.0003425477641220559
0.34850000000000003,634.5440400001518,247967041.66695198,0.9296400869764988,0.20903212641430016,81950.00000033286,2.558985402795654e-06,0.040296247352208686,0.02160243447185635,0.00037902137607505695,5.117962312061266e-05,2.5589827040048013e-05
0.34900000000000003,634.4258960001517,247700768.33361778,0.9294669998595892,0.20880766238593532,81862.00000033203,2.56125929793512e-06,0.0403103936644563,0.02161978067123823,0.00018837711025785356,0.00032682301599655804,2.5612565942496302e-05
0.34950000000000003,634.3262120001517,247440546.66695026,0.9293209576046968,0.2085882998127606,81776.0000003312,2.5635499943101136e-06,0.04032524727208107,0.02163179984718812,0.00028292231998474195,5.1270914633399226e-05,2.563547285704918e-05
0.35000000000000003,634.2782160001517,247153092.50028265,0.9292506409634522,0.2083459806912304,81681.0000003303,2.5663373643581915e-06,0.040345637838958594,0.021650878179923734,0.00015546529203023564,5.1326661845725316e-05,2.5663346498203354e-05
0.35050000000000003,634.1896080001517,246877741.6669484,0.92912082562577,0.2081138644800804,81590.00000032943,2.568840770002296e-06,0.04036249157432144,0.021672735246806574,0.0003377227793433898,5.137672978601938e-05,2.568838050093237e-05
0.35100000000000003,634.1194600001517,246578184.16694742,0.929018055150105,0.20786134244816998,81491.00000032848,2.57167706114186e-06,0.040382534234275534,0.02169083012350321,0.0002928648774697347,5.143345541503693e-05,3.184123872727192e-05
0.35150000000000003,634.0456200001516,246248368.333613,0.9289098757020365,0.207583313140309,81382.00000032745,2.5748216091371522e-06,0.04040486310200557,0.02171336554319665,0.0002692327827284272,5.149634616009947e-05,2.5748188764295395e-05
0.352,633.9348600001516,245948810.83361202,0.9287476065299338,0.20733079110839855,81283.0000003265,2.5775073189071765e-06,0.04042239895750493,0.021735344617870696,0.0003916986320007914,0.00017467176102556174,0.00018521513488723432
0.3525,633.8204080001516,245679511.66694447,0.9285799283854277,0.20710377635243868,81194.00000032566,2.579866769107676e-06,0.04043724523034656,0.021747462739913535,0.00025798120475137586,5.159724900715126e-05,2.5798640254940342e-05
0.353,633.7207240001516,245404160.83361024,0.9284338861305352,0.2068716601412887,81103.00000032478,2.5823552536659274e-06,0.04045356142957086,0.021766994271317355,0.0001991644264829674,5.1647018524985225e-05,2.5823525046741256e-05
0.3535,633.6099640001515,245140913.33360937,0.9282716169584324,0.20664974684051893,81016.00000032397,2.584676524958032e-06,0.040468202196538614,0.02178071674458053,0.0003404831499178357,0.00020307556297744067,0.0002531988870130576
0.354,633.4955120001515,244877665.8336085,0.9281039388139263,0.20642783353974914,80929.00000032313,2.586987710143416e-06,0.040482634433432196,0.02180003703847762,0.0002575232171881739,5.1739667328723294e-05,0.00015943855565380392
0.3545,633.4105960001515,244632573.3336077,0.9279795324486476,0.2062212246045497,80848.00000032237,2.5892324450855677e-06,0.04049747956343266,0.0218168064949596,0.000285397428528027,0.0001982563409469432,0.00019065962065733337
0.355,633.3219880001515,244357222.50027347,0.9278497171109654,0.2059891083933997,80757.0000003215,2.591787472127789e-06,0.04051462175790278,0.02183238406447729,0.0002926501255098949,6.666273197633453e-05,0.00016614383639767524
0.3555,633.2333800001514,244093975.0002726,0.9277199017732832,0.20576719509262995,80670.00000032067,2.5942196238126902e-06,0.04053079126135611,0.021850275996091746,0.00025941642424437845,0.00022937783335770447,2.5942168490942976e-05
0.356,633.1558480001514,243842830.8336051,0.9276063133528113,0.2055554847022404,80587.00000031988,2.596573562715108e-06,0.04054669299589532,0.02186828074874685,0.00037428975774408355,0.00020193541910694393,0.00019138346983775355
0.3565,633.0413960001514,243564454.16693753,0.9274386352083052,0.20532081776349534,80495.000000319,2.5990713553229277e-06,0.04056252375848915,0.02188407153549441,0.00020799536518567214,5.198133938825501e-05,2.5990685700544732e-05
0.357,632.9454040001514,243283051.6669366,0.9272980019258161,0.20508360009715523,80402.0000003181,2.6016830998432097e-06,0.04057982174064174,0.021902056261171844,0.0003466869734756741,0.0002090109435273126,2.6016803088931686e-05
0.3575,632.8272600001513,242995597.500269,0.9271249148089066,0.204841280975625,80307.0000003172,2.604274589787376e-06,0.040596237782495735,0.02192040860544619,0.0001282645487321789,0.0002086394555361861,0.0001929185525509819
0.358,632.7238840001513,242659730.0002679,0.9269734635816107,0.20455815021257392,80196.00000031614,2.607453177333762e-06,0.040617686637049455,0.02194150089446134,0.00036705312421456924,9.528505780012546e-05,2.6074503738022925e-05
0.3585,632.6315840001513,242369250.00026694,0.9268382392715251,0.20431328036344867,80100.00000031524,2.610197390962156e-06,0.04063609076955322,0.021960150553579763,0.00021307717922781666,0.0002292947590056131,2.6101945814478826e-05
0.359,632.4875960001513,242090873.33359936,0.9266272893477915,0.20407861342470363,80008.00000031435,2.6126040494248132e-06,0.040650193303536614,0.021977318194250216,0.0003393285189592622,0.00017099298045282168,2.6126012346044783e-05
0.3595,632.4137560001512,241773160.83359832,0.9265191098997231,0.20381078702722286,79903.00000031336,2.6157318447576296e-06,0.040672144747978145,0.021999965385563855,0.00030244565205352606,0.00021241794553169548,0.0002536055788966433
0.36,632.3325320001512,241494784.16693074,0.9264001125068477,0.2035761200884778,79811.00000031247,2.618410721297641e-06,0.040690353109050226,0.02201882044669704,0.0002720552311690955,5.2368125348929144e-05,2.6184078938182815e-05
0.3605,632.2180800001512,241213381.6669298,0.9262324343623416,0.2033389024221377,79718.0000003116,2.6209909070182728e-06,0.04070671186892458,0.02203760550799112,0.00019807491548508378,5.2419728879835395e-05,2.6209880738654326e-05
0.361,632.1147040001512,240904746.6669288,0.9260809831350457,0.2030787282074421,79616.00000031063,2.6239196725920195e-06,0.0407261188512441,0.02205673876263828,0.0003258153367559523,5.247830398459099e-05,0.0002791439358495851
0.3615,632.0113280001511,240526517.5002609,0.9259295319077498,0.20275988725806024,79491.00000030943,2.627616009114112e-06,0.040751461677973284,0.022083693858870827,0.0002603699827509318,5.255223045564284e-05,0.00010012497565341446
0.362,631.9337960001511,240214856.66692653,0.9258159434872779,0.2024971623157696,79388.00000030844,2.630702383559766e-06,0.040772886646632193,0.022104383711707483,0.0002837959107824604,5.261395772827427e-05,2.630699529126637e-05
0.3625,631.8451880001511,239933454.1669256,0.9256861281495957,0.2022599446494295,79295.00000030757,2.633418462606578e-06,0.04079106915482683,0.022122803757198724,0.0002449760222257282,5.2668279117235155e-05,6.664785586747697e-05
0.363,631.7159680001511,239609690.00025788,0.9254968141154759,0.20198701679675862,79188.00000030654,2.6364374829727094e-06,0.040810270680186896,0.02214505059665269,0.00018016510640740628,5.2728659308772515e-05,2.6364346158906942e-05
0.3635,631.601516000151,239364597.50025707,0.9253291359709698,0.20178040786155918,79107.00000030576,2.6386588601494116e-06,0.0408237611026461,0.0221630755244453,0.000331055177082911,5.2773086692000615e-05,0.00021503238451963367
0.364,631.490756000151,239055962.50025606,0.9251668667988671,0.20152023364686358,79005.0000003048,2.6416021980605256e-06,0.04084294186407236,0.022183206602244654,0.00026461452677372754,0.000317079214931957,0.00022585934221292303
0.3645,631.402148000151,238807844.1669219,0.9250370514611849,0.20131107398406908,78923.00000030402,2.6439757462858443e-06,0.0408584201121357,0.022197963462775444,0.0003338709848987058,0.00019547843063611988,2.643972862509928e-05
0.365,631.313540000151,238447770.00025406,0.9249072361235027,0.20100753740025756,78804.00000030288,2.647596746237041e-06,0.04088351990118565,0.022220946017038484,0.00037036407339257244,5.29518437792924e-05,0.00022198381920141312
0.3655,631.2175480001509,238178470.8335865,0.9247666028410136,0.2007805226442977,78715.00000030204,2.6501872557624144e-06,0.04090040615396795,0.022239843368171298,0.0003486505495932909,0.0002678145963594652,0.0003107943770003624
0.366,631.1141720001509,237906145.83358562,0.9246151516137178,0.20055095716074275,78625.00000030118,2.652786332142982e-06,0.040917106071586294,0.022256504420108333,0.0004119858713550417,7.535663376890136e-05,0.0001648138221717995
0.3665,631.0181800001509,237615665.83358467,0.9244745183312287,0.20030608731161748,78529.00000030026,2.6556253258237932e-06,0.040935881282191874,0.02227817839125037,0.0004241436707454438,5.311241479649561e-05,2.6556224162397745e-05
0.367,630.9258800001509,237328211.66691706,0.9243392940211431,0.20006376819008725,78434.00000029936,2.6584529313591937e-06,0.04095467334624123,0.022297114753628586,0.00040752708216556843,5.316896670522633e-05,2.6584500154939364e-05
0.3675,630.8372720001508,237058912.5002495,0.9242094786834609,0.19983675343412738,78345.00000029852,2.6610991560989586e-06,0.04097217400818268,0.022315045666077074,0.00029792927095984956,9.99274352118467e-05,0.0002333680841801291
0.368,630.7560480001508,236816845.83358204,0.9240904812905856,0.199632695226523,78265.00000029775,2.663476264874337e-06,0.04098783076825093,0.02233149340725693,9.926295099933116e-05,5.3269433015705636e-05,2.663473337827841e-05
0.3685,630.6600560001508,236514262.50024772,0.9239498480080965,0.1993776224670175,78165.00000029679,2.6664779084918412e-06,0.04100779941145961,0.02235432907261839,0.00025253006624049887,5.332946567307916e-05,0.00025796205471953184
0.369,630.5456040001508,236220756.66691342,0.9237821698635904,0.19913020189029718,78068.00000029587,2.669306511828937e-06,0.04102582100530902,0.022372377169183992,0.00023844423298075988,5.338603753527297e-05,2.669303571765537e-05
0.3695,630.4533040001508,235912121.6669124,0.9236469455535048,0.19887002767560158,77966.0000002949,2.6724074182601624e-06,0.04104663914939372,0.022397067148619297,0.0003029996783253461,0.0002158424839241705,0.0001927664275129339
0.37,630.3720800001507,235679132.50024498,0.9235279481606294,0.19867362165078237,77889.00000029417,2.6747046856152847e-06,0.04106163237052936,0.022412350321413133,0.00025346968196893297,5.3494000623186385e-05,2.674701733492253e-05
0.3705,630.2723960001507,235415885.0002441,0.923381905905737,0.19845170835001258,77802.00000029334,2.677272164533405e-06,0.04107808705326702,0.0224292605879091,0.00032096023723719713,0.00014604675755152739,0.00017546098449614718
0.371,630.1874800001507,235158689.16690993,0.9232574995404583,0.19823489650443293,77717.00000029252,2.6798392278537447e-06,0.041095007253999505,0.022449881717458074,0.0003633282390270439,0.0001176492423305433,2.6798362642187983e-05
0.3715,630.0656440001507,234859131.66690895,0.9230790034511452,0.19798237447252248,77618.00000029158,2.6827385400272484e-06,0.0411132566738057,0.022468447030940628,0.000430793115860443,0.0002721448530241585,0.0002645367425218813
0.372,629.9364240001506,234611013.3335748,0.9228896894170254,0.197773214809728,77536.0000002908,2.6850249485282855e-06,0.041126554688552204,0.02248480880122529,0.0004446462897576671,0.00020218022247003474,2.6850219731845053e-05
0.3725,629.8182800001506,234290275.00024042,0.9227166023001159,0.19750283768465218,77430.00000028979,2.688196426418059e-06,0.0411469771996373,0.022505384145518236,0.00028194455060189704,0.00028555035461018413,0.0002678047018545628
0.373,629.6927520001506,233975588.33357272,0.9225326972383995,0.19723756201476647,77326.0000002888,2.6912754295649617e-06,0.04116643185128449,0.022524613221184826,0.00035627865238289225,0.0001701829514497869,2.6912724401299717e-05
0.3735,629.5967600001505,233709315.0002385,0.9223920639559104,0.19701309798640165,77238.00000028797,2.6939309629122316e-06,0.041183597257251486,0.022544700763992565,0.0003780539953498753,0.0001448556490879737,0.00028704566971134236
0.374,629.5155360001505,233415809.1669042,0.9222730665630351,0.19676567740968132,77141.00000028704,2.6969704333523305e-06,0.041204165587489905,0.02256648643585333,0.000360758475583966,5.3939313958826134e-05,0.0002040983481330655
0.3745,629.3973920001505,233146510.00023666,0.9220999794461255,0.19653866265372144,77052.00000028619,2.6995788699539686e-06,0.041220217993859665,0.02258369616517785,0.00020905485831342142,5.399148249887986e-05,2.699575861772266e-05
0.375,629.3087840001505,232871159.16690242,0.9219701641084433,0.19630654644257145,76961.00000028532,2.702390395837361e-06,0.0412387740137296,0.022601336492567844,0.0003493488614476613,5.129947820690644e-05,2.7023873813048627e-05
0.3755,629.1832560001504,232589756.6669015,0.921786259046727,0.19606932877623134,76868.00000028443,2.705120229783902e-06,0.041255482294231316,0.02262011626597304,0.00019845110588131542,0.00024697537417591234,0.00034328159079767865
0.376,629.0651120001504,232293225.00023386,0.9216131719298174,0.19581935747191598,76770.0000002835,2.7080648262536157e-06,0.041274054386648926,0.022641901712980417,0.0002708004093912699,3.2224521830020684e-05,2.7080617988224147e-05
0.3765,628.9469680001504,232020900.00023296,0.9214400848129077,0.19558979198836104,76680.00000028264,2.7107341105888255e-06,0.041290512945241054,0.022660116298592044,0.0002654996968804003,5.4214586492217686e-05,0.00020361012897770318
0.377,628.8657440001504,231733445.83356535,0.9213210874200325,0.19534747286683082,76585.00000028174,2.713746139397641e-06,0.04131077875232021,0.022678866891909663,0.0004212961135128054,0.00010883090067725945,0.0003242977154966835
0.3775,628.7476000001503,231409681.66689762,0.9211480003031228,0.19507454501415997,76478.00000028072,2.717032388062312e-06,0.04133190106531452,0.022705486940635355,0.00019893421463636077,4.30088077512655e-05,0.00015952944747117713
0.378,628.6405320001503,231134330.8335634,0.9209911401034235,0.19484242880300995,76387.00000027985,2.7198059662232762e-06,0.04134947060434634,0.02272415658671949,0.00033763928156460435,0.00014471570281197565,0.00023633001262333284
0.3785,628.5371560001503,230834773.3335624,0.9208396888761277,0.19458990677109952,76288.00000027892,2.7228876608287145e-06,0.04136948770563503,0.022744514412700496,0.0003569150246268108,0.0002573424489957941,2.722884599670016e-05
0.379,628.4670080001503,230565474.16689485,0.9207369184004627,0.19436289201513965,76199.00000027806,2.725763734882675e-06,0.04138902055538731,0.022765184886020716,8.290605939639341e-05,0.00019092371799452661,2.725760667187845e-05
0.3795,628.3636320001502,230274994.1668939,0.9205854671731668,0.19411802216601437,76103.00000027714,2.7287532207893053e-06,0.04140830502252983,0.022785284405774455,0.000298416373234146,0.00010359159800467635,2.7287501462643323e-05
0.38,628.2750240001502,229999643.33355966,0.9204556518354846,0.19388590595486438,76012.00000027628,2.7316347751417466e-06,0.041427241533049,0.022807094997460253,0.00043098858559249397,5.4632598250773635e-05,0.00015590401191331395
0.3805,628.1753400001502,229724292.50022542,0.9203096095805922,0.1936537897437144,75921.00000027541,2.7344750229213733e-06,0.041445484812711944,0.022825975376694143,0.0003161861520182806,8.026900249019718e-05,0.00016248428253236576
0.381,628.0830400001502,229376321.66689095,0.9201743852705065,0.1933604560702831,75806.00000027432,2.7382209089230943e-06,0.04147081555679649,0.022849769489475397,0.0003744592612757118,0.00010826448048271817,2.7382178127598368e-05
0.3815,627.9870480001501,229113074.16689008,0.9200337519880175,0.1931385427695133,75719.00000027349,2.740948111685294e-06,0.04148829160992703,0.022868720648152072,0.0002591696407565393,5.481886429543146e-05,0.00015423706947285718
0.382,627.8762880001501,228874033.33355597,0.9198714828159148,0.19293703528950398,75640.00000027273,2.743326880970796e-06,0.04150263032393869,0.02288548178173697,0.0003105135554178439,5.486643950261767e-05,2.7433237730526457e-05
0.3825,627.7396840001501,228571450.00022164,0.919671350836988,0.1926819625299985,75540.00000027179,2.746360860026663e-06,0.04152105634818608,0.022906915569221333,0.00027462982713077005,0.0001551094362911911,2.746357745099615e-05
0.383,627.6584600001501,228314254.16688746,0.9195523534441128,0.19246515068441883,75455.00000027097,2.749098878168859e-06,0.04153906098088078,0.02292349656849502,0.0003302100371519234,0.0001595357823280807,0.00017603543555583075
0.3835,627.56985200015,228008645.0002198,0.9194225381064306,0.1922075271973183,75354.00000027001,2.752394989231856e-06,0.041561021775681724,0.022949347429439066,0.0001752239492981211,5.5047800994548606e-05,0.00023100140273895055
0.384,627.47386000015,227769604.16688567,0.9192819048239416,0.19200601971730896,75275.00000026925,2.7548621436792023e-06,0.04157646444309071,0.022965201915905765,0.00031929055758445806,5.509714389891207e-05,2.7548590091818966e-05
0.3845,627.34464000015,227518460.00021818,0.9190925907898216,0.1917943093269194,75192.00000026847,2.757335119091209e-06,0.04159083814875367,0.022982202691677372,0.0001758546604502002,0.0001314849029545003,5.995766224267691e-05
0.385,627.22280400015,227237057.50021726,0.9189140947005087,0.1915570916605793,75099.00000026758,2.7602135448332423e-06,0.04160850017074774,0.023002967852420998,0.00032175735511784874,5.520417151765739e-05,2.7602103979034114e-05
0.3855,627.1415800001499,226904215.8335495,0.9187950973076333,0.19127651162512327,74989.00000026653,2.7639044858479105e-06,0.04163361417355858,0.023025396485217904,0.00033424731831073126,5.527799006568575e-05,0.00014948181208908784
0.386,627.0677400001499,226613735.83354855,0.9186869178595649,0.191031641775998,74893.00000026562,2.767121497263261e-06,0.04165538408484602,0.023048246561845943,0.0004123488102131484,5.534233005613161e-05,2.7671183344112292e-05
0.3865,626.9680560001499,226323255.8335476,0.9185408756046725,0.19078677192687274,74797.0000002647,2.7702325759278656e-06,0.041675481146934396,0.023071453015343548,0.0004373452415302342,0.0001489955483062653,0.00023466897583799385
0.387,626.8720640001499,225999491.66687986,0.9184002423221834,0.19051384407420185,74690.00000026368,2.7737764336397297e-06,0.041698937039891505,0.02309530808461215,0.00033240283807840494,5.547542828729689e-05,0.0002431120458007216
0.3875,626.7871480001498,225733218.33354566,0.9182758359569047,0.19028938004583704,74602.00000026284,2.776672182443272e-06,0.04171787179598843,0.023114968498996722,0.00021212197694896138,0.00014003864859842946,0.00017095662672254357
0.388,626.6616200001498,225515358.33354494,0.9180919308951883,0.19010572765899308,74530.00000026215,2.7787979702619445e-06,0.04172965881193786,0.023128634691637014,0.00028785857553389116,5.55758586393985e-05,2.7787947802619145e-05
0.3885,626.5545520001498,225249085.00021073,0.917935070695489,0.18988126363062827,74442.00000026132,2.7816075346080254e-06,0.04174718249794534,0.02314895243877987,0.00034288493721864824,9.948882535397342e-05,2.7816043380486075e-05
0.389,626.4659440001498,225013070.00020996,0.9178052553578068,0.18968230687821397,74364.00000026057,2.784131357345443e-06,0.04176316391496084,0.023166107194708782,0.00027804235459923907,5.568252597844095e-05,2.784128154895269e-05
0.3895,626.3478000001497,224749822.5002091,0.9176321682408972,0.1894603935774442,74277.00000025975,2.78686671710082e-06,0.041779734507156725,0.023182737629056042,0.00032447477227834826,0.00022958765191173912,0.0002496763255806603
0.39,626.2665760001497,224480523.33354154,0.9175131708480219,0.18923337882148433,74188.0000002589,2.789848164553766e-06,0.041799366416652876,0.023203503167483628,0.0003259916499990336,5.579686169089158e-05,2.7898449487408177e-05
0.3905,626.1521240001497,224187017.50020725,0.9173454927035157,0.188985958244764,74091.00000025798,2.7929901159400135e-06,0.041819075372045336,0.023223784229436363,0.00014929052546811737,0.0001571229325782658,0.00017410986342254617
0.391,626.0487480001497,223932847.5002064,0.9171940414762199,0.18877169712677938,74007.00000025718,2.7956985988827413e-06,0.04183589339818321,0.02324453607875199,0.00027606042230411123,5.591386993353529e-05,2.795695369351143e-05
0.3915,625.9453720001496,223639341.6668721,0.917042590248924,0.18852427655005907,73910.00000025624,2.798905448990916e-06,0.04185642456918203,0.023266807331058535,0.00034169829453585825,0.0002519742376367227,2.798902211942776e-05
0.392,625.8641480001496,223385171.66687128,0.9169235928560486,0.18831001543207446,73826.00000025544,2.8017264679210003e-06,0.04187479565450982,0.02328394346004288,0.00014652666525153714,0.0001535709362788363,0.0002339767366053673
0.3925,625.7496960001496,223143105.00020382,0.9167559147115425,0.18810595722447007,73746.00000025469,2.804252885158957e-06,0.04188984065306713,0.023304608815203926,0.0002550018951595449,0.00018147572080483423,0.00017959196580181805
0.393,625.6389360001496,222849599.16686952,0.9165936455394398,0.18785853664774976,73649.00000025377,2.8074492318546727e-06,0.04190999769387355,0.023324705410915865,0.00019669246369171748,5.6148881700380226e-05,2.8074459747055512e-05
0.3935,625.5392520001495,222589377.500202,0.9164476032845473,0.18763917407457503,73563.00000025294,2.810283487133531e-06,0.041927806810125985,0.02334472230934168,0.00027273935907644656,0.00014381571833614053,6.643237492350845e-05
0.394,625.4284920001495,222268639.1668676,0.9162853341124446,0.1873687969494992,73457.00000025192,2.8138404695527498e-06,0.04195061800371807,0.02336949713435439,0.00040412244240288665,5.627670596809913e-05,2.813837197343863e-05
0.3945,625.3325000001495,221999340.00020006,0.9161447008299556,0.18714178219353933,73368.00000025108,2.816821437395201e-06,0.041969612074388596,0.023389291725344097,0.0003717384224044368,0.00026413927096976175,0.00025685596021292616
0.395,625.1922040001494,221690705.00019905,0.9159391598786254,0.18688160797884373,73266.00000025012,2.8201101349720013e-06,0.041989394059341587,0.023412192091657208,0.00029350486177166785,5.640209879586317e-05,5.6933854860095443e-05
0.3955,625.0814440001494,221430483.33353153,0.9157768907065227,0.18666224540566903,73180.00000024929,2.8229240824923604e-06,0.04200661616223095,0.023429721770490037,0.0003693865468519332,5.645837752977993e-05,2.8229207887690586e-05
0.396,624.9669920001494,221158158.33353063,0.9156092125620166,0.18643267992211407,73090.00000024844,2.8258826023394126e-06,0.042024774670758415,0.023449758594466394,0.0003202422467917186,5.65175476990059e-05,2.8258793015916537e-05
0.3965,624.8746920001494,220828342.50019622,0.9154739882519309,0.1861546506142531,72981.0000002474,2.8296851976760824e-06,0.04204993458324396,0.02347462244825115,0.00013919912022627323,5.659359931715364e-05,2.8296818879445543e-05
0.397,624.7823920001493,220556017.50019532,0.9153387639418453,0.18592508513069816,72891.00000024654,2.8327605797452163e-06,0.042069671497260715,0.023496987110464992,0.00027701817618853975,5.665510672338092e-05,0.00026706927064324825
0.3975,624.6864000001493,220338157.5001946,0.9151981306593563,0.1857414327438542,72819.00000024585,2.835125822451327e-06,0.04208399778919025,0.0235146007529581,0.00022030831018349099,0.00026726200594237354,0.00013071036357936746
0.398,624.5904080001493,220114245.8335272,0.9150574973768673,0.18555267890182015,72745.00000024514,2.837573759185619e-06,0.04209892725044007,0.023530534290281006,0.0003484010025180701,0.0003304177927488729,0.00016285119759078145
0.3985,624.4648800001493,219841920.8335263,0.9148735923151509,0.1853231134182652,72655.00000024428,2.840517757634681e-06,0.042116527646295795,0.023550484178215248,0.0004494658509353766,0.00014867776194788944,6.892768670180238e-05
0.399,624.3725800001492,219618009.1668589,0.9147383680050652,0.18513435957623114,72581.00000024358,2.8429935339490783e-06,0.04213176385639303,0.023566190605708935,0.000339741352917164,0.00013541910327028928,0.00031833652021667785
0.3995,624.2544360001492,219333580.83352464,0.9145652808881557,0.184894591182296,72487.00000024268,2.8461416333414156e-06,0.04215109553127026,0.023587616457555985,0.0002901421906662445,5.6922726758346166e-05,3.8067165187104684e-05
0.4,624.1621360001492,219079410.8335238,0.9144300565780701,0.1846803300643114,72403.0000002419,2.849022341375765e-06,0.04216930378082982,0.023605823853969234,0.00041491993720165713,5.698034069684428e-05,0.0001745191699750371
0.4005,624.0366080001492,218785905.0001895,0.9142461515163537,0.18443290948759108,72306.00000024097,2.852270615877237e-06,0.042189093237662935,0.023627142896160892,0.00023100783993220095,0.00010410129715873253,0.00027349151217933356
0.401,623.9036960001491,218549890.00018874,0.9140514285098303,0.1842339527351768,72228.00000024022,2.854742667679267e-06,0.042202876758596755,0.023645128063064198,0.000338892819384265,5.709474677467025e-05,2.854739298056624e-05
0.4015,623.7818600001491,218289668.33352122,0.9138729324205174,0.18401459016200208,72142.00000023941,2.8575876483860108e-06,0.04221977783464422,0.023664986436999953,0.0003196585625113372,5.7151646166045166e-05,0.0002095971956732774
0.402,623.6711000001491,218023395.000187,0.9137106632484147,0.18379012613363724,72054.00000023856,2.8605696191439187e-06,0.042238050379878336,0.023685032838538747,0.00033452234021460716,5.721128534886763e-05,9.502394321254115e-05
0.4025,623.560340000149,217763173.3335195,0.9135483940763119,0.18357076356046254,71968.00000023775,2.863479303936864e-06,0.042255773854873904,0.02370370371737048,0.00036742098400786746,9.412777585084488e-05,3.7762998359650845e-05
0.403,623.445888000149,217499925.83351862,0.9133807159318058,0.18334885025969275,71881.00000023692,2.866418853298159e-06,0.04227357732610483,0.02372314489147449,0.00032110966595683685,8.50422309350251e-05,2.8664154555714562e-05
0.4035,623.331436000149,217215497.50018436,0.9132130377872997,0.1831090818657576,71787.00000023602,2.8696453207700797e-06,0.042293479729730805,0.02374746604288565,0.00031727840094951447,0.0001489486008211371,2.8696419152687905e-05
0.404,623.228060000149,216937120.83351678,0.9130615865600038,0.18287441492701256,71695.00000023514,2.8728511635333746e-06,0.04231358815750359,0.023767689846891753,0.0003322059305075463,8.22310985523567e-05,2.993204640576716e-05
0.4045,623.0877640001489,216640589.16684914,0.9128560456086736,0.18262444362269717,71597.00000023421,2.8761358450713415e-06,0.042333005264791855,0.02378890225793515,0.000324167468798639,0.00010000782594180619,0.00031290870346524876
0.405,623.0065400001489,216362212.50018156,0.9127370482157984,0.18238977668395212,71505.00000023333,2.879460940988603e-06,0.04235470783721289,0.023813732571567183,0.0002788627037048078,0.00024965645139857863,0.00019698901679343522
0.4055,622.8551680001489,216056603.3335139,0.9125152803472579,0.18213215319685158,71404.00000023236,2.8828332871580135e-06,0.04237435410634055,0.02383547526756203,0.0003378956306045124,5.7656556966762985e-05,2.882829849773906e-05
0.406,622.7481000001488,215781252.50017965,0.9123584201475586,0.1819000369857016,71313.0000002315,2.886015781188546e-06,0.04239409293040813,0.023859361963149545,0.0003494111648299061,0.00019059878413085128,0.00023705001505858674
0.40650000000000003,622.6299560001488,215542211.66684553,0.9121853330306491,0.18169852950569226,71234.00000023075,2.8886683085655705e-06,0.042409547156051754,0.023874271572647827,0.0003289451254081174,5.777325693474628e-05,0.00018668556562030414
0.40700000000000003,622.5118120001488,215248705.83351123,0.9120122459137395,0.18145110892897193,71137.00000022983,2.8920583266207604e-06,0.042430398699532086,0.023895664916288993,0.0004329580329849577,5.784105702911141e-05,6.284728614399495e-05
0.40750000000000003,622.4121280001488,215018742.50017715,0.9118662036588471,0.18125725363174777,71061.0000002291,2.894687787505947e-06,0.04244628425658812,0.023912919907388495,0.0003320210131536964,5.789364603898091e-05,2.894684321315208e-05
0.40800000000000003,622.3087520001487,214704055.83350945,0.9117147524315512,0.18099197796186206,70957.00000022812,2.8984489817123583e-06,0.04247032406294694,0.02394023801383973,0.00040349981040733405,5.79688696288507e-05,2.898445506396121e-05
0.40850000000000003,622.1684560001487,214489221.66684207,0.911509211480221,0.18081087630261317,70886.00000022743,2.900697998552763e-06,0.04248200854621708,0.023954624382121224,0.00024266710500294315,5.801384978268268e-05,0.00021272676629282555
0.40900000000000003,622.0429280001487,214280439.1668414,0.9113253064185046,0.1806348760985544,70817.00000022678,2.902938459612818e-06,0.04249412420540255,0.023970052097343358,0.00036355588529093463,0.00018566772772648816,2.902934973232907e-05
0.40950000000000003,621.9321680001486,214029295.0001739,0.9111630372464019,0.18042316570816483,70734.00000022599,2.9058272980791873e-06,0.042511477520725156,0.023991941710023407,0.00025851907377339784,0.00019768871560052467,2.905823804636065e-05
0.41000000000000003,621.7992560001486,213787228.33350644,0.9109683142398787,0.18021910750056044,70654.00000022522,2.9084958013962675e-06,0.042526447913113545,0.02400677866894377,0.0003561630775471137,5.816980521403707e-05,2.9084923013885794e-05
0.41050000000000003,621.6700360001486,213520955.00017223,0.9107790002057587,0.1799946434721956,70566.00000022439,2.9115176821855595e-06,0.04254411293779562,0.024026423585629102,0.00030765808078796674,0.0001290316899957278,5.7828645820820415e-05
0.41100000000000003,621.5408160001485,213221397.50017124,0.9105896861716389,0.17974212144028517,70467.00000022344,2.915002074309401e-06,0.04256513840471409,0.024049902481365612,0.00019571117882789097,0.00014674022309033233,0.0003150436440140129
0.41150000000000003,621.3968280001485,212970253.33350375,0.9103787362479054,0.17953041104989562,70384.00000022266,2.917763482335082e-06,0.042580361781980734,0.024068220737111776,0.00037726459278473307,5.8355158090023365e-05,2.9177599595435675e-05
0.41200000000000003,621.2565320001485,212728186.6668363,0.9101731952965753,0.17932635284229123,70304.00000022189,2.9204241418798337e-06,0.04259496223970275,0.024086446796570807,0.0003398593596602983,0.00014182340021132978,0.0001668005341998997
0.41250000000000003,621.1568480001484,212458887.50016874,0.9100271530416828,0.17909933808633136,70215.00000022104,2.9236566909899455e-06,0.042615110054551875,0.02410848996263742,0.00020246991454119743,0.00020772143269526104,2.9236531536879005e-05
0.41300000000000003,621.0645480001484,212195640.00016788,0.9098919287315972,0.1788774247855616,70128.00000022021,2.9268487703124207e-06,0.042635199484684375,0.02412971644031592,0.00014460376348739452,0.00023873245537218835,0.00011584791626405191
0.41350000000000003,620.9390200001484,211950547.50016707,0.9097080236698808,0.17867081585036212,70047.00000021943,2.9296410286444714e-06,0.042651221001164676,0.02414781488450423,0.0002558202940614544,5.859270806538682e-05,4.966448338984533e-05
0.41400000000000003,620.8467200001484,211702429.16683292,0.9095727993597952,0.17846165618756765,69965.00000021866,2.932638621311651e-06,0.04266986394509009,0.024168078906683106,0.0003802609245353764,5.865265968014228e-05,0.0001823421906460894
0.41450000000000004,620.7248840001483,211414975.0001653,0.9093943032704822,0.17821933706603743,69870.00000021775,2.9360497476570096e-06,0.04269048319611233,0.02419203091761754,0.00026809997598701294,0.00020661151343883254,2.9360461798200865e-05
0.41500000000000004,620.6104320001483,211157779.16683114,0.9092266251259761,0.17800252522045776,69785.00000021694,2.9390839136919395e-06,0.04270859808663927,0.024212528930098596,0.00042661275625763246,0.0003208403527750361,2.9390803383487595e-05
0.41550000000000004,620.4996720001483,210891505.83349693,0.9090643559538734,0.17777806119209294,69697.00000021611,2.94226962602299e-06,0.0427279246775701,0.024231837319186354,0.00046201257855152947,5.884527900142572e-05,2.9422660428003965e-05
0.41600000000000004,620.3778360001482,210610103.333496,0.9088858598645604,0.17754084352575283,69604.00000021522,2.945622390288632e-06,0.04274806486541298,0.024254138892265995,0.0002965081271128989,0.0003010832918172176,0.0001477282636796469
0.4165,620.2523080001482,210328700.83349508,0.9087019548028439,0.17730362585941273,69511.00000021434,2.9489665725229085e-06,0.042767996503116384,0.024278204225399735,0.00029488935726036544,5.897921739171414e-05,2.9489629726906368e-05
0.417,620.1415480001482,210047298.33349416,0.9085396856307412,0.17706640819307262,69418.00000021345,2.952390023201076e-06,0.04278899294729321,0.02430258041693429,0.00020188292269423123,5.904768613026299e-05,2.9523864148803823e-05
0.4175,620.0012520001482,209774973.33349326,0.9083341446794111,0.1768368427095177,69328.00000021259,2.9555539545439046e-06,0.04280707122617875,0.024321868044355103,0.0002225927434118246,0.00018810817318717137,2.9555503383259837e-05
0.418,619.8794160001481,209469364.1668256,0.9081556485900981,0.17657921922241715,69227.00000021163,2.9592843729952974e-06,0.04282986877661889,0.02434584433903942,0.0002868151542886383,0.0001582077390611262,0.00022786283750035965
0.4185,619.7538880001481,209163755.00015792,0.9079717435283816,0.1763215957353166,69126.00000021067,2.9630080412339133e-06,0.042852467142727474,0.024372627791154157,0.00024418178638301643,0.000306974812553781,0.0001506930685719813
0.419,619.6726640001481,208906559.16682374,0.9078527461355064,0.17610478388973694,69041.00000020985,2.9662671505938895e-06,0.042873218327788176,0.02439471434492818,0.00025733337801938543,5.932522755784526e-05,0.00018379369367360873
0.4195,619.580364000148,208594898.3334894,0.9077175218254208,0.17584205894744628,68938.00000020888,2.9702565544512936e-06,0.04289884398406066,0.024419521728643402,0.00032132801313095597,5.9405015315747346e-05,2.9702529016823655e-05
0.42,619.451144000148,208364935.0001553,0.9075282077913008,0.17564820365022213,68862.00000020815,2.9729145357383974e-06,0.042913558292314684,0.024437913291045627,0.0002989072284562838,5.9458174722291105e-05,2.972910876280289e-05
0.4205,619.325616000148,208144049.16682124,0.9073443027295844,0.17546200053578312,68789.00000020745,2.9754663584149698e-06,0.0429276217356044,0.024454093198619416,0.0003082726423967028,0.00012662478494693025,5.6131532751378916e-05
0.421,619.200088000148,207826336.6668202,0.907160397667868,0.17519417413830235,68684.00000020645,2.979411069506689e-06,0.042951714333786216,0.024481638818104473,0.00032631839330161407,5.9588104866919936e-05,0.0002437971362178406
0.4215,619.0930200001479,207596373.3334861,0.9070035374681688,0.1750003188410782,68608.00000020573,2.982195739063452e-06,0.0429680664090842,0.024499709448175516,0.0002962595225918454,5.9643798030203935e-05,2.982192056305371e-05
0.422,618.9711840001479,207327074.16681856,0.9068250413788558,0.17477330408511832,68519.00000020488,2.985481691127875e-06,0.042987501647016785,0.024523273443878463,0.00029674209216567116,0.0002496995705258789,2.9854780001078953e-05
0.4225,618.8530400001479,207081981.66681775,0.9066519542619461,0.17456669514991888,68438.0000002041,2.9884446489209504e-06,0.04300472315630722,0.024540983367615243,0.0003239134672538663,0.00013579823634539878,0.00026966047229343685
0.423,618.7385880001478,206845966.66681698,0.90648427611744,0.17436773839750458,68360.00000020336,2.99130119852324e-06,0.04302129280168882,0.024560857362467617,0.00025854300416510014,0.00024624154685394284,0.00011954525186853788
0.4235,618.6462880001478,206582719.16681612,0.9063490518073544,0.17414582509673482,68273.00000020253,2.9946662068117577e-06,0.04304227321208654,0.024582628902867876,0.0003497215447689327,0.00032052741027591977,0.00021851778824528086
0.424,618.5170680001478,206322497.5001486,0.9061597377732346,0.1739264625235601,68187.00000020172,2.9978168910043477e-06,0.04306041176036233,0.024603042961613808,0.00017270519310810546,0.00024873137958518574,2.9978131688878057e-05
0.4245,618.4432280001478,206062275.83348107,0.906051558325166,0.17370709995038539,68101.0000002009,3.0012442864598454e-06,0.04308244825479314,0.024624760693711185,0.00030681043566028847,6.002476742074583e-05,3.0012405557405377e-05
0.425,618.3287760001477,205856519.16681373,0.9058838801806599,0.17353365047392164,68033.00000020025,3.0036880954889327e-06,0.043095996611702596,0.02464014364194123,0.0002812541152609442,6.685369446531858e-05,3.003684358556551e-05
0.4255,618.2180160001477,205647736.66681305,0.9057216110085572,0.17335765026986286,67964.00000019958,3.006198978993744e-06,0.04311014388866473,0.024658784185061712,0.00042166928261726954,0.00018348441653120483,0.00023065703600111225
0.426,618.1367920001477,205426850.833479,0.9056026136156818,0.17317144715542385,67891.0000001989,3.0090360120509047e-06,0.043127647764906754,0.024678395158953512,0.00013540561048619676,0.00012635032068753245,3.0090322615724498e-05
0.4265,618.0371080001477,205172680.83347815,0.9054565713607894,0.17295718603743926,67807.0000001981,3.0122777822538554e-06,0.043147393660224284,0.024698818779506308,0.00022089420940847436,4.6749923932663405e-05,3.0122740235715542e-05
0.427,617.8968120001476,204930614.1668107,0.9052510304094593,0.17275312782983485,67727.00000019734,3.015151320910931e-06,0.043163068892852506,0.024718293370900604,0.0003213106528815864,0.00021834137201941518,0.00028158709813407034
0.4275,617.7565160001476,204643160.00014308,0.9050454894581292,0.17251080870830465,67632.00000019642,3.0187010208389848e-06,0.043183565728824,0.024741654930266362,0.0001753700543247578,6.0373900662528634e-05,3.018697245775084e-05
0.428,617.6383720001476,204337550.8334754,0.9048724023412196,0.1722531852212041,67531.00000019546,3.022637637971354e-06,0.043207581615502984,0.024765900876388084,0.0003414218590376534,6.0452632681319434e-05,0.0001127534008229921
0.4285,617.5276120001475,204077329.1668079,0.9047101331691169,0.17203382264802938,67445.00000019465,3.025949107239616e-06,0.04322736681198369,0.024787946252435914,0.00032547243930068593,0.0001880819496748274,3.0259453137509397e-05
0.429,617.4094680001475,203841314.16680712,0.9045370460522073,0.1718348658956151,67367.0000001939,3.028873074743376e-06,0.043244109724544004,0.02480703981835176,0.0003164404019321348,0.000237611094206754,0.00011499221093368481
0.4295,617.2802480001475,203572015.00013956,0.9043477320180875,0.17160785113965524,67278.00000019306,3.032245114829385e-06,0.04326364668415384,0.024828958736812654,0.000300497897934441,0.00035252621887961255,0.00027454901745935185
0.43,617.1436440001474,203305741.66680536,0.9041476000391608,0.1713833871112904,67190.0000001922,3.0355445888565934e-06,0.04328238849017984,0.024852716340638955,0.0003861466267024065,6.0710770623507715e-05,0.00025832134982624246
0.4305,617.0476520001474,203033416.66680446,0.9040069667566718,0.17115382162773546,67100.00000019136,3.0391433200022263e-06,0.043304668916057894,0.02487861081364477,0.00038202849308937794,0.00029874452120380086,0.00025786927330729713
0.431,616.9147400001474,202748988.3334702,0.9038122437501485,0.1709140532338003,67006.00000019046,3.042751261404474e-06,0.043325699064947584,0.024901044852118113,0.0003834657238380918,9.737697603311202e-05,3.042747424926036e-05
0.4315,616.8298240001474,202488766.66680267,0.9036878373848697,0.1706946906606256,66920.00000018964,3.046242189894648e-06,0.043347561935659404,0.024921813159750332,0.0002618232307707326,0.00016580431533293262,3.0462383445044987e-05
0.432,616.7006040001473,202186183.33346835,0.9034985233507499,0.1704396179011201,66820.00000018868,3.050161953861184e-06,0.043370898154512276,0.024949670170302096,0.000277756976426071,6.1003116710665395e-05,3.050158098410518e-05
0.4325,616.5861520001473,201953194.16680092,0.9033308452062437,0.17024321187630087,66743.00000018795,3.053114136391847e-06,0.04338785522504749,0.02496990665703478,0.00027055996935090426,0.00031949052587950283,3.053110273334085e-05
0.433,616.4975440001473,201692972.5001334,0.9032010298685615,0.17002384930312617,66657.00000018714,3.056613903589227e-06,0.043409596226180666,0.024992058909425137,0.00030892706902274766,0.00025802141304117325,0.00028794435892374196
0.4335,616.3978600001473,201435776.66679922,0.9030549876136691,0.1698070374575465,66572.00000018634,3.060021760780603e-06,0.04343027677719325,0.025014928629724757,0.00027581028907431335,0.00019148802816813755,0.00023018109400639675
0.434,616.2427960001472,201239097.5001319,0.9028278107727253,0.16964124016386792,66507.0000001857,3.062241898594001e-06,0.043440563801360896,0.025030980956936896,0.0002015818679807277,6.124471458897103e-05,3.062238011979614e-05
0.4345,616.1320360001472,201018211.66679785,0.9026655416006226,0.16945503704942894,66434.00000018501,3.065055802115235e-06,0.043456612181597645,0.025046923453941786,0.0003137497481960265,0.00020096511060810966,0.0003137709622577363
0.435,616.0360440001472,200809429.16679716,0.9025249083181336,0.16927903684537013,66365.00000018436,3.0677645295652565e-06,0.043472423351686135,0.025064899560107885,0.0003964142615745647,0.00023032972762280932,3.0677606286632604e-05
0.4355,615.9400520001471,200564336.66679636,0.9023842750356446,0.1690724279101707,66284.00000018357,3.0710347723654734e-06,0.04349219908027514,0.025086620348811036,0.00026830010158805396,6.142057132473527e-05,0.00011075242126923613
0.436,615.8219080001471,200285960.00012878,0.902211187918735,0.16883776097142564,66192.0000001827,3.0747133149011103e-06,0.043514065304947405,0.025111254242758976,0.00034621523318940976,0.00012240008603510173,3.0747093960404584e-05
0.4365,615.7185320001471,200052970.83346134,0.902059736691439,0.16864135494660643,66115.00000018197,3.0777774978043992e-06,0.043532088148934805,0.025131547358937148,0.0003602811769485614,6.155542526574005e-05,0.0001716777736846497
0.437,615.6003880001471,199832085.0001273,0.9018866495745295,0.16845515183216742,66042.00000018127,3.080588324941688e-06,0.04354778319101148,0.02514950299004779,0.0004454238658520472,6.161164156879947e-05,3.080584390813548e-05
0.4375,615.482244000147,199614225.00012657,0.9017135624576199,0.16827149944532346,65970.00000018059,3.0833586333827502e-06,0.043563178722006164,0.025167033832610684,0.00023042457554606942,8.721452002013055e-05,0.00021283369475537134
0.438,615.375176000147,199369132.50012577,0.9015567022579206,0.16806489051012402,65889.00000017982,3.08661209628205e-06,0.04358236464072043,0.02518874377075511,0.00023159450786449976,6.173211648389867e-05,3.0866081464701276e-05
0.4385,615.271800000147,199139169.16679168,0.9014052510306247,0.16787103521289987,65813.00000017909,3.0896573616053296e-06,0.04360019596920627,0.02520909503852352,0.00027698613793661434,6.179302153229436e-05,0.00024365810269784963
0.439,615.153656000147,198897102.50012422,0.9012321639137152,0.16766697700529545,65733.00000017833,3.0928236171754327e-06,0.043618342405335325,0.02522990039211787,0.000384670839843917,5.564156868819868e-05,3.092819651170391e-05
0.4395,615.0687400001469,198624777.50012332,0.9011077575484364,0.16743741152174052,65643.00000017748,3.096636521089445e-06,0.04364220843897488,0.025255984920787417,0.0001112594040828443,6.525474195048389e-05,3.0966325451920155e-05
0.44,614.9616720001469,198376659.16678917,0.9009508973487371,0.16722825185894602,65561.00000017669,3.099969898591273e-06,0.04366189073037009,0.025275371716184596,0.00017387381092985225,0.00023957774488438504,3.099965913993517e-05
0.4405,614.8176840001469,198146695.8334551,0.9007399474250036,0.16703439656172187,65485.00000017597,3.1028409604009207e-06,0.043676990738205676,0.02529400298801451,0.0004347889435064989,6.205669238696358e-05,3.102836968235696e-05
0.441,614.6958480001468,197913706.66678765,0.9005614513356905,0.16683799053690263,65408.00000017523,3.105878103910528e-06,0.043694031608932586,0.025315913064636677,0.000413547605225677,4.839197329189698e-05,3.105874103770719e-05
0.4415,614.5850880001468,197704924.16678697,0.9003991821635878,0.16666199033284385,65339.00000017457,3.108597778180139e-06,0.04370921938698774,0.025332700605631277,0.0003221870992106734,6.217182824772663e-05,3.108593770890136e-05
0.442,614.4484840001468,197414444.16678602,0.9001990501846612,0.1664171204837186,65243.00000017366,3.1124798724506127e-06,0.043731642490525295,0.025356480216930634,0.0002620593410530559,6.224946980093013e-05,3.112475854970346e-05
0.4425,614.3008040001467,197187506.66678527,0.8999826912885242,0.16622581591408947,65168.00000017295,3.115313005292039e-06,0.04374628323058521,0.02537455488887907,0.0003825535909704334,6.230613221008147e-05,3.115308980304775e-05
0.443,614.1789680001467,196897026.66678432,0.8998041951992112,0.1659809460649642,65072.00000017203,3.1192902117285048e-06,0.04376985779441001,0.02540321338860194,0.00035617649996153207,0.0001741047547163373,0.0001687827649456173
0.4435,614.0349800001467,196636805.0001168,0.8995932452754777,0.1657615834917895,64986.00000017122,3.1226859081634383e-06,0.04378854169000367,0.025423460131879367,0.0002466179887276077,6.24535896339336e-05,9.662273893946718e-05
0.444,613.8909920001466,196421970.83344942,0.8993822953517441,0.1655804818325406,64915.000000170534,3.1253682538430414e-06,0.04380220792245129,0.025440744395512537,0.00022294745642852993,6.250723631169656e-05,0.00010833435025666721
0.4445,613.7802320001466,196204110.8334487,0.8992200261796414,0.16539682944569664,64843.00000016985,3.1282740682286965e-06,0.04381861227095717,0.025460519925157934,0.0004196483907373937,8.11598167305356e-05,3.128270009004824e-05
0.445,613.6694720001466,195962044.16678125,0.8990577570075386,0.16519277123809226,64763.00000016909,3.1315731299366266e-06,0.04383775568136283,0.025480357000616148,0.0004150622397829699,0.0001529960395145514,0.0003031798482687621
0.4455,613.5513280001466,195704848.33344707,0.8988846698906291,0.16497595939251258,64678.00000016828,3.135084967107006e-06,0.04385810683173595,0.025505794655911095,0.00043220031624314033,9.798384513479742e-05,3.1350808898896565e-05
0.446,613.4627200001465,195453704.16677958,0.8987548545529469,0.16476424900212303,64595.00000016749,3.138659984037356e-06,0.04387993706229491,0.025526837380732543,0.0003651597634899596,8.368849015976792e-05,0.000295950263560802
0.4465,613.3851880001465,195241895.83344555,0.898641266132475,0.1645856980704692,64525.000000166816,3.1416678545439103e-06,0.04389818344443292,0.02554887108115781,0.00033268988657701346,6.283322692609474e-05,0.00013977518450535836
0.447,613.2522760001465,194966545.0001113,0.8984465431259517,0.1643535818593192,64434.00000016596,3.1454231083583923e-06,0.0439196522945829,0.02557271482242129,0.0003145339148027088,0.00016394156532621156,0.0001655201961706856
0.4475,613.1267480001464,194706323.3334438,0.8982626380642353,0.1641342192861445,64348.000000165135,3.1489822081953543e-06,0.043939995381928235,0.02559586468689785,0.0003491242818246192,6.297951336506924e-05,3.1489780941912635e-05
0.448,612.9827600001464,194455179.1667763,0.8980516881405017,0.16392250889575494,64265.00000016434,3.1523087357545568e-06,0.043958035429823905,0.02561824983135984,0.00035088153557943046,9.076401899157558e-05,0.00015058491614082628
0.4485,612.8609240001464,194225215.8334422,0.8978731920511888,0.16372865359853075,64189.000000163614,3.155413787907463e-06,0.04397530870501652,0.02563930125584923,0.0004320233272290197,6.310814439629701e-05,3.1554096567289074e-05
0.449,612.7427800001464,193986175.0001081,0.8977001049342792,0.16352714611852143,64110.000000162865,3.1586930357269272e-06,0.04399391223909746,0.02565805247248356,0.0001853716460098567,0.00013270097409412201,3.1586888958003575e-05
0.4495,612.5951000001463,193759237.50010735,0.8974837460381423,0.1633358415488923,64035.00000016215,3.161630422909808e-06,0.04400905888137819,0.025676513578262325,0.0002771764609392496,0.00021544109616923666,0.00017926613381511676
0.45,612.4954160001463,193502041.66677317,0.8973377037832498,0.16311902970331266,63950.000000161344,3.1653175890253138e-06,0.04403113066594815,0.0257014768397463,0.00031241694102081887,0.00011106894419171045,0.0002967069960060223
0.4505,612.3661960001463,193247871.66677234,0.8971483897491299,0.16290476858532804,63866.000000160544,3.1688121101591335e-06,0.044050781695856495,0.02572405494598692,0.0002856201000334877,6.337610967045512e-05,0.00012809849888634317
0.451,612.1963640001462,193030011.66677162,0.8968995770185725,0.1627211161984841,63794.000000159846,3.1715087136656394e-06,0.04406340942551561,0.02574019944533652,0.00035309877654006254,0.00016203214313546428,0.0002200890354360999
0.4515,612.0671440001462,192809125.83343756,0.8967102629844526,0.16253491308404508,63721.00000015916,3.1744718583958207e-06,0.0440793360658453,0.025761662521348785,0.00025594594044766586,6.348930412917737e-05,3.174467676097392e-05
0.452,611.9416160001462,192594291.6667702,0.8965263579227362,0.16235381142479618,63650.00000015848,3.177361128952553e-06,0.04409486868641508,0.02577787459309127,0.0003153194817595933,0.00022751266905087094,0.00010931915624682112
0.4525,611.8013200001461,192394586.66676953,0.8963208169714061,0.16218546340352258,63584.00000015786,3.1799300105038593e-06,0.044107633304159705,0.025793422964611325,0.0002505114890967099,0.0002452207367636144,0.0001881535794695526
0.453,611.6573320001461,192182778.3334355,0.8961098670476725,0.1620069124718687,63514.00000015719,3.1826854482191204e-06,0.04412154603525116,0.025811933854939708,0.0002579586143669559,7.217747393634558e-05,3.182681243695846e-05
0.4535,611.520728000146,191943737.5001014,0.8959097350687458,0.1618054049918594,63435.000000156426,3.1859373791750983e-06,0.04413915128836594,0.025832535445725037,0.00030499561303186536,0.00018192271070913087,3.1859331658700924e-05
0.454,611.365664000146,191704696.66676727,0.895682558227802,0.16160389751185006,63356.00000015568,3.1891011260034954e-06,0.04415546234557001,0.025852693993517795,0.0002767396285032884,0.00017876635651237817,8.361353013619638e-05
0.4545,611.240136000146,191480785.00009987,0.8954986531660856,0.161415143669816,63282.00000015498,3.1921747970681612e-06,0.044172200317397436,0.025872172671756087,0.00041556047581468283,6.384336132456515e-05,8.852253682586286e-05
0.455,611.092456000146,191238718.3334324,0.8952822942699487,0.1612110854622116,63202.000000154214,3.1954431682327094e-06,0.04418946858701021,0.025894124375851525,0.00031254281790755594,6.39087284559071e-05,3.195438929162886e-05
0.4555,610.9595440001459,191011780.83343166,0.8950875712634253,0.1610197808925825,63127.00000015349,3.198543782662924e-06,0.044206094236190346,0.025912660023521935,0.0001283261199715354,6.397074046800616e-05,3.198539535180473e-05
0.456,610.8414000001459,190784843.33343092,0.8949144841465158,0.16082847632295338,63052.00000015278,3.20172917998832e-06,0.044223824431569886,0.02593449849178017,0.0003394738630887717,6.403444813214046e-05,0.00011327348872876599
0.4565,610.7121800001458,190579086.66676357,0.8947251701123959,0.16065502684648966,62984.00000015214,3.204507853833955e-06,0.04423833051611441,0.025951884092944744,0.00039878180225328856,0.0002518500828392508,0.00018975467278734432
0.457,610.5977280001458,190352149.16676283,0.8945574919678898,0.16046372227686054,62909.00000015142,3.2077269979506045e-06,0.04425639753563484,0.025973487950281565,0.0003669035856914011,0.00012086240138748673,3.207722725544621e-05
0.4575,610.4463560001458,190140340.8334288,0.8943357240993494,0.1602851713452067,62839.00000015076,3.210504164052821e-06,0.04427006291371243,0.02599043149625335,0.00035880824276200365,6.188207553400871e-05,3.210499884036473e-05
0.458,610.3540560001458,189892222.50009465,0.8942004997892637,0.1600760116824122,62757.00000014998,3.214213030761918e-06,0.0442922776384339,0.026013215743326296,0.0003525762865632658,9.955580892473251e-05,3.8239469859455506e-05
0.4585,610.2396040001457,189662259.16676056,0.8940328216447576,0.15988215638518802,62681.00000014925,3.2175067758925748e-06,0.044310810813496915,0.026037924791444487,0.00032186213443948365,6.434999864496092e-05,3.217502476897831e-05
0.459,610.1362280001457,189432295.83342648,0.8938813704174617,0.15968830108796386,62605.000000148524,3.2208669874151602e-06,0.044330187511219456,0.026057531016578993,0.00029615590539617404,6.441720257785548e-05,3.2208626792923886e-05
0.4595,610.0623880001457,189141815.83342552,0.8937731909693933,0.15944343123883858,62509.00000014761,3.2254231319076413e-06,0.044358846046168604,0.026087459720181144,0.00034176587173813654,0.00017783766260752877,8.296614955083468e-05
0.46,609.9257840001457,188936059.16675818,0.8935730589904666,0.15926998176237486,62441.00000014696,3.2282126910555216e-06,0.04437305531256954,0.026102788454887567,0.0004314584535715515,0.00016510609347206552,7.60909360475399e-05
0.4605,609.7744120001456,188709121.66675743,0.8933512911219262,0.15907867719274574,62366.00000014625,3.2312927250912115e-06,0.04438870914099216,0.026122874957291795,0.0002787503103958389,6.462571640130037e-05,0.0001973489070104136
0.461,609.6082720001456,188482184.1667567,0.8931078873637721,0.15888737262311664,62291.000000145534,3.2343018237777004e-06,0.04440332217605109,0.026142531451191747,0.00036436882417648916,2.7580127451612578e-05,3.234297478897623e-05
0.4615,609.4753600001455,188237091.66675588,0.8929131643572489,0.1586807636879172,62210.000000144755,3.2378069306294087e-06,0.044422532738597635,0.0261645467819088,0.00027796781340954664,0.0001346229170152196,0.00021282842882778858
0.462,609.3166040001455,188010154.16675514,0.8926805785439016,0.15848945911828807,62135.00000014405,3.2408707215872693e-06,0.044437756566909174,0.026184047221688815,0.00030751087371455875,0.00019593802907453336,0.0002668029471661222
0.4625,609.1836920001455,187786242.50008774,0.8924858555373784,0.158300705276254,62061.000000143344,3.2440272721249048e-06,0.044454542778927034,0.02620438046461957,0.0002231892917240032,0.00011298507342908688,4.642098159511579e-05
0.463,609.0803160001454,187553253.3334203,0.8923344043100825,0.1581042992514348,61984.00000014261,3.247506002561102e-06,0.04447459770677871,0.026228650121785015,0.0002819706317609393,8.24915852855479e-05,2.573554300841444e-05
0.4635,608.9732480001454,187293031.6667528,0.8921775441103832,0.15788493667826006,61898.00000014179,3.2514463703256234e-06,0.04449765961030385,0.026252857648712033,0.00031585218169335647,0.0002651268081995836,0.0002410789015958916
0.464,608.8624880001454,187063068.3334187,0.8920152749382805,0.1576910813810359,61822.00000014106,3.2548513900932977e-06,0.04451690426611426,0.026274623323351915,0.00034741268482482,0.0002250407902926179,3.25484698876201e-05
0.4645,608.7332680001454,186836130.83341795,0.8918259609041606,0.15749977681140678,61747.00000014035,3.2581132208463925e-06,0.04453447826510206,0.02629464822785419,0.00035908324831497254,8.55198905894956e-05,3.258108810504108e-05
0.465,608.6225080001453,186591038.33341715,0.8916636917320578,0.15729316787620734,61666.000000139575,3.2617992452167265e-06,0.044555608836312884,0.026319420694335734,0.0003497430379377927,6.523584405181056e-05,3.2617948247306044e-05
0.4655,608.5486680001453,186385281.6667498,0.8915555122839894,0.15711971839974362,61598.00000013893,3.2650038809835236e-06,0.04457478659957257,0.026340084031663383,0.0004261347251643999,0.00020394169850444771,0.00026725635808652224
0.466,608.4157560001453,186097827.5000822,0.8913607892774661,0.1568773992782134,61503.000000138025,3.269332931895062e-06,0.04459945627019604,0.026368916395171603,0.0003103001251210141,6.538651711010917e-05,0.000128816383078229
0.4665,608.2902280001452,185925355.00008163,0.8911768842157497,0.15673200780529528,61446.00000013748,3.2716905555989295e-06,0.04461093166086327,0.02638224818539574,0.00032363040427369833,0.00023239151675690482,0.00011156021584301421
0.467,608.1647000001452,185659081.66674742,0.8909929791540333,0.15650754377693044,61358.00000013664,3.2757067122188128e-06,0.0446336981977193,0.02640827064113265,0.00023187338625250584,0.00013550797308915392,0.0002932259418844105
0.4675,608.0760920001452,185413989.16674662,0.8908631638163511,0.156300934841731,61277.00000013587,3.2795588657190794e-06,0.04465668100525419,0.026433231064627003,0.0002581133790298158,0.0002538673015800991,0.00012268199757934216
0.468,607.9357960001452,185238490.8334127,0.8906576228650209,0.15615299264121782,61219.00000013532,3.281908599368095e-06,0.04466752214135617,0.026446808437239396,0.00040081494103828315,6.563802931278272e-05,3.281904123208921e-05
0.4685,607.8287280001451,185023656.66674533,0.8905007626653216,0.15597189098196892,61148.00000013464,3.285140608235484e-06,0.04468557542047288,0.026468455964824254,0.0002787661837257471,0.0001339562291915954,3.285136123099425e-05
0.46900000000000003,607.7179680001451,184820925.83341134,0.8903384934932189,0.15580099223310026,61081.000000134,3.2881448096841194e-06,0.04470192939599749,0.02648610049338244,0.00027698142338355715,6.576275295087623e-05,0.00023972838868199838
0.46950000000000003,607.5850560001451,184621220.83341068,0.8901437704866957,0.15563264421182663,61015.00000013337,3.2909816826982607e-06,0.04471631801234508,0.02650480998209863,0.0003341582109122149,6.581949014829084e-05,3.290977181241334e-05
0.47000000000000003,607.448452000145,184400335.00007662,0.889943638507769,0.15544644109738762,60942.00000013268,3.2941830176170375e-06,0.04473303228493196,0.026524841231927533,0.00028996249042188165,6.588351655127214e-05,3.2941785071973646e-05
0.47050000000000003,607.334000000145,184167345.8334092,0.8897759603632629,0.1552500350725684,60865.00000013194,3.297729015161658e-06,0.044752885402404755,0.026547637341965465,0.0004289808556120352,6.595443617891627e-05,3.297724494857669e-05
0.47100000000000003,607.204780000145,183970666.66674188,0.889586646329143,0.15508423777888983,60800.000000131324,3.3005521532412597e-06,0.0447672741986104,0.02656504393876006,0.0003078804929637067,0.00014004030235823385,0.00015572833228639108
0.47150000000000003,607.090328000145,183749780.83340782,0.8894189681846368,0.15489803466445082,60727.00000013063,3.303896882198452e-06,0.04478573023823861,0.02658729962216173,0.00015182909301640773,6.60777929511705e-05,0.0001776083422428087
0.47200000000000003,606.9352640001449,183556127.50007385,0.8891917913436931,0.15473478809836733,60663.00000013002,3.306537745518197e-06,0.04479790338383906,0.02660288534838547,0.00030861465885659436,0.0002038287336490128,0.00017229222413232327
0.47250000000000003,606.7986600001449,183338267.50007313,0.8889916593647663,0.15455113571152337,60591.00000012933,3.309721796077858e-06,0.04481442329283857,0.026623410928545737,0.0004192541516236347,6.619429068341806e-05,3.309717242040707e-05
0.47300000000000003,606.6546720001448,183096200.83340567,0.8887807094410328,0.154347077503919,60511.000000128566,3.313311085859852e-06,0.04483339637172508,0.02664647129388422,0.00036290641907913156,0.00017006416303968065,3.3133065217252323e-05
0.47350000000000003,606.4996080001448,182878340.83340496,0.888553532600089,0.15416342511707504,60439.00000012788,3.3164102716386864e-06,0.0448486265833356,0.026666091479048325,0.00023932568499150157,6.632805957128206e-05,3.316405698729972e-05
0.47400000000000003,606.3703880001448,182639300.00007084,0.8883642185659691,0.15396191763706568,60360.00000012713,3.3200433203582666e-06,0.04486840456602952,0.026688136893437246,0.0003009151045057332,6.640072021043154e-05,0.00016543394247143885
0.47450000000000003,606.2374760001447,182448672.5000702,0.8881694955594459,0.15380122179857725,60297.00000012653,3.3227837050988215e-06,0.04488199834483265,0.026706120988417476,0.0004451681038948737,0.00010328619250335897,3.96773099765589e-05
0.47500000000000003,606.1193320001447,182209631.6667361,0.8879964084425364,0.1535997143185679,60218.00000012577,3.3264944693414737e-06,0.044902676643008045,0.02672979511493271,0.000340248135714048,0.00018093862929970223,8.419805172257606e-05
0.47550000000000003,605.9716520001447,182009926.66673544,0.8877800495463993,0.15343136629729429,60152.00000012515,3.3293329825339328e-06,0.04491635747079197,0.026746540782675347,0.00041166090739032715,0.00031478838777612543,5.8891317456548146e-05
0.47600000000000003,605.8092040001446,181704317.50006777,0.8875420547606486,0.15317374281019375,60051.000000124186,3.3340385761605178e-06,0.04494206282791843,0.026777267562195874,0.00019732558992315274,0.00011113751296072578,3.33403395346391e-05
0.47650000000000003,605.6726000001446,181477380.00006703,0.887341922781722,0.15298243824056462,59976.00000012347,3.3374550591369618e-06,0.04496001372682372,0.02679892756324092,0.00019214228948193302,6.674895336389748e-05,3.337450426754153e-05
0.47700000000000004,605.5027680001446,181289778.33339974,0.8870931100511644,0.15282429312967122,59914.000000122884,3.339971914393313e-06,0.0449706569629263,0.02681277987807507,0.0003223969679717473,6.679929022532955e-05,3.3399672747627974e-05
0.47750000000000004,605.3550880001445,181074944.16673237,0.8868767511550275,0.15264319147042232,59843.0000001222,3.3431190095673224e-06,0.04498635178592595,0.026832961574995668,0.0003259099139206753,0.00027341665800606854,0.000132595009894334
0.47800000000000004,605.2037160001445,180863135.83339834,0.8866549832864871,0.1524646405387685,59773.00000012154,3.3461971850229695e-06,0.045001430112255505,0.026851570280938583,0.00031713739387488567,0.00016060594255726932,3.3461925276241467e-05
0.47850000000000004,605.0818800001445,180678560.0000644,0.8864764871971741,0.15230904615547014,59712.000000120956,3.3489412357499905e-06,0.04501534623819969,0.026869146791179705,0.00031244321464310237,0.0002709051616400646,0.00019311833559733715
0.47900000000000004,604.9821960001444,180445570.83339697,0.8863304449422816,0.15211264013065093,59635.00000012022,3.352712916177458e-06,0.04503697764785192,0.02689414536072124,0.00031383337306108,0.00010911016834378693,0.00014796964412209192
0.47950000000000004,604.8529760001444,180200478.33339617,0.8861411309081618,0.15190603119545149,59554.00000011945,3.3565558848355635e-06,0.045057968711250895,0.026917753919080165,0.00026441092065542985,0.0001288469900928312,0.00015178648357771007
0.48,604.7089880001444,179958411.6667287,0.8859301809844283,0.15170197298784707,59474.00000011869,3.360270755890123e-06,0.045077529350961223,0.02694119439273374,0.0002822370331864015,6.720526515217119e-05,0.0002377646496188145
0.4805,604.5613080001443,179695164.16672784,0.8857138220882913,0.1514800596870773,59387.000000117856,3.3643716056777684e-06,0.04509951903896489,0.026967421346955258,0.00019851644394928197,0.00019935282665484093,9.387238666162668e-05
0.481,604.4173200001443,179513614.16672724,0.8855028721645578,0.15132701603137402,59327.00000011729,3.3669720416791246e-06,0.04511157206220302,0.026982325278813116,0.0001967073506246732,0.0001527363043053797,6.860564029313882e-05
0.4815,604.2733320001443,179292728.3333932,0.8852919222408242,0.151140812916935,59254.00000011659,3.3703170096028854e-06,0.04512859848591942,0.02700576339978147,0.0002514172010211307,6.837435054357006e-05,3.370312283374977e-05
0.482,604.1293440001442,179111178.3333926,0.8850809723170907,0.15098776926123172,59194.00000011602,3.3729293147501635e-06,0.04514070538999321,0.027020354756583962,0.00039767654572990654,6.745843512516371e-05,8.969570945192744e-05
0.4825,603.9964320001442,178929628.333392,0.8848862493105675,0.15083472560552844,59134.00000011545,3.3756088224513787e-06,0.045153664198588246,0.02703573516618713,0.0003081807750686793,7.161586102556301e-05,3.375604080938071e-05
0.483,603.8782880001442,178708742.50005794,0.8847131621936578,0.15064852249108943,59061.00000011475,3.3791200114339585e-06,0.0451727230633762,0.027058454218145185,0.00033077822682064766,0.00022981206431493736,0.00017863261286457907
0.4835,603.7527600001441,178515089.16672397,0.8845292571319414,0.1504852759250059,58997.000000114145,3.3820825052848607e-06,0.04518782297215572,0.027075716901066228,0.00033036339186713224,0.00025493593455299974,3.3820777451855896e-05
0.484,603.5792360001441,178279074.1667232,0.8842750354289804,0.15028631917259164,58919.000000113396,3.3855865519903266e-06,0.04520472805357625,0.02709838977015681,0.00025713063997560235,0.00013534688713195912,0.00020742791922937702
0.4845,603.475860000144,178030955.83338904,0.8841235842016846,0.15007715950979714,58837.00000011262,3.3897243160616924e-06,0.04522846985327652,0.02712407479435876,0.00033024403961292144,6.7794333559811e-05,3.3897195339906486e-05
0.485,603.368792000144,177855457.50005513,0.8839667240019853,0.14992921730928396,58779.00000011207,3.392467121791621e-06,0.04524275051940568,0.027142546823063416,0.00026297454202379495,6.910045038388568e-05,0.0002434896912304512
0.4855,603.265416000144,177622468.3333877,0.8838152727746894,0.14973281128446472,58702.00000011133,3.396335056372754e-06,0.045264656863387834,0.027165832154504105,0.00035129053685367385,6.7926547742941e-05,3.3963302552978764e-05
0.486,603.110352000144,177428815.00005373,0.8835880959337457,0.14956956471838123,58638.00000011072,3.399168009998609e-06,0.0452777107669858,0.027183291157499505,0.00037288872676070244,0.00017828734597982124,8.244464678807874e-05
0.4865,602.9922080001439,177220032.50005305,0.8834150088168361,0.14939356451432242,58569.00000011007,3.402505910272663e-06,0.0452954989446673,0.027205445973752095,0.00031236297474854376,6.804996422828032e-05,0.0001859623250141965
0.487,602.8740640001439,176987043.33338562,0.8832419216999264,0.1491971584895032,58492.000000109336,3.406317505765248e-06,0.04531642248002081,0.027227833504560275,0.00031798492444851594,0.0001964479667447859,3.406312675802183e-05
0.4875,602.7153080001439,176760105.83338487,0.8830093358865793,0.1490058539198741,58417.000000108615,3.4097926404743553e-06,0.04533356246484756,0.027250762596874985,0.0004193464498347336,6.819569813666747e-05,3.409787800397201e-05
0.488,602.5639360001438,176569478.33338425,0.8827875680180388,0.14884515808138565,58354.00000010801,3.4126166180455675e-06,0.045346635622757744,0.02726944354970826,0.0003036981123581798,0.0001355128476540803,3.4126117697053314e-05
0.4885,602.4384080001438,176324385.83338344,0.8826036629563224,0.1486385491461862,58273.00000010725,3.41664827104184e-06,0.04536868744962688,0.02729082817075845,0.0003693318362138832,0.0002254860815068031,0.00017642102999693285
0.489,602.3202640001438,176127706.66671613,0.8824305758394129,0.14847275185250763,58208.00000010662,3.41979280488734e-06,0.04538510942068905,0.027312162074011305,0.00032609078514888066,0.0003434413889837415,0.000355096994680997
0.4895,602.1836600001437,175943130.8333822,0.8822304438604862,0.1483171574692093,58147.00000010605,3.422603980887498e-06,0.045398610558238676,0.027329273653179515,0.0003529170192490171,6.845192371183274e-05,0.0001377975713601027
0.49,602.0839760001437,175743425.83338153,0.8820844016055938,0.14814880944793565,58081.000000105414,3.4259260233777747e-06,0.045416877986283966,0.027350168106974538,0.00038852061592072707,0.00011147423034914237,3.425921136369839e-05
0.4905,601.9436800001437,175540695.00004753,0.8818788606542636,0.147977910699067,58014.000000104774,3.429083381491572e-06,0.0454325071978895,0.027368366847519036,0.00030039305014157924,0.00012547267938213,3.4290784852441e-05
0.491,601.8255360001436,175331912.50004685,0.881705773537354,0.1478019104950082,57945.00000010412,3.4324928498112564e-06,0.04545062690141004,0.02739214981407741,0.000277116291993317,6.86497001415249e-05,3.432487943630354e-05
0.4915,601.7037000001436,175138259.16671288,0.881527277448041,0.1476386639289247,57881.00000010351,3.4355925590615018e-06,0.04546654140364987,0.027410933970737177,0.00030519481997273647,0.00017439376580476474,0.00021287313590329703
0.492,601.5670960001436,174917373.33337882,0.8813271454691143,0.14745246081448568,57808.00000010281,3.439150065749065e-06,0.04548491119074534,0.027430580587800388,0.0003763522958752098,6.878284381748948e-05,3.439145140096792e-05
0.4925,601.4600280001436,174732797.50004488,0.881170285269415,0.14729686643118733,57747.000000102234,3.442170197040364e-06,0.045500828648036146,0.02745109184931634,0.00041447141413530854,6.884324615255314e-05,0.00010024642781727438
0.493,601.3271160001435,174484679.16671073,0.8809755622628918,0.14708770676839283,57665.000000101456,3.4463032449147455e-06,0.045523106335697075,0.02747742376330291,0.00028778886101885526,0.0001857469146565027,3.446298298357233e-05
0.4935,601.1942040001435,174227483.33337656,0.8807808392563685,0.1468708949228132,57580.000000100634,3.450627837226949e-06,0.045546625229447434,0.027504440630625553,0.000319981158234501,6.901239814492826e-05,3.45062287802841e-05
0.494,601.0612920001435,174018700.83337587,0.8805861162498452,0.14669489471875438,57511.000000099986,3.454004018658109e-06,0.04556386427648618,0.027524413717634734,0.00035372661306717597,6.907992144549209e-05,8.688502840027007e-05
0.4945,600.9357640001434,173800840.83337516,0.8804022111881288,0.14651124233191043,57439.000000099295,3.457611373562153e-06,0.04558289084460834,0.0275479923316225,0.00034735531063221454,0.00013698665734204358,0.00020515699295392195
0.495,600.7807000001434,173607187.5000412,0.880175034347185,0.14634799576582694,57375.000000098684,3.4605750409959312e-06,0.0455965382157586,0.027565111813980216,0.00034194714181148947,0.0001992898889570891,3.4605700524787116e-05
0.4955,600.6440960001433,173449844.16670734,0.8799749023682583,0.14621535793088408,57323.000000098196,3.4629266972580732e-06,0.04560684240877127,0.02757931088790318,0.0003613646109646003,0.00019962225800865838,0.000217435316710149
0.496,600.5259520001433,173268294.16670674,0.8798018152513487,0.1460623142751808,57263.000000097614,3.465873285636199e-06,0.04562175412930143,0.027599000532291102,0.00037849973396692816,0.00012347184016751905,3.465868281408073e-05
0.4965,600.4225760001433,173065563.33337274,0.8796503640240528,0.1458914155263121,57196.00000009698,3.4693359235399203e-06,0.045640609147457684,0.02761982672945643,0.00036338965667515895,6.938655804386935e-05,3.469330909135156e-05
0.497,600.2896640001433,172859806.6667054,0.8794556410175296,0.14571796604984838,57128.000000096334,3.4726966064330634e-06,0.04565765506583258,0.02764116830244832,0.00023374885702444304,6.945377137298839e-05,0.0001897406646474623
0.4975,600.1567520001432,172605636.66670457,0.8792609180110064,0.14550370493186376,57044.00000009553,3.477040284373939e-06,0.04568114255542376,0.027667278964873757,0.00031628185396996637,0.00015514608940607875,0.0002495963370333133
0.498,600.0053800001432,172402905.83337057,0.8790391501424659,0.1453328061829951,56977.00000009489,3.480250968507778e-06,0.04569646466039368,0.02768749386762016,0.00038770523044214027,8.471248380507404e-05,3.480245921799971e-05
0.4985,599.8503160001432,172197149.16670322,0.8788119733015222,0.14515935670653138,56909.000000094245,3.4835089831796865e-06,0.04571194086672089,0.027708340665784596,0.00036590859211132587,0.0002066603717853469,3.4835039267571746e-05
0.499,599.6841760001431,172024676.66670266,0.878568569543368,0.14501396523361323,56852.0000000937,3.4860357689381363e-06,0.045722183438313586,0.027720583388376692,0.00027023684669109373,0.0002070464877702469,0.00021839971760604743
0.4995,599.5623400001431,171821945.83336866,0.8783900734540551,0.14484306648474457,56785.00000009306,3.48943982150914e-06,0.0457398542974476,0.027743367255099242,0.00040025741789098294,6.978863402222059e-05,3.489434747366912e-05
0.5,599.455272000143,171616189.16670132,0.8782332132543558,0.14466961700828082,56717.00000009242,3.492999552727834e-06,0.045759092637843515,0.027765545460166876,0.0003472708029165885,6.98598283005283e-05,0.00021861269851718653
0.5005000000000001,599.340820000143,171392277.50003392,0.8780655351098495,0.14448086316624678,56643.00000009171,3.496895127028255e-06,0.04578023099735738,0.027789666655690298,0.0003541896405211494,6.993773940772966e-05,3.496890030803826e-05
0.501,599.163604000143,171116926.66669968,0.8778059044344853,0.1442487469550968,56552.00000009085,3.5014864728560114e-06,0.04580350211188254,0.027817301011874032,0.0002677906879512263,0.00013779416742737828,0.0002037517228711856
0.5015000000000001,598.9716200001429,170923273.3333657,0.8775246378695072,0.14408550038901327,56488.00000009023,3.504330383562918e-06,0.04581475739212011,0.027833726592481185,0.0003579866558459277,0.00019738313238710798,3.504325265012347e-05
0.502,598.8276320001429,170747775.0000318,0.8773136879457736,0.1439375581885001,56430.00000008968,3.5070889327842275e-06,0.0458272768759702,0.027851268253692506,0.00030580106336142886,0.00018455129224166476,3.5070838059251446e-05
0.5025000000000001,598.6910280001429,170526889.16669774,0.8771135559668469,0.1437513550740611,56357.000000088985,3.5108306433415044e-06,0.04584648674699981,0.02787435193424143,0.0002851582687513891,7.021644834191665e-05,3.5108255053020875e-05
0.503,598.5507320001428,170315080.8333637,0.8769080150155169,0.14357280414240725,56287.00000008832,3.5143730612191937e-06,0.04586423556589619,0.027894907727122616,0.0003331942691344551,7.028729634795141e-05,7.99626410129245e-05
0.5035000000000001,598.4473560001428,170069988.3333629,0.876756563788221,0.1433661952072078,56206.00000008755,3.5188298762453927e-06,0.04588934479306398,0.027923762518850728,0.0004145951459562774,7.037643221573513e-05,3.518824714344795e-05
0.504,598.2627560001428,169833973.33336213,0.8764861151680498,0.1431672384547935,56128.0000000868,3.5226329824235478e-06,0.04590705437744856,0.027947498360328074,0.0003963645922108322,0.0001925144285724085,3.522627809039199e-05
0.5045000000000001,598.1372280001427,169634268.33336148,0.8763022101063334,0.1429988904335199,56062.00000008618,3.5260400736052743e-06,0.04592443093454851,0.027968648138324864,0.00039079858882194463,7.052063544170496e-05,3.526034889990632e-05
0.505,598.0596960001427,169392201.66669402,0.8761886216858614,0.14279483222591552,55982.00000008541,3.530621186310099e-06,0.04595127580675666,0.027996156034076694,0.00034199051370957875,0.0002869291637590127,0.00013903790009159805
0.5055000000000001,597.9157080001427,169147109.1666932,0.8759776717621278,0.14258822329071608,55901.00000008464,3.5348857627291828e-06,0.045973484023649716,0.028023188152125615,0.0003009737878109833,0.00014286553269229497,0.00015042582480710712
0.506,597.7717200001426,168935300.83335918,0.8757667218383943,0.1424096723590622,55831.00000008397,3.5384654187214275e-06,0.045991217254965425,0.028043548302888063,0.000396671237180691,7.076914112062801e-05,3.538460197869607e-05
0.5065000000000001,597.5871200001426,168741647.5000252,0.8754962732182231,0.14224642579297872,55767.00000008336,3.5414322951899192e-06,0.04600338930610485,0.028061293410380734,0.00037483577355273626,7.082847834348358e-05,3.541427065255387e-05
0.507,597.5169720001426,168511684.16669112,0.875393502742558,0.14205257049575454,55691.00000008264,3.545848912227837e-06,0.04602936455186756,0.028088661961074627,0.00025610798257692027,0.00028895412353707175,3.545843669116895e-05
0.5075000000000001,597.3877520001425,168287772.50002372,0.8752041887084382,0.1418638166537205,55617.000000081935,3.549798913643939e-06,0.046050015026006835,0.02811387468036323,0.00040123427920901684,0.0001726103775164909,3.549793658616985e-05
0.508,597.2474560001425,168085041.66668972,0.8749986477571081,0.1416929179048518,55550.000000081294,3.553245726555941e-06,0.04606695624232752,0.028136221769666396,0.0002806960689628204,0.00021640458254664974,3.553240461070675e-05
0.5085000000000001,597.1330040001425,167833897.50002223,0.874830969612602,0.14148120751446225,55467.0000000805,3.5578808148697338e-06,0.04609257575065235,0.02816504545538637,0.00037973365222055723,7.115744711253104e-05,3.557875535435112e-05
0.509,597.0037840001424,167570650.00002137,0.8746416555784821,0.1412592942136925,55380.00000007967,3.5626989809973664e-06,0.046118784102137385,0.028193510695045488,0.0003313432980311606,8.838691619206323e-05,2.6027337555366224e-05
0.5095000000000001,596.8191840001424,167343712.50002062,0.8743712069583109,0.14106798964406336,55305.000000078966,3.5664272955583487e-06,0.046135774600283716,0.028216426741197988,0.0003704102314892475,4.842805781302147e-05,3.566421990169532e-05
0.51,596.7158080001424,167104671.6666865,0.874219755731015,0.14086648216405404,55226.00000007821,3.5709103883724747e-06,0.04616076409155652,0.028244979351292162,0.00025632184617512666,7.141803728143086e-05,3.570905069452193e-05
0.5105000000000001,596.5902800001423,166917070.00001922,0.8740358506692986,0.14070833705316063,55164.00000007761,3.5741717728454834e-06,0.04617698126117417,0.028264056294013167,0.00033103351531183335,0.00015419840024984946,3.574166443979796e-05
0.511,596.4499840001423,166738545.83335197,0.8738303097179685,0.1405578441250524,55105.00000007706,3.577157165543884e-06,0.046190830152610614,0.028282000595086638,0.00036496332962626145,0.000238311002149147,0.00011362571610194434
0.5115000000000001,596.3355320001423,166563047.50001806,0.8736626315734624,0.14040990192453923,55047.0000000765,3.5802390803402996e-06,0.04620628992814188,0.028301592165373476,0.00035095205013297196,7.16046101740729e-05,0.00022117213043124168
0.512,596.2358480001423,166369394.1666841,0.8735165893185699,0.1402466553584557,54983.000000075896,3.5838072921199594e-06,0.046225445668994926,0.028322913122969376,0.00029400318839826827,7.167597405337934e-05,3.5838019338437906e-05
0.5125,596.1066280001422,166163637.50001675,0.87332727528445,0.14007320588199199,54915.00000007525,3.587467372336996e-06,0.04624403227483133,0.028345322349039217,0.00039291353090596383,0.00014292466001984385,3.587462002876667e-05
0.513,595.9884840001422,165954855.00001606,0.8731541881675404,0.13989720567793318,54846.000000074586,3.5912687459495204e-06,0.04626394117737593,0.0283692278738015,0.0003291184491283863,7.182520237798922e-05,0.00013664537955982762
0.5135,595.8297280001422,165727917.50001532,0.8729216023541932,0.13970590110830408,54771.00000007387,3.5952284744064747e-06,0.04628327383552565,0.02839166397021356,0.0002898779405220304,7.190439654331787e-05,0.00010431030172883401
0.514,595.7189680001421,165497954.16668123,0.8727593331820905,0.1395120458110799,54695.000000073145,3.599554876673363e-06,0.04630680882433435,0.028418969626145776,0.00033487796840772226,0.0001404593930468501,3.599549470261506e-05
0.5145,595.5860560001421,165310352.50001395,0.8725646101755672,0.1393539007001865,54633.000000072556,3.602835799410033e-06,0.04632273941652219,0.028440172113541783,0.00030749556324489796,7.205654227507848e-05,3.602830382894893e-05
0.515,595.4789880001421,165086440.83334655,0.8724077499758679,0.13916514685815243,54559.00000007185,3.6070738759294797e-06,0.046345810153008475,0.028465398804915547,0.0003924350677876294,0.00020177099664286585,3.6070684464673896e-05
0.5155,595.335000000142,164865555.0000125,0.8721968000521344,0.13897894374371345,54486.00000007116,3.6110332446343744e-06,0.046365632627846966,0.028488716953144103,0.0004182904971332385,0.0002021637275159327,0.0002526159455086942
0.516,595.198396000142,164668875.83334517,0.8719966680732076,0.13881314645003487,54421.00000007054,3.614516665569021e-06,0.046382668417950045,0.028510018842619316,0.0003568133150297022,0.0001540591071719742,0.00020292976995752953
0.5165,595.010104000142,164426809.1666777,0.8717208104806331,0.13860908824243048,54341.00000006978,3.6186927607224104e-06,0.04640211372939985,0.028535876931807376,0.00036856558343251146,7.237367988372651e-05,0.0002043505124325961
0.517,594.8181200001419,164257362.5000105,0.871439543915655,0.1384662474971074,54285.00000006924,3.6212569771422203e-06,0.04641106190396516,0.02855070084460184,0.00033336677861841137,7.242496393510202e-05,0.00015203084128860065
0.5175,594.6778240001419,164027399.1666764,0.8712340029643248,0.13827239219988324,54209.00000006852,3.625478590902122e-06,0.046432629839550967,0.028575645495271557,0.0003508867015419164,7.250939577976671e-05,3.625473104405356e-05
0.518,594.5412200001418,163839797.50000912,0.8710338709853982,0.13811424708898984,54147.00000006793,3.6287961110310135e-06,0.04644853342527043,0.02859673837924397,0.000294728431983816,0.00012938664213624172,0.00014507320091830018
0.5185,594.3640040001418,163640092.50000846,0.8707742403100338,0.1379458990677162,54081.0000000673,3.6321417014605457e-06,0.04646301401170406,0.02861505043420347,0.00031326294689179037,7.26426572964232e-05,0.00025698826454158605
0.519,594.1904800001417,163422232.50000775,0.870520018607073,0.13776224668087228,54009.00000006661,3.635921936142401e-06,0.046480399975521995,0.028638237769971264,0.0004030332057486328,0.00023100384628768717,3.635916417080326e-05
0.5195,594.0428000001417,163264889.1666739,0.8703036597109359,0.13762960884592942,53957.00000006612,3.6385214422538524e-06,0.04649123405391724,0.028652543916311227,0.00022558268204930744,0.0001760769778714194,3.638515915020301e-05
0.52,593.8508160001417,163028874.16667312,0.8700223931459579,0.13743065209351513,53879.000000065374,3.642611279968825e-06,0.04650983825521179,0.028678321117527283,0.00029049395466143786,7.285204776909764e-05,3.642605739941612e-05
0.5205,593.7031360001416,162835220.83333915,0.869806034249821,0.13726740552743164,53815.00000006476,3.646036360940568e-06,0.04652591310819862,0.02869798089042401,0.0004166540463219827,0.00016093863830404816,7.163700157441812e-05
0.521,593.5591480001416,162617360.83333844,0.8695950843260873,0.13708375314058768,53743.00000006408,3.6500355494544165e-06,0.04654577698344653,0.028722784201591873,0.0002868108838933001,3.6775769981487565e-05,0.00018734944938985965
0.5215,593.4225440001416,162342010.0000042,0.8693949523471607,0.1368516369294377,53652.000000063206,3.655384973982558e-06,0.04657451242416997,0.028755383133921907,0.0003729102886623092,7.53273434114687e-05,0.00019003919339962016
0.522,593.2527120001415,162124150.0000035,0.8691461396166031,0.13666798454259374,53580.00000006253,3.6592494825732547e-06,0.04659245681025003,0.028777839986315733,0.00037930832524092764,0.00021339635816261643,0.00010015140146709576
0.5225,593.1271840001415,161894186.6666694,0.8689622345548867,0.13647412924536956,53504.0000000618,3.6636719094883588e-06,0.04661567063841418,0.0288037459018306,0.00028813932902127976,7.327325818690843e-05,3.663666303835258e-05
0.523,592.9979640001415,161676326.66666868,0.8687729205207669,0.1362904768585256,53432.00000006112,3.667809482230118e-06,0.04663690487327566,0.028829716269368616,0.0003318954969311148,7.335600921517209e-05,3.6678038636612576e-05
0.5235,592.8170560001414,161470570.00000134,0.8685078808729991,0.13611702738206188,53364.00000006046,3.6713628743624085e-06,0.04665237257906868,0.028849542403939565,0.00035765279820222775,7.342707668030154e-05,0.00029456869031457383
0.524,592.6841440001414,161267839.16666734,0.8683131578664759,0.13594612863319322,53297.00000005982,3.6751539988553654e-06,0.04667122061206534,0.02887469253556966,0.00027447624896736523,7.494456356290281e-05,3.675148357159457e-05
0.5245,592.5216960001413,161074185.83333337,0.8680751630807252,0.1357828820671097,53233.00000005921,3.6785639668744634e-06,0.04668646792883934,0.02889456653966862,0.000372806864003525,7.357109777505714e-05,3.6785583143915115e-05
0.525,592.3998600001413,160886584.1666661,0.8678966669914122,0.1356247369562163,53171.00000005863,3.682096074502152e-06,0.0467040739310809,0.02891631815370157,0.0002862029572097012,6.865789104650067e-05,3.6820904109238284e-05
0.5255,592.2374120001413,160692930.83333212,0.8676586722056615,0.13546149039013278,53107.00000005801,3.6855224988982215e-06,0.046719392387831384,0.02893455083827224,0.0004600002063652899,7.371026768396519e-05,3.685516824459904e-05
0.526,592.0971160001412,160484148.33333144,0.8674531312543314,0.135285490186074,53038.000000057364,3.6894429895364736e-06,0.046738697746461805,0.02895835979595012,0.00048220764813870125,0.0002940643607287999,0.00019508078840131156
0.5265,591.9051320001412,160242081.66666397,0.8671718646893534,0.1350814319784696,52958.0000000566,3.69381828945173e-06,0.0467588206660047,0.02898479147721625,0.00036218097242807473,0.0001821284113441401,3.693812588792698e-05
0.527,591.6909960001411,160024221.66666326,0.8668581442899548,0.13489777959162566,52886.000000055916,3.6975089760639905e-06,0.04677371133757166,0.029006671154142034,0.0003838089199671049,7.394999595432717e-05,7.397417570358216e-05
0.5275,591.5285480001411,159806361.66666254,0.8666201495042041,0.1347141272047817,52814.000000055225,3.701533166958652e-06,0.04679273274925708,0.02903027350108721,0.0003409540788625508,7.403047934699583e-05,3.7015274417252557e-05
0.528,591.406712000141,159546139.99999502,0.8664416534148911,0.13449476463160698,52728.0000000544,3.706806770757096e-06,0.046821231247792576,0.029061371137464702,0.0003733923521385771,0.0002195859296569968,3.7068010289592595e-05
0.5285,591.244264000141,159334331.666661,0.8662036586291404,0.13431621369995314,52658.00000005374,3.710714808388358e-06,0.046839471946680124,0.029086354733572465,0.00034532572530708935,7.421411121690582e-05,3.710709054157301e-05
0.529,591.107660000141,159101342.49999356,0.8660035266502137,0.13411980767513393,52581.000000053,3.7152902088187275e-06,0.046862925450812234,0.029113888147726842,0.000368612132619089,0.00020910606742291523,3.715284440118965e-05
0.5295,590.993208000141,158922818.3333263,0.8658358485057076,0.1339693147470257,52522.00000005244,3.7187435649460097e-06,0.04688016067392111,0.02913500941016231,0.0002848147601087909,7.437468550710573e-05,3.718737785290747e-05
0.53,590.7938400001409,158720087.4999923,0.8655437639959227,0.133798415998157,52455.000000051805,3.7222373633089733e-06,0.0468942659246176,0.02915294460837733,0.00037675546207829527,7.444456109345007e-05,0.00017029087947659127
0.5305,590.6646200001409,158538537.49999171,0.8653544499618029,0.13364537234245372,52395.00000005124,3.7256848039245456e-06,0.04691084593120867,0.029175271462445536,0.0003214009512871346,0.00011113078344913378,0.00019204243144248963
0.531,590.5243240001408,158347909.9999911,0.8651489090104727,0.13348467650396525,52332.000000050626,3.7292839798149156e-06,0.046927925198626604,0.029196028364527227,0.00037137978555702706,0.0001369019140795688,0.00019604316924246829
0.5315,590.3914120001408,158093739.99999025,0.8649541860039495,0.13327041538598067,52248.00000004983,3.7344388968227153e-06,0.04695506265221408,0.029226761503893577,0.00042656999219022024,0.0003044131955513011,0.00023843980113475178
0.532,590.2178880001408,157894034.9999896,0.8646999643009885,0.13310206736470703,52182.0000000492,3.738063239692238e-06,0.04697093826620681,0.029249400528383828,0.0003293753078352625,0.0001022354970086884,3.4533584091208264e-05
0.5325,590.0554400001407,157654994.16665548,0.8644619695152379,0.1329005598846977,52103.00000004844,3.7427005920053454e-06,0.046993596261391005,0.029277138464677874,0.00042143646391097243,0.00018664134310848165,0.0002056476499183066
0.533,589.8819160001407,157397798.3333213,0.8642077478122769,0.13268374803911803,52018.00000004764,3.7477138959145273e-06,0.047018144281590735,0.029306648898088396,0.0004085834435808142,0.00012941162764850675,3.7477080236188496e-05
0.5335,589.7416200001406,157155731.66665384,0.8640022068609469,0.13247968983151365,51938.00000004688,3.7525937727238186e-06,0.04704315000651486,0.029336184972638346,0.0003326386149887734,7.505168606262614e-05,3.752587884841682e-05
0.534,589.5902480001406,156916690.83331972,0.8637804389924064,0.13227818235150432,51859.00000004613,3.7573456645629623e-06,0.04706688419279191,0.029364533727435787,0.00036347916270003963,0.00028395551065938925,0.00013682477152561454
0.5345,589.4351840001406,156732114.99998578,0.8635532621514626,0.13212258796820597,51798.00000004554,3.7607811519687206e-06,0.047082204190117036,0.02938374650913863,0.00037471977834214207,7.521543277032492e-05,0.00022035874678954544
0.535,589.2911960001405,156514254.99998507,0.8633423122277291,0.13193893558136202,51726.000000044856,3.7650960035569714e-06,0.04710345149113955,0.0294096413189669,0.00032793134352393407,5.5341665418924406e-05,0.00012922438921235063
0.5355,589.1287480001405,156314549.9999844,0.8631043174419784,0.1317705875600884,51660.00000004423,3.768866992869181e-06,0.04712053802243634,0.029431570085661354,0.00029293544581596067,7.537714871914408e-05,0.00019265965024614225
0.536,589.0253720001405,156102741.66665038,0.8629528662146825,0.13159203662843455,51590.00000004357,3.7733185574534928e-06,0.04714422097671633,0.029458062866007193,0.0003630192218179038,0.0002523160812215738,3.773312602888927e-05
0.5365,588.8813840001404,155915139.9999831,0.862741916290949,0.13143389151754115,51528.00000004297,3.776935222584569e-06,0.04716104367858914,0.02948067894469357,0.00042713230919155,7.553851245353102e-05,3.776929256303755e-05
0.537,588.7263200001404,155736615.83331585,0.8625147394500051,0.13128339858943291,51469.000000042404,3.7802691220043674e-06,0.04717564121757669,0.029500007369263698,0.0004689505792865261,0.0002822578341604775,0.00013587122186512645
0.5375,588.5749480001404,155564143.33331528,0.8622929715814648,0.1311380071165148,51412.00000004186,3.783487218767671e-06,0.047189649125324064,0.029519910434354184,0.00043757160048372117,0.00016775050407671376,3.783481231136254e-05
0.538,588.4568040001403,155349309.1666479,0.8621198844645552,0.1309569054572659,51341.00000004119,3.7879589369070504e-06,0.04721278847201779,0.029545251699857233,0.00036965915325743646,7.575898554725859e-05,3.787952934868954e-05
0.5385,588.2795880001403,155061854.9999803,0.8618602537891908,0.13071458633573568,51246.00000004029,3.793838194443211e-06,0.04724229828861267,0.029579540088128155,0.00037962326277527576,0.00012726335529495884,0.00014069970483398072
0.539,588.1171400001402,154834917.49997956,0.8616222590034401,0.13052328176610656,51171.000000039574,3.798349555100954e-06,0.04726385139555509,0.029607514024055072,0.0003907766044902757,0.00010123932310467673,3.302225377882617e-05
0.5395,587.9953040001402,154629160.8333122,0.8614437629141272,0.13034983228964284,51103.00000003892,3.8026158897285218e-06,0.04728548880786516,0.02963218486779872,0.00035467643093645043,7.605212302860584e-05,3.8026098401882926e-05
0.54,587.8771600001402,154435507.49997824,0.8612706757972176,0.13018658572355932,51039.00000003831,3.8066191481270784e-06,0.04730561927191089,0.02965782010570075,0.0003634636591136096,0.000165026633759501,0.0001499179806172111
0.5405,587.6925600001401,154238828.33331093,0.8610002271770464,0.13002078842988077,50974.0000000377,3.810276350972619e-06,0.04732090678548144,0.029677065839408774,0.0004391095940116645,6.565947968547438e-05,3.810270276398014e-05
0.541,587.5374960001401,154014916.66664353,0.8607730503361026,0.1298320345878467,50900.00000003699,3.8148090374377915e-06,0.047342797754965936,0.02970403546607167,0.0002920554903362604,7.629598465461106e-05,6.69258727208126e-05
0.5415,587.35658800014,153800082.49997616,0.8605080106883348,0.1296509329285978,50829.00000003631,3.818961462522174e-06,0.047361263904733386,0.029728189640285757,0.00040949756043999073,0.00016244881771843627,3.8189553595136166e-05
0.542,587.18306400014,153521705.83330858,0.8602537889853739,0.12941626598985276,50737.000000035434,3.824755990124902e-06,0.04739017913499652,0.029763131647981424,0.0003946459632350306,0.00013943227993541671,5.801331284589525e-05
0.5425,587.01323200014,153325026.66664127,0.8600049762548164,0.12925046869617418,50672.000000034815,3.828554573001458e-06,0.04740684893020617,0.029785336500450184,0.0003251764601926143,7.647827202362735e-05,0.00018441567632407127
0.543,586.8507840001399,153113218.33330724,0.8597669814690657,0.12907191776452034,50602.000000034146,3.832789816504564e-06,0.04742649929222412,0.02981023692324419,0.00041031625075893096,4.657493652831265e-05,0.00018176483454480203
0.5435,586.7031040001399,152898384.16663986,0.8595506225729287,0.12889081610527145,50531.00000003347,3.837209315179603e-06,0.04744786334885848,0.029835027814490492,0.00036929336585988967,7.674398775722704e-05,3.8372031523126006e-05
0.544,586.5554240001399,152671446.66663912,0.8593342636767918,0.12869951153564235,50456.000000032756,3.841945804580567e-06,0.047471162452569805,0.02986439674028829,0.0003774417342274435,0.0001866308859420731,3.8419396261731144e-05
0.5445,586.4335880001398,152486870.83330518,0.8591557675874788,0.128543917152344,50395.00000003218,3.845797246644364e-06,0.047490017762104784,0.029886429020103945,0.0003738048491957115,9.821675447990471e-05,3.8457910555814276e-05
0.545,586.2711400001398,152317424.16663796,0.8589177728017281,0.12840107640702092,50339.000000031636,3.849009023148585e-06,0.04750326317960595,0.029906496010845177,0.00027446829588826174,7.69799806192219e-05,3.849002821390547e-05
0.5455,586.1197680001397,152147977.49997073,0.8586960049331878,0.12825823566169786,50283.000000031105,3.852300751091171e-06,0.047517435990553206,0.029923607574695713,0.00041681960037814566,7.704581480996033e-05,0.00012019292029075871
0.546,585.9831640001397,151945246.66663674,0.858495872954261,0.12808733691282917,50216.000000030464,3.856541595445687e-06,0.04753804309622504,0.02994960661409612,0.000410441108928983,7.713063123233661e-05,0.00017038992333523941
0.5465,585.8428680001397,151760670.8333028,0.8582903320029309,0.12793174252953082,50155.00000002988,3.86030758024022e-06,0.047555554400799636,0.029971161225712032,0.0004469648959662196,7.720595051174759e-05,0.00015410955435980983
0.547,585.7099560001396,151503474.99996862,0.8580956089964077,0.12771493068395118,50070.000000029075,3.865983641631064e-06,0.04758510471280507,0.030004473970130157,0.00039713307799017067,0.00012200143876132655,4.679802008100901e-05
0.5475,585.5401240001396,151285614.9999679,0.8578467962658501,0.12753127829710723,49998.00000002839,3.870428288904162e-06,0.047605547329328785,0.03003146243234245,0.0004206940329079753,7.740836357633745e-05,0.00013022634867049587
0.548,585.3666000001396,151064729.16663384,0.8575925745628892,0.12734507518266822,49925.0000000277,3.874938930016176e-06,0.04762622068982481,0.03005604591084213,0.0003202605329240913,7.749857589660132e-05,3.874932642438296e-05
0.5485,585.1856920001395,150858972.4999665,0.8573275349151214,0.1271716257062045,49857.000000027045,3.879024775939459e-06,0.04764395935428294,0.030081879916411123,0.0004091170934913812,8.68338605994365e-05,1.850061885924203e-05
0.549,585.0306280001395,150644138.33329913,0.8571003580741776,0.1269905240469556,49786.00000002637,3.883527327865643e-06,0.04766528600732872,0.030107593675938606,0.0003946613613003491,0.000119623086680738,4.506292277474693e-05
0.5495,584.8866400001394,150480743.3332986,0.856889408150444,0.12685278475682263,49732.00000002585,3.886787286162447e-06,0.04767941915227436,0.030127981043849974,0.00046920707065118897,7.77355416933122e-05,0.0002112382292500898
0.55,584.7426520001394,150305244.99996468,0.8566784582267105,0.12670484255630945,49674.000000025306,3.8903675783255384e-06,0.04769550193561626,0.03014529294887877,0.0004156381272769707,0.00018732368775264662,0.0001546184639213438
0.5505,584.6171240001394,150126720.83329743,0.8564945531649941,0.1265543496282012,49615.00000002474,3.894157687286765e-06,0.04771360720245513,0.030168153734638447,0.0004259938721531262,0.0002001809789225189,9.198806735501165e-05
0.551,584.4583680001393,149939119.16663015,0.8562619673516468,0.1263962045173078,49553.00000002415,3.897971198234264e-06,0.04773048213740213,0.03018975889765079,0.00036062122939486095,7.795921868275962e-05,6.136185566010432e-05
0.5515,584.2996120001393,149757569.16662955,0.8560293815382997,0.1262431608616045,49493.00000002358,3.9016365934065836e-06,0.04774643214940267,0.03021181349567321,0.0003265085133692623,7.803252617165113e-05,3.9016302165152546e-05
0.552,584.1556240001393,149582070.83329564,0.855818431614566,0.12609521866109133,49435.00000002303,3.905251617028098e-06,0.04776266037061148,0.03023376905437227,0.00043604597083235047,7.810482623699875e-05,3.905245227992732e-05
0.5525,584.0042520001392,149373288.33329496,0.8555966637460257,0.12591921845703255,49366.00000002237,3.909696696889052e-06,0.04778364279923786,0.03025849069158961,0.0004873292692131808,0.00018449563438933833,0.00015337217198775808
0.553,583.8454960001392,149197789.99996105,0.8553640779326784,0.12577127625651938,49308.00000002181,3.913231529771933e-06,0.04779874081266192,0.030279332535917875,0.00038932090675470324,0.00015690115319154529,0.00023296743170841256
0.5535,583.6682800001391,149004136.66662708,0.855104447257314,0.12560802969043586,49244.0000000212,3.91712802783458e-06,0.04781527364012274,0.03030195242550347,0.00033648962283239344,7.83423531099184e-05,3.9171215987836985e-05
0.554,583.5464440001391,148789302.4999597,0.8549259511680011,0.12542692803118696,49173.00000002053,3.921965048530939e-06,0.047839792698912684,0.030329582146721417,0.0004076281872187063,7.843909298919471e-05,3.9219586033174826e-05
0.5545,583.4172240001391,148589597.49995905,0.8547366371338813,0.12525858000991333,49107.0000000199,3.926366541239873e-06,0.04786132958737595,0.03035538303106102,0.00046756334283855507,7.85271223528855e-05,3.926360081259246e-05
0.555,583.306464000139,148411073.3332918,0.8545743679617785,0.1251080870818051,49048.00000001934,3.930343274926581e-06,0.04788101538591839,0.030378773041974214,0.0004696820087648723,0.00028218596141501375,0.00013534490375002986
0.5555,583.114480000139,148244652.49995792,0.8542931013968005,0.12496779706407708,48993.000000018816,3.9334604666451935e-06,0.04789211571115782,0.030396296801727004,0.00042232939122077744,7.86690000519291e-05,0.00016611337845698227
0.556,582.966800000139,148081257.49995738,0.8540767425006635,0.12483005777394413,48939.0000000183,3.936803413492803e-06,0.04790639494300432,0.030416380952811697,0.0003384212268970678,0.0001549514726098877,3.9367969180971234e-05
0.5565,582.8301960001389,147911810.83329016,0.8538766105217368,0.12468721702862105,48883.00000001777,3.9403898357856e-06,0.04792259554617376,0.03043533874815555,0.0003981458470637081,7.880758664477983e-05,0.00016829165093048117
0.557,582.6345200001389,147727234.99995622,0.8535899349843553,0.1245316226453227,48822.000000017186,3.943988527236102e-06,0.04793642499749504,0.030455308521386646,0.00041205034703056093,7.887956005405369e-05,0.00017562914102890815
0.5575,582.4240760001388,147485168.33328876,0.8532816235573601,0.12432756443771831,48742.00000001642,3.949034893352597e-06,0.04795841918915346,0.03048522138475332,0.000413062245681365,0.00016282359984125762,0.0001462722160441239
0.558,582.2763960001388,147291514.9999548,0.8530652646612232,0.1241643178716348,48678.00000001582,3.953224298088845e-06,0.0479777673890132,0.030508735104751324,0.00031695700380085864,7.906427441814134e-05,3.953217746804772e-05
0.5585,582.1324080001388,147070629.16662073,0.8528543147374896,0.12397811475719579,48605.00000001512,3.95818261809857e-06,0.04800190974081284,0.030538248676207837,0.0002757157685304167,7.916344026072705e-05,3.958176050037591e-05
0.559,581.9219640001387,146870924.16662008,0.8525460033104945,0.12380976673592217,48539.00000001449,3.962131833118773e-06,0.048017168730496204,0.03056086178633691,0.0003976307814546172,7.924242409867027e-05,3.9621252514572964e-05
0.5595,581.7890520001387,146634909.1666193,0.8523512803039712,0.12361080998350789,48461.000000013744,3.967602635052336e-06,0.04804481993798915,0.030593117610759387,0.0003698806870588321,7.935183952521322e-05,3.9675960348937826e-05
0.56,581.6118360001386,146459410.8332854,0.8520916496286068,0.12346286778299471,48403.0000000132,3.971146904736541e-06,0.04805895322412666,0.030612167759065383,0.00039181870818204127,7.942272450483038e-05,0.0002390026534074164
0.5605,581.4604640001386,146271809.1666181,0.8518698817600665,0.12330472267210131,48341.0000000126,3.975205251873226e-06,0.048077246462152085,0.03063666402851299,0.0003599937089835408,7.95038909824895e-05,3.975198625628911e-05
0.561,581.3054000001385,146060000.83328408,0.8516427049191226,0.12312617174044747,48271.00000001194,3.979908234175985e-06,0.04809926277053012,0.030664267755133978,0.00029769443407135355,0.00025323276612808116,0.00017496509915526694
0.5615,581.1466440001385,145914760.8332836,0.8514101191057754,0.12300373681588483,48223.00000001148,3.982781732851096e-06,0.04811005263926059,0.030679870418396402,0.0002825945767621653,7.965541972639552e-05,3.982775080587792e-05
0.562,580.9952720001385,145672694.16661614,0.851188351237235,0.12279967860828045,48143.00000001072,3.988360861477671e-06,0.04813746693345118,0.030711574341460452,0.0003712397041971353,7.976700166782603e-05,3.988354190207626e-05
0.5625,580.8328240001384,145476014.99994883,0.8509503564514843,0.12263388131460189,48078.00000001009,3.992636339401672e-06,0.0481565276319122,0.030734972444533274,0.00042976770971879795,0.00014645244259048462,3.992629653437237e-05
0.5630000000000001,580.6851440001384,145297490.83328158,0.8507339975553474,0.12248338838649364,48019.00000000953,3.99652561561736e-06,0.048173851424423424,0.03075859735180016,0.00043870207933028536,7.993029580841702e-05,0.00019108143902684484
0.5635,580.5079280001383,145079630.83328086,0.850474366879983,0.1222997359996497,47947.00000000885,4.001305522118626e-06,0.04819529520747455,0.03078630064124498,0.000393037455537421,0.0001980128810853453,9.026361385914067e-05
0.5640000000000001,580.3602480001383,144895054.99994692,0.8502580079838461,0.12214414161635134,47886.000000008265,4.005383399732661e-06,0.04821371381069118,0.03080915612104891,0.00043905050611610624,8.010745046808919e-05,4.0053766698837906e-05
0.5645,580.2199520001383,144686272.49994624,0.8500524670325159,0.12196814141229256,47817.00000000761,4.0101935171517665e-06,0.04823682389743356,0.030836166367920533,0.0004868900798986298,8.020365226689703e-05,4.0101867707942764e-05
0.5650000000000001,580.0575040001382,144510774.16661233,0.8498144722467653,0.12182019921177938,47759.00000000706,4.013939495828639e-06,0.04825259174110738,0.030859012458122486,0.00041543127329596346,8.027857140172252e-05,4.0139327364727106e-05
0.5655,579.8802880001382,144374611.66661188,0.8495548415714009,0.12170541647000191,47714.00000000663,4.016497646685906e-06,0.04826059151788459,0.030872140746971304,0.00037297049329982837,0.00016693882917692983,7.278705321062558e-05
0.5660000000000001,579.6993800001381,144193061.66661128,0.8492898019236331,0.12155237281429862,47654.00000000605,4.020300098353282e-06,0.048275898244255384,0.030893637780878908,0.00038987448009829924,8.040578269028354e-05,0.0001662629836480003
0.5665,579.5332400001381,143990330.8332773,0.8490463981654791,0.12138147406542994,47587.00000000542,4.024806642545775e-06,0.04829602576293741,0.030917700302300646,0.00046059216383309933,0.00021691756918133906,0.00020508198356751435
0.5670000000000001,579.3744840001381,143790625.83327663,0.8488138123521318,0.12121312604415632,47521.00000000479,4.029292456602249e-06,0.04831631300514527,0.030944447602100113,0.00038728814158406707,0.0001963922083395001,8.922535114762702e-05
0.5675,579.226804000138,143615127.49994272,0.8485974534559948,0.12106518384364315,47463.000000004235,4.033187966221518e-06,0.0483335021985115,0.03096682314011228,0.00043171875483384874,5.946291410578066e-05,0.00017631817635503123
0.5680000000000001,579.049588000138,143394241.66660866,0.8483378227806305,0.12087898072920414,47390.00000000354,4.038164861225231e-06,0.04835591537435139,0.030995162837476758,0.00043609482970562705,8.076307586835806e-05,4.0381580175869314e-05
0.5685,578.883448000138,143140071.66660783,0.8480944190224764,0.12066471961121952,47306.000000002736,4.044174641385077e-06,0.04838494192163225,0.031029656985081026,0.00040529481107449224,8.088327077977607e-05,4.0441677769563016e-05
0.5690000000000001,578.7246920001379,142937340.83327383,0.8478618332091292,0.12049382086235086,47239.000000002095,4.048799905093931e-06,0.048405963636931865,0.031056982438168707,0.0004343322882662408,0.00016173029336338497,0.00014390604504933147
0.5695,578.5991640001379,142725532.4999398,0.8476779281474127,0.12031526993069701,47169.00000000143,4.0539289212347616e-06,0.04843136086288725,0.03108642848455171,0.00042294301575935346,8.107835524855567e-05,0.00011564519664997335
0.5700000000000001,578.4404080001378,142516749.9999391,0.8474453423340655,0.12013926972663823,47100.00000000077,4.0587538517429356e-06,0.0484535247192123,0.03111313174851305,0.0004018119958337678,2.0283149186583896e-05,0.00011923397934131743
0.5705,578.2521160001378,142320070.8332718,0.8471694847414909,0.11997347243295967,47035.00000000016,4.063039827162264e-06,0.048471209965993446,0.03113722483101623,0.00037219560360791227,0.0002329941245950739,4.063032896985342e-05
0.5710000000000001,578.0970520001378,142138520.8332712,0.846942307900547,0.11982042877725638,46974.999999999585,4.067138511158751e-06,0.048489149260418155,0.031160836173343247,0.0004110895829309906,0.00011942861744692669,0.00018278451882262415
0.5715,577.9235280001377,141978151.666604,0.8466880861975862,0.11968524021471846,46921.99999999908,4.0705102948320495e-06,0.048501963656014696,0.031179678663693935,0.00042437971544963135,0.00011840761613567332,4.070503338332958e-05
0.5720000000000001,577.7684640001377,141790549.99993673,0.8464609093566423,0.11952709510382506,46859.99999999849,4.074802333444616e-06,0.0485210169682607,0.031204029388831628,0.0004061583604980242,0.00015055272154057482,0.0001882185718834775
0.5725,577.6318600001376,141575715.83326936,0.8462607773777157,0.11934599344457616,46788.99999999781,4.080020762038047e-06,0.04854633638376788,0.031235240994578868,0.00036092437228888374,0.00015915859202030066,4.0800137722670476e-05
0.5730000000000001,577.4694120001376,141360881.666602,0.846022782591965,0.11916489178532727,46717.99999999713,4.085072229261364e-06,0.04856954854626926,0.03126413734930245,0.0003265542276593487,9.133860397479119e-05,4.085065221765272e-05
0.5735,577.3069640001376,141173279.9999347,0.8457847878062142,0.11900674667443387,46655.999999996544,4.0893500809813626e-06,0.04858813705146713,0.031286479003726005,0.00042675939850653075,0.00015189943520767043,0.00018808847945733412
0.5740000000000001,577.0965200001375,140976600.8332674,0.8454764763792191,0.1188409493807553,46590.999999995925,4.093562453549776e-06,0.04860429428526944,0.03130976502525777,0.00040399080830861526,0.0002156100209957332,0.00023839999427952713
0.5745,576.9562240001375,140804128.33326682,0.845270935427889,0.11869555790783717,46533.99999999538,4.097580311243076e-06,0.04862222984299275,0.03133397335502347,0.00035425888043492867,0.0001290436459000496,4.916305944090029e-05
0.5750000000000001,576.7716240001374,140619552.4999329,0.8450004868077178,0.11853996352453883,46472.9999999948,4.101645992653921e-06,0.04863856274462832,0.03135568184188864,0.00043096653510285403,0.00015242666443552921,4.101638926419305e-05
0.5755,576.6497880001374,140419847.49993223,0.8448219907184048,0.1183716155032652,46406.99999999417,4.106611695333281e-06,0.0486628556716572,0.03138401958618264,0.0003968231104061944,8.213200449816037e-05,0.0001135444060479386
0.5760000000000001,576.5205680001374,140235271.6665983,0.844632676684285,0.11821602111996686,46345.99999999359,4.111095312531526e-06,0.04868395790069017,0.03140988715139827,0.0003924475121553858,1.581144519676606e-05,4.111088213063225e-05
0.5765,576.3839640001373,140041618.33326432,0.8444325447053582,0.11805277455388336,46281.99999999298,4.115804793318558e-06,0.04870606355490386,0.03143753877600368,0.0004063956075472423,0.00015716168732096887,6.6419654037817e-05
0.577,576.2104400001373,139854016.66659704,0.8441783230023974,0.11789462944298995,46219.9999999924,4.120085026758909e-06,0.0487240468949361,0.03145965128172718,0.0003709015671302043,0.0001236082039872564,4.1200778954155815e-05
0.5775,576.0516840001372,139651285.83326304,0.8439457371890501,0.11772373069412127,46152.999999991756,4.124929323514539e-06,0.0487459661505404,0.03148826082713785,0.0003824896517340377,0.00021085486549027546,4.12492217498475e-05
0.578,575.8929280001372,139430399.99992898,0.8437131513757029,0.11753752757968226,46079.99999999106,4.1303254383579945e-06,0.048771117839861496,0.03151964202702195,0.00046565081606953016,8.260627654603802e-05,4.1303182707048e-05
0.5785,575.6935600001372,139242798.3332617,0.843421066865918,0.11737938246878887,46017.99999999047,4.134458420048989e-06,0.048787065973927596,0.03154120547926149,0.0003250379854859568,0.0001451856826210156,4.1344512375301525e-05
0.579,575.5348040001371,139094532.49992788,0.8431884810525707,0.11725439681663118,45968.999999989996,4.1377241337680585e-06,0.04879960003640943,0.03155956546933602,0.0003719327208109001,4.399553755812734e-05,4.137716939487977e-05
0.5795,575.3169760001371,138928111.666594,0.8428693516807687,0.11711410679890316,45913.99999998948,4.141112760395167e-06,0.04881033888481568,0.03157749439621221,0.00037347246727711773,8.282202165295715e-05,4.1411055537625585e-05
0.58,575.172988000137,138664864.16659313,0.8426584017570351,0.11689219349813339,45826.99999998864,4.147936043186249e-06,0.04884442106598755,0.03161680269396641,0.0003718426407408983,8.29584865085462e-05,4.14792881241114e-05
0.5805,575.040076000137,138468184.99992582,0.8424636787505119,0.11672639620445482,45761.99999998803,4.15286786636544e-06,0.048867802769047806,0.03164423823620866,0.000436481782302893,8.305712238678961e-05,4.1528606180390795e-05
0.581,574.888704000137,138292686.6665919,0.8422419108819715,0.11657845400394164,45703.99999998747,4.157043426209e-06,0.048885928408934486,0.03166950021615004,0.00039873794556223374,0.00020206507838880873,0.00015413514209091395
0.5815,574.7188720001369,138108110.83325797,0.841993098151414,0.11642285962064329,45642.99999998689,4.161369441176501e-06,0.04890413309789634,0.031692980483307695,0.00043195434710695133,8.322715285278552e-05,0.00010731498042846682
0.582,574.5748840001369,137902354.16659063,0.8417821482276804,0.11624941014417957,45574.99999998624,4.166534266021531e-06,0.048928341660071685,0.03172217327332142,0.0004340441477203979,0.00015930430834762478,6.731760862362924e-05
0.5825,574.3939760001368,137741984.99992344,0.8415171085799127,0.11611422158164166,45521.99999998574,4.170071862986845e-06,0.048941401982906196,0.031741280376232854,0.00046516063501787774,0.0002185413801007856,0.0002017637954469675
0.583,574.2204520001368,137557409.1665895,0.8412628868769517,0.11595862719834331,45460.99999998516,4.1744058388358026e-06,0.048959430882817054,0.03176492936318416,0.0003923899761596361,8.348787921992814e-05,0.0001053492957359825
0.5835,574.0063160001367,137390988.33325562,0.8409491664775531,0.1158183371806153,45405.99999998463,4.1779036817744324e-06,0.04897080519274773,0.03178333165390402,0.0004156441608292804,0.0002161775277676037,9.929074374573219e-05
0.584,573.8069480001367,137191283.33325496,0.8406570819677682,0.11564998915934167,45339.999999984,4.182532111798146e-06,0.04898941355113047,0.031809351918472104,0.0004520496093661327,0.00012376895811820138,4.472691325140377e-05
0.5845,573.6297320001366,137018810.8332544,0.8403974512924038,0.11550459768642354,45282.99999998346,4.186503506428892e-06,0.04900509701150686,0.03183096204247129,0.0004356661768457891,8.372983106716318e-05,4.1864961364664983e-05
0.585,573.4968200001366,136816079.9999204,0.8402027282858806,0.11533369893755487,45215.99999998283,4.191735503607985e-06,0.04903002776864521,0.03186137489026893,0.00045236456166940724,0.00016761235264483728,7.200849861568474e-05
0.5855,573.3528320001366,136640581.6665865,0.839991778362147,0.11518575673704169,45157.99999998227,4.196065510019282e-06,0.049049186317243115,0.031884158147519624,0.00038368319678538823,8.392106998639599e-05,7.484755513534057e-05
0.586,573.1645400001365,136446928.33325252,0.8397159207695725,0.11502251017095817,45093.99999998166,4.200640842571863e-06,0.04906786122142329,0.03191039999045805,0.00041749944530738504,8.40125760728702e-05,0.00014828674643089216
0.5865,573.0020920001365,136256300.8332519,0.8394779259838218,0.11486181433246972,45030.99999998106,4.205325467490612e-06,0.04908825636040603,0.031936864756323916,0.00043991206374530915,5.5580852968943666e-05,0.00017080871057418635
0.587,572.8211840001364,136080802.49991798,0.839212886336054,0.11471387213195654,44972.99999998051,4.209419502802253e-06,0.04910439165942689,0.031958942016630985,0.0004317922488615206,9.603160905656324e-05,2.12025274103774e-05
0.5875,572.6956560001364,135878071.66658399,0.8390289812743376,0.11454297338308786,44905.99999997987,4.214776151706144e-06,0.0491302412161318,0.03198988648742508,0.0004661175237162732,8.429528053087467e-05,0.00016809697877953188
0.588,572.5553600001364,135684418.33325002,0.8388234403230074,0.11437972681700435,44841.999999979256,4.219757633436598e-06,0.04915324457789176,0.032017922659379514,0.0004120477845260068,8.11135092514564e-05,4.2197501430151825e-05
0.5885,572.3596840001363,135481687.49991602,0.838536764785626,0.11420882806813568,44774.99999997862,4.224627656785653e-06,0.049173195396696075,0.03204337176545044,0.0003943198262164617,0.00017745685878366686,4.22462014853205e-05
0.589,572.2083120001363,135294085.83324873,0.8383149969170856,0.11405068295724227,44712.999999978034,4.229366778865623e-06,0.04919426199782713,0.032069575427479256,0.0004398103187068763,0.0001790006363659239,0.00019020019074790775
0.5895,572.0532480001363,135085303.33324805,0.8380878200761418,0.11387468275318349,44643.99999997737,4.234755623925367e-06,0.04921892206884394,0.03210140517040991,0.0004388747747847074,8.469486753006065e-05,0.00022943873845864492
0.59,571.8464960001362,134870469.16658068,0.8377849176215499,0.1136935810939346,44572.999999976695,4.239968167485496e-06,0.04924030374290872,0.03212898730666634,0.0003674062647970351,5.96649718108073e-05,4.2399606031955134e-05
0.5905,571.6397440001361,134622350.83324653,0.8374820151669582,0.1134844214311401,44490.99999997592,4.246246930483427e-06,0.04926784014632537,0.032164894512671405,0.00033968675542610395,0.0001994852898825067,4.246239343203507e-05
0.591,571.4477600001361,134407516.66657916,0.8372007486019802,0.1133033197718912,44419.99999997523,4.251605670371175e-06,0.04929063900464453,0.03219390761481277,0.00037458176642539057,3.813519578097603e-05,0.0001157062329354039
0.5915,571.244700000136,134207811.66657855,0.8369032551197919,0.11313497175061761,44353.999999974636,4.256419152555125e-06,0.04930977014861523,0.032221284851949396,0.0004039816060936537,0.00019271334172039017,0.0002282150594388889
0.592,571.049024000136,134026261.66657884,0.8366165795824104,0.11298192809491507,44293.99999997466,4.260724852721415e-06,0.049326253790960624,0.032243704209654105,0.00039060273284320516,8.521424886930461e-05,5.8845949731651216e-05
0.5925,570.868116000136,133847737.49991247,0.8363515399346426,0.11283143516680758,44234.99999997468,4.2650561500937534e-06,0.049343501169809754,0.03226734744028406,0.0004901611224454095,0.00020177227193199138,4.265048493297024e-05
0.593,570.6909000001359,133654084.16657946,0.8360919092592782,0.11266818860072488,44170.9999999747,4.269909921262538e-06,0.04936390652706671,0.03229437222043347,0.0004680034867431953,8.539794908878357e-05,4.269902246532678e-05
0.5935,570.5136840001359,133454379.16657978,0.8358322785839138,0.11249984057945209,44104.999999974716,4.274971623733771e-06,0.04938548708539816,0.03232127757849478,0.00042127797853561805,8.549918250692577e-05,4.274963930299998e-05
0.594,570.3696960001358,133306113.3332467,0.8356213286601804,0.11237485492729501,44055.99999997474,4.278646205626678e-06,0.049400472215037856,0.032341972989548134,0.00037655800169112243,0.00021929084689199782,0.0002632421748607935
0.5945,570.2294000001358,133121537.49991366,0.8354157877088502,0.11221926054399743,43994.99999997475,4.2835247452013965e-06,0.04942254807004728,0.03236909633131025,0.00036072897024933085,8.567024387090176e-05,4.2835170201500015e-05
0.595,569.9931120001357,132946039.16658062,0.8350696134750311,0.11207131834348498,43936.999999974774,4.2874019833410586e-06,0.049434665027375896,0.03239012755904131,0.0003610032918536002,8.57477881255918e-05,0.0001459181038741889
0.5955,569.8602000001357,132767514.99991424,0.8348748904685078,0.11192082541537748,43877.99999997479,4.292165896156931e-06,0.04945635466127704,0.03241700557327919,0.000404508091700598,0.00021993464571865197,0.00019908181404590484
0.596,569.6719080001357,132582939.16658121,0.8345990328759332,0.1117652310320799,43816.99999997481,4.29672106819402e-06,0.04947441544169851,0.032441092112338754,0.0004220319285621465,8.593416865491658e-05,4.296713293887807e-05
0.5965,569.5316120001356,132422569.99991481,0.8343934919246031,0.11163004246954265,43763.999999974825,4.30086511687926e-06,0.04949217242396177,0.032462506052549425,0.00038572794465553727,8.601704910893378e-05,9.756804180967527e-05
0.597,569.3765480001356,132210761.66658182,0.8341663150836592,0.11145149153788969,43693.99999997485,4.306582465926855e-06,0.04951831517890875,0.032496406592052114,0.00036067014961447814,8.61313953807067e-05,4.306574655049717e-05
0.5975,569.1845640001355,132047366.6665821,0.8338850485186812,0.11131375224775741,43639.99999997487,4.310457515122731e-06,0.049532235526243334,0.032516820663007026,0.00040189074342066326,0.0001990087230195961,4.310449689632548e-05
0.598,568.9925800001355,131820429.16658247,0.8336037819537031,0.11112244767812925,43564.99999997489,4.3164218444555e-06,0.04955813220871101,0.03254905829391857,0.00039985949524634103,8.632818170127052e-05,4.316413996742055e-05
0.5985,568.8375160001355,131611646.66658281,0.8333766051127593,0.11094644747407133,43495.99999997491,4.322091018594995e-06,0.0495839084450622,0.032580973454446785,0.0004165028760350448,0.00021130863497917458,4.322083149806241e-05
0.599,568.6196880001354,131421019.16658312,0.8330574757409573,0.11078575163558366,43432.999999974934,4.3267027725555815e-06,0.049600855158870985,0.03260634408247011,0.0004715425014489072,0.0002078861249419592,9.396203621870184e-05
0.5995,568.4572400001354,131251572.49991673,0.8328194809552066,0.11064291089026129,43376.99999997495,4.3310508908416774e-06,0.04961868278634506,0.03263013219383782,0.00042634964038132665,0.00017025052381913907,7.257024289149616e-05
0.6,568.2726400001353,131054893.33325039,0.8325490323350354,0.11047711359658353,43311.99999997498,4.336142096999875e-06,0.04963977593934568,0.03265740170315641,0.00040550762677278465,0.0002758423535467689,0.00013052622850937188
0.6005,568.1065000001353,130894524.16658399,0.8323056285768813,0.1103419250340463,43258.999999974985,4.340185379161698e-06,0.049655653837277214,0.03267881828695869,0.0004497327192129254,8.680344937131158e-05,8.539900687499652e-05
0.601,567.8960560001352,130737180.83325091,0.8319973171498861,0.1102092871991041,43206.99999997501,4.343799157826875e-06,0.04966712029058687,0.03269727153640798,0.00047063045309531695,8.687572446521529e-05,0.0002023381181581887
0.6015,567.7668360001352,130564708.3332512,0.8318080031157663,0.11006389572618669,43149.99999997503,4.348547499918404e-06,0.049688605095806374,0.0327236797610969,0.00046905653104353735,0.00014857427618343648,4.348539531367302e-05
0.602,567.5896200001351,130383158.33325149,0.8315483724404019,0.10991085207048415,43089.99999997504,4.353243373269194e-06,0.04970766707888406,0.032749016128684576,0.0003932429109822538,8.706460757589219e-05,0.00016232598199453116
0.6025,567.4271720001351,130162272.49991852,0.8313103776546513,0.10972464895604606,43016.99999997507,4.359382800423143e-06,0.04973558745807616,0.032783427760027434,0.00043739875155382685,8.718739534706352e-05,0.0002005738447698536
0.603,567.2610320001351,129971644.99991883,0.8310669738964972,0.1095639531175584,42953.99999997509,4.364498364243134e-06,0.04975747425583171,0.03280997237498056,0.0004151888601333018,0.00017518616366191564,0.00022124007596693138
0.6035,567.065356000135,129747733.33325253,0.8307802983591157,0.10937519927552526,42879.99999997511,4.370522254470892e-06,0.04978321150397225,0.03284340369745244,0.000400553416113211,0.00017007565339207317,4.3705142030996965e-05
0.604,566.877064000135,129538950.83325288,0.8305044407665411,0.10919919907146734,42810.99999997513,4.376112824395492e-06,0.04980677033427683,0.03287501249741487,0.00045939740986626973,8.752199369098901e-05,4.376104751852406e-05
0.6045,566.6924640001349,129387659.16658646,0.8302339921463698,0.10907166269171523,42760.999999975145,4.379803048067506e-06,0.049819652322285975,0.032894154288889185,0.000457222119834247,8.759579767693615e-05,0.00013560834952944706
0.605,566.5226320001349,129184928.33325346,0.8299851794158124,0.1089007639428474,42693.99999997517,4.385361661839514e-06,0.049843785964186996,0.032924548667501996,0.000478976501393128,0.00011132218213471485,3.257912989101175e-05
0.6055,566.3084960001348,129027584.99992038,0.8296714590164138,0.10876812610790519,42641.99999997519,4.389049798928534e-06,0.049855316207627204,0.032942888814545455,0.00039976718182727273,9.353969569648787e-05,4.389041676879832e-05
0.606,566.0869760001348,128797621.66658743,0.8293469206722084,0.10857427081068198,42565.99999997521,4.395166375552636e-06,0.04988028465731653,0.032976884695913054,0.00044196108420645197,8.790306223048035e-05,4.3951582301830154e-05
0.6065,565.9245280001347,128622123.33325438,0.8291089258864577,0.10842632861016953,42507.99999997523,4.399900369657626e-06,0.049899978838947076,0.033001508479299536,0.0004408517396750148,0.00024103332358207813,0.00011167735766135418
0.607,565.7473120001347,128437547.49992135,0.8288492952110933,0.10827073422687195,42446.999999975254,4.404843622543331e-06,0.04992018409588863,0.03302895915555726,0.00045514479832928494,8.540397138318616e-05,4.404835440236535e-05
0.6075,565.5811720001346,128231790.83325502,0.8286058914529392,0.10809728475040907,42378.99999997527,4.410615872436677e-06,0.04994554661561714,0.033061305200427084,0.00045564744298173186,0.00022733421658571279,0.00019831742513606415
0.608,565.4002640001346,128026034.1665887,0.8283408518051715,0.1079238352739462,42310.99999997529,4.41629132450069e-06,0.049969676856077894,0.03309093134356726,0.0004284106597567854,0.0001634542254610547,4.416283098550843e-05
0.6085,565.2415080001346,127859613.33325563,0.8281082659918242,0.10778354525621887,42255.99999997531,4.420797883432345e-06,0.04998814639475192,0.03311581966448316,0.0004328613860900933,7.37855501984252e-05,4.4207896402003744e-05
0.609,565.0347560001345,127638727.49992266,0.8278053635372324,0.10759734214178078,42182.999999975335,4.42682849529722e-06,0.050013080965988846,0.03314966983806575,0.0004379190744446528,0.00010557007642882587,0.0002927972160192107
0.6095,564.8464640001345,127472306.6665896,0.8275295059446578,0.10745705212405346,42127.99999997535,4.431130798295818e-06,0.050029040227705567,0.033170045547566855,0.0004540438181968284,0.00021677575474912585,4.431122515269642e-05
0.61,564.6655560001344,127327066.66658984,0.82726446629689,0.10733461719949143,42079.99999997537,4.434764506738618e-06,0.05004153339093713,0.03318957722263929,0.0004141708605022685,8.869501970277959e-05,0.00010918453661316996
0.6105,564.4772640001344,127154594.16659012,0.8269886087043155,0.10718922572657401,42022.999999975385,4.439299009995588e-06,0.05005876198182501,0.03321355606864434,0.00046623424351243076,8.878570916804212e-05,4.439290695262963e-05
0.611,564.2889720001343,126973044.16659042,0.8267127511117408,0.10703618207087148,41962.99999997541,4.4441635285972925e-06,0.05007782696936567,0.03324077611717249,0.0004644651223007098,8.888299889906606e-05,4.444155195048627e-05
0.6115,564.1228320001343,126800571.6665907,0.8264693473535867,0.10689079059795406,41905.99999997542,4.448898175975407e-06,0.050097118844581845,0.03326604202910765,0.0004539517468324749,8.897769122614068e-05,4.4488898241442975e-05
0.612,563.9345400001342,126619021.666591,0.826193489761012,0.10673774694225152,41845.999999975444,4.4537900591671595e-06,0.05011628796514091,0.03329106636127062,0.00038351852133788796,8.907552824387358e-05,4.453781688372075e-05
0.6125,563.7720920001342,126398135.83325803,0.8259554949752614,0.10655154382781344,41772.999999975465,4.460288027853919e-06,0.05014560971527734,0.03332655329045585,0.0004565245454508066,8.238216947335852e-05,4.4602796321072394e-05
0.613,563.6022600001342,126195404.99992503,0.8257066822447039,0.10638064507894561,41705.99999997549,4.466107620958694e-06,0.05017075444258697,0.03335850201184749,0.0004974174218384712,0.00022794618009856456,0.0001971993937992891
0.6135,563.4324280001341,126035035.83325863,0.8254578695141463,0.10624545651640836,41652.9999999755,4.470442875467912e-06,0.05018753560355432,0.033381866577187225,0.00045801102468234886,0.00021726896189638173,0.00022726985651068724
0.614,563.2589040001341,125847434.16659227,0.8252036478111855,0.10608731140551574,41590.999999975524,4.475728152347646e-06,0.05020946098576843,0.03341080266315393,0.00045064406337607375,8.951428724158784e-05,0.0001047825612874587
0.6145,563.048460000134,125635625.83325928,0.8248953363841902,0.10590876047386277,41520.999999975546,4.481598720631988e-06,0.050232992031270685,0.03344207318782647,0.00044813266302484343,8.963169782997438e-05,0.00025332581276338756
0.615,562.830632000134,125441972.49992627,0.8245762070123882,0.10574551390778007,41456.99999997557,4.486780786235363e-06,0.05025230232303889,0.03346956606522358,0.0005099198907325466,8.973533844669932e-05,4.4867722874697725e-05
0.6155,562.6866440001339,125260422.49992657,0.8243652570886547,0.10559247025207753,41396.99999997559,4.492134329184973e-06,0.050275841169093956,0.03349832040171063,0.00045440210780490597,0.00020529867482266305,9.157049481797763e-05
0.616,562.4614320001339,125054665.83326024,0.8240353097720459,0.10541902077561466,41328.99999997561,4.497724481148775e-06,0.050297045236874734,0.03352752302624052,0.00045845521361265445,8.995421089633474e-05,0.00015732292440453222
0.6165,562.3174440001338,124867064.16659388,0.8238243598483123,0.10526087566472203,41266.99999997563,4.503328782119093e-06,0.05032192890676846,0.033557390414579606,0.00044122616891970187,9.006629618377635e-05,4.503320218904063e-05
0.617,562.1771480001338,124691565.83326083,0.8236188188969822,0.10511293346420958,41208.99999997565,4.508541890891677e-06,0.05034476549479646,0.03358669061340848,0.00041931881815889015,0.0002344565423916185,0.0001075779607128286
0.6175,561.9667040001337,124488834.99992783,0.823310507469987,0.10494203471534175,41141.99999997567,4.514193614234237e-06,0.05036688087955474,0.033616121556581786,0.00043075740195755425,8.711825798153705e-05,4.514185008518918e-05
0.618,561.7673360001337,124316362.49992812,0.8230184229602021,0.10479664324242434,41084.999999975684,4.51885274555438e-06,0.050383926452042906,0.03364036851003964,0.000489556883918343,9.037677338021437e-05,0.00019796486958597193
0.6185,561.5679680001336,124095476.66659515,0.8227263384504172,0.10461044012798625,41011.999999975706,4.525289584155329e-06,0.050410850449004174,0.03367506416302254,0.00041672086320441976,1.5979669699347248e-05,0.00010795064374284119
0.619,561.3353720001336,123929055.83326209,0.8223855731890014,0.10447015011025892,40956.99999997573,4.5294896198948794e-06,0.0504237930143156,0.033696289692611715,0.0004049701390385045,9.058950942766788e-05,4.5294809537081884e-05
0.6195,561.1581560001335,123732376.66659574,0.8221259425136371,0.10430435281658117,40891.99999997575,4.535257231114275e-06,0.0504479210402639,0.033727158177898495,0.0004621987264587978,7.879067012702222e-05,4.535248542264856e-05
0.62,560.9514040001335,123517542.49992943,0.8218230400590454,0.10412325115733317,40820.99999997577,4.541471540372121e-06,0.05047317089534928,0.03376049556707419,0.00044696956067305396,9.082914623754587e-05,0.00014233776721465474
0.6205,560.7298840001334,123354147.4999297,0.82149850171484,0.10398551186720088,40766.999999975786,4.545691372075293e-06,0.05048664312122921,0.03378168465361958,0.0004764638004775079,0.00012382989680460087,4.545682641793343e-05
0.621,560.5231320001334,123184700.83326331,0.8211955992602481,0.10384267112187852,40710.99999997581,4.550265805806759e-06,0.050502726384535866,0.03380504311111916,0.00043205883336911913,6.241531344426247e-05,0.00016158663198445679
0.6215,560.3016120001333,122966840.83326367,0.8208710609160427,0.10365901873503547,40638.99999997583,4.556526037453234e-06,0.05052746784041227,0.03383821488298806,0.00040590103899031707,0.00016018048196428047,6.473927460136597e-05
0.622,560.1243960001333,122727799.99993072,0.8206114302406784,0.10345751125502713,40559.99999997585,4.563956951892314e-06,0.050560654091353574,0.03387887739291849,0.0004433685358684095,0.0001447788368398549,0.00012897515603916068
0.6225,559.9028760001332,122543224.1665977,0.8202868918964729,0.10330191687172954,40498.99999997587,4.5690235409421285e-06,0.05057870624106285,0.033904884611287205,0.0004433012003968405,9.138018250687745e-05,4.5690147180590216e-05
0.623,559.7072000001332,122358648.33326466,0.8200002163590914,0.10314632248843197,40437.999999975895,4.574316630857797e-06,0.05059915067991501,0.03393314360747551,0.0004680159340302991,0.0002029403035175954,0.00018767620762016437
0.6235,559.5189080001331,122183149.99993162,0.8197243587665168,0.10299838028791951,40379.99999997591,4.579345908175115e-06,0.0506184423977982,0.03395823964893745,0.0004384101480817025,9.158662844454688e-05,4.5793370440964884e-05
0.624,559.3158480001331,122013703.33326523,0.8194268652843285,0.10285553954259714,40323.99999997593,4.584041240617306e-06,0.050635195229528286,0.033983271251387205,0.00046155122445053307,0.00020725567242687505,9.211160138142868e-05
0.6245,559.101712000133,121847282.49993217,0.8191131448849298,0.10271524952486982,40268.999999975946,4.588544779408144e-06,0.050650363451739254,0.03400580434165997,0.0004638903815247697,9.177060459176513e-05,0.0001474759490167496
0.625,558.869116000133,121671784.16659912,0.8187723796235141,0.10256730732435737,40210.99999997597,4.593251589332341e-06,0.05066579245407723,0.03402919591600043,0.00033779593639128233,9.186474013013101e-05,4.5932426691464944e-05
0.6255000000000001,558.7140520001329,121447872.49993283,0.8185452027825704,0.10237855348232423,40136.99999997599,4.600443305422596e-06,0.050698406075775734,0.03406981150137269,0.0004325734807233343,9.997033542788087e-05,0.00016490221904023793
0.626,558.5073000001329,121254219.16659981,0.8182423003279786,0.10221530691624153,40072.99999997601,4.606085494087096e-06,0.050720098810462716,0.034098537123818065,0.00039927847875897515,0.0001432479092815422,0.00012772154154987408
0.6265000000000001,558.3227000001328,121105953.33326672,0.8179718517078074,0.10209032126408446,40023.999999976026,4.610200280276119e-06,0.05073436224498159,0.03411977293382096,0.0004544021841873518,0.00014632261115299472,5.539451962353723e-05
0.627,558.1639440001328,120954661.6666003,0.8177392658944601,0.10196278488433234,39973.99999997604,4.6146542539935925e-06,0.050751646836879216,0.03414290260116663,0.00043865293400429365,9.229279050647394e-05,3.988736137554039e-05
0.6275000000000001,557.9498080001327,120742853.33326732,0.8174255454950615,0.10178423395267938,39903.99999997606,4.6209758391257535e-06,0.05077665418974532,0.03417553210849776,0.00048203803149457296,0.00014869490504707285,0.00012898263086020783
0.628,557.8168960001327,120576432.49993426,0.8172308224885383,0.10164394393495205,39848.999999976084,4.626251452583297e-06,0.050799579190421,0.03420448638172625,0.0004939549431924537,0.0001534696154118926,4.62624240015257e-05
0.6285000000000001,557.5621480001327,120358572.49993461,0.816857603392702,0.10146029154810901,39776.999999976106,4.632508814446396e-06,0.05082231376944318,0.03423643016963285,0.0004147982607415925,9.264987926566647e-05,8.223811037473428e-05
0.629,557.4070840001326,120177022.49993491,0.8166304265517582,0.10130724789240647,39716.99999997613,4.638216793900302e-06,0.05084654266504245,0.03426655133638994,0.0005269704511551347,9.27640380794022e-05,0.000171374919310005
0.6295000000000001,557.2224840001326,120040859.99993514,0.816359977931587,0.10119246515062956,39671.99999997614,4.6419401193929605e-06,0.05085852339327477,0.03428476466130611,0.0004730317356828413,0.0001843422847590585,4.641931003400212e-05
0.63,557.0231160001325,119816948.33326884,0.8160678934218021,0.10100371130859644,39597.999999976164,4.648950951836814e-06,0.05088780927318538,0.03432215168988446,0.0004784103227357993,5.2767638036594266e-05,4.648941807592994e-05
0.6305000000000001,556.8680520001325,119650527.49993578,0.8158407165808582,0.10086342129086912,39542.99999997618,4.6541211613164964e-06,0.050909010638918534,0.03435028116030585,0.0004835863288836184,9.308212323147591e-05,0.0001042922030079345
0.631,556.6022280001324,119472003.3332694,0.8154512705678117,0.10071292836276162,39483.9999999762,4.658850713731484e-06,0.05092271261503335,0.0343725670357148,0.00043234452857930113,0.00022765513872552537,0.00010303906004642297
0.6315000000000001,556.4582400001324,119260194.99993642,0.8152403206440781,0.10053437743110866,39413.99999997622,4.66591757627454e-06,0.05095472739864935,0.03441095647697565,0.0004962638232900509,0.0001583167473772917,0.00013099334570880553
0.632,556.2477960001323,119060489.99993674,0.814932009217083,0.10036602940983586,39347.999999976244,4.671976371006267e-06,0.05097815720804991,0.034443401390734145,0.0005212976043479782,9.343922494421551e-05,4.671967133227755e-05
0.6325000000000001,556.0521200001323,118833552.49993712,0.8146453336797015,0.10017472484020769,39272.999999976266,4.679251846825218e-06,0.05100886051435604,0.03448161949864532,0.00044905749892223143,0.00012644299014116594,4.6792425795605374e-05
0.633,555.8195240001322,118655028.33327074,0.8143045684182858,0.10002423191210019,39213.99999997628,4.684331813052048e-06,0.051025866118659946,0.034507845408251456,0.00047161006883888405,0.00015491759483274013,0.0001731416507332766
0.6335000000000001,555.6127720001322,118491633.33327101,0.814001665963694,0.09988649262196792,39159.9999999763,4.689046444633005e-06,0.05104204170032681,0.03453137411461458,0.0004686900360688469,9.378062402168803e-05,4.689037136967993e-05
0.634,555.4170960001321,118264695.83327138,0.8137149904263126,0.09969518805233973,39084.999999976324,4.696389671378808e-06,0.05107299706863881,0.034570093793427605,0.00044944055371013374,5.954623932599626e-05,4.6963803338394244e-05
0.6345000000000001,555.2177280001321,118116429.9999383,0.8134229059165277,0.09957020240018266,39035.999999976346,4.70059692796694e-06,0.05108669745744812,0.0345911091138264,0.000476250771142248,7.485886447816278e-05,4.700587572975789e-05
0.635,555.040512000132,117971189.99993853,0.8131632752411633,0.09944776747562063,38987.99999997636,4.704881861413971e-06,0.05110181935912447,0.03461258492167217,0.00048764380021220304,0.00014758481815956216,0.00023546216187562462
0.6355000000000001,554.855912000132,117786614.1666055,0.812892826620992,0.09929217309232305,38926.999999976375,4.710687338506101e-06,0.051124833642530614,0.034643099844059694,0.00045465972837235575,4.942449939615262e-05,0.00019349968661519132
0.636,554.6565440001319,117562702.4999392,0.8126007421112071,0.09910341925028993,38852.999999976404,4.717963539502835e-06,0.05115510958019424,0.034681494111449655,0.00045588270313761374,0.00013251864963486872,4.717954113230918e-05
0.6365000000000001,554.4977880001319,117390229.99993949,0.81236815629786,0.09895802777737252,38795.99999997642,4.723542904723994e-06,0.05117802231720083,0.03471102556429784,0.0004427539965674836,0.00016196344615342428,4.723533455568452e-05
0.637,554.3131880001318,117202628.33327313,0.8120977076776887,0.09879988266647989,38733.99999997643,4.72952864524426e-06,0.05120191371546284,0.03474163969416983,0.0004441570448691018,9.459026236953731e-05,4.729519171453664e-05
0.6375000000000001,554.1507400001318,117008974.99994011,0.811859712891938,0.09863663610039718,38669.99999997646,4.735967817856839e-06,0.05122924875108597,0.03477544479087752,0.00047795192955433016,4.21831429748955e-05,4.735958317658828e-05
0.638,553.9846000001318,116839528.33327372,0.811616309133784,0.09849379535507481,38613.99999997648,4.7414142106081e-06,0.05125101270719485,0.03480446440954513,0.00046540559059107405,0.0001290803643202587,0.00012125386376468051
0.6385000000000001,553.7704640001317,116697314.16660729,0.8113025887343854,0.09837391115810783,38566.99999997649,4.745357405651346e-06,0.051262409381760576,0.03482302403074098,0.00044124056292199095,0.00013748872471832453,4.745347866350396e-05
0.639,553.6117080001317,116506686.6666076,0.8110700029210381,0.09821321531962016,38503.99999997651,4.751759095032305e-06,0.051289621775659225,0.03485703758108595,0.0004840841063950001,0.0001652454834751023,6.617722955940285e-05
0.6395000000000001,553.3754200001316,116325136.6666079,0.810723828687219,0.09806017166391762,38443.999999976535,4.757143948913861e-06,0.05130772219269581,0.03488426271309522,0.0003766767812622894,0.0001559296556727323,4.757134360707932e-05
0.64,553.1649760001316,116128457.49994156,0.8104155172602239,0.09789437437023987,38378.99999997655,4.763388646580533e-06,0.05133162361370228,0.03491658177578031,0.0005333634964230599,9.526745759407889e-05,9.09756795964571e-05
0.6405,552.9766840001315,115934804.16660854,0.8101396596676492,0.09773112780415716,38314.99999997657,4.769721120203517e-06,0.0513569895456298,0.03494902467228047,0.0004942769238742332,2.629434490218631e-05,0.00019057446521439042
0.641,552.7883920001315,115765357.49994215,0.8098638020750746,0.0975882870588348,38258.99999997659,4.775076101677548e-06,0.0513770614053449,0.03497659531585612,0.0004635958875601069,0.00010289902596209083,0.00019679938789346417
0.6415,552.6259440001314,115547497.49994251,0.8096258072893239,0.09740463467199174,38186.999999976615,4.782673410996256e-06,0.05141036077566653,0.03501627792518088,0.000478768461384979,0.00018463151226612065,7.770930805809856e-05
0.642,552.4081160001314,115384102.49994278,0.8093066779175219,0.09726689538185947,38132.99999997663,4.7875582860334275e-06,0.051426470153098335,0.035041728822332065,0.0004934785568533461,0.00020395963638064068,4.7875485712068084e-05
0.6425,552.2382840001313,115148087.49994317,0.8090578651869644,0.09706793862944617,38054.99999997666,4.795896275744952e-06,0.051463319905749254,0.03508569496615275,0.0004832465442379326,9.269278075545925e-05,4.795886526410085e-05
0.643,552.0573760001313,114954434.16661015,0.8087928255391966,0.09690469206336345,37990.99999997668,4.802401751636674e-06,0.05148977631978041,0.035119132448439734,0.00044270762658846674,0.00020575899938603457,0.00018331046581669436
0.6435,551.8580080001312,114812219.99994372,0.8085007410294117,0.09678480786639647,37943.99999997669,4.806613860444487e-06,0.051503049427626464,0.03513987271152506,0.0005393935229621673,9.613195572670766e-05,0.00020589728254391087
0.644,551.6217200001312,114624618.33327736,0.8081545667955925,0.09662666275550384,37881.99999997671,4.812419251824777e-06,0.05152310866725828,0.03516905969310287,0.0004915851653017941,0.00020877230422548264,9.152857319867625e-05
0.6445,551.3965080001311,114427939.16661102,0.8078246194789837,0.0964608654618261,37816.99999997673,4.818722700207673e-06,0.05154631511640236,0.0352015560699637,0.00043931620508999195,9.637413075931227e-05,4.8187128546372194e-05
0.645,551.2156000001311,114237311.66661133,0.8075595798312158,0.09630016962333844,37753.99999997675,4.82518007434201e-06,0.05157237876925034,0.035234752452119614,0.0004614300639299727,0.00010426862188849824,0.00019553151286383474
0.6455,551.001464000131,114098123.33327822,0.8072458594318173,0.09618283615396649,37707.99999997677,4.829189542326365e-06,0.051583778692999176,0.035253748631557384,0.0005350569147543046,6.808678835034033e-05,4.8291796524218506e-05
0.646,550.776252000131,113952883.33327846,0.8069159121152084,0.09606040122940446,37659.99999997678,4.8333682824792895e-06,0.05159554417014344,0.03527360369911886,0.0004643253015941275,9.666704024603368e-05,4.833358374584929e-05
0.6465,550.5695000001309,113798565.83327872,0.8066130096606167,0.0959303141220573,37608.9999999768,4.838105787789506e-06,0.05161113434821616,0.035296934182055775,0.0004860002674274328,0.00011166258817314505,4.838095859664925e-05
0.647,550.3590560001309,113598860.83327904,0.8063046982336215,0.09576196610078451,37542.99999997682,4.844758582639782e-06,0.051636735509430445,0.03533148401398475,0.0005063502091334581,7.497164096246648e-05,0.00010704385589852298
0.6475,550.1190760001308,113396129.99994604,0.805953115027399,0.09559106735191668,37475.99999997684,4.851303796702697e-06,0.05166033726419688,0.03536459156981698,0.00048494788828795535,9.702574790684685e-05,4.8512938125878825e-05
0.648,549.8901720001307,113193399.16661304,0.8056177587383866,0.09542016860304885,37408.99999997686,4.857970306119436e-06,0.05168506361820787,0.03539845614611072,0.0005208607072940364,0.00018208805732905192,0.00020836310995948332
0.6485,549.6538840001307,113051184.99994661,0.8052715845045675,0.09530028440608185,37361.999999976884,4.861991353742911e-06,0.051695339251737055,0.035416716360616246,0.00048704323819855636,9.723949745528707e-05,4.861981323770772e-05
0.649,549.4323640001306,112875686.66661356,0.8049470461603621,0.0951523422055694,37303.9999999769,4.867588231138903e-06,0.05171466106908064,0.03544454240765705,0.000500890741571368,0.0001666292966070946,6.59844871933297e-05
0.6495,549.2366880001306,112730446.6666138,0.8046603706229806,0.09502990728100737,37255.999999976906,4.872123762841368e-06,0.05172953482559969,0.03546708642421412,0.0004758932086369161,9.744214413075553e-05,4.872113689380533e-05
0.65,549.0410120001305,112536793.33328079,0.8043736950855991,0.09486666071492467,37191.99999997693,4.878768940697738e-06,0.051755578252850556,0.03550098869145739,0.0004840495710850778,9.757504672223094e-05,0.00020725340165476334
0.6505,548.8637960001305,112367346.6666144,0.8041140644102347,0.09472381996960229,37135.99999997695,4.88454886835202e-06,0.05177786852046928,0.03552989896342525,0.000430509890776788,0.00010456902545308066,0.00011225371234579473
0.651,548.6164320001304,112213029.16661465,0.8037516632592053,0.09459373286225514,37084.999999976964,4.889061778962772e-06,0.05179010772234004,0.0355524674197096,0.00044192579952903827,6.420238740089583e-05,0.00010428106270172412
0.6515,548.4170640001304,111989117.49994835,0.8034595787494204,0.094404979020222,37010.999999976986,4.89705675196863e-06,0.05182301710852925,0.035592980133030604,0.000478910854664111,0.00016576802358543106,4.897046571879965e-05
0.652,548.2361560001303,111828748.33328195,0.8031945391016526,0.09426979045768476,36957.99999997701,4.902461703016011e-06,0.05184305514708805,0.03561994729368602,0.0004740200819037166,9.804889847824053e-05,4.9024514997201e-05
0.6525,547.9924840001303,111613914.16661564,0.8028375469230267,0.09408868879843676,36886.99999997703,4.909714779665329e-06,0.051869860175782156,0.03565674984144502,0.0004849021545936655,0.00015013721170390048,4.909704545178499e-05
0.653,547.8226520001302,111420260.83328262,0.8025887341924691,0.09392544223235405,36822.99999997705,4.916723833736429e-06,0.051898827302037105,0.03569301864480544,0.0004696181659885663,9.833413900414634e-05,4.916713569323714e-05
0.6535,547.6232840001302,111238710.83328292,0.8022966496826842,0.09377239857665151,36762.999999977066,4.922956045588042e-06,0.051922258547157006,0.03572433583281155,0.000480655945564513,9.845878232018365e-05,8.10971348425288e-05
0.654,547.3943800001301,111105574.16661647,0.801961293393672,0.09366016656246966,36718.99999997709,4.926794934511971e-06,0.0519316418920878,0.035742873929546906,0.0004917360625008653,0.00021929090744767792,0.0001844778501225671
0.6545,547.2060880001301,110911920.83328345,0.8016854358010973,0.09349691999638694,36654.9999999771,4.933699496762475e-06,0.05195907967892748,0.03577745103280928,0.0005144322351927388,0.0001331017649546508,4.9336891588457e-05
0.655,547.01779600013,110739448.33328374,0.8014095782085227,0.09335152852346953,36597.999999977124,4.9396832315239095e-06,0.05198163315094281,0.03580828874490074,0.0004756486253127659,0.00010371489807215553,0.00011093886455349791
0.6555,546.81473600013,110533691.66661741,0.8011120847263343,0.09317807904700666,36529.999999977146,4.947041284474488e-06,0.05201067787559043,0.03584549745014232,0.0005015955936117106,9.894048351242094e-05,4.947030888969861e-05
0.656,546.5747560001299,110403580.83328429,0.8007605015201117,0.09306839776041984,36486.99999997716,4.950697720805714e-06,0.05201847684509915,0.035861686793473284,0.0004835276292283331,4.819917979306287e-05,0.00010073537691110563
0.6565,546.3790800001299,110234134.1666179,0.8004738259827303,0.09292555701509747,36430.999999977175,4.9565326033611584e-06,0.052039804470099614,0.03589056611928778,0.0004693389280890621,0.00016057753958360747,0.00012643960102627096
0.657,546.2018640001298,110043506.66661821,0.8002141953073659,0.0927648611766098,36367.9999999772,4.96350834815609e-06,0.05206796545262493,0.03592677284673908,0.00048093211943751695,0.00022344227385645237,0.0001849595663495131
0.6575,545.9618840001298,109874059.99995182,0.7998626121011433,0.09262202043128744,36311.99999997722,4.9689788836452315e-06,0.052085204998084056,0.03595313269938456,0.000519778605945972,3.427677683524365e-05,4.968968392212088e-05
0.658,545.7108280001297,109671329.16661882,0.7994948019777105,0.0924511216824196,36244.99999997723,4.975875027201095e-06,0.05210935019096746,0.03598739866740876,0.00048048314108205373,8.715329684094792e-05,0.0002188168604443328
0.6585,545.5114600001297,109489779.16661912,0.7992027174679256,0.09229807802671706,36184.999999977255,4.982304870393266e-06,0.052133481468803776,0.036019717204978735,0.00048223749693628606,9.964574990137658e-05,4.982294320735063e-05
0.659,545.3047080001296,109317306.6666194,0.7988998150133338,0.09215268655379966,36127.99999997728,4.988274268987649e-06,0.0521548168498632,0.036048670717932364,0.0004978767262889419,8.42591308615819e-05,0.00018827433510613077
0.6595,545.0942640001296,109096420.83328643,0.7985915035863387,0.09196648343936156,36054.9999999773,4.996444978090571e-06,0.052187440653390545,0.036090774653107095,0.000516172430631329,9.992854993993422e-05,4.9964343667149695e-05
0.66,544.8690520001295,108948154.99995334,0.7982615562697298,0.09184149778720449,36005.999999977306,5.001177413241765e-06,0.052201362561835406,0.036112630689943484,0.0004949447505908712,0.00011571238413757711,5.001166780807036e-05
0.6605,544.6955280001295,108730294.9999537,0.7980073345667689,0.09165784540036145,35933.999999977335,5.0096022272390725e-06,0.05223699238640607,0.03615627339586525,0.0005106874469473924,2.0510526702562846e-05,0.00014657379240500042
0.661,544.4740080001294,108512434.99995406,0.7976827962225634,0.0914741930135184,35861.99999997736,5.017618561415195e-06,0.05226813866375009,0.036196810849472336,0.0005202050879274852,0.00011944536416294828,0.00015775657946072658
0.6615,544.2524880001293,108355091.66662098,0.797358257878358,0.0913415551785762,35809.99999997737,5.022860297831186e-06,0.052284793554335914,0.0362223215866648,0.0004817405605386696,9.692288327805214e-05,0.00015371072158020495
0.662,544.0309680001293,108158412.49995464,0.7970337195341525,0.09117575788489846,35744.99999997739,5.0299459415637915e-06,0.05231101004094119,0.03625756037421187,0.000499399716291792,0.00012639442189264516,3.469304253354705e-05
0.6625,543.8057560001292,107973836.66662161,0.7967037722175436,0.09102016350160087,35683.999999977415,5.036458579120196e-06,0.05233402876794627,0.036288476442986335,0.0004619011675666725,0.0001007288158972428,5.299932457505052e-05
0.663,543.5657760001292,107816493.33328854,0.7963521890113211,0.09088752566665867,35631.99999997744,5.041582778247363e-06,0.05234909024824426,0.036313552845795925,0.00049627987787626,0.00010083129907311561,5.041571967724049e-05
0.6635,543.3590240001291,107598633.3332889,0.7960492865567294,0.09070387327981563,35559.99999997746,5.049869195987497e-06,0.052382128431205856,0.03635520442300646,0.000538387344767669,0.00010099702618368301,5.049858349005809e-05
0.664,543.1596560001291,107411031.66662253,0.7957572020469444,0.090545728168923,35497.99999997747,5.0568330605553e-06,0.052408616427722335,0.036390065197899925,0.00046784558016761565,0.00015199578252218546,0.00016371041186561222
0.6645,542.930752000129,107259739.99995612,0.7954218457579321,0.09041819178917089,35447.99999997749,5.061831699390201e-06,0.05242346281872394,0.0364142719732994,0.0005307090866927173,0.00020801370671756284,0.00017833243390211399
0.665,542.746152000129,107087267.4999564,0.795151397137761,0.09027280031625348,35390.99999997751,5.068260351309739e-06,0.05244782317557671,0.036446050249837235,0.000498652335026665,0.00010136484646617537,0.00013826497917305254
0.6655,542.5135560001289,106914794.99995668,0.7948106318763452,0.09012740884333607,35333.999999977525,5.074260826112501e-06,0.05246761504649461,0.03647496113976227,0.000539276673572005,9.959439738165926e-05,5.074249870400364e-05
0.666,542.3178800001289,106733244.99995698,0.7945239563389637,0.08997436518763353,35273.99999997755,5.081058671085541e-06,0.05249327861561318,0.03650846248104389,0.0005365695777525014,4.88826385260922e-05,5.08104768514115e-05
0.6665,542.1111280001288,106575901.6666239,0.7942210538843719,0.08984172735269133,35221.99999997756,5.086620141351338e-06,0.05251198631922941,0.036535780396927384,0.0005152070197587419,0.00014439485584869787,0.00016128716607480652
0.667,541.8785320001288,106406454.99995752,0.7938802886229562,0.08969888660736897,35165.99999997758,5.092534395590428e-06,0.05253123240457547,0.03656426635930388,0.0005081831914979287,0.0001376698317591734,0.00011696278096329263
0.6675,541.6643960001287,106200698.33329119,0.7935665682235576,0.08952543713090609,35097.999999977605,5.100384503124598e-06,0.05256131652031409,0.0366033075398492,0.0005216522643102073,9.97744042286664e-05,0.00010676094563602938
0.668,541.4428760001286,106040329.16662478,0.7932420298793522,0.08939024856836884,35044.99999997762,5.106009008604085e-06,0.052579534964244445,0.036629773932902315,0.0005260141933814471,0.00010211981375864111,5.105997910618383e-05
0.6685,541.2250480001286,105864830.83329174,0.7929229005075502,0.08924230636785639,34986.99999997764,5.112415933979156e-06,0.05260192814084355,0.03666125992789703,0.0005024097138753332,1.785690995388943e-05,5.112404807153522e-05
0.669,540.9739920001285,105704461.66662534,0.7925550903841173,0.08910711780531914,34933.999999977656,5.117797143759858e-06,0.05261739662986273,0.03668629654876645,0.00048305087878522396,0.0001222895731594976,0.0001559005055110275
0.6695,540.7930840001285,105513834.16662565,0.7922900507363495,0.08894642196683149,34870.99999997768,5.125328714205545e-06,0.05264729419922273,0.03672418194724824,0.0004876258359501256,8.722954756705867e-05,0.0002141158509673723
0.67,540.5309520001284,105365568.33329256,0.7919060136957065,0.08882143631467442,34821.99999997769,5.13005301969539e-06,0.05265878559941505,0.036745808434588384,0.0004974373521209543,0.00011054404172509224,1.156335286187423e-05
0.6705,540.3131240001284,105141656.66662626,0.7915868843239044,0.08863268247264128,34747.999999977714,5.138906320577626e-06,0.05269358378263172,0.03678968570115084,0.0005196922735142526,0.00019243401048451994,0.00013415781900445137
0.671,540.0731440001283,104963132.49995989,0.7912353011176818,0.08848218954453378,34688.999999977736,5.145360386422678e-06,0.05271495228899195,0.036820682982687446,0.0004725732254013444,0.00011339593468227967,0.00010920983457469503
0.6715,539.8183960001282,104796711.66662683,0.7908620820218456,0.08834189952680646,34633.99999997776,5.151100520380515e-06,0.05273190728668472,0.03684780476680207,0.0005312600772767588,0.00013159335572989275,0.00015700234990000787
0.672,539.6042600001282,104636342.49996042,0.790548361622447,0.08820671096426921,34580.99999997777,5.1569487914806685e-06,0.05275136731046334,0.036875744139668,0.0005347674814487171,0.00010313860139929014,5.1569374625861196e-05
0.6725,539.3901240001281,104442689.1666274,0.7902346412230483,0.08804346439818651,34516.99999997779,5.1644603208137195e-06,0.05277929610511733,0.036912838057338256,0.0005228224019774955,0.00019370761955542697,5.164448957911079e-05
0.673,539.1722960001281,104246009.99996106,0.7899155118512463,0.08787766710450876,34451.99999997781,5.172114462705378e-06,0.0528077269194888,0.03695149286039289,0.0005213891134131245,0.00014984961869988423,0.0001932820806206432
0.6735,538.928624000128,104079589.166628,0.7895585196726204,0.08773737708678143,34396.99999997783,5.178043344668867e-06,0.05282604431797024,0.036978730056301805,0.0005081263951900067,0.00021040538942293253,0.00014013497486017754
0.674,538.707104000128,103834496.6666284,0.7892339813284149,0.087530768151583,34315.99999997786,5.188132280639871e-06,0.052866614064985655,0.03702885219124593,0.0005073269856275878,0.00013278634213584808,0.0001897214325918325
0.6745,538.4486640001279,103652946.6666287,0.7888553532601752,0.08737772449588047,34255.999999977874,5.194726067285868e-06,0.05288750766799554,0.03706046136850701,0.0005440816451489348,7.928710722477984e-05,5.194714566437451e-05
0.675,538.2492960001279,103477448.33329566,0.7885632687503903,0.08722978229536801,34197.99999997789,5.201609671186072e-06,0.05291273843866944,0.03709404043008846,0.0005528908195522917,9.243136495331137e-05,5.201598138907026e-05
0.6755,538.0056240001278,103280769.16662931,0.7882062765717643,0.08706398500169027,34132.99999997791,5.209155860682347e-06,0.052939118645122074,0.03712940178096786,0.0005340014380970872,7.549581058610923e-05,0.00014605404320015575
0.676,537.7619520001277,103108296.6666296,0.7878492843931383,0.08691859352877286,34075.99999997793,5.215506117212111e-06,0.05295937947497473,0.037159997699696884,0.0005260461123896567,0.00023428243065081532,0.00018325364500283253
0.6765,537.4518240001277,102896488.33329661,0.7873949307112507,0.0867400425971199,34005.999999977954,5.22322804894219e-06,0.05298328561444842,0.03719652153989784,0.0004943710461820212,0.00014233325784831027,0.00021843643190492295
0.677,537.2746080001276,102727041.66663022,0.7871353000358863,0.08659720185179752,33949.99999997797,5.2301185674526775e-06,0.05300948032400656,0.03723086000677658,0.0005102096860877776,0.00018841788581534175,0.0002268057455426177
0.6775,537.0567800001276,102539439.99996386,0.7868161706640843,0.08643905674090491,33887.99999997799,5.237563029409141e-06,0.05303643864930661,0.03726610419477496,0.0005342018533014423,0.00010475087339552197,5.237551331499608e-05
0.678,536.8278760001275,102333683.33329754,0.786480814375072,0.08626560726444203,33819.99999997801,5.2458570679186465e-06,0.05306710264552259,0.037306730423370696,0.0005337493664773641,0.00023242482607396158,5.24584533183852e-05
0.6785,536.5620520001274,102209624.16663107,0.7860913683620254,0.0861610274330453,33778.99999997803,5.249623568964279e-06,0.053073005051497306,0.037322652127851845,0.0005324423851245512,0.00010499208221214726,7.137518857008645e-05
0.679,536.3442240001274,102006893.33329807,0.7857722389902234,0.08599012868417746,33711.99999997805,5.257921366624433e-06,0.05310415061664799,0.037363444500405824,0.0005213016610813832,0.00010515803685040821,5.2579095741796665e-05
0.6795,536.1190120001273,101831394.99996503,0.7854422916736146,0.085842186483665,33653.99999997806,5.264771360544668e-06,0.05312757350927251,0.03739600531337739,0.0005201447709462468,6.726871584112537e-05,9.661706908331238e-05
0.68,535.8531880001273,101625638.3332987,0.785052845660568,0.08566873700720212,33585.999999978085,5.2728149784673916e-06,0.053154959786784764,0.03743463993656544,0.0005015975179091318,0.00010545590668197212,0.00013762778803920605
0.6805,535.6464360001272,101459217.49996564,0.7847499432059762,0.0855284469894748,33530.99999997811,5.279426051164929e-06,0.05317801022970156,0.037466215410605685,0.0005354364551168796,0.0002388481126618785,0.0001834901642755685
0.681,535.4544520001272,101268589.99996595,0.7844686766409982,0.08536775115098713,33467.99999997813,5.2874682268244006e-06,0.05320895988478908,0.037505386840521966,0.0005143911269433637,0.00010574896930699488,5.2874562971414314e-05
0.6815,535.2550840001271,101074936.66663294,0.7841765921312133,0.08520450458490443,33403.99999997815,5.295626212119375e-06,0.053240077474378866,0.037545971705544835,0.0005632721632851049,0.00022812337419683424,0.00014521759796836114
0.682,535.0409480001271,100929696.66663317,0.7838628717318147,0.0850820696603424,33355.999999978165,5.301125096683351e-06,0.05325705573373716,0.037571382247499424,0.0005145144874623267,9.41423711413941e-05,5.3011131032671094e-05
0.6825,534.845272000127,100739069.16663349,0.7835761961944332,0.08492137382185473,33292.99999997818,5.3092139566570165e-06,0.053287925062485815,0.037610463220925434,0.0005598969913036566,0.0001516275982774561,5.084899314300188e-05
0.683,534.5720640001269,100551467.49996713,0.7831759322365799,0.0847632287109621,33230.9999999782,5.316402408550643e-06,0.05331036646164934,0.03764474686518621,0.0005314226860597446,0.00010632764825561514,0.00016080612795539036
0.6835,534.3210080001269,100375969.16663408,0.782808122113147,0.08461528651044965,33172.99999997822,5.323196502472628e-06,0.0533318917173157,0.03767633256459246,0.000515511893839844,7.970929532739624e-05,0.00014385595507476325
0.684,534.1401000001268,100155083.33330111,0.7825430824653792,0.08442908339601157,33099.999999978245,5.333130203911753e-06,0.05337259255839063,0.037725386734513505,0.0005312120759572637,0.0001066622014701465,5.333118060757343e-05
0.6845,533.9591920001268,99988662.49996805,0.7822780428176115,0.08428879337828424,33044.99999997826,5.340197364879217e-06,0.05339889881196672,0.03776039238570109,0.0005579191121139126,0.00010680354354941033,5.340185188616268e-05
0.685,533.7265960001267,99764750.83330175,0.7819372775561957,0.08410003953625111,32970.99999997828,5.3498514409356625e-06,0.05343550230757747,0.037807113777948584,0.0005227676985541062,0.00010699662351598517,5.349839219440234e-05
0.6855,533.4976920001267,99595304.16663536,0.7816019212671834,0.08395719879092875,32914.9999999783,5.356655079917408e-06,0.05345800238921298,0.03783848122588433,0.0005569474652163613,7.938572698551542e-05,5.356642826163711e-05
0.686,533.2872480001266,99444012.49996895,0.7812936098401883,0.08382966241117663,32864.99999997832,5.362688356931425e-06,0.05347754859350264,0.03786702341633894,0.0005419110381409419,0.00014080924269236855,0.0001866626220796454
0.6865,533.0546520001266,99256410.83330259,0.7809528445787726,0.083671517300284,32802.99999997834,5.370480833680072e-06,0.05350471630752463,0.03790412332924546,0.0005144848559253608,0.0002496569539337478,0.0001528250107452081
0.687,532.8183640001265,99102093.33330284,0.7806066703449533,0.08354143019293685,32751.999999978358,5.376459225822177e-06,0.0535226220845306,0.03793099652705476,0.0005080111705702199,0.00010752877480283558,5.376446877840131e-05
0.6875,532.5894600001265,98887259.16663653,0.7802713140559411,0.08336032853368884,32680.99999997838,5.385824872571817e-06,0.05355771103137612,0.03797698370060417,0.0005149468062695432,4.069646852128998e-05,5.38581248036276e-05
0.6880000000000001,532.3605560001264,98696631.66663684,0.7799359577669288,0.08319963269520118,32617.999999978398,5.393908049448502e-06,0.05358636697357021,0.03801549119449149,0.0005335179188539687,0.0002098563851544012,0.00013670578852731073
0.6885,532.1168840001263,98496926.66663717,0.7795789655883028,0.08303128467392838,32551.99999997842,5.402370429293452e-06,0.05361611084578817,0.038055600224602096,0.0005299335114164768,0.00016572335375974938,5.402357958395075e-05
0.6890000000000001,531.9138240001263,98345634.99997075,0.7792814721061144,0.08290374829417628,32501.999999978438,5.408616498335533e-06,0.05363685950446876,0.03808462126025441,0.0005638889832070809,0.00023096986952974568,0.00010018501117056659
0.6895,531.6738440001262,98155007.49997106,0.7789298888998919,0.08274305245568861,32438.999999978456,5.416675700424993e-06,0.0536646959514559,0.03812306326871501,0.0005428549586601561,0.00019901368520547512,8.11822264265415e-05
0.6900000000000001,531.4412480001262,97946224.9999714,0.7785891236384762,0.08256705225163069,32369.999999978478,5.425847172775483e-06,0.05369835917195726,0.038166730364107164,0.0005366105801062094,0.00011889257611051189,1.449644550942406e-05
0.6905,531.2271120001261,97791907.49997166,0.7782754032390776,0.08243696514428353,32318.999999978496,5.4322195525256534e-06,0.05371905694600747,0.03819658871916751,0.0005615901481143902,0.00014260190671105773,0.00011228562191544716
0.6910000000000001,530.979748000126,97613383.33330528,0.7779130020880481,0.08228647221617603,32259.999999978514,5.439620366267521e-06,0.05374312062093508,0.03823100448953701,0.0005012430868618331,0.00010879198715964297,5.4396077168457956e-05
0.6915,530.739768000126,97449988.33330555,0.7775614188818256,0.08214873292604376,32205.99999997853,5.446278414984014e-06,0.05376384746965532,0.038261339650719754,0.0005533206028888238,0.0001450413861590495,0.0001534417384915879
0.6920000000000001,530.4997880001259,97259360.83330587,0.777209835675603,0.08198803708755609,32142.999999978554,5.454485650068755e-06,0.05379217619689911,0.03830027424796338,0.0005490679280539535,8.006173990242696e-05,9.505580887314294e-05
0.6925,530.2413480001259,97083862.49997282,0.7768312076073633,0.08184009488704364,32084.999999978565,5.461683686104622e-06,0.05381454494392121,0.03833355804958744,0.0005321462369808514,0.00020372455560761668,8.36690983945803e-05
0.6930000000000001,529.9939840001258,96914415.83330643,0.7764688064563339,0.08169725414172127,32028.999999978583,5.468680582171797e-06,0.05383644235723797,0.0383650366292841,0.0005354015996761464,0.0001758372494928484,5.4686677919967644e-05
0.6935,529.7060080001257,96760098.33330669,0.7760469066088669,0.08156716703437411,31977.999999978605,5.4744261025393225e-06,0.05385007989962899,0.03839052669457198,0.000536262767160189,0.0001094880959481034,5.871659527146086e-05
0.6940000000000001,529.4844880001257,96590651.6666403,0.7757223682646613,0.08142432628905175,31921.99999997862,5.48173636748529e-06,0.05387475355178714,0.038423634708531426,0.0005354176263929577,0.00014754388203634463,0.00011296461474049989
0.6945,529.2814280001256,96427256.66664056,0.775424874782473,0.08128658699891946,31867.99999997864,5.488919277563902e-06,0.05389970053554158,0.03845739483757929,0.0005603093037240357,0.00021561227166196504,0.0001375226125904753
0.6950000000000001,529.0636000001256,96221499.99997424,0.775105745410671,0.08111313752245658,31799.99999997866,5.498392770849209e-06,0.0539350919345629,0.03850310927417477,0.0005129850875136607,0.00013978876390117833,0.0001101793891068378
0.6955,528.8494640001255,96064156.66664116,0.7747920250112724,0.08098049968751438,31747.999999978678,5.505169486214535e-06,0.053957396057030114,0.038534404746525384,0.0005194744538593016,0.0001821383197521451,0.00012458145017905847
0.6960000000000001,528.6168680001255,95915890.83330807,0.7744512597498567,0.0808555140353573,31698.999999978696,5.511254323006884e-06,0.05397533369047177,0.03856225269834708,0.0005449588846227522,0.00011022465413255842,5.5112413254487634e-05
0.6965,528.3768880001254,95752495.83330834,0.7740996765436341,0.08071777474522503,31644.999999978707,5.518152643456474e-06,0.05399684211389232,0.0385937934228859,0.0005453544166698824,0.0001103626193539565,5.518139612032396e-05
0.6970000000000001,528.1147560001253,95534635.8333087,0.773715639502991,0.08053412235838198,31572.999999978732,5.52799255886204e-06,0.0540315561673017,0.03863973383776192,0.000567568364713603,9.88710602315446e-05,5.5279794794862666e-05
0.6975,527.8637000001253,95365189.16664231,0.7733478293795581,0.08039128161305961,31516.99999997875,5.535182225431648e-06,0.054053828530734475,0.038673001008925914,0.0005966374992075015,0.00022655979688479777,0.00014120050499679234
0.6980000000000001,527.6237200001252,95195742.49997592,0.7729962461733356,0.08024844086773723,31460.99999997877,5.54251383669032e-06,0.05407731840675622,0.03870541785843425,0.0005635070527849296,0.00012417623551945803,0.00010454919202635646
0.6985,527.3800480001252,95044450.8333095,0.7726392539947097,0.08012090448798513,31410.999999978787,5.5487726361326746e-06,0.05409534699656015,0.038733696496703364,0.0005532613139813374,0.00018245572686350777,5.5487594541789186e-05
0.6990000000000001,527.1031480001251,94844745.83330983,0.7722335810644528,0.07995255646671233,31344.999999978805,5.557536618069617e-06,0.0541238359671057,0.03877469116426385,0.000557128109219319,0.00011115029207099538,5.5575233929044215e-05
0.6995,526.863168000125,94651092.49997681,0.7718819978582302,0.07978930990062963,31280.999999978827,5.566371756356157e-06,0.0541545087353494,0.03881598109673374,0.0005436223940720938,0.00018077024219730276,0.00019017442231001523
0.7000000000000001,526.619496000125,94478619.9999771,0.7715250056796042,0.07964391842771222,31223.99999997884,5.57395414962933e-06,0.05417884708346446,0.03885022019993643,0.0005499868879902684,0.00011147863988049601,5.5739408435052126e-05
0.7005,526.3795160001249,94281940.83331075,0.7711734224733817,0.07947812113403446,31158.999999978867,5.583036489785006e-06,0.05421061313139129,0.03889244577690599,0.0005372090539579793,0.00015518728650651577,5.583023138913739e-05
0.7010000000000001,526.1543040001249,94115519.9999777,0.7708434751567728,0.07933783111630714,31103.99999997888,5.5905158256603115e-06,0.05423530659839663,0.038926985472647044,0.0005655590735064097,0.00018200425188959044,0.0001600479276503067
0.7015,525.8884800001248,93924892.499978,0.7704540291437263,0.07917713527781947,31040.999999978903,5.59903201380026e-06,0.05426288731459108,0.038965614114095375,0.0005589839224811409,0.00010904109252736294,0.00014230761724509793
0.7020000000000001,525.6669600001247,93719135.83331168,0.7701294907995209,0.0790036858013566,30972.999999978925,5.60896080961601e-06,0.0542995383488173,0.03901284198735659,0.0005029918473137823,0.00011217876706391802,5.608947330419191e-05
0.7025,525.3679080001247,93537585.83331198,0.7696913640348435,0.07885064214565406,30912.999999978943,5.616650283623452e-06,0.054321287587033876,0.039046915066887934,0.00057418040387473,0.00011831439547545858,0.00014375823594742058
0.7030000000000001,525.1316200001246,93437733.33331214,0.7693451898010243,0.07876646813501766,30879.999999978954,5.620123704487449e-06,0.05432586066358475,0.03906051190458418,0.00052736674468509,0.00011240202292685319,5.6201101685222836e-05
0.7035,524.8953320001245,93274338.3333124,0.7689990155672052,0.07862872884488538,30825.99999997897,5.627435598893561e-06,0.054348957082801456,0.03909324152820999,0.0005936637943184956,0.0001125482595316839,6.485084828955957e-05
0.704,524.6516600001245,93126072.49997932,0.7686420233885792,0.0785037431927283,30776.999999978987,5.633778445883037e-06,0.05436695377750987,0.039121207284722355,0.000557802554841395,3.4024780508219354e-05,8.365893959981e-05
0.7045,524.3858360001244,92989909.99997954,0.7682525773755327,0.07838896045095141,30731.999999979,5.639169195886304e-06,0.05437917703087053,0.039144420441564,0.000593176673973992,3.1597717759294216e-05,8.327719212516042e-05
0.705,524.1717000001244,92802308.33331318,0.7679388569761341,0.07823081534005878,30669.99999997902,5.6482614432119986e-06,0.054411884994764154,0.039186426919545464,0.000572115609714415,0.00016950389073098666,5.6482477658065627e-05
0.7055,523.9612560001243,92617732.49998015,0.7676305455491389,0.0780752209567612,30608.99999997904,5.6572455604032045e-06,0.05444420905404731,0.039228841587168196,0.0005934173204884788,0.00013733794697573192,0.00014702364629832395
0.706,523.6991240001242,92430130.8333138,0.7672465085084957,0.07791707584586857,30546.99999997906,5.665891839367297e-06,0.05447216710361015,0.039267757840180446,0.0005788158245810723,0.00011331737757749321,5.6658780736806184e-05
0.7065,523.4259160001242,92236477.49998078,0.7668462445506423,0.07775382927978587,30482.99999997908,5.674825515753605e-06,0.054500872699891595,0.03930865332930704,0.0005310733954812728,0.00011110031638407607,5.6748117050179485e-05
0.707,523.2117800001241,92048875.83331442,0.7665325241512437,0.07759568416889324,30420.9999999791,5.684064854279978e-06,0.05453406325774604,0.03935100368353772,0.0006113154239348564,0.00015735073249508152,5.684050997273406e-05
0.7075,522.912728000124,91903635.83331466,0.7660943973865664,0.07747324924433122,30372.999999979118,5.689793698135396e-06,0.05454594303549938,0.03937495492042293,0.0005786917964008578,0.00014565267640328198,0.00010859323157526311
0.708,522.643212000124,91685775.83331501,0.7656995424011165,0.07728959685748817,30300.99999997914,5.700373992038751e-06,0.05458256234144218,0.03942400165721979,0.0006095242885529212,0.00011400701452308066,5.700360052021044e-05
0.7085,522.3958480001239,91486070.83331534,0.765337141250087,0.07712124883621538,30234.99999997916,5.710113498610212e-06,0.05461624214225515,0.03946879234774134,0.0005865801928128513,0.00011420180294493538,5.710099509439785e-05
0.709,522.0894120001238,91325701.66664894,0.7648881965406028,0.07698606027367813,30181.99999997918,5.716785116043458e-06,0.05463210862090895,0.039497017078756566,0.0005684351697060254,0.00011853150271648246,5.7167710923285136e-05
0.7095,521.8309720001238,91144151.66664924,0.7645095684723632,0.0768330166179756,30121.999999979198,5.725336869760653e-06,0.05465942189593918,0.03953549023306561,0.0005945827588774525,0.000169767784049174,0.00011642791025637908
0.71,521.6020680001237,90974704.99998285,0.7641742121833508,0.07669017587265323,30065.999999979213,5.733484576841684e-06,0.05468630264283415,0.0395718462315068,0.0005970359515181544,0.0001575177222853828,0.0001119012718440829
0.7105,521.3436280001237,90784077.49998316,0.7637955841151112,0.07652948003416557,30002.9999999793,5.742676935834044e-06,0.05471656328067852,0.039613923119563056,0.0005611705335619234,0.00011485306583790005,5.7426627802844665e-05
0.711,521.0630360001236,90638837.4999834,0.7633845022124509,0.07640704510960354,29954.999999979475,5.748783307158137e-06,0.05473091213494594,0.03963955341506699,0.0005382846847132059,0.00018692177110215226,7.021026054685789e-05
0.7115,520.8009040001235,90454261.66665037,0.7630004651718079,0.07625145072630596,29893.9999999797,5.757615997347065e-06,0.05475916235313459,0.03967876361905859,0.0005937899534421847,0.000181833399779316,0.0001859415261883811
0.712,520.5387720001235,90296918.3333173,0.7626164281311647,0.07611881289136375,29841.999999979886,5.764745703487178e-06,0.05477926508588728,0.039709622593060996,0.000575313822104383,0.0001152944371552622,5.7647314340028886e-05
0.7125,520.3357120001234,90142600.83331755,0.7623189346489764,0.0759887257840166,29790.999999980075,5.7723618709679214e-06,0.05480474655452858,0.039744908870465015,0.0005886444790680127,0.0001677042022676588,5.647195334594958e-05
0.713,520.0772720001233,89988283.3333178,0.7619403065807366,0.07585863867666943,29739.999999980257,5.779388746352125e-06,0.054824473938098785,0.03977504400079441,0.0006002809081246117,0.00011558729535891151,5.779374401437039e-05
0.7135,519.8594440001233,89779500.83331814,0.7616211772089346,0.07568263847261152,29670.99999998051,5.790402476900359e-06,0.05486519481660746,0.03982669287654621,0.0006067145665944905,8.6434109695937e-05,5.7903880759086646e-05
0.714,519.6268480001232,89616105.83331841,0.7612804119475189,0.07554489918247924,29616.999999980708,5.79836451459522e-06,0.05489061898671531,0.03986214360792809,0.0005901912817350774,0.00011029948863291443,5.798350072525028e-05
0.7145,519.3610240001232,89452710.83331868,0.7608909659344724,0.07540715989234695,29562.999999980904,5.8059841804892e-06,0.05491262198982401,0.0398948282524703,0.0006196850822356257,0.00011611919926023531,5.805969698777145e-05
0.715,519.1468880001231,89280238.33331896,0.7605772455350738,0.07526176841942954,29505.999999981115,5.814801771271481e-06,0.05494297400756522,0.03993569002302529,0.0005909040377187954,8.403373770344407e-05,5.814787244196476e-05
0.7155,518.858912000123,89074481.66665263,0.7601553456876067,0.07508831894296666,29437.999999981363,5.8250006319640645e-06,0.05497588218424699,0.039982021151690514,0.0005979479083093371,0.00011649952485885792,7.102251145167241e-05
0.716,518.604164000123,88911086.6666529,0.7597821265917705,0.07495057965283439,29383.999999981563,5.832840238973609e-06,0.05499935776671663,0.040015583449041124,0.000579027472192478,0.00015147128668915392,0.00010803197921149829
0.7165,518.3161880001229,88726510.83331987,0.7593602267443034,0.0747949852695368,29322.999999981785,5.8417285108148e-06,0.05502596257090932,0.04005444735410697,0.0005890602189193652,0.00010522778181412182,5.841713843619235e-05
0.717,518.0799000001228,88575219.16665345,0.7590140525104843,0.07466744888978469,29272.999999981963,5.8490388719824704e-06,0.05504782980039766,0.04008634939643705,0.0005906242675965381,3.041679319554494e-05,0.0001886923001639943
0.7175,517.8066920001228,88433004.99998702,0.7586137885526308,0.0745475646928177,29225.999999982134,5.8553556107269995e-06,0.05506302208935009,0.04011230805579262,0.0005926778311824846,0.00020317297596556666,0.0001892126859878204
0.718,517.5408680001227,88248429.16665399,0.7582243425395843,0.07439197030952012,29164.99999998236,5.864590144973179e-06,0.05509227841185017,0.04015379609178978,0.000576547576063343,0.00020553080954931177,0.0001279494641173637
0.7185,517.3045800001227,88072930.83332095,0.7578781683057652,0.07424402810900767,29106.99999998257,5.873593340263964e-06,0.05512196283903729,0.040193924153556305,0.0005914937508139618,0.000122617677204162,5.8735785061142457e-05
0.719,517.0424480001226,87873225.83332127,0.757494131265122,0.07407568008773487,29040.999999982814,5.883958886189673e-06,0.055156600146245044,0.0402406258935575,0.0005925749329855397,0.00011767867908154052,0.00011901719734257955
0.7195,516.8061600001225,87737063.3333215,0.7571479570313029,0.07396089734595797,28995.999999982974,5.890397288962437e-06,0.05517415723648125,0.040268172601430126,0.0006132433111842367,0.00011780744592241862,5.8903823665782004e-05
0.72,516.5255680001225,87549461.66665514,0.7567368751286426,0.07380275223506534,28933.999999983203,5.8998143240080135e-06,0.05520325127738406,0.04030906437266371,0.0005814676977274698,0.00014732686825516937,0.0001053711670634415
0.7205,516.2228240001224,87346730.83332214,0.7562933393915618,0.07363185348619751,28866.999999983447,5.91004172766575e-06,0.055234884089071686,0.040354215070060456,0.0006178013428688273,0.0001182003310514105,6.681457641535477e-05
0.721,515.9791520001223,87122819.16665584,0.7559363472129359,0.07344309964416439,28792.99999998372,5.922434064181441e-06,0.05527971122793637,0.040411194994030605,0.000592598141150464,0.00023201149104908086,0.00016948152474463487
0.7215,515.7502480001223,86895881.66665621,0.7556009909239236,0.0732517950745362,28717.999999983993,5.935266874655885e-06,0.055327292599336546,0.04047025535197254,0.0005771350791921494,0.00014615300023418325,0.00010435279308769585
0.722,515.4991920001222,86747615.83332312,0.7552331808004907,0.07312680942237913,28668.99999998417,5.942517117595513e-06,0.055347598905600384,0.04050129828894544,0.0006139233404293568,0.00016380053371502166,5.096578739048711e-05
0.7225,515.2592120001221,86566065.83332342,0.7548815975942682,0.0729737657666766,28608.99999998439,5.9522077969006445e-06,0.05537981414045107,0.04054448740801475,0.0005939936809824451,9.455108584700885e-05,5.9521925494089726e-05
0.723,515.0044640001221,86396619.16665703,0.7545083784984319,0.07283092502135423,28552.999999984597,5.960933066219764e-06,0.05540668767394482,0.04058267519528186,0.0005776122459451469,0.00012060748823597841,0.00016814558711586788
0.7235,514.738640000122,86248353.33332394,0.7541189324853854,0.07270593936919716,28503.999999984775,5.968098173547871e-06,0.055425667572813926,0.04061303361725546,0.0006047980010459328,5.1453479240765795e-05,5.9680828410409306e-05
0.724,514.483892000122,86060751.66665758,0.7537457133895491,0.07254779425830453,28441.999999985,5.97814778556539e-06,0.0554585846439607,0.04065748505218084,0.000575000175393611,0.00011956243960210528,0.00012181119593443545
0.7245,514.2143760001219,85903408.3333245,0.7533508584040991,0.07241515642336234,28389.99999998519,5.985960114700626e-06,0.05548027219858839,0.040690180618554554,0.0006116708292131994,0.00019196227484286765,7.09330247890523e-05
0.725,513.9116320001218,85727909.99999146,0.7529073226670183,0.07226721422284989,28331.999999985404,5.994682851829387e-06,0.05550433399126148,0.04072777039996545,0.0005913891062135976,0.00011989313775729858,4.996393834654804e-05
0.7255,513.6162720001217,85570566.66665839,0.7524746048747444,0.07213457638790768,28279.999999985594,6.002253952587725e-06,0.055523410653330045,0.0407588962888968,0.0005777632449326913,0.00016277248483617904,0.00010915799407503404
0.726,513.3209120001217,85361784.16665873,0.7520418870824706,0.07195857618384977,28210.999999985845,6.013474495775811e-06,0.05555930187625603,0.04080832418649856,0.0005893601928707985,0.00018017049830078307,0.0001797775013230054
0.7265,513.0735480001216,85165104.99999239,0.7516794859314411,0.07179277889017202,28145.99999998608,6.024457411285614e-06,0.05559661439170376,0.04085707775861288,0.0006153002265218724,0.00013446186761760113,0.00013851465275507144
0.727,512.8188000001215,85022890.83332595,0.7513062668356049,0.07167289469320502,28098.999999986252,6.031538036096919e-06,0.05561546438838738,0.04088666423123231,0.0006002823692786575,0.00012063023443459385,6.031522362664955e-05
0.7275,512.5862040001215,84907909.16665947,0.7509655015741891,0.07157596704459342,28060.999999986394,6.0369665091387875e-06,0.055627866394605374,0.04090836031006509,0.000589580756984172,0.0002026617745666396,0.00015765620492687494
0.728,512.3573000001214,84741488.33332641,0.7506301452851768,0.0714356770268661,28005.999999986594,6.0461210922422034e-06,0.05565759638274284,0.040949171065794175,0.0006065474334249797,0.0001209218927526858,6.841925814467436e-05
0.7285,512.0840920001214,84550860.83332673,0.7502298813273234,0.07127498118837843,27942.999999986827,6.05652132873705e-06,0.05569059134351689,0.040994591713860995,0.0006167800695412303,0.00012112989550800138,0.00010335925262144225
0.729,511.7702720001213,84345104.1666604,0.7497701186730323,0.07110153171191555,27874.99999998707,6.067575315206165e-06,0.05572430698633676,0.04104203647133708,0.0006086853497667207,0.00012135097312074059,0.00014569963239076202
0.7295,511.5524440001212,84148424.99999405,0.7494509893012303,0.0709357344182378,27809.99999998731,6.079168374216836e-06,0.05576564477939663,0.04109471806879634,0.0006033775812165534,0.0001575938894164322,6.0791524433456434e-05
0.73,511.25708400012115,83988055.83332765,0.7490182715089564,0.07080054585570056,27756.999999987504,6.087259419538166e-06,0.055786630885461465,0.041127742454222245,0.0006068178853512186,0.00012174465145161831,6.0872434441402296e-05
0.7305,511.0023360001211,83791376.6666613,0.7486450524131202,0.07063474856202281,27691.99999998774,6.098507463757155e-06,0.05582423510507468,0.041177903660251994,0.0005902883612210861,0.00011494455407137097,9.076873930544977e-05
0.731,510.725436000121,83634033.33332823,0.7482393794828633,0.07050211072708061,27639.999999987933,6.106669924247173e-06,0.05584644403327981,0.04121125597506188,0.0006231435062352539,0.00012213285781235086,0.00014959585098834924
0.7315,510.44484400012095,83488793.33332847,0.7478282975802031,0.07037967580251858,27591.999999988104,6.113932464710242e-06,0.05586429041080426,0.04124095028314909,0.000616397395367278,0.00012227810717389963,9.077927702127522e-05
0.732,510.1642520001209,83313294.99999543,0.7474172156775428,0.07023173360200613,27533.99999998832,6.1234434672179135e-06,0.055892357076381155,0.04128111985825194,0.0006138545843847035,0.00012246832537446333,6.123427293477812e-05
0.7325,509.8541240001208,83146874.16666237,0.7469628619956552,0.0700914435842788,27478.99999998852,6.131969831820162e-06,0.05591425325065472,0.041316050205894315,0.0006065608830610128,0.00020168698816612623,0.0001828612385757876
0.733,509.54768800012073,82965324.16666266,0.746513917286171,0.06993839992857626,27418.99999998874,6.141694655185455e-06,0.055941754579175405,0.04135740913847461,0.0005953560324277173,9.329993126533552e-05,6.141678380415507e-05
0.7335,509.21171600012065,82786799.99999629,0.7460217007974594,0.06978790700046876,27359.999999988955,6.150880526849008e-06,0.05596511418826049,0.041394920839699895,0.0006270131091318951,0.0001703610282071712,6.150864200910372e-05
0.734,508.9422000001206,82602224.16666326,0.7456268458120094,0.06963231261717119,27298.999999989177,6.1613619383086815e-06,0.05599795228127892,0.04143990711195813,0.0006021732433018192,7.19414129839865e-05,6.161345554708338e-05
0.7345,508.6653000001205,82408570.83333024,0.7452211728817526,0.06946906605108848,27234.99999998941,6.172480542453361e-06,0.05603320628727177,0.041487674540439466,0.00064699970969653,0.00011178481973075007,0.00018768840270847446
0.735,508.2997920001204,82242149.99999718,0.7446856846138137,0.06932877603336116,27179.999999989614,6.180526554815722e-06,0.05604956636994861,0.041519378494499,0.0006296321157623459,5.193701260281962e-05,0.00015348517059568913
0.7355,508.07088800012036,82099935.83333075,0.7443503283248014,0.06920889183639417,27132.999999989785,6.18844439819714e-06,0.05607282724171,0.04155260817222744,0.0006332023778205916,0.0002593237965891687,0.00014630319768726093
0.736,507.7866040001203,81900230.83333108,0.7439338374497377,0.06904054381512137,27066.999999990025,6.200063160181785e-06,0.056109736322906834,0.041602690324985606,0.0006152807752152317,8.388389418573095e-05,0.00018327112003216334
0.7365,507.55031600012023,81730784.16666469,0.7435876632159185,0.068897703069799,27010.999999990232,6.210026260914469e-06,0.05614173373531651,0.04164572286692393,0.0006223556843561863,0.00017788922975781938,0.00011147329980596748
0.737,507.26234000012016,81540156.666665,0.7431657633684515,0.06873700723131133,26947.99999999046,6.2210125751143865e-06,0.05617542925675917,0.041692447173820577,0.0005954725410844201,7.911860645879282e-05,6.220995860155486e-05
0.7375,506.9817480001201,81410045.83333188,0.7427546814657913,0.06862732594472452,26904.999999990618,6.227508445800991e-06,0.05618920326477728,0.04171778151488923,0.0006238754655622952,0.00016826282252545036,6.227491693801348e-05
0.738,506.68269600012,81249676.66666548,0.7423165547011139,0.06849213738218728,26851.99999999081,6.236119536559314e-06,0.05621145160276896,0.041753538716348904,0.0006395804416864056,0.00017811147809194445,6.23610273593638e-05
0.7385,506.40948800011995,81074178.33333243,0.7419162907432605,0.06834419518167482,26793.99999999102,6.246248786118345e-06,0.05624191554203905,0.04179601632520262,0.0006265800712752286,0.0001374154835663022,6.246231928796e-05
0.739,506.05505600011986,80931964.166666,0.7413970293925318,0.06822431098470784,26746.999999991196,6.252845352399741e-06,0.05625191027621712,0.04181933557359299,0.0006046347907756327,0.0001716685367250611,6.252828456749469e-05
0.7395,505.7523120001198,80801853.33333288,0.740953493655451,0.06811462969812102,26703.999999991353,6.259167223723614e-06,0.05626350229092665,0.04184316793072199,0.0006189271074460448,0.0001662403856094853,4.755272059269925e-05
0.74,505.4901800001197,80599122.49999988,0.7405694566148079,0.06794373094925318,26636.999999991596,6.2716586027362825e-06,0.056305019389820084,0.04189753114877637,0.000634070906527715,0.00014602084005615256,6.271641600920828e-05
0.7405,505.24281600011966,80420598.3333335,0.7402070554637785,0.06779323802114569,26577.99999999181,6.282505060531261e-06,0.05633989617613294,0.0419443017686421,0.0006466847682478449,0.00012977924773897764,6.282487997946409e-05
0.741,504.9659160001196,80260229.1666671,0.7398013825335217,0.06765804945860844,26524.999999992007,6.291608200513799e-06,0.05636524669487065,0.041981552084604384,0.0006093019008596369,0.00018576951308247507,6.291591086298908e-05
0.7415,504.72593600011953,80081705.00000073,0.739449799327299,0.06750755653050095,26465.999999992222,6.302637237807498e-06,0.05640122158215575,0.04202934615484173,0.0006450996668143021,0.0001954859000951391,6.302620061668405e-05
0.742,504.45272800011946,79872922.50000107,0.7390495353694457,0.06733155632644303,26396.999999992473,6.315691378390626e-06,0.05644431802974768,0.04208591166330655,0.000643994936366291,4.9767919024991226e-05,6.315674128886845e-05
0.7425,504.1684440001194,79721630.83333465,0.738633044494382,0.06720401994669091,26346.99999999266,6.324111018929474e-06,0.05646601181943969,0.04212004765886347,0.0006442201877132176,0.00013346161646859736,6.32409372116822e-05
0.743,503.9026200001193,79543106.66666828,0.7382435984813355,0.06705352701858341,26287.999999992873,6.334962778255108e-06,0.05649953628845715,0.0421654736991085,0.0006061508746330717,2.868407040777455e-05,6.334945418979841e-05
0.7435,503.60726000011925,79409970.00000183,0.7378108806890615,0.06694129500440156,26243.99999999303,6.3418643779881495e-06,0.056513734535622674,0.04219158691908102,0.0006217548792969502,0.0001268366999857433,0.0001450127667982898
0.744,503.3229760001192,79234471.66666879,0.737394389813998,0.06679335280388911,26185.999999993244,6.352323242812129e-06,0.05654434957640916,0.04223534711735502,0.0006453350420036104,0.00022956658043143193,0.00013100327404833947
0.7445,503.0276160001191,79089231.66666903,0.736961672021724,0.06667091787932708,26137.99999999342,6.360254176196689e-06,0.05656303309016836,0.04226711904037356,0.0006378941865624207,0.00015010145699593836,2.8417244733943193e-05
0.745,502.74333200011904,78931888.33333595,0.7365451811466603,0.06653828004438488,26085.999999993608,6.369331110855881e-06,0.05658738328240971,0.04230320947710704,0.0006386493007059744,0.00015755158496649063,0.00019083265215726606
0.7455,502.42582000011896,78744286.66666959,0.7360800095199659,0.06638013493349225,26023.999999993837,6.380473317726843e-06,0.056618969617555026,0.042349194784280085,0.0006556140137088359,0.00012760887084418079,0.000160399306985219
0.746,502.1046160001189,78532478.3333366,0.735609428920868,0.06620158400183929,25953.999999994092,6.393591882697254e-06,0.05665902536679141,0.04240408892720853,0.000668145983570226,0.00017780020972117466,5.494102498954646e-05
0.7465,501.8203320001188,78381186.66667019,0.7351929380458043,0.06607404762208717,25903.999999994277,6.4023058764624e-06,0.05668157023394064,0.0424391003484191,0.0006298542986328446,0.00012804551754278104,9.297495339043539e-05
0.747,501.4659000001187,78181481.66667052,0.7346736766950756,0.06590569960081438,25837.999999994514,6.4141263290217e-06,0.05671383213508133,0.042487318859366234,0.0006512063855555037,0.0001092240923309121,8.209752911298983e-05
0.7475,501.14469600011864,78033215.83333743,0.7342030960959777,0.06578071394865731,25788.999999994696,6.42219714577006e-06,0.056731324208638814,0.042517836385852985,0.0006580375537297666,0.00020586196988601967,6.422179282597067e-05
0.748,500.79764800011856,77866795.00000437,0.7336946526900558,0.06564042393092999,25733.999999994896,6.431466044031868e-06,0.056752587280329135,0.042553749667624326,0.0006389212336701675,0.00012862871474300636,0.00014276384853119682
0.7485,500.44321600011847,77706425.83333796,0.7331753913393271,0.06550523536839274,25680.999999995085,6.440178024317469e-06,0.05677091229856998,0.04258685174944338,0.000633025621676461,0.000176467990501123,0.0001069572031634209
0.749,500.1146280001184,77536979.16667157,0.7326939927954224,0.06536239462307038,25624.999999995296,6.450014346381542e-06,0.05679559481251137,0.04262557276753973,0.0006557783140263854,6.112443578312025e-05,6.449996319578979e-05
0.7495,499.7934240001183,77346351.66667189,0.7322234121963245,0.0652016987845827,25561.999999995525,6.46175822427933e-06,0.05682901821928364,0.04267345255699593,0.0006321546522839631,9.60909799778246e-05,6.46174012908965e-05
0.75,499.4611440001182,77164801.66667219,0.7317366046800162,0.06504865512888017,25501.99999999574,6.4726550604981036e-06,0.05685800494400159,0.042717041706202254,0.0006158527267514043,0.0001662489740724424,6.472636901438833e-05
0.7505000000000001,499.18424400011816,76989303.33333914,0.7313309317497595,0.06490071292836772,25443.999999995955,6.483812976444397e-06,0.05689121446943139,0.0427631658976635,0.0006442304440767931,9.97556827816583e-05,0.0001205404240217963
0.751,498.8667320001181,76831960.00000606,0.730865760123065,0.06476807509342553,25391.999999996144,6.49295855526891e-06,0.05691321467762348,0.042798911013925404,0.0006401498829196479,7.870925690623162e-05,7.077058202172091e-05
0.7515000000000001,498.545528000118,76653435.83333969,0.730395179523967,0.06461758216531803,25332.99999999636,6.503890172438694e-06,0.056942763636380456,0.04284297360896075,0.0006606858426559922,0.00015798692480970496,9.828251110629774e-05
0.752,498.2280160001179,76483989.1666733,0.7299300078972726,0.06447474141999565,25276.999999996566,6.514147881517835e-06,0.0569694999777682,0.04288365355344365,0.0006455066531751754,0.00013236123515347701,8.809783777838035e-05
0.7525000000000001,497.89942800011784,76341775.00000687,0.7294486093533679,0.06435485722302867,25229.999999996737,6.521978667643935e-06,0.05698493124001366,0.042912157368217095,0.00066140473473859,0.00017720170745058944,0.00014027008218270106
0.753,497.51546000011774,76169302.50000715,0.7288860762234117,0.06420946575011126,25172.999999996944,6.5317056041056835e-06,0.05700541591014784,0.04294865588251458,0.0006630475630860528,0.00011822696454355556,6.53168709550004e-05
0.7535000000000001,497.20902400011767,76014985.0000074,0.7284371315139275,0.0640793786427641,25121.99999999713,6.540934317096415e-06,0.057028102519789146,0.04298462138799071,0.0006671302110003471,6.202937245413959e-05,6.54091575350197e-05
0.754,496.9284320001176,75866719.16667432,0.7280260496112673,0.06395439299060703,25072.99999999731,6.5500187362576955e-06,0.05705158572540387,0.04302016758403783,0.0006355858164922319,0.00012748185304433,8.547389439738151e-05
0.7545000000000001,496.5813840001175,75700298.33334126,0.7275176062053454,0.0638141029728797,25017.99999999751,6.559833909946487e-06,0.05707437497640453,0.04305793420569998,0.0006608508284978095,0.0001839161267175251,0.00010798865627037589
0.755,496.27494800011743,75561110.00000815,0.7270686614958612,0.06369676950350775,24971.99999999768,6.5678620655528205e-06,0.05709166549592868,0.04308824126459987,0.0006576690099387226,0.00018902702297166776,0.00014316318032271344
0.7555000000000001,495.94636000011735,75397715.00000842,0.7265872629519565,0.06355903021337547,24917.99999999788,6.577737269624974e-06,0.05711565199919518,0.04312624056455801,0.0006651346615999909,0.00013155410799018644,6.57771848546765e-05
0.756,495.6731520001173,75252475.00000866,0.7261869989941031,0.06343659528881344,24869.99999999805,6.586801988905484e-06,0.05713924863905643,0.043162054971018285,0.000663281072631031,0.0001285524415677785,6.586783150529144e-05
0.7565000000000001,495.3519480001172,75086054.1666756,0.7257164183950052,0.06329630527108611,24814.999999998254,6.5971231741721005e-06,0.05716546710399223,0.043202414251798354,0.0006316809836895324,0.00011630788276960305,0.00012158491235720435
0.757,495.07135600011713,74946865.8333425,0.725305336492345,0.06317897180171417,24768.99999999842,6.605631209462383e-06,0.057186113693453264,0.04323571410011479,0.000674212490749308,0.0001798570281313805,0.0001666177104690868
0.7575000000000001,494.77230400011706,74795574.16667607,0.7248672097276676,0.06305143542196205,24718.999999998603,6.614994396560895e-06,0.05720934190938525,0.04327089002029717,0.0006314934800874432,0.0001322992424503691,7.489910092286502e-05
0.758,494.39202800011697,74665463.33334295,0.7243100855701149,0.06294175413537523,24675.99999999876,6.621428514987049e-06,0.057215157490748625,0.04329194615140784,0.0006788593379050427,0.0001233691647704233,6.621409466565228e-05
0.7585000000000001,494.0708240001169,74496016.66667657,0.723839504971017,0.06279891339005286,24619.999999998967,6.632177747312009e-06,0.057242975817434476,0.04333394022348341,0.0006495981060793447,7.416403371157684e-05,6.560723608639277e-05
0.759,493.7127000001168,74356828.33334346,0.7233148346478849,0.06268157992068092,24573.999999999134,6.639776212438632e-06,0.057254996164512996,0.04336045507180487,0.000682813814409702,0.00017043074294743242,4.363432381976218e-05
0.7595000000000001,493.4062640001167,74196459.16667706,0.7228658899384007,0.06254639135814367,24520.999999999327,6.649997446531979e-06,0.05728126327635825,0.04340004343946997,0.0006590594237099091,3.639362508664352e-05,6.64997822444734e-05
0.76,493.04444800011663,74042141.66667731,0.7223358106428651,0.06241630425079652,24469.999999999513,6.658970647009411e-06,0.057298876249265315,0.043433060492584434,0.0006729085523419973,8.664009447997049e-05,6.658951369717639e-05
0.7605000000000001,492.69740000011655,73863617.50001094,0.7218273672369432,0.062265811322689026,24410.999999999727,6.670366503509574e-06,0.057327697721758504,0.043477031536314055,0.0006523161973678646,0.00015565106781060135,2.5269259806967852e-05
0.761,492.34296800011646,73688119.16667789,0.7213081058862145,0.06211786912217657,24352.99999999994,6.681443000145893e-06,0.05735463495577833,0.04351930067721641,0.000649716391106094,0.00013362819970829946,0.00012317812789454185
0.7615000000000001,492.0143800001164,73482362.50001156,0.7208267073423098,0.06194441964571369,24285.00000000019,6.695679932719079e-06,0.05739654569791931,0.04357638242271557,0.0006708591590204291,0.0001937529381246917,0.00016850125937963918
0.762,491.7153280001163,73270554.16667858,0.7203885805776324,0.06176586871406073,24215.000000000444,6.7109541287424145e-06,0.05744450912735708,0.043640101323267615,0.0006637337022556679,0.00019149342331865546,0.00010865901708521064
0.7625000000000001,491.3535120001162,73107159.16667885,0.7198585012820968,0.061628129423928445,24161.000000000644,6.7210040384672455e-06,0.05746635137323454,0.04367762709315663,0.0006717908154460966,0.00015417953657529613,9.243094722809576e-05
0.763,491.0101560001161,72892325.00001253,0.7193554668485784,0.061447027764680445,24090.000000000902,6.7361022713986925e-06,0.057510757259600774,0.043738459778049944,0.0006686128213039504,0.00012862355990448987,6.736082525874984e-05
0.7635000000000001,490.68526000011605,72750110.8333461,0.7188794772770771,0.06132714356771345,24043.00000000107,6.744804294857557e-06,0.057528850225791586,0.04376952954831653,0.0006546660416240387,0.00014096918178826533,0.00015374098427975406
0.764,490.23483600011593,72607896.66667967,0.7182195826438593,0.06120725937074647,23996.000000001244,6.751811559156327e-06,0.05753230208267806,0.04379091435864923,0.0006670432204398897,0.00013503555531429347,6.75179171408656e-05
0.7645000000000001,489.93578400011586,72471734.16667989,0.717781455879182,0.061092476628969564,23951.000000001408,6.760370641515188e-06,0.05755119483153443,0.0438228322752365,0.0006629607609777427,7.394095994066174e-05,6.760350743254368e-05
0.765,489.6071960001158,72314390.83334681,0.7173000573352772,0.06095983879402737,23899.0000000016,6.77053613199131e-06,0.05757513117558919,0.04386110783989754,0.0006844110015168976,0.00010081684630855083,6.770516170704438e-05
0.7655000000000001,489.3081440001157,72144944.16668043,0.7168619305705999,0.060816998048704995,23843.000000001804,6.782292919509928e-06,0.05760749654295674,0.04390701548365741,0.0006716029272988414,0.00013564517569431488,6.782272885967907e-05
0.766,488.9869400001156,71954316.66668074,0.716391349971502,0.06065630221021733,23780.00000000203,6.795797148144505e-06,0.05764588905234216,0.043960856515292766,0.0006888371301541727,0.00016940205920117635,6.795777031645724e-05
0.7665000000000001,488.70265600011555,71793947.50001433,0.7159748590964383,0.06052111364768009,23727.00000000223,6.807017485701256e-06,0.05767668486252399,0.04400438380704869,0.0006937489574245821,0.00010238247942393168,6.806997299964205e-05
0.767,488.34453200011546,71636604.16668126,0.7154501887733061,0.06038847581273789,23675.00000000242,6.816969308928358e-06,0.057697678655349506,0.04404001370078268,0.0006832807916939253,0.00017274703515182674,4.18434793913192e-05
0.7675000000000001,488.0417880001154,71464131.66668154,0.7150066530362253,0.06024308433982048,23618.000000002627,6.829185167692359e-06,0.05773144855907789,0.04408851488286739,0.0006797636964702775,9.774613528750842e-05,0.00014302971565238387
0.768,487.7168920001153,71288633.3333485,0.714530663464724,0.06009514213930803,23560.00000000284,6.841439780722568e-06,0.05776398651013846,0.04413598997767443,0.000696428472626517,0.00016460058645681,9.449877787245453e-05
0.7685,487.3846120001152,71143393.33334874,0.7140438559484159,0.05997270721474599,23512.000000003012,6.850736086152526e-06,0.057783524680605616,0.04416982771829648,0.0006775109885647884,0.00022038186844384588,7.977754274841069e-05
0.769,487.07448400011515,71013282.50001562,0.7135895022665283,0.059863025928159175,23469.00000000317,6.858920850476219e-06,0.057799634046896774,0.044199152800001196,0.000692402300988586,5.336147642330811e-05,0.00016264448373082006
0.7695,486.73482000011506,70843835.83334923,0.7130918768054133,0.05972018518283681,23413.000000003376,6.870531702223105e-06,0.05782836114415392,0.04424266255532589,0.0007131649018997619,0.00014799967020904237,6.87051111851011e-05
0.77,486.35454400011497,70692544.16668281,0.7125347526478606,0.059592648803084694,23363.000000003558,6.879856280930577e-06,0.05784497982419094,0.04427471291936874,0.0006885133665746534,7.92186027209518e-05,5.981859439753188e-05
0.7705,486.0259560001149,70547304.16668305,0.7120533541039559,0.059470213878522665,23315.000000003733,6.8893625595072345e-06,0.05786537250244778,0.0443098725015034,0.0006784174202872881,0.00021910942295906243,7.837717985926038e-05
0.771,485.6530640001148,70402064.16668329,0.71150704789121,0.05934777895396063,23267.000000003907,6.898278761405163e-06,0.05788058839850141,0.04433958041105863,0.0006948825301122116,0.00012155263519562141,6.898258000211387e-05
0.7715,485.3613960001147,70247746.66668354,0.7110797390713395,0.05921769184661348,23216.000000004093,6.909280639322022e-06,0.057909328894414566,0.044382015764936535,0.0006894011752595292,0.00013679251941748187,6.9092598088992e-05
0.772,484.9478920001146,70063170.83335051,0.710473934162156,0.059062097463315893,23155.00000000432,6.921580713975856e-06,0.05793615651845259,0.04442634434369019,0.0006895359410646946,0.00013556093558697726,6.921559805113294e-05
0.7725,484.59715200011453,69951215.00001736,0.7099600817838306,0.05896772054229933,23118.000000004453,6.9276445305488154e-06,0.0579405648679708,0.04444471781419558,0.0006883899167853456,0.0001376615304966239,6.92762358145351e-05
0.773,484.30548400011446,69775716.66668431,0.7095327729639601,0.05881977834178687,23060.000000004664,6.940888709371794e-06,0.0579784674551599,0.04449637909267326,0.0006948860270982853,0.0001388170551222878,6.94086767710615e-05
0.7735,483.9805880001144,69624425.0000179,0.7090567833924588,0.058692241962034764,23010.000000004846,6.951304631959114e-06,0.0580024888065816,0.04453498232064593,0.0006900227863936334,0.0001845148952760153,0.00013409314207770288
0.774,483.6556920001143,69467081.66668482,0.7085807938209575,0.05855960412709256,22958.000000005035,6.962372398494854e-06,0.05802915840674682,0.044576184038524765,0.0007013478073488245,0.0001501530385540605,6.962351229104773e-05
0.7745,483.3012600001142,69270402.50001848,0.7080615324702288,0.05839380683341481,22893.000000005275,6.9770239894301944e-06,0.05806889565812665,0.04463261574658908,0.0006963396750929878,5.229152210120396e-05,6.97700272715848e-05
0.775,482.9468280001141,69058594.16668549,0.7075422711195001,0.05821525590176185,22823.00000000553,6.993290752986283e-06,0.05811522789558927,0.04469611524129062,0.0006977408020048006,9.265729265581589e-05,6.993269387741087e-05
0.7755,482.62931600011404,68828630.83335254,0.7070770994928056,0.058021400604538635,22747.000000005806,7.0120429559125366e-06,0.058173959685871704,0.04477177770773693,0.0007221542454141854,0.0002478236603027387,9.61333908286313e-05
0.776,482.28965200011396,68634977.50001952,0.7065794740316906,0.05785815403845593,22683.000000006043,7.02687856202731e-06,0.05821497125646709,0.04482927221977486,0.0006890548874729492,0.00014053683254373203,7.026856984095369e-05
0.7765,481.90199200011386,68462505.0000198,0.7060115319293311,0.05771276256553852,22626.000000006254,7.038918485380786e-06,0.05824140177521541,0.04487242236424525,0.0006898659233854186,0.00011291801193586085,6.796881426173674e-05
0.777,481.5549440001138,68308187.50002006,0.7055030885234091,0.05758267545819136,22575.000000006436,7.049739740202774e-06,0.05826516153026253,0.04491155157343118,0.0006951433961277978,0.00013855785852870224,7.868401693601168e-05
0.7775,481.1894360001137,68153870.00002031,0.7049676002554702,0.0574525883508442,22524.00000000662,7.060339141415892e-06,0.05828681338005748,0.04494871296993244,0.0006988025911027346,0.00021471198723623013,0.00016736107181470727
0.778,480.7796240001136,68023759.16668719,0.7043672043186902,0.05734290706425738,22481.00000000678,7.067819095707409e-06,0.05829284177167164,0.04497048764829306,0.0007108643222546288,0.00014135563328334966,7.06779724934004e-05
0.7785,480.3698120001135,67875493.3333541,0.7037668083819101,0.05721792141210031,22432.00000000696,7.077220192579568e-06,0.05830673128669937,0.04500127824131603,0.0007101352279379287,0.00018599330144431414,0.00013215112294862971
0.779,480.0338400001134,67748408.33335431,0.7032745918931984,0.05711079085310854,22390.000000007116,7.085536794283331e-06,0.05832057443674442,0.045029261829055305,0.0007216268078708809,0.00014300414237867267,0.00019090753519427752
0.7795,479.6424880001133,67569884.16668794,0.7027012408184354,0.05696029792500104,22331.000000007327,7.098465446779289e-06,0.05834995776946031,0.04507572897971587,0.0007143731873632213,8.441507948861709e-05,0.00013410374875162494
0.78,479.2289840001132,67394385.83335489,0.7020954359092519,0.05681235572448858,22273.000000007538,7.110814618670102e-06,0.058375511885761705,0.04511884261642315,0.0007056334206625124,0.0002014154466830679,0.00016204484514831586
0.7805,478.8745520001131,67221913.33335517,0.7015761745585233,0.056666964251571174,22216.00000000775,7.123786400207951e-06,0.058407122169879776,0.04516681357765026,0.0007036888185776921,0.00017995551861955638,4.168501188628865e-05
0.781,478.420436000113,67031285.8333553,0.700910870952902,0.05650626841308335,22153.000000007854,7.137270754278851e-06,0.05843464779122964,0.045214154966436715,0.0007300111285625334,0.00015530464538694567,0.00014821415410114745
0.7815,478.0807720001129,66873942.50002184,0.7004132454917871,0.05637363057814083,22101.00000000779,7.1489844045004044e-06,0.05846181521704687,0.04525585127946178,0.0007045939381727665,0.0001429789197659644,3.03722718379758e-05
0.782,477.75218400011283,66674237.500021674,0.6999318469478824,0.05620528255686762,22035.000000007705,7.165469031422482e-06,0.058509061713013094,0.04531944165930814,0.000707662882807028,0.00015449056372182537,0.0001196809624105582
0.7825,477.39036800011274,66519920.00002155,0.6994017676523467,0.056075195449520145,21984.00000000764,7.176652768072453e-06,0.0585325269406215,0.04535912460848362,0.0007248728246453229,0.00015638462076682626,0.00012004759428725321
0.783,477.06178000011266,66380731.6666881,0.698920369108442,0.055957861980147905,21938.00000000758,7.186750854081305e-06,0.05855353056435076,0.045394623520419265,0.000709028422993541,9.104521876010409e-05,5.4279849994958506e-05
0.7835,476.67042800011257,66226414.16668797,0.698347018033679,0.05582777487280043,21887.000000007516,7.197587760079554e-06,0.058573620400484916,0.04543069902411883,0.0007272206291771206,0.00017690025780389338,7.197565057684793e-05
0.784,476.3418400001125,66063019.16668784,0.6978656194897743,0.05569003558266781,21833.000000007447,7.2104158424583025e-06,0.05860558415795188,0.04547816723230502,0.0007135069822687703,3.7338361168485e-05,9.202729803461747e-05
0.7845,475.9947920001124,65887520.83335436,0.6973571760838524,0.05554209338215499,21775.000000007374,7.224354262835591e-06,0.05864082812989021,0.04552990597459519,0.000726498026077276,8.839831762580964e-05,0.00017874574268668479
0.785,475.6329760001123,65733203.333354235,0.6968270967883169,0.05541200627480751,21724.000000007312,7.2358100911045574e-06,0.058664994558692105,0.04556966130123615,0.000735757462043825,0.00021788037744437778,7.235787134971933e-05
0.7855,475.2711600001122,65548627.50002075,0.6962970174927813,0.055256411891509545,21663.000000007232,7.2506653171336315e-06,0.05870284309400239,0.045624176075943934,0.0007167251917059022,1.4526589289679878e-05,2.6331940909191166e-05
0.786,474.92780400011213,65412465.00002064,0.6957939830592629,0.05514162914973236,21618.000000007174,7.260509201112698e-06,0.058721455581467845,0.045657561657716395,0.0007201510996920062,0.00018150827063825216,0.00012689082311666337
0.7865,474.57706400011205,65243018.33335383,0.6952801306809375,0.05499878840440964,21562.000000007105,7.273990016453555e-06,0.0587542377664411,0.04570622595032277,0.0007289865247042566,0.00013470920572729967,0.0001399205465197742
0.787,474.15986800011194,65082649.166687034,0.6946689167993506,0.054863599841872064,21509.000000007036,7.2855034954971326e-06,0.05877486696277142,0.04574435627542032,0.000743990709962647,4.365148666587347e-05,9.061621736313734e-05
0.7875,473.76851600011184,64940435.00002025,0.6940955657245876,0.05474371564490478,21462.000000006974,7.295431821483242e-06,0.058790624272675,0.04577690018154828,0.0007262872540268252,0.0001748757729356294,3.008514802662115e-05
0.788,473.41777600011176,64755859.166686766,0.6935817133462624,0.054588121261606816,21401.000000006898,7.310809895696025e-06,0.058830765142063306,0.04583341167230038,0.0007366166193417743,0.0001462153900079447,7.310786434923364e-05
0.7885,473.06334400011167,64571283.33335328,0.6930624519955336,0.05443252687830886,21340.00000000682,7.32621870867724e-06,0.058870680797807405,0.0458902133260387,0.0007474616368495102,0.00018837713819729182,0.0001753272634796473
0.789,472.65722400011157,64377630.00001979,0.692467465031157,0.05426928031222575,21276.00000000674,7.341948189145302e-06,0.058908542309861874,0.04594667196596944,0.0007385796741611666,0.0001922442221721933,7.341924518938003e-05
0.7895,472.2880240001115,64217260.83335299,0.6919265677908146,0.054134091749688175,21223.000000006672,7.354533934820462e-06,0.058935980388362,0.045990840035198134,0.0007341392916816954,0.00018495382447084114,7.354510178918848e-05
0.79,471.9372840001114,64053865.83335286,0.6914127154124893,0.05399635245955555,21169.000000006603,7.367818910851335e-06,0.05896727826668819,0.04603811021501221,0.0007392167708808103,9.517767887144852e-05,0.0001543020173765725
0.7905,471.6160800001113,63929806.66668609,0.6909421348133914,0.05389177262815856,21128.000000006552,7.377092229591727e-06,0.05898429251826053,0.04606885435222534,0.0007409050863343244,0.00014754102021339425,7.377068319527023e-05
0.791,471.2394960001112,63733127.50001926,0.6903904196282421,0.0537259753344804,21063.00000000647,7.393949025959362e-06,0.05902806302791572,0.04613059039946174,0.0007458529119075229,0.0001478781519984728,7.393925001868353e-05
0.7915,470.8739880001111,63533422.500019096,0.6898549313603032,0.05355762731320719,20997.000000006385,7.4114374682076915e-06,0.05907490580527926,0.046195634164616486,0.0007559552539705194,7.925913929718178e-05,7.411413325813218e-05
0.792,470.475252000111,63373053.3333523,0.6892707623407334,0.05342243875066962,20944.00000000632,7.423900652621812e-06,0.05909951680982589,0.04623717416032779,0.000742850796791878,0.0001824086793832426,0.00014965709034672338
0.7925,470.09497600011093,63221761.66668551,0.6887136381831807,0.05329490237091719,20894.000000006254,7.435651326492946e-06,0.05912236182933636,0.04627675762042314,0.0007213505897693151,0.00014871218749443066,7.435627016361455e-05
0.793,469.74054400011084,63043237.50001869,0.6881943768324519,0.05314440944280932,20835.000000006177,7.4510853602651916e-06,0.05916137420102974,0.046332910082244376,0.0007406644443852771,0.00010690283670073166,7.451060944653603e-05
0.7935,469.31227200011074,62861687.500018544,0.6875669360336547,0.052991365787106406,20775.0000000061,7.465791814767497e-06,0.05919272758880207,0.046383112395231046,0.0007413027486558768,4.724945189185835e-05,0.00011987350072068124
0.794,468.99106800011066,62713421.66668509,0.6870963554345568,0.05286638013494903,20726.000000006043,7.47832051793867e-06,0.05922209708949695,0.04642735880242127,0.000746320494978917,0.00010592174633009747,5.111651424736845e-05
0.7945,468.6550960001106,62528845.833351605,0.6866041389458453,0.052710785751651064,20665.000000005963,7.495022333358656e-06,0.059266952305737676,0.046488841589848166,0.0007555479582630398,0.00017923933956683522,8.821602696592251e-05
0.795,468.2600520001105,62356373.33335146,0.6860253788986789,0.052565394278733295,20608.00000000589,7.509417674065731e-06,0.05929883227067072,0.04653832288732221,0.000753383416176817,0.00023924128587929147,0.00016689092873165882
0.7955,467.79486000011036,62211133.333351344,0.6853438483758474,0.05244295935417096,20560.000000005828,7.519471755858945e-06,0.05930903321255723,0.046567294341032975,0.0007551238985219173,0.000114145096804552,0.00012932837560808658
0.796,467.4367360001103,62023531.66668452,0.6848191780527153,0.05228481424327795,20498.00000000575,7.536441789740754e-06,0.05935318779530301,0.04662881884525833,0.0007486815083998015,2.3609312117232976e-05,7.536416781740508e-05
0.7965,467.0343080001102,61832904.16668437,0.6842296000607421,0.05212411840478989,20435.00000000567,7.553167917539748e-06,0.05939343120381744,0.046687868883275606,0.0007587099973938578,0.00015894011420702117,7.553142793154491e-05
0.797,466.6281880001101,61669509.16668423,0.6836346130963654,0.05198637911465727,20381.000000005602,7.566594810068587e-06,0.05942034601269335,0.04673296669883861,0.0007456119304586972,0.0001375796273224627,0.00010518505686281768
0.7975,466.22576000011,61521243.33335078,0.6830450351043922,0.051861393462499884,20332.00000000554,7.57828897367827e-06,0.05944059733141019,0.046770170798254636,0.0007535992589802944,0.0002098092793713463,0.00021117744914819032
0.798,465.80856400010987,61360874.16668398,0.6824338212228052,0.05172620489996231,20279.000000005475,7.591296087711567e-06,0.05946496263938635,0.04681228880345617,0.0007551866158358319,0.00015182504271336436,7.591270692797772e-05
0.7985,465.4541320001098,61227737.5000172,0.6819145598720765,0.05161397288578017,20235.000000005417,7.6020142341529275e-06,0.059484283390240804,0.04684699441970108,0.0007642318504881878,0.00015440653869028574,7.286026443707157e-05
0.799,465.0923160001097,61055265.00001706,0.6813844805765409,0.0514685814128624,20178.000000005344,7.617562809693476e-06,0.05952193657401695,0.04690198787939644,0.0007597634891980233,0.0001890930837412103,0.00012251691885797528
0.7995,464.7305000001096,60852534.16668356,0.6808544012810054,0.05129768266399415,20111.00000000526,7.636995013669407e-06,0.05957462107563345,0.04697308972458939,0.0007778122864493757,9.24258561006078e-05,7.636969297563128e-05
0.8,464.3022280001095,60701242.50001677,0.6802269604822082,0.05117014628424172,20061.000000005195,7.648974038710678e-06,0.059593847277163485,0.04700985839896383,0.0007557107368672653,9.76712086310518e-05,7.648948236061034e-05
0.8005,463.8739560001094,60559028.33334999,0.6795995196834109,0.05105026208727444,20014.000000005137,7.659864577857716e-06,0.05960874610141947,0.047042678484281925,0.0007756676262330946,0.00018992206569015414,0.0001219651940530633
0.801,463.4161480001093,60410762.50001653,0.6789288071053864,0.05092527643511706,19965.000000005075,7.67108589301422e-06,0.05962294848068563,0.04707574139670085,0.0007610343690075363,0.00020188726949837925,5.070327170115458e-05
0.8015,463.0543320001092,60183825.00001635,0.6783987278098508,0.05073397186548841,19890.000000004977,7.693999708393134e-06,0.05968861497954411,0.047160929384244744,0.0007786061288552408,0.00017447995318263992,0.00016330233588927786
0.802,462.57068000010906,60020430.00001621,0.6776901524250022,0.05059623257535579,19836.000000004908,7.70688713826249e-06,0.059707376982553156,0.047199610334833324,0.0007690651548624434,0.00019436192093664266,0.00012274913717957725
0.8025,462.14610000010896,59890319.16668277,0.6770681205986084,0.0504865512887687,19793.000000004857,7.716540944019593e-06,0.05971733525480913,0.047226925014528465,0.0007888567273261788,0.00011963670943570882,7.716514653588162e-05
0.803,461.71782800010885,59739027.50001598,0.6764406797998113,0.05035901490901627,19743.00000000479,7.728914368416616e-06,0.059737495438696386,0.04726539767992066,0.0007596172998983396,0.00012863030954963348,5.483023069170628e-05
0.8035,461.31170800010875,59578658.33334918,0.6758456928354346,0.0502238263464787,19690.000000004722,7.742901919996565e-06,0.059765224759625715,0.047310794053888126,0.0007653656841284067,0.00019034010372104165,0.00012037035436019332
0.804,460.88343600010865,59409211.66668238,0.6752182520366374,0.050080985601155974,19634.000000004653,7.757777339075169e-06,0.05979483113082935,0.0473597712375916,0.0007773303774210819,0.00020491142863126034,7.757750749068465e-05
0.8045,460.47362400010854,59248842.50001558,0.6746178560998574,0.0499457970386184,19581.000000004587,7.771858564156548e-06,0.05982245905250265,0.04740533142988289,0.0007829294937543544,0.00021592165440536312,0.000130158894534781
0.805,460.02320000010843,59094525.00001545,0.6739579614666396,0.04981570993127092,19530.000000004522,7.784531646544043e-06,0.059841923984000615,0.04744366631028995,0.0007716777521240637,0.0001920045338996443,0.00014489770502904286
0.8055,459.5838520001083,58967440.00001535,0.6733142937506321,0.049708579372278884,19488.000000004467,7.793857966362262e-06,0.05984916006431196,0.04746825332212733,0.0007736299689036484,0.00016806733414039516,7.793831109811625e-05
0.806,459.1481960001082,58788915.833348535,0.6726760350070281,0.04955808644417102,19429.00000000439,7.810115044503888e-06,0.05988314368398783,0.04752192446897834,0.0007866962203448388,0.0001546118046313732,0.00010516274162705762
0.8065,458.7863800001081,58601314.166681714,0.6721459557114925,0.049399941333278005,19367.000000004315,7.82894354033028e-06,0.05993165518255193,0.047588517135213906,0.0007845041163666037,0.00022859897003049763,7.105452121903098e-05
0.807,458.324880000108,58431867.50001491,0.6714698341610644,0.04925710058795529,19311.000000004242,7.843748618850683e-06,0.05995811659115879,0.04763505628352901,0.0007790392628568707,0.00013416609821859096,0.00012612662188060897
0.8075,457.9076840001079,58265446.66668144,0.6708586202794775,0.04911681057022761,19256.000000004173,7.858992081870681e-06,0.059989027625761845,0.047684662321948866,0.0007866196663429927,0.0001374239080646316,5.5653740080739846e-05
0.808,457.4388000001078,58099025.83334797,0.6701716807842427,0.048976520552499944,19201.0000000041,7.87343321921148e-06,0.060013368439090296,0.04772904343677817,0.0008015650907133248,0.00015948431619600804,6.83976551564452e-05
0.8085,456.95884000010767,57887217.50001446,0.6694685143717976,0.04879796962084654,19131.000000004013,7.893950680907983e-06,0.06005997880850889,0.04779813080692387,0.0008037946261662502,8.385192023350715e-05,8.018413801369096e-05
0.809,456.54902800010757,57723822.50001433,0.6688681184350175,0.04866023033071392,19077.000000003947,7.909196034271539e-06,0.06009098303315075,0.04784744906815025,0.0007857349807837675,0.00017255772353961556,7.909168331724581e-05
0.8095,456.10968000010746,57548324.16668085,0.66822445071901,0.0485122881302011,19019.00000000387,7.925681357445756e-06,0.060124624218460626,0.04790082831408844,0.0007860974598662886,0.00019107959585693547,8.516978671882653e-05
0.81,455.69248400010736,57375851.66668071,0.667613236837423,0.04836689665728333,18962.000000003798,7.94223476886073e-06,0.06015984631757689,0.04795517405113933,0.0007908150772725303,0.00015535071696253503,0.00015234289759027755
0.8105,455.22729200010724,57194301.66668056,0.6669317063145916,0.04821385300158042,18902.00000000372,7.959312007218843e-06,0.060193740857078966,0.04801055360023054,0.0008079512996403981,0.00019892491044445703,0.00011934381411717236
0.811,454.78425200010713,57049061.66668044,0.6662826296261807,0.04809141807701808,18854.00000000366,7.971809504199511e-06,0.0602116582464885,0.048046710637469014,0.0008074375202083927,0.0001349092189974756,9.398759767964993e-05
0.8115,454.37444000010703,56900795.833346985,0.6656822336894006,0.047966432424860705,18805.000000003598,7.98537934919038e-06,0.06023572538087294,0.048088847349365964,0.0008031791866985291,7.401100901254023e-05,7.985351076977048e-05
0.812,453.99047200010693,56701090.83334682,0.6651197005594446,0.047798084403587494,18739.000000003514,8.006732592402046e-06,0.06029071742252227,0.04816316823184925,0.0008138028368000807,0.00010428964168274403,8.00670416281836e-05
0.8125,453.58435200010683,56549799.16668003,0.6645247135950679,0.047670548023835066,18689.000000003452,8.020971934191508e-06,0.06031730788015558,0.04820737523621354,0.0008017856728154041,8.623945945080157e-05,7.684941670242697e-05
0.8130000000000001,453.1486960001067,56374300.83334655,0.6638864548514638,0.04752260582332225,18631.00000000338,8.038214031952304e-06,0.06035309807398454,0.04826311054232042,0.0007970585122886564,0.00015201540318900185,0.00012648607291323695
0.8135,452.7388840001066,56198802.500013076,0.6632860589146837,0.04737466362280943,18573.000000003303,8.056023684846333e-06,0.060392593739776596,0.04832195328281021,0.0008101127599686877,0.0001538819864458966,9.8984384796724e-05
0.8140000000000001,452.2810760001065,56038433.33334628,0.6626153463366592,0.04723947506027186,18520.000000003234,8.07090864424598e-06,0.06041779063685245,0.04836736344476372,0.00081779582405668,0.00010897576532272804,2.3435045804947138e-05
0.8145,451.8528040001064,55865960.833346136,0.6619879055378619,0.04709408358735409,18463.000000003165,8.088159538650546e-06,0.060453682381313135,0.04842242330786558,0.0008118800217851352,7.948174869860217e-05,8.088130493796212e-05
0.8150000000000001,451.3765360001063,55735850.000012696,0.6612901480978203,0.046984402300766996,18420.000000003107,8.098495600228641e-06,0.06046040872399349,0.048448359581957506,0.000804988290609572,9.597528111692501e-05,8.09846647343521e-05
0.8155,451.0073360001062,55575480.8333459,0.6607492508574778,0.04684921373822942,18367.00000000304,8.115221483239006e-06,0.06049805386563162,0.048503292763615966,0.0008191455549906526,0.00015217811173293166,0.0001246552880416541
0.8160000000000001,450.5753720001061,55396956.666679084,0.6601164010862772,0.04669872081012156,18308.000000002965,8.133576266855184e-06,0.06053741996785854,0.048562793167563616,0.0008072396027545831,0.00018516552434566348,0.00010983197118228657
0.8165,450.117564000106,55260794.16667897,0.6594456885082526,0.04658393806834437,18263.00000000291,8.145332885416924e-06,0.06055037111217343,0.0485941417036693,0.0008203786223121214,0.0001891897327287299,8.1453034001873e-05
0.8170000000000001,449.65237200010586,55094373.3333455,0.6587641579854212,0.0464436480506167,18208.00000000284,8.161493539086264e-06,0.060579080096111654,0.048643803400405625,0.0008226413721489574,0.00015772941244914779,5.872282457178319e-05
0.8175,449.20933200010575,54937030.00001204,0.6581150812970102,0.04631101021567417,18156.000000002776,8.176804097345767e-06,0.060605995537819715,0.04868970906817828,0.0008213824777974756,0.00020378815308008699,0.00011683646726637497
0.8180000000000001,448.81059600010565,54737325.000011876,0.6575309122774404,0.04614266219440097,18090.00000000269,8.199352014370602e-06,0.060662558524524623,0.04876633974914789,0.0008274451583186609,0.00018775531671592487,0.00010945221052795505
0.8185,448.2974080001055,54592085.00001176,0.6567790651133645,0.046020227269838634,18042.000000002627,8.211765643316406e-06,0.060673743714524976,0.04879835225758227,0.0008023394531585714,0.0001510888588811203,0.0001219217044833929
0.8190000000000001,447.7989880001054,54449870.83334497,0.6560488538389022,0.04590034307287135,17995.00000000257,8.2240596928262e-06,0.060685381369927974,0.04883042819139018,0.0008286801498858515,0.00010935929368583648,8.224029595978364e-05
0.8195,447.25995600010526,54244114.16667814,0.6552591438680023,0.045726893596408046,17927.000000002485,8.245317724717395e-06,0.06072717931157307,0.048896425217311495,0.0008309121565886924,0.00018981219951732346,0.00010923308062617001
0.8200000000000001,446.79845600010515,54074667.50001133,0.6545830223175743,0.04558405285108533,17871.000000002412,8.262620496002339e-06,0.06075949236547001,0.048949432666011615,0.0008196605503424564,0.00015968733053483406,0.00014567562738684398
0.8205,446.296344000105,53908246.66667786,0.6538474020707086,0.04544376283335766,17816.000000002343,8.278813940279249e-06,0.060784818811448385,0.04899609793913799,0.0008280149454975859,0.00017019168442660403,6.334200985526753e-05
0.8210000000000001,445.8459200001049,53696438.333344355,0.6531875074374909,0.04526521190170425,17746.000000002252,8.303081802787729e-06,0.06084311710913411,0.049076831635031105,0.0008311651498352591,0.00020994307124793242,8.303051091062049e-05
0.8215,445.4508760001048,53581456.666677594,0.6526087473903245,0.04516828425309241,17708.000000002205,8.313526800347919e-06,0.06085439617247122,0.0491045924488276,0.0008361555294489494,0.00015019340326943902,8.313496004431397e-05
0.8220000000000001,444.9266120001047,53393855.00001077,0.6518406733090383,0.045010139142199396,17646.000000002125,8.332917935968753e-06,0.060889462528115924,0.04916298180028202,0.0008314541671091863,0.00012965153797804378,0.00011235022513598632
0.8225,444.45772800010457,53197175.833343945,0.6511537338138034,0.04484434184852124,17581.00000000204,8.35491209895242e-06,0.06093763129257346,0.04923346879117527,0.0008485839809185313,0.00011223682125599503,0.00010697917186974629
0.8230000000000001,443.8854680001044,53021677.50001047,0.6503153430912727,0.04469639964800842,17523.00000000197,8.37177337514485e-06,0.06095980784503618,0.04927928885285054,0.0008291042964129856,0.00017084660519123027,6.0912761538384466e-05
0.8235,443.51996000010433,52840127.50001032,0.6497798548233337,0.04454335599230551,17463.000000001895,8.393620170579978e-06,0.061014159559407734,0.04935262476072919,0.0008349738199066242,0.00016854626395594136,0.0001231692386796273
0.8240000000000001,443.0510760001042,52731197.50001023,0.6490929153280988,0.04445152979888376,17427.000000001848,8.402067409905081e-06,0.06101257723630169,0.04936911750587409,0.0008411097584599856,0.00011068371946512585,8.40203591161275e-05
0.8245,442.6486480001041,52576880.0000101,0.6485033373361255,0.04432144269153628,17376.000000001783,8.41907408731783e-06,0.061046550303745985,0.049421598725863554,0.0008394039766934459,0.000180043680419014,0.0001008509586918829
0.8250000000000001,442.083772000104,52419536.66667664,0.6476757645584017,0.04418880485659375,17324.000000001717,8.433568858328708e-06,0.0610600806685469,0.04945819809855377,0.0008485561228847864,0.00018376915977681287,0.0001835989777239907
0.8255,441.62596400010386,52247064.1666765,0.647005051980377,0.04404341338367598,17267.000000001644,8.45264649878214e-06,0.061097443815729235,0.04951591338039422,0.0008447165817980343,0.00015016510104222213,8.452614594101034e-05
0.8260000000000001,441.0647800001037,52089720.83334304,0.6461828881750566,0.04391077554873346,17215.00000000158,8.467405333410325e-06,0.061111895157062356,0.049553552041035995,0.0008420404001265356,7.90042697733194e-05,5.80836113636091e-05
0.8265,440.6512760001036,51926325.8333429,0.6455770832658732,0.043773036258600836,17161.00000000151,8.48608617937595e-06,0.06115058565077057,0.04961163944962588,0.0008483669236169494,0.0001351755898567541,0.00013350245761606914
0.8270000000000001,440.1639320001035,51705440.00000939,0.6448630989086211,0.04358683314416229,17088.00000000142,8.512913380101273e-06,0.06121328935272411,0.04969857835295282,0.0008436671054144692,0.00010762945911627704,8.512880991589692e-05
0.8275,439.6913560001034,51514812.50000923,0.6441707504409828,0.043426137305674226,17025.00000000134,8.53524131530178e-06,0.0612606003120089,0.04976855469273981,0.0008590126633452182,0.00016850367890637537,5.363637069671489e-05
0.8280000000000001,439.22616400010327,51348391.66667576,0.6434892199181514,0.04328584728794656,16970.00000000127,8.553844623825942e-06,0.061294874573863616,0.049823167312816795,0.0008598198804323198,0.00017116230518039442,5.504675045257401e-05
0.8285,438.80158400010316,51181970.83334229,0.6428671880917576,0.04314555727021888,16915.000000001197,8.573362394131326e-06,0.06133509800860305,0.049884071173085194,0.0008644055116737235,0.00019122110776947958,0.00010225421577037756
0.8290000000000001,438.27362800010303,51021601.66667549,0.642093705038068,0.04301036870768131,16862.000000001128,8.58996216667889e-06,0.061357502422184684,0.049928458677984386,0.0008613289136345977,0.00021797783859294146,0.00013700727179246332
0.8295,437.7825920001029,50870310.0000087,0.6413743117084125,0.04288283232792888,16812.000000001066,8.60585657921149e-06,0.061379828870344905,0.049971445750620826,0.0008565388923920493,0.0001700682164821853,0.000118423211503786
0.8300000000000001,437.2472520001028,50709940.833341904,0.6405900107099161,0.04274764376539131,16759.000000000997,8.622515522885638e-06,0.061401631751973815,0.05001609115764551,0.0008638332364475675,0.00019854580068617373,8.622482238680395e-05
0.8305,436.76360000010266,50528390.833341755,0.6398814353250675,0.042594600109688394,16699.00000000092,8.643924589656614e-06,0.061443801509298374,0.05008076145460618,0.000863407726246403,0.0001461292510835187,8.643891130500985e-05
0.8310000000000001,436.26887200010253,50401305.83334165,0.6391566330230086,0.04248746955069635,16657.00000000087,8.65590414348948e-06,0.06145153082795389,0.0501081286975314,0.0008732041853804736,0.0001311368917782352,8.655870581801727e-05
0.8315,435.7039960001024,50237910.83334152,0.6383290602452848,0.042349730260563725,16603.0000000008,8.672812797600207e-06,0.061471686720489103,0.05015157978243735,0.0008605161864791547,0.00016856936901519555,0.00017381462273541212
0.8320000000000001,435.17234800010226,50062412.50000804,0.6375501682191916,0.04220178806005091,16545.000000000724,8.692596426511255e-06,0.06150420015243665,0.05020762537009573,0.0008685809959693981,0.0002226451609442463,8.692562557865322e-05
0.8325,434.70346400010214,49889940.0000079,0.6368632287239568,0.042056396587133144,16488.000000000655,8.713248883442902e-06,0.06154403684798112,0.05026887204712687,0.0008624959558279508,0.00016417777729470427,0.000154772677573862
0.833,434.193968000102,49714441.66667442,0.6361167905322843,0.041908454386620324,16430.00000000058,8.733759315075635e-06,0.06158030994301053,0.05032803116230962,0.0008763029094286547,0.00017664293628305024,0.00011755239148692484
0.8335,433.6549360001019,49535917.50000761,0.6353270805613843,0.04175796145851246,16371.000000000506,8.754353565774477e-06,0.06161458883349912,0.050386022898403465,0.0008732995978613089,0.00020883675346251054,7.61538831990989e-05
0.834,433.13067200010175,49357393.333340794,0.6345590064800981,0.04160746853040459,16312.000000000427,8.775395999438307e-06,0.061651293970745986,0.05044615161082475,0.0008781474185846564,0.00010744921329823928,9.305087575908848e-05
0.8345,432.5657960001016,49209127.50000734,0.6337314337023743,0.04148248287824721,16263.000000000367,8.790356951564263e-06,0.06166357604438075,0.05048152228567267,0.0008881159691076397,0.0001387189049494945,7.084999120910862e-05
0.835,432.0415320001015,49075990.83334056,0.632963359621088,0.041370250864065074,16219.000000000313,8.803521328123386e-06,0.061672325075587876,0.05051113108533755,0.0008811258280358922,0.0001240696696671101,8.8034865250513e-05
0.8355,431.51726800010135,48876285.8333404,0.6321952855398018,0.04120190284279187,16153.00000000023,8.828765538189622e-06,0.061723201254769114,0.05058669134997995,0.0008810039983369737,0.00014521853370284542,8.828730524275882e-05
0.836,430.9782360001012,48712890.833340265,0.6314055755689019,0.041064163552659246,16099.000000000158,8.847313896327612e-06,0.061749400738127805,0.050635790325554854,0.0008937536603158153,0.00018684151075441086,5.6909164809603675e-05
0.8365,430.4945840001011,48522263.33334011,0.6306970001840533,0.04090346771417118,16036.00000000008,8.87210435841941e-06,0.06180114545681186,0.05071056073734198,0.0008820137788492377,0.0001416641247081049,0.0001248802834822091
0.837,429.96293600010097,48370971.66667332,0.6299181081579602,0.04077593133441875,15986.000000000016,8.888862910652201e-06,0.061821276843809954,0.050752836979088604,0.0009006717420924614,0.00018688010607509,0.00015670658679796515
0.8375,429.46082400010084,48225731.6666732,0.6291824879110945,0.040653496409856424,15937.999999999955,8.905221531286447e-06,0.061841995635273615,0.05079501729252952,0.0008869684129852629,0.00018665618050754071,0.00015621095485657263
0.838,428.9587120001007,48041155.83333971,0.6284468676642289,0.04049790202655846,15876.999999999878,8.928984004635686e-06,0.06188823860939257,0.05086458330564433,0.0008936538154618073,0.0001851684416833894,8.9289481362018e-05
0.8385,428.5562840001006,47874735.00000624,0.6278572896722556,0.040357612008830784,15821.999999999809,8.951616839237747e-06,0.06193755082046547,0.05093390666113384,0.0008875773145189227,0.00021407081673220085,0.00014662504014633748
0.839,428.0541720001005,47711340.00000611,0.6271216694253899,0.04021987271869816,15767.999999999738,8.971749106188292e-06,0.06197082499201518,0.05098977103445154,0.0008992040714194443,0.00018084680023549337,0.00011307215618939099
0.8395,427.52621600010036,47560048.33333932,0.6263481863717003,0.04009233633894573,15717.999999999674,8.989188005101479e-06,0.061992757781045,0.05103385386289757,0.0009068915591262448,0.00010144476333884251,8.989151619791002e-05
0.84,426.9428800001002,47354291.66667248,0.6254935687319593,0.03991888686248243,15649.999999999589,9.015927912201856e-06,0.062042523001652895,0.05110997125108221,0.0009133807446133359,0.00020052059765510646,0.00014020883423430483
0.8405,426.4739960001001,47184845.00000568,0.6248066292367244,0.03977604611715971,15593.999999999518,9.038368060762917e-06,0.0620855645948223,0.051174916830753744,0.0008898010202439904,0.00018092499996702108,9.038331252662728e-05
0.841,425.94604000009997,46997243.33333886,0.6240331461830347,0.0396179010062667,15531.999999999438,9.063213282085054e-06,0.062132343787665675,0.05124653015177344,0.0009167661172289763,0.00013441346730899866,9.06317625940999e-05
0.8415,425.39962400009983,46864106.66667208,0.623232618267328,0.03950566899208456,15487.999999999382,9.077301462840588e-06,0.062140718898002746,0.051276363333090255,0.0009177665608339597,0.00017306948948884332,7.920156957431087e-05
0.842,424.8679760000997,46673479.166671924,0.6224537262412349,0.0393449731535965,15424.999999999303,9.102984898187849e-06,0.06218966983297851,0.051350415164442074,0.0009082494203171765,0.0002088111729884943,0.00015845483584610987
0.8425,424.32525200009957,46479825.83333843,0.6216586072979315,0.03918172658751339,15360.999999999221,9.129234982970724e-06,0.06223948221707428,0.05142485810340119,0.000925378356685178,0.00014060744912967174,0.00013769487751372824
0.843,423.85267600009945,46325508.333338305,0.6209662588302932,0.03905163948016591,15309.999999999156,9.149444684993828e-06,0.06227362833748821,0.05148084713778589,0.0009182102117940222,0.00017492341904349918,9.149406905937072e-05
0.8435,423.3210280000993,46159087.500004835,0.6201873668042002,0.03891134946243824,15254.999999999087,9.170914134731433e-06,0.062307535110146514,0.05153809507482806,0.0009208513878652258,0.00019818524051231886,0.00011520863781698916
0.844,422.7930720000992,46025950.83333806,0.6194138837505105,0.0387991174482561,15210.99999999903,9.185971486630466e-06,0.06231976582107951,0.05157149208597695,0.0009191759783697233,0.00016430906636473116,9.185933380379265e-05
0.8445,422.19496800009904,45874659.16667127,0.6185376302211558,0.03867158106850367,15160.999999998967,9.203228441789295e-06,0.062334138459879646,0.05161022949797201,0.0009160194557164286,0.00020174709918700277,9.203190178039671e-05
0.845,421.7187000000989,45726393.33333781,0.6178398727811141,0.038546595416346294,15111.999999998903,9.22265390418701e-06,0.062364682780699794,0.0516616840318554,0.0009168975566737215,0.00019923250488904632,8.930605344786708e-05
0.8455,421.1981280000988,45544843.333337665,0.6170772076722313,0.03839355176064338,15051.999999998829,9.247987196210037e-06,0.062411720750843086,0.05173311235643355,0.0009390253443801773,0.0001855530589053127,9.247948535403548e-05
0.846,420.60002400009864,45378422.500004195,0.6162009541428766,0.038253261742915705,14996.99999999876,9.26872290459325e-06,0.062437272776125784,0.05178371188754889,0.0009148823736345341,0.00015019131997657333,0.00011634712227827444
0.8465,420.0019200000985,45184769.1666707,0.6153247006135218,0.038090015176832595,14932.999999998678,9.295210039711818e-06,0.06248194913217533,0.05185549681257441,0.0009279597763495603,0.0001578553071496638,9.45338264917966e-05
0.847,419.42966000009835,45006245.00000389,0.6144863098909912,0.03793952224872473,14873.999999998601,9.319365790237823e-06,0.062520446913879,0.051919420699595334,0.0009331640065904132,0.00017176824101604904,7.032648360850223e-05
0.8475,418.9275480000982,44821669.166670404,0.6137506896441255,0.03778392786542677,14812.999999998525,9.346540541413274e-06,0.06257404503862245,0.05199670698484323,0.0009337281989355317,0.00021280893831904967,0.00015392168474296034
0.848,418.3220600000981,44679455.00000362,0.6128636181699639,0.03766404366845948,14765.999999998465,9.362738645761551e-06,0.06258296808237972,0.052029900048390296,0.0009358265731590969,0.00017568602062162662,1.0194867686325712e-05
0.8485,417.80518000009795,44525137.500003494,0.6121063620334846,0.037533956561112004,14714.999999998401,9.383579781198096e-06,0.06261386409312318,0.05208321494293952,0.000938252738724289,0.00020212467555311207,0.00014928393325204362
0.849,417.2919920000978,44364768.333336696,0.6113545148694086,0.03739876799857443,14661.999999998332,9.405931951785604e-06,0.06264988247849446,0.05214230962769486,0.0009418176566395335,0.00015229400078949683,5.411955554978464e-05
0.8495,416.7197320000977,44222554.16666991,0.6105161241468778,0.03727888380160715,14614.999999998274,9.423239789124959e-06,0.06266448455808975,0.052180079666960165,0.0009364419659413575,0.0001960557152625468,9.423199535886416e-05
0.85,416.12901200009753,44068236.666669786,0.60965068856233,0.03714879669425967,14563.999999998206,9.442833284836859e-06,0.06268512197639813,0.05222539803958022,0.0009336109133722039,0.0001914975786791371,0.00010482989462555908
0.8505,415.4866040000974,43910893.33333632,0.6087095273641342,0.037016158859317146,14511.999999998143,9.462039427120189e-06,0.06270038460005424,0.05226633799160421,0.0009422802369186,0.00019034023508744877,0.00012501685975421274
0.851,414.8663480000972,43729343.333336174,0.607800820000359,0.03686311520361423,14451.999999998066,9.48713875801177e-06,0.06273660942982338,0.052329575524580216,0.0009449337730101597,0.0001638802687174381,9.487097908765079e-05
0.8515,414.23501600009706,43544767.50000269,0.6068758857193733,0.03670752082031627,14390.999999997988,9.512854007087568e-06,0.0627737583443825,0.052394240724149305,0.0009452546044596415,0.00019807782840564986,7.981447963594468e-05
0.852,413.5999920000969,43369269.16666921,0.6059455424659844,0.03655957861980345,14332.999999997914,9.536706519324122e-06,0.06280421324611037,0.05245176656364804,0.0009540607821675185,0.00018766354112733594,0.0001002796911138179
0.8525,413.00558000009676,43211925.83333575,0.6050746979090331,0.036426940784860924,14280.999999997848,9.557675850713519e-06,0.06282802624869967,0.05250046968536691,0.0009600114068424104,0.00016068947867507426,8.704771785210993e-05
0.853,412.51823600009664,43024324.16666893,0.6043607135517811,0.03626879567396791,14218.999999997768,9.588023611993788e-06,0.06289055530362667,0.052587050154700686,0.0009600132150805171,0.00021490443064721833,0.00016381544026433022
0.8535,411.8979800000965,42857903.33333546,0.6034520061880059,0.03612850565624024,14163.9999999977,9.610782328675342e-06,0.06291779673013585,0.05264045881605878,0.0009554532536804141,0.00019585094010484802,0.0001020273205544394
0.854,411.2666480000963,42679379.166668646,0.6025270719070204,0.03597801272813237,14104.999999997624,9.636190966931488e-06,0.06295261097823777,0.05270282534888965,0.000959857281458549,0.00018885189826688944,0.0001380645638577746
0.8545,410.6870040000962,42434286.666668445,0.6016778632396828,0.035771403792933434,14023.99999999752,9.67818799986298e-06,0.06304516802469554,0.05282549986335968,0.0009695333238215658,0.00023577445301159602,0.0001380510409525211
0.855,410.11843600009604,42310227.50000168,0.6008448814895555,0.03566682396153645,13982.999999997468,9.693127648630105e-06,0.06305011900736315,0.05285255029194544,0.0009695796920828743,0.0002045116107471301,0.00012450108575962174
0.8555,409.5314080000959,42195245.833334915,0.599984854877411,0.0355698963129246,13944.99999999742,9.705629151153317e-06,0.06304559550589531,0.052870079742528074,0.0009756174659694666,0.0001330190784834388,6.838731319615664e-05
0.856,409.0514480000958,41971334.166668065,0.5992816884649659,0.035381142470891004,13870.999999997326,9.74597200974726e-06,0.06313945685359437,0.052991061418315076,0.0009712950501350724,0.00019176551837793876,0.00011790130077940854
0.8565,408.49026400009564,41804913.333334595,0.5984595246596454,0.03524085245316333,13815.999999997257,9.771345792370578e-06,0.0631782131891319,0.053054435550705305,0.0009819094808610135,0.0002133448984174365,0.00014339388411868165
0.857,407.8663160000955,41653621.666667804,0.5975454083234667,0.0351133160734109,13765.999999997193,9.791857218660042e-06,0.06319616835767616,0.05309768460536491,0.0009792488838582661,0.000197101707751769,0.0001368596709417554
0.8575,407.2054480000953,41508381.666667685,0.5965772022632538,0.034990881148848574,13717.999999997133,9.810198125047404e-06,0.06320405888459432,0.05313156144084256,0.0009748779673497429,0.00016184023061147662,0.00010393042475836826
0.858,406.58519200009516,41329857.50000087,0.5956684948994786,0.0348403882207407,13658.999999997057,9.837565784011875e-06,0.06324393612867635,0.05319874411085542,0.00098025218014669,0.00021860121680220186,0.00017258483482894172
0.8585,405.950168000095,41148307.50000072,0.5947381516460896,0.03468734456503779,13598.99999999698,9.865537434318238e-06,0.06328430618023152,0.053267100902631676,0.0009798846389843317,0.00015324648086491844,9.865493003882337e-05
0.859,405.31883600009485,41003067.5000006,0.5938132173651041,0.03456490964047546,13550.99999999692,9.8850856951151e-06,0.06329769526564194,0.05330598543392062,0.0009873672007935641,0.00017328781636127483,8.185072184261161e-05
0.8595,404.7207320000947,40818491.66666712,0.5929369638357493,0.0344093152571775,13489.999999996842,9.91513197756385e-06,0.06334702999605224,0.05338224606203472,0.000990195257265759,0.00018646487115582023,9.915087062516194e-05
0.86,404.08940000009454,40630890.0000003,0.5920120295547638,0.03425117014628448,13427.999999996764,9.945374073767314e-06,0.06339406060093908,0.05345750694600388,0.0009917336415509476,0.00022420826398517296,0.00010683745947742602
0.8605,403.4728360000944,40455391.66666682,0.591108731163392,0.03410322794577167,13369.99999999669,9.973277216656771e-06,0.06343447852466298,0.05352485112026016,0.000990660901659704,0.00021405732509712188,0.00012095459584328397
0.861,402.8156600000942,40276867.50000001,0.5901459340755825,0.0339527350176638,13310.999999996615,1.000116655050431e-05,0.06347135633121763,0.053589980908316896,0.0009974049160121766,0.00018126527390485779,0.00010001120794172101
0.8615,402.11048800009405,40110446.66666654,0.5891128203465285,0.033812444999936124,13255.999999996546,1.0025081279742136e-05,0.0634915494747914,0.053638764166271606,0.0009972773315804798,0.00018601084348378826,8.374832226269919e-05
0.862,401.5456120000939,39928896.66666639,0.5882852475688046,0.03365940134423321,13195.99999999647,1.0056516596295382e-05,0.06354633407718968,0.05371980877693848,0.0009983309168036015,0.00017025388988159334,3.1646275066434794e-05
0.8625,400.93274000009376,39771553.333332926,0.5873873581498362,0.03352676350929069,13143.999999996404,1.008089215524977e-05,0.06357472872209931,0.053774336254483995,0.0010031920247809305,0.00021816270015582602,7.43108749866208e-05
0.863,400.3309440000936,39626313.33333281,0.5865056956480781,0.03340432858472835,13095.999999996342,1.0102654280062531e-05,0.06359553054424304,0.05381999213061772,0.001018241479045384,0.00018206127123654363,0.00010289755653292015
0.8635,399.70699600009345,39487124.99999936,0.5855915793118994,0.03328699511535612,13049.999999996284,1.012246386638936e-05,0.06360822252136349,0.05385739180682433,0.0010145305419441012,0.00020298210131823144,0.0001297687463617172
0.864,399.21226800009333,39323729.999999225,0.5848667770098406,0.033149255825223496,12995.999999996215,1.015194306338949e-05,0.06366134227720661,0.053933995146084206,0.0010100139920240035,0.00019575274875058892,0.00010748875478656159
0.8645,398.5846280000932,39136128.333332404,0.5839472517012584,0.03299111071433049,12933.999999996136,1.0184569730690938e-05,0.06371341425793899,0.05401456818658178,0.0010220297341868266,0.0001956626078826764,0.00010184522144132446
0.865,398.02713600009304,38960629.99999893,0.5831304968683414,0.03284316851381767,12875.999999996064,1.0216137059388002e-05,0.06376743626239752,0.05409438261578489,0.0010203707851859326,0.0002296573835443621,0.00019074318870272684
0.8655,397.31458000009286,38788157.499998786,0.5820865651944805,0.0326977770408999,12818.99999999599,1.024319291268489e-05,0.06379463922805201,0.0541510368919114,0.0010270820766190404,0.00019568837361908027,0.0001235357727598587
0.866,396.6094080000927,38612659.16666531,0.5810534514654265,0.03254983484038708,12760.999999995916,1.0271486516590122e-05,0.0638259683732942,0.054211955662283144,0.0010294147668003678,0.0001908928542337973,7.75266845321653e-05
0.8665,395.8525480000925,38437160.83333183,0.5799446121227245,0.03240189263987426,12702.999999995842,1.0298693748910251e-05,0.06384943356458732,0.05426617186296669,0.0010325287095509564,0.00023162661970790456,0.00010069413404237617
0.867,395.19537200009233,38219300.83333165,0.5789818150349151,0.032218240253030765,12630.99999999575,1.0340204121563528e-05,0.06392485220696321,0.05437325588449021,0.0010338564612230356,0.0002024506255660249,0.00010481899565255061
0.8675,394.46066400009215,38037750.8333315,0.5779054295266337,0.03206519659732785,12570.999999995674,1.0370241545786572e-05,0.06395809742048332,0.05443717593465188,0.0010478105483694754,0.0002177077158904382,9.033870872147384e-05
0.868,393.755492000092,37862252.499998026,0.5768723157975797,0.03191725439681503,12512.9999999956,1.0399684804809554e-05,0.06399155265972234,0.05450055547083591,0.0010437788873052876,0.0002095490469649362,5.3898909234115276e-05
0.8685,393.18692400009184,37680702.49999788,0.5760393340474523,0.03176421074111212,12452.999999995525,1.0434702590805307e-05,0.06405290269950914,0.05458881954225672,0.0010412060287892195,0.00020912452382098289,0.00010512874092263851
0.869,392.52236400009167,37535462.49999776,0.575065719014836,0.03164177581654978,12404.999999995463,1.0457373850132128e-05,0.0640682354721404,0.054630472317229894,0.0010503550912570382,0.00019860108294175705,0.0001347181417642687
0.8695,391.8947240000915,37411403.33333099,0.5741461937062539,0.0315371959851528,12363.99999999541,1.0475274624380108e-05,0.06407176073215816,0.054658058174662495,0.0010513678211350234,0.0001923370273145234,0.00016024062198802044
0.87,391.17478400009134,37257085.83333086,0.5730914440875862,0.03140710887780532,12312.999999995347,1.0499339259919767e-05,0.06408636667221462,0.05470147180718403,0.0010611032013160882,0.0002055540233857857,0.0001503662329407985
0.8705,390.47330400009116,37111845.83333074,0.5720637393309356,0.031284673953242984,12264.999999995285,1.0521527432338083e-05,0.06409649889819596,0.054738930145693504,0.001056307666403199,0.0001758270011184563,8.485217414876052e-05
0.871,389.757056000091,36903063.33333057,0.5710143986846713,0.03110867374918463,12195.999999995198,1.05616450450081e-05,0.06415965388763972,0.05483448498235863,0.0010635523287101168,0.00023046212809327214,9.164067895529499e-05
0.8715,389.0001960000908,36742694.16666377,0.5699055593419694,0.030973485186647057,12142.999999995129,1.0587144051973909e-05,0.06417465681540199,0.05487968925783273,0.0010548903846824265,0.00021785356564322863,0.000152092346553639
0.872,388.39101600009064,36582324.999996975,0.5690130788954044,0.03083829662410948,12089.999999995063,1.061690354563639e-05,0.06421444823331889,0.05494579710088242,0.001060701024585123,0.00022424353960475031,5.728566271972473e-05
0.8725,387.6969200000905,36455239.99999687,0.5679961920835607,0.030731166065117443,12047.999999995009,1.06348749864251e-05,0.06421132034714361,0.054968884441301095,0.0010669813180017168,0.00020462600964820545,9.567958076649498e-05
0.873,387.0471280000903,36303948.33333008,0.567044212940558,0.03060362968536501,11997.999999994947,1.0661295692864032e-05,0.06423713267612571,0.055021425346005085,0.0010669798486593169,0.00020693935552323493,0.000145947167124095
0.8735,386.41210400009015,36104243.333329916,0.566113869687169,0.030435281664091807,11931.999999994863,1.07026783647719e-05,0.0643088618411162,0.055123291223543994,0.0010703025895107772,0.0002129970466239889,0.00016007352898612514
0.874,385.73277600009,35943874.16666312,0.565118618764939,0.03030009310155423,11878.999999994794,1.0731530335643278e-05,0.06433885435315,0.05518129891819576,0.0010769567694830407,0.00019502348046010235,8.693505670876001e-05
0.8745,384.9980680000898,35777453.33332965,0.5640422332566576,0.03015980308382656,11823.999999994725,1.0760913148657016e-05,0.06436548696035232,0.055237983353458406,0.0010784453656403992,0.0002278889232890978,5.368207561810144e-05
0.875,384.43319200008966,35571696.66666281,0.5632146604789336,0.029986353607363257,11755.99999999464,1.0807277358810212e-05,0.0644566611383407,0.055358144061539896,0.0010738861522855531,0.00019557323402278197,0.00010526270878160418
0.8755000000000001,383.6984840000895,35411327.499996014,0.5621382749706523,0.02985116504482568,11702.999999994572,1.0835473027666999e-05,0.0644789853977478,0.055410410547565785,0.0010825478967461414,0.00020193486835829645,0.00015260257802024246
0.876,382.9859280000893,35253984.16666255,0.5610943432967914,0.029718527209883154,11650.999999994503,1.086362114958498e-05,0.06450270506725599,0.05546300847842917,0.0010902251707108521,0.00022526375457487913,0.00010863566402906912
0.8765000000000001,382.29552400008913,35051253.33332905,0.5600828654573511,0.0295476284610149,11583.99999999442,1.0906757609051806e-05,0.06457235829989481,0.05556436506944552,0.0010957141872375792,0.0002422384735222293,0.00012433042021967942
0.877,381.59773600008896,34909039.16666227,0.5590605696731039,0.029427744264047616,11536.99999999436,1.0931201348117035e-05,0.06458565233190242,0.05560501910343815,0.001088404920254382,0.00021354538834402918,0.000109506010289061
0.8775000000000001,380.9774800000888,34724463.33332878,0.5581518623093287,0.029272149880749655,11475.999999994283,1.0971443283168726e-05,0.06465181766721148,0.055700399399135146,0.0010940101362564177,0.00021792935965674789,0.00014107831738956243
0.878,380.33138000008864,34576197.49999533,0.5572052921387295,0.029147164228592273,11426.999999994221,1.0999803549830488e-05,0.06468040757865763,0.055755553864924284,0.0011008285586225465,0.00021356059632695148,0.00010727785717005322
0.8785000000000001,379.61513200008847,34455164.166661896,0.5561559514924652,0.02904513512479033,11386.99999999417,1.1017655587530075e-05,0.06467189049314787,0.0557732209905196,0.0011011336112272164,0.000198063871405676,4.5802605572171984e-05
0.879,378.74012800008825,34285717.49999509,0.5548740250328537,0.02890229437946761,11330.999999994097,1.1046586031053382e-05,0.06468206862791949,0.05581736001419855,0.0011085675971906261,0.00020527822925935196,8.018694304761859e-05
0.8795000000000001,378.0644920000881,34086012.499994926,0.553884183083027,0.028733946358194404,11264.999999994014,1.109148487228139e-05,0.06475554872425333,0.05592234362765508,0.0011100957317401803,0.0001975612714841884,0.0001293247533016381
0.88,377.3556280000879,33892359.166661434,0.5528456603815696,0.028570699792111295,11200.999999993932,1.1133943970807368e-05,0.06481852224673354,0.05601703423184034,0.0011121356057109623,0.00023659225965889363,9.662022894619068e-05
0.8805000000000001,376.6135360000877,33707783.33332795,0.5517584569284814,0.02841510540881333,11139.999999993855,1.1172895359978122e-05,0.064867927033882,0.056098378376262255,0.001110363945831476,0.0002037753869120358,4.1485401167831586e-05
0.881,375.89728800008754,33541362.499994498,0.5507091162822171,0.028274815391085673,11084.999999993797,1.1206977295574954e-05,0.06490498158840127,0.056165317246078456,0.0011212816447188575,0.00020571826035775022,0.00011347448999527761
0.8815000000000001,375.09243200008734,33350734.999994576,0.5495299602982706,0.02811411955259781,11021.999999993874,1.124690151506851e-05,0.06495084161372855,0.05624527299160516,0.0011273879722009286,0.00021712290073584836,0.00010032929201435062
0.882,374.34295600008716,33172210.833327983,0.5484319389003756,0.02796362662449013,10962.999999993943,1.1284835909217915e-05,0.06499525322470086,0.05632169761191464,0.0011314797128938012,0.00024104958887336095,0.00014105246696272596
0.8825000000000001,373.600864000087,32984609.166661393,0.5473447354472872,0.027805481513597314,10900.999999994017,1.132652086651666e-05,0.06505061110826843,0.056409244277291944,0.0011315426884327216,0.00021240456251942532,0.00011246644386031691
0.883,372.8698480000868,32836343.33332812,0.5462737589114093,0.027680495861440085,10851.999999994076,1.1355401063236923e-05,0.06506973675932734,0.05645734000821826,0.0011336060300116662,0.00023343399607986232,0.00014845636824880774
0.8835000000000001,372.1129880000866,32678999.99999485,0.5451649195687074,0.027547858026497722,10799.999999994137,1.1386914777078406e-05,0.06509380000433283,0.056511466403505,0.001140738248705081,0.0002483847304665446,7.349797755152305e-05
0.884,371.43735200008643,32521656.666661583,0.5441750776188807,0.02741522019155536,10747.9999999942,1.1421230960255854e-05,0.06513260039278415,0.05657908709209077,0.0011451415232996004,0.00023140902445149751,0.00011824106975923248
0.8845000000000001,370.71741200008626,32324977.499994997,0.543120328000213,0.027249422897877407,10682.999999994276,1.14684507359717e-05,0.06520381985553884,0.05668302471062198,0.0011455981149856758,0.0002453489528198479,0.000108197630849652
0.885,369.96793600008607,32182763.33332839,0.5420223066023179,0.027129538700910272,10635.999999994332,1.149584117958411e-05,0.0652156142065702,0.056723490542944746,0.0011481119061934053,0.0002369393496989305,0.00014556055437993568
0.8855000000000001,369.01540000008583,32013316.66666179,0.5406267917222345,0.026986697955587727,10579.9999999944,1.152693436429763e-05,0.06521962857647294,0.056763733952988185,0.0011580581736651539,0.0002240639216831415,9.337559982514854e-05
0.886,368.1810080000856,31846895.833328526,0.5394043639590607,0.026846407937860226,10524.999999994465,1.1560970021284635e-05,0.06524195883621108,0.05681867414354717,0.0011614215808364251,0.00023653188270648367,0.00011584940178141094
0.8865000000000001,367.39830400008543,31659294.166661937,0.5382576618095347,0.02668826282696741,10462.999999994538,1.1604753475109544e-05,0.06529586704096149,0.05690624183263683,0.0011595216792911493,0.00019942967421952547,7.43327344749504e-05
0.887,366.63406000008524,31450511.666662022,0.5371380045220259,0.026512262622909274,10393.999999994621,1.1657491104945119e-05,0.06537596412401493,0.05702121934939442,0.0011685144048706722,0.00020217833065327707,7.374843280681237e-05
0.8875000000000001,365.79228400008503,31256858.33332877,0.5359047588140452,0.026349016056826366,10329.999999994698,1.1702784716851905e-05,0.06542760619029821,0.05710824767656261,0.0011668841966804729,0.0002322664148783296,0.0001491827137223359
0.888,364.97266000008483,31135824.999995485,0.534703966940485,0.026246986953024548,10289.999999994745,1.1721952445459138e-05,0.06540776290585484,0.05711742288452876,0.0011753027160687761,0.00024110514552847737,0.00011263171030775496
0.8885000000000001,364.20472400008464,30978481.666662216,0.5335789006805728,0.026114349118082185,10237.999999994807,1.1756700277277533e-05,0.06543568597972808,0.05717619420706702,0.0011692175162949306,0.00023890138167540148,0.00014984203445792354
0.889,363.45894000008445,30799957.499995623,0.5324862882550812,0.025963856189974505,10178.999999994878,1.1800631218407886e-05,0.065490671418733,0.05726318685534441,0.0011778021203084368,0.0002421861741595558,9.366767162884135e-05
0.8895000000000001,362.59501200008424,30588149.166662376,0.5312205887126799,0.025785305258321324,10108.99999999496,1.1854101077657612e-05,0.06556081862542279,0.05737105250716597,0.0011812165333224857,0.00021249503297474678,9.172247327805478e-05
0.89,361.738468000084,30421728.33332911,0.5299657071150855,0.025645015240593826,10053.999999995025,1.189079279245862e-05,0.06558460276041247,0.05742845641992014,0.001189276243437759,0.00022643896769442102,0.000152127653113094
0.8905000000000001,360.9409960000838,30228074.999995857,0.5287973690759459,0.025481768674510918,9989.999999995101,1.194058821146015e-05,0.06564930043647581,0.05752791208734499,0.0011950874838236544,0.0002513657038278903,0.00012485279580420593
0.891,360.0992200000836,30037447.499995936,0.5275641233679652,0.025321072836023053,9926.999999995178,1.1988342884332377e-05,0.06570369602001265,0.057617787914813354,0.001199398221839515,0.00023139149810421308,0.00012695853268411474
0.8915000000000001,359.2352920000834,29886155.83332933,0.5262984238255639,0.02519353645627078,9876.999999995236,1.2020123765782574e-05,0.06571175975277362,0.05765820764545189,0.0011985123254289257,0.00025665410198501867,0.0001374095063430352
0.892,358.5190440000832,29683424.99999608,0.5252490831792996,0.025022637707402737,9809.999999995316,1.2078088832408342e-05,0.0658043116223953,0.057784804377906014,0.0012052054391918688,0.0002340653506657966,0.00015979632870407597
0.8925000000000001,357.680960000083,29544236.666662805,0.5240212464437224,0.024905304238030647,9763.99999999537,1.2106623841247653e-05,0.06580494937967984,0.057816033660301,0.0012138653215808726,0.00023468790637691268,9.41507843585861e-05
0.893,356.7948800000828,29368738.333329543,0.5227230930669006,0.02475736203751801,9705.99999999544,1.2148798356624292e-05,0.06583776650520061,0.05788443131739693,0.0012141078041866097,0.0002392183588100075,0.00012478929914129028
0.8935000000000001,355.9198760000826,29196265.833329614,0.521441166607289,0.024611970564600422,9648.999999995509,1.219059581221427e-05,0.06587000621553973,0.05795114580445736,0.001217419625484607,0.0002459851823447834,0.00011298676144672065
0.894,355.03748800008236,29066154.999996334,0.5201484222028707,0.024502289278013466,9605.99999999556,1.2214807496902398e-05,0.0658536021246171,0.05796581274854455,0.0012211393633217583,0.00023619719437386154,0.00012062310934155277
0.8945000000000001,354.2695520000822,28908811.666663066,0.5190233559429585,0.024369651443071103,9553.999999995622,1.2254725517085752e-05,0.06588974415168239,0.0580331634602362,0.0012254184726949997,0.0002478913796916044,0.00012492139604366315
0.895,353.43146800008196,28784752.49999645,0.5177955192073812,0.02426507161167424,9512.99999999567,1.2278426503758389e-05,0.06587537129211904,0.05804846915817815,0.0012266380264089843,0.00023963318416775708,8.909572094193739e-05
0.8955000000000001,352.56015600008175,28591099.166663196,0.5165190017201731,0.024101825045591333,9448.999999995745,1.2331115846401658e-05,0.06593513674037227,0.05814471537923911,0.0012336729616437112,0.0002624052886931001,0.00014108909762172508
0.896,351.82175600008156,28448884.999996588,0.5154372072394883,0.0239819408486242,9401.999999995804,1.236680298718645e-05,0.06596129476909161,0.05820004963684001,0.0012387121078492505,0.00025211355787974136,9.359529588533026e-05
0.8965,350.94675200008135,28315748.333329976,0.5141552807798767,0.0238697088344422,9357.999999995855,1.2394048282559003e-05,0.06595174765811848,0.05822173993959254,0.001238137331529716,0.00022350423349143045,0.00010666167512984636
0.897,350.13082000008114,28158404.999996707,0.51295989787872,0.023737070999499836,9305.999999995916,1.2434327157384166e-05,0.06598199086841158,0.05828423455625351,0.001244149803155086,0.0002360346835255344,0.00012478063494523615
0.8975,349.28166000008093,28013164.999996766,0.5117158342259325,0.023614636074937655,9257.999999995975,1.2468482586673845e-05,0.06599237982921537,0.05832663343626766,0.0012451885870009259,0.000272272137702989,0.00011661574195580956
0.898,348.4398840000807,27840692.499996837,0.5104825885179517,0.023469244602020062,9200.999999996042,1.2515489117238026e-05,0.06603693953704542,0.05840519038640798,0.0012525818922540946,0.0002628541375581788,0.00010926355584103021
0.8985,347.4725800000805,27737814.166663546,0.5090654377482546,0.023382519863788517,9166.999999996082,1.2527035400564743e-05,0.06597562530710638,0.05837440903018126,0.0012525381293149486,0.0002788696504913956,0.00014163921874647378
0.899,346.60496000008027,27541134.99999696,0.5077943292334499,0.023216722570110565,9101.999999996158,1.2584991867623413e-05,0.06604545634889009,0.058481390680824766,0.0012580633015115109,0.0002463189885354779,0.00013538581481160625
0.8995,345.72257200008005,27320249.166663717,0.5065015848290316,0.02303051945567225,9028.999999996246,1.2654444324099802e-05,0.06614309173942767,0.058618712365065995,0.001262235498123851,0.00026003021839220066,0.00010171522633668725
0.9,344.7884960000798,27132647.499997128,0.5051331148109652,0.02287237434477943,8966.99999999632,1.2707513927644411e-05,0.06619203922027618,0.05870531221318672,0.0012709369817386876,0.00025152134975002093,0.0001444022192763201
0.9005,344.0131760000796,26969252.499997195,0.5039972306062462,0.022734635054646977,8912.999999996386,1.275575494723539e-05,0.06624295520090819,0.0587882458231312,0.0012750978627309342,0.00026232825611543587,0.0001665882370990409
0.901,343.1197120000794,26763495.833330613,0.5026882592846176,0.022561185578183887,8844.999999996466,1.2820436991372644e-05,0.06632439859885879,0.05890831701247746,0.0012825615676305357,0.0002479431400194248,0.0001278369239211714
0.9015,342.2373240000792,26603126.66666401,0.5013955148801992,0.02242599701564648,8791.99999999653,1.2864552662861683e-05,0.06635292908506532,0.058970866332364195,0.0012827800800413974,0.0002730197946585875,0.00011510986455389013
0.902,341.22940800007893,26403421.666664094,0.4999188654140644,0.02225764899437348,8725.999999996608,1.2923681343577584e-05,0.06640723707988966,0.059065816662661245,0.0012908903490127005,0.0002604733184916348,0.0001300330833292919
0.9025,340.2916400000787,26224897.4999975,0.4985449864235947,0.022107156066265798,8666.999999996679,1.2975899715150884e-05,0.06644976370025224,0.05914542811337253,0.0013026231678523075,0.00028224155065147046,0.00015864310135994643
0.903,339.4609400000785,26055450.833330903,0.4973279676328242,0.021964315320943253,8610.999999996744,1.3028404005423311e-05,0.06650274478429528,0.059232124716440154,0.0013051403430282772,0.0002542963053337033,0.00013411477051780734
0.9035,338.47517600007825,25882978.333330974,0.49588377200111,0.021818923848025664,8553.999999996811,1.3077134000618648e-05,0.06653018817161281,0.059297158992132414,0.0013070872568704908,0.00024432335370186983,0.00011552698321151663
0.904,337.59278800007803,25722609.166664373,0.4945910275966916,0.021683735285488257,8500.999999996875,1.3124360200503564e-05,0.06656327792133317,0.05936454826113201,0.0013098219603952222,0.00025744197582307953,0.00014221997557944976
0.9045,336.6513280000778,25589472.49999776,0.4932117396338185,0.021571503271306258,8456.999999996928,1.3155852587430525e-05,0.06655010009448921,0.05938423638921881,0.0013145892874014075,0.0002626273891864494,0.00018626712395146495
0.905,335.8021680000776,25420025.833331164,0.4919676759810309,0.021428662525983713,8400.999999996995,1.3210142672623414e-05,0.0666031156612134,0.059471900054578336,0.0013176333223231878,0.0002532544815434303,0.00014677932158826314
0.9055,334.82748000007734,25247553.333331235,0.49053970726652696,0.02128327105306612,8343.999999997062,1.3261779293205645e-05,0.06663624022896766,0.05954212125911746,0.001321978326105435,0.0002745040455404483,0.00011203063247459799
0.906,333.8712520000771,25078106.666664638,0.4891387834140401,0.021140430307743575,8287.99999999713,1.3313255918313774e-05,0.06667003597003188,0.059612956636718735,0.0013354020741535284,0.0002792241465786486,0.00016315716831294172
0.9065,332.91871600007687,24905634.16666471,0.48774326853395666,0.020995038834825987,8230.999999997197,1.3367204937334082e-05,0.06670961606486868,0.05968948253688568,0.0013369225711572107,0.0002732710126739302,0.00011882293086421944
0.907,331.9108000000766,24763419.9999981,0.48626661906782187,0.020875154637858852,8183.999999997252,1.3403269822993032e-05,0.06669835180890697,0.05971341321770687,0.0013357643768084472,0.0002780683356063697,0.0001592081759656201
0.9075,330.9250360000764,24612128.333331496,0.4848224234361076,0.02074761825810658,8133.999999997313,1.344560825940088e-05,0.06670433610551403,0.05975479419842618,0.0013418376986767467,0.000277868531396255,0.00015742141334386265
0.908,329.8875840000761,24451759.166664895,0.48330250219074544,0.02061242969556917,8080.999999997376,1.349136402626655e-05,0.06671291830398668,0.059801247093453816,0.0013455732837145172,0.00027831268411444057,0.00014680608183922456
0.9085,328.9387400000759,24279286.666664965,0.4819123962830654,0.02046703822265158,8023.999999997443,1.3548122089258208e-05,0.06675688791286216,0.059881867295071264,0.0013546283185114387,0.0002701131229826317,0.00014999679995571864
0.909,327.96036000007564,24143124.16666502,0.48047901859615805,0.020352255480874534,7978.999999997498,1.3584006681823647e-05,0.06674575304388197,0.059904872636412865,0.0013562633934839313,0.00028214605576462083,0.00012501738486634658
0.9095,326.9930560000754,23997884.16666508,0.47906186782646093,0.020229820556312353,7930.999999997555,1.362591192328089e-05,0.06674996886575656,0.059943580141655496,0.0013598389908417426,0.0002904380503422946,0.0001277883409818082
0.91,325.99990800007515,23819359.999998488,0.4776068542499398,0.020079327628204673,7871.999999997625,1.3686342034382781e-05,0.06679615175442634,0.060028383207357136,0.00137052366617798,0.0002745173240126604,0.00012688673561379177
0.9105,324.9366120000749,23649913.33333189,0.47604907019775367,0.01993648688288213,7815.999999997691,1.3739441976817451e-05,0.06681636985411349,0.06008784220348403,0.0013740279036151893,0.00026911320989959935,0.00012148376482732004
0.911,323.90285200007463,23477440.83333196,0.4745345579247949,0.01979109540996454,7758.99999999776,1.3796344086201058e-05,0.0668479965765814,0.060158104920591045,0.001376172884624837,0.0002733445484442291,0.0001411170452127555
0.9115,322.8580160000744,23307994.166665364,0.4730038187346259,0.019648254664641995,7702.999999997826,1.3851814690335713e-05,0.06687412623633719,0.06022306748458366,0.0013881181430175364,0.0002817579535874881,0.00015168016559340545
0.912,321.8427160000741,23093159.999998786,0.47151635132368425,0.019467153005393766,7631.999999997911,1.3936711822898687e-05,0.06697319126286433,0.06036487940706844,0.0013968490296304781,0.00027558549075197206,0.00013664869400164132
0.9125,320.78311200007386,22926739.16666552,0.4699639762439015,0.01932686298766627,7576.999999997976,1.3991658808003474e-05,0.06699452904324263,0.060425038179966355,0.0014014153294357812,0.00028830716194971,0.0001656419530412627
0.913,319.7641200000736,22724008.33333227,0.46847109986055646,0.019155964238798225,7509.999999998056,1.4071642436912585e-05,0.06707894793015619,0.06055075897124394,0.001408147918710587,0.00027301212651712934,0.00012962149805372428
0.9135,318.70082400007334,22581794.166665662,0.46691331580837026,0.019036080041831088,7462.999999998111,1.4113175492075236e-05,0.06706608307480807,0.06057467502674627,0.001411673983390518,0.000290878924592607,0.00014581578507057443
0.914,317.6301440000731,22421424.99999906,0.46534471381137726,0.01890089147929368,7409.999999998174,1.4166367391906908e-05,0.06707938630275792,0.060626309510597796,0.001419681721900601,0.00027743155767796286,0.0001272192632282646
0.9145,316.6000760000728,22251978.333332464,0.46383561051082195,0.018758050733971136,7353.999999998241,1.4227951836795567e-05,0.06711593901173638,0.06070140133948327,0.00142508799536527,0.00027511611404684255,0.00012307245152585179
0.915,315.7213800000726,22079505.833332535,0.462548275078807,0.018612659261053544,7296.999999998309,1.4299295572251478e-05,0.06719056342006652,0.0608114741061886,0.0014295043315569007,0.0002824717442475603,0.00014252460335384797
0.9155,314.6137800000723,21876774.999999285,0.4609255833577798,0.0184417605121855,7229.999999998388,1.4381177298760105e-05,0.06726436546714953,0.060929113041151076,0.0014385614513822596,0.0002997215801602524,0.00013046666910898166
0.916,313.55048400007206,21689173.333332695,0.4593677993055936,0.018283615401292683,7167.999999998462,1.4456543787134408e-05,0.06732632812260883,0.061032209100760404,0.0014451746839992633,0.0002700006604022531,0.0001468985402432269
0.9165,312.4761120000718,21537881.66666609,0.45779378833619716,0.01815607902154041,7117.999999998522,1.4508210084731181e-05,0.06733087817176833,0.06107423182413096,0.0014497766760998587,0.0003022814500325418,0.00015191868946242445
0.917,311.4017400000715,21377512.49999949,0.45621977736680075,0.018020890459003003,7064.999999998586,1.4566790219398957e-05,0.06735058867595141,0.061132429181750214,0.0014546276617005021,0.00028844072476540123,0.00015815126056785683
0.9175,310.35690400007127,21186884.999999568,0.4546890381766317,0.01786019462051514,7001.99999999866,1.4648538659650892e-05,0.06742590680041097,0.0612488716875314,0.001464949433451036,0.00030097758883084955,0.00013711670543561425
0.918,309.304684000071,21008360.833332974,0.45314748104165586,0.01770970169240746,6942.99999999873,1.4722932762527188e-05,0.06748221778374494,0.06134525219132762,0.0014721379058482812,0.0002964182171950994,0.00014799622334479428
0.9185,308.20077600007073,20838914.166666377,0.45153019829303204,0.017566860947084914,6886.999999998797,1.4789675389760191e-05,0.06751419821557372,0.06141749374233083,0.0014763930367582968,0.000293029433660347,0.00012610928950178364
0.919,307.2113200000705,20687622.499999773,0.45008059368891434,0.017439324567332642,6836.999999998858,1.4850006084559685e-05,0.06754307802497635,0.0614820126250317,0.0014847413988576814,0.0002997397462770643,0.00013579281849493088
0.9195,306.1554080000702,20518175.833333176,0.44853362758153503,0.017296483822010097,6780.999999998923,1.4921180639396797e-05,0.06758829355482819,0.061566737229613484,0.0014909091237101692,0.00030054337434257724,0.00014126122477688293
0.92,305.04411600006995,20366884.16666657,0.44690552688810437,0.017168947442257824,6730.999999998982,1.4977456222750063e-05,0.06759261856216882,0.06160923574415467,0.0014966298638003684,0.0002992904457750527,0.00013774847574102295
0.9205,303.85529200006965,20176256.66666665,0.4451638377742018,0.017008251603769963,6667.999999999059,1.5060042951479267e-05,0.06764651341193356,0.06170707762895918,0.0015041110696187375,0.00028437452441599186,0.00012551789860112215
0.921,302.7661520000694,20034042.50000004,0.4435681909151917,0.01688836740680283,6620.999999999114,1.5112584092804473e-05,0.06764285537443712,0.06174032123240953,0.001509792498671293,0.00030423629797303984,0.00017681516532739038
0.9215,301.6954720000691,19852492.500000115,0.4419995889181987,0.016735323751100102,6560.999999999185,1.5196856112655243e-05,0.06771114718440162,0.06184958634786524,0.0015179778878245717,0.0002909188509326668,0.00013897265786600956
0.922,300.61002400006885,19686071.66666685,0.440409351031592,0.0165950337333726,6505.9999999992515,1.5270188440341416e-05,0.06775210954955807,0.06193006517366636,0.0015244458390436361,0.00030606298843636147,0.00014350034385036964
0.9225,299.5208840000686,19474263.333333604,0.43881370417258186,0.01641648280171942,6435.999999999334,1.538034475930015e-05,0.06787275477698726,0.06209508652889811,0.001538610745029815,0.0003010595946650603,0.0001511333103574992
0.923,298.4243600000683,19295739.16666701,0.4372072393687649,0.01626598987361174,6376.999999999405,1.5465816438666946e-05,0.06793638626838983,0.06219998698812041,0.0015439908170998143,0.000308473392185673,0.00013618466603949973
0.9235,297.220768000068,19129318.333333746,0.4354439143652486,0.016125699855884242,6321.999999999471,1.5537446908505188e-05,0.06795607394150613,0.0622612837178744,0.0015534735295626983,0.000324217414867143,0.0001750515795717713
0.924,296.0540960000677,18950794.166667152,0.4337346790857666,0.01597520692777656,6262.999999999541,1.562225273496991e-05,0.06800741008661775,0.06235516482807701,0.00156366293149534,0.0003105915652223774,0.0001447258999841009
0.9245,294.92803600006744,18775295.83333389,0.4320849425027222,0.015827264727263923,6204.999999999609,1.570830300721273e-05,0.06806463617066522,0.06245392521750632,0.0015718334558480454,0.00031097316563049096,0.00014085089465391856
0.925,293.72813600006714,18593745.833333965,0.43032702647160936,0.015674221071561197,6144.999999999681,1.5797146988719486e-05,0.0681178545314045,0.06255055907990587,0.001580018768927748,0.0003085336072576108,0.00014956467728450057
0.9255,292.4470120000668,18472712.50000068,0.4284501130476212,0.01557219196775938,6104.999999999729,1.583129775879184e-05,0.06804256971806044,0.06251305929924247,0.0015811957778897735,0.0003173506192642538,0.0001645712580528646
0.926,291.1695800000665,18279059.166667428,0.42657860859603647,0.015408945401676472,6040.9999999998045,1.5929133843552817e-05,0.06810326412403174,0.06262020732829063,0.00159127962294454,0.00031350736744153253,0.00015828046639591005
0.9265,289.9290680000662,18094483.33333417,0.42476119386848593,0.0152533510183787,5979.999999999877,1.6023064193601517e-05,0.06815810484706485,0.06271952906109868,0.0016015998655805421,0.00032158871806154906,0.00015798181819406913
0.927,288.7587040000659,17891752.50000092,0.4230465496166005,0.015082452269510655,5912.999999999957,1.6139207380610205e-05,0.06826647446327314,0.06287331985831804,0.0016141491815324842,0.0003296511745567217,0.00015714407648200035
0.9275,287.5588040000656,17728357.500000987,0.4212886335854876,0.014944712979378202,5859.000000000022,1.6220273310714183e-05,0.06829536715969363,0.06294331085120745,0.0016194913996340102,0.0003211073325102881,0.00017301033544603298
0.928,286.2481440000653,17571014.16666772,0.41936844838227205,0.01481207514443584,5807.000000000083,1.6290928985936346e-05,0.06828779439735473,0.06297874060227036,0.0016283460582984955,0.0003263305759437392,0.00016006098817118492
0.9285,284.92640800006495,17359205.833334472,0.4174320362618462,0.014633524212782658,5737.000000000167,1.641356239079368e-05,0.06838590342974125,0.06312614550025746,0.0016402852893345897,0.00032663208233685737,0.0001607329744968708
0.929,283.71543200006465,17126216.6666679,0.4156578933135231,0.014437118187964159,5660.000000000258,1.656614753404639e-05,0.06855687967215794,0.06334653320105653,0.0016570152484919791,0.0003335669039224438,0.00015787111816314254
0.9295,282.3863120000643,16953744.16666797,0.4137106632482904,0.014291726715046568,5603.000000000326,1.6656280124555135e-05,0.06858191745557105,0.06341648123453514,0.0016653647245619275,0.0003189206185026758,0.00016345136830522717
0.93,281.105188000064,16763116.66666804,0.41183374982430226,0.014131030876558698,5540.000000000396,1.6769267528813215e-05,0.0686578600872221,0.06353851400440472,0.0016770538653293231,0.00031675243342630863,0.00014456005951418374
0.9305,279.8462160000637,16572489.166668002,0.4099892902347346,0.013970335038070736,5477.000000000393,1.6886190914694587e-05,0.06874234525794423,0.06366863350129742,0.0016884356751767225,0.0003362977556194011,0.00016130715654700544
0.931,278.6057040000634,16436326.666667974,0.4081718755071841,0.013855552296293622,5432.000000000391,1.6950606400702745e-05,0.06872051328700271,0.06368584771227426,0.0016935861667062221,0.0003412904805938135,0.00017639437287149246
0.9315,277.26181600006305,16266880.000001272,0.40620300955233773,0.013712711550970988,5376.000000000388,1.7044560235278146e-05,0.0687443006671623,0.063754152641127,0.001704604922760541,0.00034348141003865616,0.00017789474901713838
0.932,275.9326960000627,16070200.833334565,0.404255779487105,0.013546914257292932,5311.000000000386,1.7170457224634866e-05,0.06883213956069632,0.06388960050452282,0.0017181375293290463,0.00033704221015016205,0.0001522269124344303
0.9325,274.7254120000624,15900754.166667864,0.4024870455111853,0.0134040735119703,5255.000000000385,1.7277508294289506e-05,0.06889516128449041,0.06399505680934525,0.0017281476946635662,0.00034525537351730046,0.00016247126069398641
0.933,273.3519880000621,15743410.833334498,0.40047490777711153,0.013271435677027855,5203.000000000382,1.7362945736083885e-05,0.06889243982800804,0.06403595183820057,0.001735291660202036,0.0003455537505045343,0.00017350400123840754
0.9335,272.10778400006177,15622377.50000114,0.39865208407715763,0.013169406573225975,5163.00000000038,1.7417821583177202e-05,0.06884400711668108,0.06402422667962022,0.0017425221327474864,0.00035029624725101626,0.00017728265163507114
0.934,270.76020400006144,15452930.833334439,0.3966778091499078,0.013026565827903342,5107.000000000378,1.752160848452052e-05,0.06887762030998827,0.0641024812052741,0.0017528499450957455,0.0003579570484146515,0.00018990107766456214
0.9345,269.4052400000611,15328871.666667746,0.39469271627785113,0.012921985996506414,5066.0000000003765,1.7575020905542326e-05,0.06880970125736502,0.06407370820553562,0.0017569187356197258,0.00035364007971313893,0.0001747930350813966
0.935,267.99489600006075,15165476.666667713,0.3926264888197431,0.012784246706373877,5012.000000000375,1.7671379666495302e-05,0.06881723374187855,0.0641260856152132,0.0017669811448351891,0.0003484131755255738,0.00016669530722037096
0.9355,266.5513240000604,15005107.500001013,0.3905115806100043,0.012649058143836385,4959.000000000372,1.7764039611181886e-05,0.06881133802320473,0.06416538513595113,0.0017770353395414927,0.0003550822199312225,0.000179243400670171
0.936,265.10775200006003,14859867.500000983,0.38839667240026543,0.012526623219274129,4911.00000000037,1.7840519237472505e-05,0.06877231872809277,0.06416980283646463,0.0017840415596383225,0.00035613440355283717,0.00018416971947481247
0.9365,263.63095200005966,14726730.83333429,0.3862330834388958,0.01241439120509206,4867.000000000368,1.7901525802544378e-05,0.06869765737162245,0.0641369505042133,0.001790505133678744,0.00035476856578080983,0.00017457337589399407
0.937,262.0950800000593,14548206.666667586,0.38398295091907136,0.012263898276984287,4808.000000000366,1.8015628043046957e-05,0.0687152029610034,0.06420360217879642,0.001801549023381904,0.0003627356612203809,0.00018137763889389285
0.9375,260.6145880000589,14381785.833334219,0.38181395298529824,0.0121236082592567,4753.000000000364,1.812115623332426e-05,0.06872124227303152,0.06425597403548933,0.0018124768831958651,0.00036027442284659075,0.00016942972297503668
0.9380000000000001,259.0491800000585,14239571.666667523,0.3795205486862464,0.012003724062289492,4706.000000000362,1.819220311285414e-05,0.06864871973337804,0.06422778951994523,0.0018186058457820788,0.00036884342196616323,0.00016882995434353476
0.9385,257.6351440000582,14091305.83333416,0.37744891225573496,0.011878738410132188,4657.00000000036,1.8283269630739313e-05,0.06863223803116028,0.06425407044687592,0.0018281310555524396,0.00036048100090278344,0.00016784765253266467
0.9390000000000001,256.1620360000578,13912781.666667456,0.37529073226676873,0.011728245482024413,4598.000000000357,1.8411992809013627e-05,0.0686762303760475,0.06434572387931245,0.0018412860704634807,0.0003644811444215796,0.00019689993333290776
0.9395,254.61508800005743,13734257.500000753,0.37302437282973405,0.01157775255391664,4539.000000000355,1.8538686055656337e-05,0.06870371178285287,0.06442214459965757,0.0018523672016902927,0.00037141447751304314,0.0001972166998071905
0.9400000000000001,253.05706400005704,13549681.666667381,0.37074178647548905,0.011422158170618773,4478.000000000353,1.867623684640392e-05,0.06874681258764231,0.06451472187744699,0.0018661229500037543,0.00037066124690336987,0.00017714943978464474
0.9405,251.54334400005666,13383260.833334014,0.36852410779008515,0.011281868152891188,4423.000000000351,1.879537036097597e-05,0.06875914987868587,0.06457375145235825,0.0018801820366572838,0.00037555690782574956,0.00018496281150531414
0.9410000000000001,250.0665440000563,13174478.333333971,0.3663605188287155,0.011105867948832943,4354.000000000348,1.898113440798181e-05,0.06889496825796913,0.06476099016292325,0.0018981424329186894,0.0003791884113895417,0.00020409818258365482
0.9415,248.4752920000559,13026212.500000607,0.3640292517228397,0.01098088229667564,4305.000000000346,1.907502215245178e-05,0.06884505474650111,0.06475652975279593,0.0019066875084415196,0.0003793489146641562,0.00019063255400659325
0.9420000000000001,246.8545040000555,12838610.833333902,0.3616547128377365,0.010822737185782725,4243.000000000344,1.92275088952091e-05,0.06889388036179764,0.0648561035214119,0.001923291683309216,0.0003825408275955008,0.00020550995420278153
0.9425,245.2374080000551,12672190.000000535,0.3592855829250367,0.01068244716805514,4188.000000000342,1.9352409330987363e-05,0.06889052248394419,0.06490098922738192,0.0019344823894318196,0.00039159497394369283,0.00019172025023112517
0.9430000000000001,243.5981600000547,12526950.000000505,0.3568839991779164,0.010560012243492883,4140.00000000034,1.944592738057108e-05,0.068825586991097,0.06488154142274284,0.0019426069194531923,0.000383681921479613,0.00019556080226590383
0.9435,242.0290600000543,12342374.166667134,0.35458518590646115,0.010404417860195015,4079.000000000337,1.9609603203709267e-05,0.06889167444420297,0.06499718011799727,0.001960108810858383,0.0003958652978308405,0.00020284849897451022
0.9440000000000001,240.4341160000539,12212263.333333774,0.3522485098281819,0.010294736573607993,4036.000000000335,1.9687924296864866e-05,0.06880129075276986,0.0649497121940725,0.0019673655846410795,0.00039548876224357386,0.00020000741123178526
0.9445,238.8059440000535,12051894.166667074,0.34986315299827186,0.010159548011070503,3983.0000000003333,1.9814805929887683e-05,0.06878853234192961,0.06498390657782782,0.001980803058838258,0.000395358295242175,0.00020196728307217142
0.9450000000000001,237.2073080000531,11900602.500000376,0.3475210679475892,0.010032011631318153,3933.0000000003315,1.9932378045569172e-05,0.06876099420719455,0.06500188618608801,0.001992149508894174,0.0003987825810475405,0.00020250122111039633
0.9455,235.5532920000527,11776543.333333684,0.34509784831085516,0.009927431799921225,3892.0000000003297,2.0001904237325357e-05,0.06864024312771252,0.06492379779947138,0.0019992911057133446,0.00039586055630738866,0.00019481520423526277
0.9460000000000001,233.9989600000523,11582890.000000311,0.34282067092901364,0.009764185233838216,3828.000000000327,2.0202122268280716e-05,0.06875495449165465,0.06508844341309676,0.0020192402524093,0.0004098448829421635,0.00020375865132749515
0.9465,232.4077080000519,11440675.833333615,0.3404894038231378,0.009644301036871005,3781.000000000325,2.031415900474232e-05,0.06871051714087556,0.06508820150706897,0.0020306154989178492,0.0004015266455701684,0.00019476492941204748
0.9470000000000001,230.83122400005152,11265177.500000246,0.3381797726068757,0.00949635883635828,3723.000000000311,2.0490686808978063e-05,0.0687739631747524,0.06519954683551736,0.0020473165092670057,0.0004079839626096522,0.0002062695036755509
0.9475,229.1107520000511,11083627.500000209,0.33565919146688006,0.009343315180655459,3663.0000000002833,2.0671098158075664e-05,0.06881815321127804,0.06529448028156451,0.0020657527323510003,0.0004120383385208132,0.00020919550804127373
0.9480000000000001,227.45304400005068,10889974.166666836,0.3332305628577426,0.00918006861457245,3599.000000000254,2.0886463137466623e-05,0.06892500666865789,0.06545328464909116,0.0020876975247818225,0.00041972955938651457,0.00020351182320110044
0.9485,225.67350000005024,10738682.500000138,0.3306234381592922,0.0090525322348201,3549.000000000231,2.1015008126001243e-05,0.06886579132780198,0.0654416377250868,0.002100797816862947,0.0004155116774414655,0.00021208684230715312
0.9490000000000001,224.00102400004982,10629752.500000115,0.32817317366054105,0.008960706041398408,3513.0000000002146,2.107302347820868e-05,0.0687047718918393,0.06532085119943372,0.0021066452961921583,0.00042828372763107145,0.0002119791362661406
0.9495,222.22148000004938,10445176.666666744,0.3255660489620906,0.00880511165810054,3452.0000000001874,2.1275033165232668e-05,0.0687585327765949,0.06542624133458082,0.002126052462006416,0.0004232792169794344,0.00020503076999258345
0.9500000000000001,220.48254800004895,10330195.000000054,0.3230184229600778,0.008708184009488753,3414.000000000169,2.1343503002610096e-05,0.06859909945239977,0.06530853780251539,0.0021335962039271293,0.00043009250076615725,0.00022010664154518806
0.9505,218.73623200004852,10151670.83333335,0.32045997901325823,0.00855769108138098,3355.000000000143,2.1546820773760785e-05,0.06865155888540307,0.06541162033878009,0.00215387532664694,0.0004298257998713577,0.0002096546564937183
0.9510000000000001,216.89761600004806,10003404.999999987,0.317766310756353,0.008432705429223676,3306.00000000012,2.1682378750040445e-05,0.0685771264399299,0.06538470129210389,0.002166448044445618,0.00043459366241632095,0.00022461894695871584
0.9515,215.0626920000476,9858164.999999957,0.3150780514718512,0.00831027050466142,3258.000000000098,2.1815692068457826e-05,0.06849603891202385,0.06535066914865965,0.0021796698439511446,0.00043307651850861615,0.00021577078046780703
0.9520000000000001,213.25361200004716,9697795.833333258,0.31242765499417335,0.008175081942123928,3205.000000000074,2.19899053006511e-05,0.06847913813652581,0.06538228108499011,0.002198174285217276,0.0004396003871500711,0.00021647076667318804
0.9525,211.30792800004667,9549529.999999894,0.30957712653756886,0.008050096289966625,3156.000000000052,2.2127573608339785e-05,0.06837907021689106,0.06533084185534413,0.0022110941294935676,0.0004398740812248337,0.00022205149564661123
0.9530000000000001,209.56530400004624,9383109.166666526,0.30702409156315263,0.007909806272239039,3101.0000000000264,2.2334313741603528e-05,0.06841390504858237,0.06541381614590726,0.0022319073601741865,0.0004469281607115797,0.0002232786276795368
0.9535,207.8005280000458,9189455.833333153,0.3044386027543159,0.0077465597061560304,3036.9999999999973,2.2612930707636193e-05,0.068548840411903,0.06560100595265439,0.0022601877113904616,0.00045458596039537637,0.0002345813234397586
0.9540000000000001,205.96929600004535,9038164.166666456,0.30175575244221753,0.00761902332640368,2986.9999999999745,2.2788842092476946e-05,0.06851106558386505,0.06561036655134672,0.0022773715938144766,0.0004517323060205103,0.00022862843908143043
0.9545,204.07899200004488,8829381.666666413,0.2989863585716644,0.007443023122345436,2917.9999999999427,2.3113622188346983e-05,0.06868018910607702,0.065835187229145,0.0023100748258080357,0.00046113979762781244,0.000230115858126065
0.9550000000000001,202.24406800004442,8638754.166666374,0.29629809928716255,0.007282327283857475,2854.999999999914,2.3411253995446058e-05,0.06880952184394999,0.06601713906069832,0.0023395712518540883,0.000465404696849351,0.00023573897466274178
0.9555,200.36114800004395,8475359.16666634,0.29353952336141625,0.007144587993724936,2800.9999999998895,2.3640431521541418e-05,0.06882286447124877,0.06607941046191361,0.0023631721133870144,0.0004683406126547476,0.0002404358786315098
0.9560000000000001,198.36746800004346,8299860.833332999,0.29061867826356724,0.006996645793212233,2742.9999999998818,2.390009567430114e-05,0.06885465630039952,0.06616359325034056,0.002388072717317091,0.0004802994900010682,0.0002392337572924763
0.9565,196.29256400004294,8130414.166666349,0.2875788357728429,0.006853805047889644,2686.9999999998904,2.4142996897355756e-05,0.06884077734523186,0.06620218687596449,0.002412644703717532,0.00047920994061208445,0.00023893029444210377
0.9570000000000001,194.26196400004244,7985174.166666364,0.28460390095095955,0.006731370123327425,2638.999999999898,2.4327830545134192e-05,0.06874542761363092,0.06615484122265705,0.0024316805732710394,0.0004861230761657097,0.00023344566789434845
0.9575,192.15383200004192,7833882.499999713,0.2815153777086044,0.006603833743575114,2588.9999999999063,2.4528556817140027e-05,0.06865287794295863,0.06611219596155868,0.0024515639860797672,0.0004902612778000388,0.0002451740183991451
0.9580000000000001,190.19338000004143,7673513.333333063,0.2786432133623862,0.006468645181037664,2535.9999999999145,2.4785697468440984e-05,0.06865884233255114,0.06616711862645008,0.0024768276315252904,0.0004964937512159226,0.00025257353234161737
0.9585,187.93018400004087,7519195.833333079,0.27532751327908717,0.006338558073690307,2484.9999999999227,2.4993388676876094e-05,0.06853446579609039,0.06609469166793792,0.002497830544176971,0.0005008659889870127,0.00024897346635972535
0.9590000000000001,185.70390800004031,7328568.333333098,0.2720659029198224,0.006177862235202394,2421.9999999999327,2.533972524420476e-05,0.06859771322050828,0.06621426318525708,0.002531740752854303,0.0005050183626825305,0.00024935489301093676
0.9595,183.6770000000398,7165173.333333115,0.26909637707034256,0.006040122945069898,2367.9999999999413,2.5634690391306477e-05,0.06861823951264533,0.06628471738646571,0.002561876160814675,0.0005107643358884911,0.0002525478270745401
0.96,181.53933200003928,7010855.833333131,0.26596458204876,0.005910035837722541,2316.999999999949,2.589403295627762e-05,0.06856197832678067,0.06627810041843654,0.002587344910617502,0.0005191798941091323,0.00025555775078569675
0.9605,179.46073600003876,6895874.166666476,0.2629193305856322,0.005813108189110784,2278.999999999955,2.6024363505285887e-05,0.06833967306647361,0.06609848677125772,0.0026003669126403927,0.0005207827425269786,0.00025932861978863927
0.961,177.28245600003822,6762737.499999823,0.259728036867612,0.00570087617492875,2234.9999999999623,2.62145996351393e-05,0.06817146028282485,0.0659770862408314,0.002619611863018126,0.0005225261268710741,0.00026165549082257373
0.9615,174.91588400003764,6635652.499999836,0.2562608855570171,0.005593745615936808,2192.999999999969,2.6360012673967173e-05,0.0679024624457253,0.06575573584486807,0.0026341767182765014,0.0005296469556238194,0.000264143939419733
0.962,172.65268800003707,6508567.499999849,0.2529451854737181,0.0054866150569448675,2150.999999999976,2.652698739008869e-05,0.06767507059841119,0.06557486689004981,0.002650719959935881,0.0005314015558241275,0.0002679038280546593
0.9625,170.44487200003653,6378456.666666529,0.24971061997647043,0.0053769337703578795,2107.9999999999823,2.6721961268589038e-05,0.06748763367541635,0.06543322051884434,0.0026703242099911707,0.0005324760631491385,0.0002676870942682423
0.963,168.22967200003598,6239268.33333321,0.24646523653441596,0.005259600300985753,2061.9999999999895,2.696304486557681e-05,0.0673494129628976,0.06534183287722888,0.002694208854848813,0.0005395373771784282,0.0002681403641939138
0.9635,165.9332480000354,6103105.833333224,0.24310085569948614,0.005144817559208673,2016.9999999999968,2.7188328783971065e-05,0.06716700690954586,0.06520663542259769,0.0027158443062222934,0.0005437326218290543,0.00027259071816189726
0.964,163.64790000003484,5954839.999999906,0.2397527017817666,0.005019831907051408,1968.000000000005,2.748149404518634e-05,0.06706152095275261,0.06514960620142887,0.0027459324463520686,0.0005494325556222406,0.00027857667137804463
0.9645,161.1114960000342,5845909.999999917,0.2360367377406142,0.004928005713629744,1932.0000000000105,2.7559694897806586e-05,0.0666343971593434,0.06476794409064528,0.0027533937376748334,0.0005491630512054713,0.00027604695672844967
0.965,158.77076800003363,5721850.833333263,0.23260744923684332,0.0048234258822328485,1891.000000000017,2.7748148741504633e-05,0.0663743484920753,0.06455308136515779,0.002772882532470604,0.0005550733435065684,0.0002752766441475152
0.9655,156.34881600003303,5543326.666666615,0.22905916334019708,0.004672932954125121,1832.0000000000264,2.82048714430266e-05,0.06640599970573038,0.06463865825227001,0.0028180101416286412,0.0005632726024937837,0.0002816703367440259
0.966,154.11515600003247,5404138.333333296,0.22578673503612545,0.004555599484752995,1786.0000000000337,2.851798871421072e-05,0.06629489045745125,0.06457298665600698,0.002849151440409025,0.0005695462295616238,0.00028515445393683574
0.9665,151.75596800003188,5292182.499999974,0.22233040167033744,0.004461222563736284,1749.0000000000396,2.8675497868796593e-05,0.06596693370205124,0.06428777117602968,0.0028649696969369073,0.0005723205019101742,0.0002869437964147639
0.967,149.3783200000313,5131813.333333324,0.2188470234425323,0.004326034001198835,1696.000000000048,2.9108291805891533e-05,0.06594016636037675,0.06431071382808679,0.0029080952818689547,0.0005820370012576246,0.00029371686939018427
0.9675,147.05974400003072,4977495.83333334,0.21545018877318192,0.004195946893851477,1645.0000000000562,2.9544925585914042e-05,0.06591529719447066,0.0643335193028649,0.0029516904729923374,0.0005913674558055201,0.00029441311034253723
0.968,144.5491840000301,4826204.166666688,0.21177208753885352,0.004068410514099166,1595.000000000064,2.99509053094755e-05,0.06579768765144194,0.06426521244542809,0.00299180843820236,0.0005986409182875575,0.00029949618465759527
0.9685,142.07923600002948,4714248.333333367,0.20815348500096276,0.003974033593082456,1558.00000000007,3.013825873266367e-05,0.06543682264736438,0.06394699817672368,0.0030106705169005515,0.0006022626232523995,0.00030134903873976234
0.969,139.48006800002884,4608344.166666711,0.20434556842895216,0.0038847581272558373,1523.0000000000755,3.026685137992135e-05,0.06497368619330625,0.06352640884866877,0.00302323656914784,0.0006042306678285218,0.0003028894385148342
0.9695,136.9030520000282,4472181.666666725,0.2005701056913621,0.003769975385478757,1478.0000000000828,3.061214015978624e-05,0.06473679519990917,0.06333616372209101,0.0030576562536962127,0.0006115492616412388,0.00030818765883153227
0.97,134.44048800002759,4326941.66666674,0.19696232109827821,0.0036475404609165383,1430.0000000000903,3.107055707168658e-05,0.0646304695470142,0.06327599924021388,0.003103330267476862,0.000620083424668641,0.000308726877841446
0.9705,131.98161600002697,4193805.000000086,0.19335994547759772,0.003535308446734504,1386.0000000000969,3.1470613440544864e-05,0.06444764423612379,0.06313721483568588,0.0031432385668035004,0.0006304611063545734,0.00031610377005088534
0.971,129.2864560000263,4060668.3333334127,0.1894113956230981,0.0034230764325524528,1342.0000000000905,3.183871357794315e-05,0.06415816983593632,0.06289402347441866,0.0031800053423041695,0.000636378853718114,0.0003193842952234911
0.9715,126.63560000002566,3921480.000000072,0.1855277534374396,0.0033057429631803085,1296.0000000000837,3.229280781746262e-05,0.06394822182637847,0.06272994882938544,0.003225002463164983,0.0006460911350644988,0.000321941560057554
0.972,123.988436000025,3809524.166666733,0.18164952022418449,0.0032113660421635836,1259.000000000078,3.2546961398728365e-05,0.06352482239710734,0.06234839535374952,0.00325028572558778,0.0006500684907014115,0.0003238851545342518
0.9725,121.40403600002436,3667310.000000059,0.1778632395417876,0.0030914818451963926,1212.000000000071,3.310438332184146e-05,0.063395278975514,0.062263953550598196,0.0033060731532198635,0.0006625578105223036,0.0003313081191054264
0.973,118.58704000002366,3543250.833333386,0.17373619359797496,0.002986902013799481,1171.0000000000648,3.346842929786613e-05,0.06299902925296616,0.061911825064981885,0.0033423038526005167,0.0006689358212574616,0.00033542340545681895
0.9735,115.928800000023,3425243.33333338,0.16984173346750958,0.002887423637592663,1132.0000000000591,3.384542022805818e-05,0.06263876345621461,0.06159283306486986,0.0033795823780834776,0.0006767106896903042,0.000338533160930349
0.974,113.20779600002233,3325390.833333375,0.16585532080618598,0.002803249626956125,1099.0000000000543,3.404345584441956e-05,0.06208011654937022,0.061072791078255646,0.0033993758025707534,0.0006812313615348628,0.00034041895876350846
0.9745,110.52740400002166,3228564.1666667033,0.16192840684130005,0.002721626343914633,1067.0000000000493,3.423422868319031e-05,0.06151241538361407,0.060542858363074145,0.0034180091466087963,0.0006843125838037898,0.00034188938384993616
0.975,107.74363600002097,3083324.166666696,0.15785004164911826,0.002599191419352395,1019.0000000000424,3.494398583347787e-05,0.0613591740180835,0.060434505935544454,0.003488712648541425,0.000699205954590394,0.00034963103558243765
0.9755,104.87864400002026,2947161.666666689,0.15365267906406113,0.0024844086775752975,974.0000000000356,3.5586321980986044e-05,0.06109174185434396,0.060210876168405814,0.0035525913958739117,0.000711624644339524,0.00035506470832580484
0.976,102.05426400001956,2810999.166666682,0.14951481517544166,0.0023696259357981996,929.000000000029,3.6305334135348315e-05,0.06086928056764408,0.06003129300263954,0.003623974386546062,0.0007267495591312498,0.0003631990592302654
0.9765,99.11543200001883,2726275.833333344,0.14520927314231605,0.002298205563136894,901.0000000000248,3.6355614053488145e-05,0.06002798285252293,0.059226236964177933,0.0036289041172020463,0.0007263500409256662,0.0003628681357359932
0.977,96.26520800001812,2605242.5000000047,0.1410335464468726,0.0021961764593350294,861.0000000000189,3.695057485052464e-05,0.059640682111840544,0.058878471376245994,0.0036878443626649562,0.0007388608879535479,0.00036969609135385827
0.9775,93.14177600001734,2502364.166666666,0.13645755579357577,0.0021094517211034444,827.0000000000139,3.722151125752774e-05,0.05887983229082157,0.05815669163463099,0.0037147305715790413,0.000744951416582398,0.00037154519954678197
0.978,90.40600400001667,2348046.666666658,0.1324495072426385,0.001979364613756067,776.0000000000063,3.850264361583543e-05,0.05899852099320698,0.058317840944140636,0.0038419628055272764,0.0007696777933884285,0.00038383016210224655
0.9785,87.52993600001595,2199780.833333317,0.12823591774037107,0.0018543789615987826,726.9999999999989,3.9790298503229645e-05,0.059015219120954365,0.058376677003314295,0.003970011441068826,0.0007959103601437035,0.00039752584805450376
0.979,84.56526000001521,2087824.9999999788,0.1238925129004215,0.0017600020405820584,689.9999999999939,4.0503998179931785e-05,0.05852507917896868,0.0579233620250784,0.004040716542450035,0.0008102575841693802,0.0004042727946585951
0.9795,81.57104800001447,2006127.499999981,0.11950583628124452,0.001691132395515805,662.999999999994,4.0660949017455394e-05,0.0575908957283925,0.057021820404177866,0.004056021225626167,0.0008126574032196592,0.00040600089182060066
0.98,78.65067600001375,1854835.8333333181,0.11522733911013602,0.0015635960157634838,612.9999999999943,4.2403038903270986e-05,0.05774929035710568,0.05722090315571888,0.0042288295273099265,0.0008478570102677837,0.0004245816261072769
0.9805,75.49401600001296,1748931.6666666542,0.11060266770520838,0.0014743205499368592,577.9999999999944,4.316578940096583e-05,0.05708512860423313,0.056592289007965965,0.004304233565850444,0.0008630793493053011,0.00043183908522831176
0.981,72.52195600001222,1658156.6666666565,0.10624844492045195,0.0013977987220854665,547.9999999999947,4.373649212881734e-05,0.05631882204737475,0.055857769999685905,0.004360490848429072,0.0008746063630189096,0.0004372590151493045
0.9815,69.44282800001146,1549226.6666666593,0.10173736193599621,0.0013059725286637953,511.99999999999477,4.482418841229073e-05,0.05579132458396414,0.05536423252329549,0.004467962708934234,0.0008964325957185842,0.0004490427926247579
0.982,66.43015600001071,1413064.1666666628,0.09732364045480212,0.0011911897868867062,466.9999999999951,4.7011422104571254e-05,0.05588315637853725,0.0554925393378799,0.004684522405128295,0.0009401247468679948,0.00047024324922779966
0.9825,63.23288400000992,1331366.6666666649,0.09263947035343681,0.001122320141820453,439.9999999999967,4.749471770862773e-05,0.054801281287897664,0.05444017523800361,0.004731677324530063,0.0009496960088430662,0.00047537812313742353
0.983,60.22759600000917,1273875.833333333,0.08823656681704956,0.0010738563175145708,420.9999999999978,4.7279016073656463e-05,0.05336156486418796,0.05302472122148047,0.0047094262810337,0.0009455310372878833,0.0004728524933916057
0.9835,57.022940000008376,1167971.666666669,0.0835415787708774,0.0009845808516879462,385.9999999999998,4.8822194602330474e-05,0.05276305305644993,0.052457603448210384,0.004861324166500547,0.0009762873065815559,0.00048800790944394473
0.984,54.10626000000765,1083248.333333338,0.07926849057217232,0.0009131604790266464,358.00000000000136,4.994815900940605e-05,0.051985219860134636,0.051705994494798395,0.0049718468151497,0.0009987680517900377,0.000499555799390133
0.9845,51.17112000000692,1004576.6666666715,0.07496835751145013,0.0008468415615554379,332.0000000000017,5.0937993781798644e-05,0.05105399040177218,0.05079951458710342,0.005068551670123762,0.0010185667396042982,0.0005090403514945523
0.985,48.195368000006184,922879.1666666705,0.07060872575429028,0.0007779719164891819,305.0000000000012,5.222283668411555e-05,0.05016826706130009,0.049938412400113805,0.005194090036576883,0.0010443076045899835,0.0005222885672770612
0.9855,45.138392000005425,826052.5000000026,0.06613009660425509,0.0006963486334476932,273.00000000000057,5.464349057717916e-05,0.04966361215959329,0.04945983610349759,0.005431455412898827,0.0010927211753988377,0.0005466450671712845
0.986,42.033420000004654,744355.0000000015,0.06158115081297538,0.0006274789883814371,245.99999999999997,5.6469587763909115e-05,0.048719248988913964,0.04853873474355315,0.005609330714202191,0.0011290247624398924,0.0005645531555765296
0.9865,39.135200000003934,659631.6666666671,0.05733510747628743,0.0005560586157201346,217.9999999999994,5.9328867878291536e-05,0.04818507231542675,0.04802703323128224,0.005888289856279546,0.001186211786033039,0.0005933834444990587
0.987,36.24805600000322,590037.4999999995,0.05310529105680975,0.0004973918810340646,194.99999999999895,6.14334783806169e-05,0.047188966560944026,0.04705019506751981,0.006091808905291917,0.0012282316557549215,0.0006144276264657708
0.9875,33.3535280000025,544649.999999999,0.048864656692525224,0.00045913096710836684,179.99999999999864,6.123846139723228e-05,0.04519377218802193,0.04507110541690186,0.006068266501795194,0.0012242903015517483,0.0006122836855137533
0.988,30.36300800000176,484133.33333333227,0.04448338904575167,0.0004081164152074371,159.99999999999878,6.271621041035905e-05,0.04363728899105591,0.043531996915153866,0.006207709168754525,0.0012538671868748375,0.000626991157822054
0.9885,27.66784800000109,435719.99999999924,0.04053483919125205,0.00036730477368669353,143.99999999999906,6.349914624070765e-05,0.04191476518609071,0.04182382284877004,0.006278150626422477,0.001269442082889362,0.0006348876306185828
0.989,24.994840000000426,378229.1666666663,0.036618743171172974,0.0003188409493808106,124.9999999999994,6.608385128064013e-05,0.04064134478280975,0.04056472116668372,0.006522586289661093,0.001320979038572223,0.0006607065534266036
0.9895,22.414131999999785,320738.3333333333,0.032837871461179495,0.00027037712507492766,105.99999999999974,6.988292221592821e-05,0.039576868963864614,0.039513312746308316,0.006881672315439421,0.001396786706028328,0.0006987147599435541
0.99,19.85188399999915,272325.0000000003,0.02908404461320314,0.0002295654835541841,90.00000000000004,7.289776553749794e-05,0.03804106756822576,0.037989512681950416,0.0071593432085310955,0.0014568397371129884,0.0007288621820247792
0.9905,17.610839999998593,226937.50000000023,0.025800798364324688,0.00019130456962848674,75.0000000000001,7.760215918479129e-05,0.03696760553565896,0.03692595707447544,0.0075944939154292245,0.0015506216921826522,0.0007758283797235904
0.991,15.262727999998365,187601.66666666677,0.022360691915747456,0.0001581451108928823,62.00000000000009,8.135710237114998e-05,0.035237730505445916,0.03520493706447377,0.007926968050171342,0.0016253884553118643,0.0008133444802186909
0.9915,13.062295999998877,166420.83333333337,0.019136944363308216,0.00014029001772755684,55.00000000000006,7.848954808341628e-05,0.03201916437264875,0.0319924622724262,0.007623063139447968,0.0015678514601656238,0.0007845970858299997
0.992,10.932011999999373,145239.99999999997,0.01601596728653399,0.00012243492456223137,48.000000000000014,7.526860369043911e-05,0.028684780545508628,0.028663797157941633,0.007280222889259405,0.0015032684084598789,0.0007524141663313123
0.9925,8.919871999999842,121033.33333333327,0.01306807732666925,0.00010202910380185944,39.999999999999986,7.369764803084423e-05,0.02563898279512495,0.025623890206363492,0.007082798152559185,0.0014714989657161105,0.0007366770512716857
0.993,7.155096000000049,93800.83333333331,0.010482588517833456,7.90725554464411e-05,31.000000000000007,7.627966347136274e-05,0.02336181581125188,0.02335103419935039,0.007251053821886585,0.0015223060779998535,0.0007623762958891536
0.9935,5.589688000000037,63542.50000000002,0.008189184218782172,5.3565279495976256e-05,21.000000000000025,8.796770665302805e-05,0.022174255717842078,0.022167641771362868,0.008176629128150705,0.0017537907879452185,0.0008789493503675835
0.994,4.205188000000026,45387.50000000001,0.006160819567498607,3.826091392569732e-05,15.000000000000009,9.265079592398845e-05,0.019738337900790853,0.019733920722196825,0.008386856389920047,0.001844845113106958,0.0009254586618040699
0.9945,2.9056040000000167,30258.33333333333,0.004256861281493767,2.550727595046487e-05,9.999999999999998,9.602657119250952e-05,0.01670348044074222,0.0167007096321317,0.008324801236503811,0.0019079018548052546,0.0009586597646179802
0.995,2.04536800000001,15129.166666666668,0.002996570711496245,1.2753637975232438e-05,5.000000000000001,0.0001351936987055914,0.01662854186882255,0.016627917696736605,0.010489607348596022,0.002668703630095706,0.001347430148049191
0.9955,1.3069680000000043,6051.666666666667,0.001914776230811677,5.101455190092975e-06,2.0,0.00021596827320297508,0.016800098341674726,0.016799782588594166,0.013260071424319253,0.00418303201102864,0.0021419034529684645
0.996,0.7384000000000001,6051.666666666667,0.00108179448068456,5.101455190092975e-06,2.0,0.00012201597356100248,0.009491729594392385,0.009492176851450798,0.007491727326038675,0.002363366987135972,0.0012101523595377838
0.9965,0.3359719999999994,3025.8333333333335,0.0004922164887114738,2.5507275950464875e-06,1.0,0.00011103453594051204,0.0061076275664046584,0.006107244703040848,0.005351406155415197,0.0020869512990054472,0.0010924000897885448
0.997,0.140296,0.0,0.00020554095133006636,0.0,0.0,,0.0,0.0,0.0,0.0,0.0
0.9975,0.044304,0.0,6.490766884107358e-05,0.0,0.0,,0.0,0.0,0.0,0.0,0.0
0.998,0.007384,0.0,1.0817944806845597e-05,0.0,0.0,,0.0,0.0,0.0,0.0,0.0
0.9985,0.0,0.0,0.0,0.0,0.0,,0.0,0.0,0.0,0.0,0.0
0.999,0.0,0.0,0.0,0.0,0.0,,0.0,0.0,0.0,0.0,0.0
0.9995,0.0,0.0,0.0,0.0,0.0,,0.0,0.0,0.0,0.0,0.0
1.0,0.0,0.0,0.0,0.0,0.0,,0.0,0.0,0.0,0.0,0.0
