threshold,signal_yield,background_yield,signal_events,background_events,signal_efficiency,background_efficiency,signal_over_background,signal_over_sqrt_background,signal_neff,background_neff,asimov_z_bkg_syst_0pct,asimov_z_bkg_syst_1pct,asimov_z_bkg_syst_5pct,asimov_z_bkg_syst_10pct
7.402077050407832e-05,212.60969999999992,199289541.66666657,184878,392045,1.0,1.0,1.0668382205204364e-06,0.015060549592009706,184877.99999999988,392044.9999999994,0.015060546914075329,0.0,0.0,0.000109244206433717
0.0001607153813399872,212.60969999999992,199090274.99999988,184878,391653,1.0,0.9990001147827416,1.0679060039472046e-06,0.015068084653578699,184877.99999999988,391652.9999999993,0.015068081971939665,0.0,0.0003311491694673577,0.00016459985472325634
0.00018444182140517728,212.60969999999992,198996233.33333322,184878,391468,1.0,0.9985282301776581,1.068410675109931e-06,0.015071644671764254,184877.99999999988,391467.9999999993,0.015071641986787917,0.0,9.646687008944183e-05,4.476966003539842e-05
0.00021464553231845897,212.60969999999992,198891516.66666657,184878,391262,1.0,0.9980027802930787,1.0689731948513643e-06,0.015075611770849966,184877.99999999988,391261.99999999936,0.015075609085874644,0.00023688936191879368,0.0,0.0002050172259707238
0.00026111583980640245,212.60969999999992,198702924.99999988,184878,390891,1.0,0.9970564603553163,1.0699877719464877e-06,0.01508276430887956,184877.99999999988,390890.99999999924,0.015082761618280588,0.0,0.0,0.0
0.00026345125176297575,212.60969999999992,198691741.66666657,184878,390869,1.0,0.9970003443482254,1.0700479960394262e-06,0.015083188768411788,184877.99999999988,390868.9999999993,0.015083186077263323,0.0002455537722258234,0.00019672886278893146,0.0
0.00030530955964610016,212.60969999999992,198492474.99999988,184878,390477,1.0,0.996000459130967,1.0711222176054787e-06,0.01509075787853067,184877.99999999988,390476.99999999924,0.015090755182988873,0.0,0.0,0.0
0.0003192068130905671,212.60969999999992,198409616.66666657,184878,390314,1.0,0.9955846905329745,1.0715695316179651e-06,0.0150939085940798,184877.99999999988,390313.9999999993,0.015093905895500649,0.0002091048222208856,0.0002702887564070842,0.0002489895253607248
0.0003375457755447034,212.60969999999992,198293208.33333322,184878,390085,1.0,0.9950005739137089,1.072198598161771e-06,0.015098338395187552,184877.99999999988,390084.99999999936,0.015098335694872737,0.00027477700014996026,0.0,0.0
0.00035967351739242624,212.60969999999992,198116308.33333322,184878,389737,1.0,0.9941129207106326,1.0731559748341433e-06,0.015105077618559087,184877.99999999988,389736.9999999993,0.015105074918189656,0.0,0.0,0.0
0.0003623345107173637,212.60969999999992,198093941.66666657,184878,389693,1.0,0.9940006886964506,1.0732771442236182e-06,0.015105930347060393,184877.99999999988,389692.99999999936,0.015105927642780619,0.0,0.0002646897967603439,0.00028838985191116954
0.00038282361906548336,212.60969999999992,197894674.99999988,184878,389301,1.0,0.9930008034791923,1.074357862332577e-06,0.015113533762928191,184877.99999999988,389300.99999999924,0.015113531056492302,0.00010694546188475217,0.00010721562473296692,0.0
0.0003902318934587415,212.60969999999992,197822999.99999988,184878,389160,1.0,0.9926411508882907,1.074747122427625e-06,0.0151162714739846,184877.99999999988,389159.9999999993,0.015116268764990911,0.00028732042080524176,6.122549279268929e-05,0.00033230275654828206
0.00040313139395158813,212.60969999999992,197695408.33333322,184878,388909,1.0,0.9920009182619342,1.0754407590565774e-06,0.015121148671671447,184877.99999999988,388908.9999999993,0.01512114596006283,5.8237111240968536e-05,0.0,9.261895080685419e-05
0.00041611541611627967,212.60969999999992,197529691.66666657,184878,388583,1.0,0.9911693810659491,1.076342995354749e-06,0.015127490252499735,184877.99999999988,388582.9999999993,0.015127487536738737,0.0,0.0,0.0
0.00041837167133172395,212.60969999999992,197497158.33333322,184878,388519,1.0,0.9910061344998661,1.0765202993005091e-06,0.015128736162620835,184877.99999999988,388518.99999999936,0.015128733447980854,0.0,0.0,0.0
0.00043318423326311643,212.60969999999992,197296874.99999988,184878,388125,1.0,0.9900011478274177,1.0776131147540986e-06,0.015136413083816603,184877.99999999988,388124.9999999993,0.015136410364548727,0.00017999875121338434,0.000260761663914469,0.0003229380376881929
0.0004374465345928698,212.60969999999992,197236383.33333322,184878,388006,1.0,0.9896976112436072,1.077943614696511e-06,0.015138734046727314,184877.99999999988,388005.99999999936,0.015138731324458693,0.0002040257599616994,0.0,0.0
0.00044611137327201606,212.60969999999992,197097608.33333322,184878,387733,1.0,0.9890012626101595,1.0787025869965531e-06,0.015144062645491169,184877.99999999988,387732.9999999993,0.01514405992442963,0.00026135488632702766,0.0,0.0
0.000454688260522494,212.60969999999992,196943074.99999988,184878,387429,1.0,0.9882258414212653,1.0795490016594899e-06,0.015150002949772767,184877.99999999988,387428.99999999924,0.015150000222534533,0.0,0.00018536476870485306,0.0001735690919431813
0.0004570102687641299,212.60969999999992,196897833.33333322,184878,387340,1.0,0.9879988266653063,1.0797970521090889e-06,0.015151743375262058,184877.99999999988,387339.99999999936,0.015151740649264472,0.0,0.0,0.00013546594735529242
0.00046865272890832157,212.60969999999992,196698566.66666657,184878,386948,1.0,0.986998941448048,1.0808909470107986e-06,0.015159416214903583,184877.99999999988,386947.99999999936,0.015159413483490012,0.0,0.0,0.00013325119902309328
0.00047205725442841764,212.60969999999992,196649766.66666657,184878,386852,1.0,0.9867540715989236,1.0811591775767851e-06,0.015161297055227396,184877.99999999988,386851.9999999994,0.015161294324944952,0.0,0.0002825973547130921,0.0002917756804944217
0.0004811537260667317,212.60969999999992,196499299.99999988,184878,386556,1.0,0.9859990562307898,1.0819870605137018e-06,0.015167100722936467,184877.99999999988,386555.99999999924,0.015167097987677054,0.0,0.00025426319931795354,0.0001258254417673198
0.0004891993378276155,212.60969999999992,196356966.66666657,184878,386276,1.0,0.9852848525041769,1.0827713607988445e-06,0.015172596817553482,184877.99999999988,386275.9999999994,0.015172594078873862,0.0002988012483099415,0.0,0.00022586535196487465
0.0004924979688870606,212.60969999999992,196300033.33333322,184878,386164,1.0,0.9849991710135315,1.0830853993741894e-06,0.01517479692896503,184877.99999999988,386163.9999999993,0.015174794189047542,0.00028928344732916556,0.00022723804496298117,0.00011215283639043021
0.0005044331389648847,212.60969999999992,196100766.66666657,184878,385772,1.0,0.9839992857962734,1.0841859703761147e-06,0.01518250486269886,184877.99999999988,385771.9999999994,0.015182502120357246,0.00025519226864555627,0.00018248069918073338,8.940420405092876e-05
0.0005065813074129702,212.60969999999992,196063149.99999988,184878,385698,1.0,0.9838105319542398,1.0843939822450065e-06,0.015183961250178298,184877.99999999988,385697.9999999993,0.015183958505427723,0.0,0.0,0.000108924841610421
0.0005148051226522393,212.60969999999992,195901499.99999988,184878,385380,1.0,0.982999400579015,1.085288780330932e-06,0.015190224553953285,184877.99999999988,385379.9999999993,0.015190221808655164,0.0,9.813509728095217e-05,4.555462761496376e-05
0.0005220246601278682,212.60969999999992,195769841.66666657,184878,385121,1.0,0.9823387621318981,1.0860186543032824e-06,0.015195331529315986,184877.99999999988,385120.99999999936,0.015195328776930195,0.00016782682008853047,0.0,0.0
0.0005264784240486645,212.60969999999992,195702233.33333322,184878,384988,1.0,0.9819995153617569,1.0863938360778374e-06,0.015197956032649855,184877.99999999988,384987.9999999993,0.0151979532809081,0.00024487272944052375,0.0,0.0
0.0005381024358585524,212.60969999999992,195502966.66666657,184878,384596,1.0,0.9809996301444988,1.0875011444839117e-06,0.015205699328816845,184877.99999999988,384595.9999999993,0.015205696573346398,0.0,0.0001819328232836965,0.0
0.000539272210563998,212.60969999999992,195477041.66666657,184878,384545,1.0,0.9808695430371513,1.0876453735295855e-06,0.015206707617775553,184877.99999999988,384544.99999999936,0.015206704859710946,0.0001824380434232485,0.0002505451889513951,0.00012393305294514592
0.0005490900698497355,212.60969999999992,195303699.9999999,184878,384204,1.0,0.9799997449272405,1.08861071244426e-06,0.015213454472589726,184877.99999999988,384203.9999999995,0.015213451710889966,0.0003499514761749583,0.0,0.00025108568669232297
0.0005556108475372843,212.60969999999992,195183733.33333322,184878,383968,1.0,0.9793977732148095,1.089279810202763e-06,0.015218129111795126,184877.99999999988,383967.9999999993,0.015218126351186679,0.0002568057256585668,0.0,0.0
0.0005598991790280643,212.60969999999992,195104433.33333322,184878,383812,1.0,0.9789998597099823,1.0897225468821573e-06,0.015221221494211668,184877.99999999988,383811.99999999936,0.015221218731451014,0.00035132962320493085,0.0,0.0
0.0005710568132763238,212.60969999999992,194905166.66666657,184878,383420,1.0,0.977999974492724,1.09083665474919e-06,0.015229000424034035,184877.99999999988,383419.99999999936,0.01522899765417376,0.0,0.0,0.0001974907085707145
0.0005716555595312641,212.60969999999992,194890424.9999999,184878,383391,1.0,0.9779260033924677,1.0909191665008684e-06,0.015229576379991653,184877.99999999988,383390.9999999994,0.015229573609900739,0.0,0.000159148865955655,7.74353037311945e-05
0.0005820500936248986,212.60969999999992,194705899.9999999,184878,383028,1.0,0.9770000892754659,1.0919530430254041e-06,0.015236791292516878,184877.99999999988,383027.9999999994,0.015236788518654149,0.00024965563061420625,0.0001215037286697454,0.00015802222660897842
0.0005889705011580739,212.60969999999992,194597116.66666657,184878,382814,1.0,0.9764542335701258,1.092563464669355e-06,0.015241049519449509,184877.99999999988,382813.99999999936,0.015241046743761689,0.0,0.0002745549425945248,0.00020028195663271064
0.0005946751088025424,212.60969999999992,194506633.33333322,184878,382636,1.0,0.9760002040582075,1.0930717187194474e-06,0.015244594130229444,184877.99999999988,382635.9999999993,0.015244591351328518,0.0,0.0,9.796474325952601e-05
0.0006080306169739343,212.60969999999992,194307366.66666657,184878,382244,1.0,0.9750003188409494,1.0941926888687187e-06,0.015252408967850668,184877.99999999988,382243.9999999994,0.015252406186004675,0.0,0.0,0.0
0.000608336631319878,212.60969999999992,194303808.33333322,184878,382237,1.0,0.974982463747784,1.0942127270879965e-06,0.015252548627765811,184877.99999999988,382236.99999999936,0.015252545845314823,0.0001812043803578593,0.0,0.0
0.0006206679319279986,212.60969999999992,194108099.9999999,184878,381852,1.0,0.9740004336236912,1.0953159605395138e-06,0.015260235836169695,184877.99999999988,381851.9999999994,0.015260233050805505,0.0002535269314423,0.0,0.0
0.0006273624825673229,212.60969999999992,194010499.9999999,184878,381660,1.0,0.9735106939254423,1.0958669762719029e-06,0.015264073803053897,184877.99999999988,381659.9999999994,0.015264071014142353,0.0,0.0,0.00011381034903696804
0.0006331833898120244,212.60969999999992,193908833.33333322,184878,381460,1.0,0.9730005484064329,1.0964415408271759e-06,0.015268074766086376,184877.99999999988,381459.9999999993,0.015268071975629344,0.00032358207236246183,0.0,0.0
0.000646295727380501,212.60854999999992,193718208.33333322,184877,381085,0.9999945910275966,0.9720440255582904,1.097514538407055e-06,0.01527550243411467,184876.9999999999,381084.99999999936,0.015275499639098866,0.0001366530878092121,0.0,0.0002035849638228096
0.0006468065160960123,212.60854999999992,193709566.66666657,184877,381068,0.9999945910275966,0.9720006631891747,1.0975635001334473e-06,0.015275843161550754,184876.9999999999,381067.9999999993,0.01527584036835308,0.0,5.2712646360100154e-05,0.00014785402174359596
0.000659667808662437,212.60854999999992,193510299.9999999,184877,380676,0.9999945910275966,0.9710007779719165,1.098693712944479e-06,0.015283706265276163,184876.9999999999,380675.9999999995,0.015283703466962022,0.0,5.2909337618604936e-06,0.0
0.0006659464871365919,212.60854999999992,193424391.66666657,184877,380507,0.9999945910275966,0.9705697050083536,1.0991816914507553e-06,0.0152870999736998,184876.9999999999,380506.9999999994,0.01528709717377354,0.0,0.0,0.0002494236344469494
0.0006743540024330639,212.60854999999992,193311033.33333322,184877,380284,0.9999945910275966,0.9700008927546582,1.099826255821577e-06,0.015291581523902437,184876.9999999999,380283.99999999936,0.015291578722286562,0.0003348050318238146,0.0,0.0002489344390647802
0.0006864189083782557,212.60854999999992,193131083.33333322,184877,379930,0.9999945910275966,0.9690979351860117,1.1008510195795344e-06,0.015298703835254356,184876.9999999999,379929.99999999936,0.015298701027899373,0.00023423175470855645,0.0,0.0
0.000687737230249404,212.60854999999992,193111766.66666657,184877,379892,0.9999945910275966,0.9690010075374,1.100961135977732e-06,0.01529946896877726,184876.9999999999,379891.99999999936,0.015299466161996358,0.0,0.00025206714131694927,0.0001923073481480836
0.0007022944728847282,212.60854999999992,192912499.9999999,184877,379500,0.9999945910275966,0.9680011223201419,1.1020983606557377e-06,0.01530736863136161,184876.9999999999,379499.9999999994,0.015307365821101926,0.0,0.0,0.00010316027609077776
0.0007085777428533429,212.60854999999992,192837774.9999999,184877,379353,0.9999945910275966,0.96762616536367,1.1025254258404507e-06,0.015310334161149804,184876.9999999999,379352.9999999994,0.015310331347348482,0.00032097894219789216,0.0002141296776900112,0.00010545056362893868
0.0007206426150478518,212.60854999999992,192713233.33333322,184877,379108,0.9999945910275966,0.9670012371028835,1.1032379371283447e-06,0.015315280543230296,184876.9999999999,379107.9999999993,0.015315277727089254,0.00016487321460279192,0.00013690313664821134,0.0
0.0007335114338998134,212.60854999999992,192544466.66666657,184877,378776,0.9999945910275966,0.9661543955413281,1.1042049334404833e-06,0.015321991052132474,184876.9999999999,378775.99999999936,0.015321988235091179,0.00012835104125162998,0.0001065019340372397,0.00015449381657066592
0.000735746514326065,212.60854999999992,192513966.66666657,184877,378716,0.9999945910275966,0.9660013518856253,1.1043798726984138e-06,0.015323204736072486,184876.9999999999,378715.9999999994,0.015323201914777505,0.00017457653277232522,0.0,0.000198464099567455
0.0007516164502724476,212.60854999999992,192314191.66666657,184877,378323,0.9999945910275966,0.9649989159407721,1.1055270968692164e-06,0.015331161503652407,184876.9999999999,378322.99999999936,0.015331158681507443,0.0,0.00017961323121424276,8.786526440829607e-05
0.0007561916850007467,212.6073999999999,192251666.66666657,184876,378200,0.999989182055193,0.9646851764465814,1.1058806598989172e-06,0.015333571397798782,184875.99999999985,378199.99999999936,0.015333568572872183,0.0,0.0002439243757554148,0.00018940411930358167
0.0007668928831178242,212.6073999999999,192114924.9999999,184876,377931,0.999989182055193,0.9639990307235139,1.1066677927287535e-06,0.015339027416228158,184875.99999999985,377930.9999999994,0.015339024586773577,0.00020150321683085079,0.0,0.0
0.0007791130297156112,212.6073999999999,191958358.33333322,184876,377623,0.999989182055193,0.9632134066242395,1.1075704222829927e-06,0.015345281613528277,184875.99999999985,377622.9999999993,0.01534527878304774,0.00011106373189191515,2.2623029259787725e-05,0.0
0.0007827553846137836,212.6073999999999,191916166.66666657,184876,377540,0.999989182055193,0.9630016962338507,1.1078139152772434e-06,0.015346968306832295,184875.99999999985,377539.9999999993,0.01534696547195405,0.0,0.00019263308441731837,0.00017388941891646785
0.0007979539203933703,212.6073999999999,191716391.66666657,184876,377147,0.999989182055193,0.9619992602889974,1.1089682950514534e-06,0.01535496225633011,184875.99999999985,377146.99999999936,0.01535495941620177,0.00027129305486060074,0.0,0.0
0.0008019861508127299,212.6062499999999,191666066.66666657,184875,377048,0.9999837730827896,0.9617467382570878,1.109253472445653e-06,0.015356894903467578,184874.99999999985,377047.99999999936,0.015356892062921242,0.0,0.00016923990324323477,0.0002221974848795717
0.000813777511739595,212.6062499999999,191517124.9999999,184875,376755,0.9999837730827896,0.9609993750717393,1.1101161319124857e-06,0.015362865223337045,184874.99999999985,376754.9999999994,0.015362862381218327,0.0,9.858869043030128e-05,0.0002112049098510689
0.000826660305463796,212.6062499999999,191372758.33333325,184875,376471,0.9999837730827896,0.9602749684347461,1.1109535748535439e-06,0.01536865880529938,184874.99999999985,376470.99999999953,0.015368655958006102,0.0002869682804045154,0.0,0.0
0.0008319124538936302,212.6062499999999,191317858.33333325,184875,376363,0.9999837730827896,0.959999489854481,1.1112723707662243e-06,0.015370863719297509,184874.99999999985,376362.99999999953,0.015370860871955076,0.0002787130591069647,0.0,0.0
0.0008487649818857833,212.6062499999999,191118591.66666657,184875,375971,0.9999837730827896,0.9589996046372228,1.1124310206869374e-06,0.015378874721250645,184874.99999999985,375970.9999999994,0.01537887186888873,0.00012512171473062227,0.0002102260145240404,0.0
0.0008518149343252638,212.6062499999999,191079449.9999999,184875,375894,0.9999837730827896,0.9588031986124043,1.1126588966003409e-06,0.015380449783258488,184874.99999999985,375893.9999999994,0.015380446930311306,0.0,0.000138018914639659,0.0
0.0008662295696209793,212.6062499999999,190919324.9999999,184875,375579,0.9999837730827896,0.9579997194199645,1.1135920892240741e-06,0.015386898261819883,184874.99999999985,375578.9999999994,0.015386895406052684,0.0,0.0,0.0001132398718991732
0.0008766834935368413,212.6050999999999,190786649.9999999,184874,375318,0.9999783641103862,0.9573339795176574,1.1143604649486744e-06,0.015392164178128406,184873.99999999988,375317.9999999994,0.01539216131977236,0.0,7.098221374841257e-05,0.00020802014803718652
0.0008821645329761151,212.6050999999999,190720058.33333325,184874,375187,0.9999783641103862,0.9569998342027064,1.1147495541786004e-06,0.015394851101621499,184873.99999999988,375186.9999999994,0.015394848239974463,0.0002928556685524988,0.0,0.0
0.0008985493126164807,212.6050999999999,190520791.66666657,184874,374795,0.9999783641103862,0.955999948985448,1.1159154764167254e-06,0.015402899774234896,184873.99999999988,374794.99999999936,0.015402896908703142,0.0001070464735810986,0.00023876283134922614,0.00011790025782875758
0.0009013771304529468,212.6050999999999,190493341.66666657,184874,374741,0.9999783641103862,0.9558622096953155,1.1160762793065254e-06,0.015404009509526787,184873.99999999988,374740.99999999936,0.015404006643989495,0.0003069556125805081,0.00023135020083599512,0.0001848735281923054
0.000916522273177946,212.6050999999999,190321524.9999999,184874,374403,0.9999783641103862,0.9550000637681899,1.1170838400963844e-06,0.015410961083984208,184873.99999999988,374402.9999999994,0.01541095821743,0.00021106506673223654,0.0,0.0
0.0009267610941392851,212.6050999999999,190200033.33333325,184874,374164,0.9999783641103862,0.9543904398729739,1.1177973855945695e-06,0.015415882230481391,184873.99999999988,374163.9999999995,0.015415879358117661,0.00025211728936092677,6.86371672677521e-05,0.0
0.0009347100175186431,212.6050999999999,190122258.33333325,184874,374011,0.9999783641103862,0.9540001785509318,1.1182546528941837e-06,0.015419035063973139,184873.99999999988,374010.9999999994,0.01541903218872549,0.00012338108408031494,0.0,8.90291729454553e-05
0.0009528278087778627,212.6050999999999,189922991.66666657,184874,373619,0.9999783641103862,0.9530002933336734,1.1194279225189473e-06,0.015427121747426931,184873.99999999988,373618.99999999936,0.015427118869031847,8.607331308120025e-05,0.00011128854954723507,0.0002119294234637575
0.0009542758669633821,212.6050999999999,189906724.9999999,184874,373587,0.9999783641103862,0.952918670050632,1.1195238083327486e-06,0.015427782446708432,184873.99999999988,373586.9999999994,0.015427779568408018,0.000227784657675886,0.00016626899779276393,8.097918525823238e-05
0.0009726788817588752,212.6050999999999,189723724.9999999,184874,373227,0.9999783641103862,0.9520004081164153,1.1206036567118846e-06,0.015435221167692928,184873.99999999988,373226.9999999994,0.015435218286249119,0.00014286485448421085,0.0,0.0
0.000985477967051501,212.6050999999999,189613416.66666657,184874,373010,0.9999783641103862,0.9514469002282901,1.1212555721927203e-06,0.015439710264496236,184873.99999999988,373009.9999999994,0.015439707378796814,0.0,0.00019419022881226293,0.0
0.0009944701180984,212.6050999999999,189524458.33333325,184874,372835,0.9999783641103862,0.951000522899157,1.121781863246762e-06,0.015443333358241157,184873.99999999988,372834.9999999995,0.01544333047186813,0.00023141971590262585,0.0,0.0
0.001012602380242354,212.6050999999999,189325191.66666657,184874,372443,0.9999783641103862,0.9500006376818987,1.122962549930074e-06,0.015451458352664912,184873.99999999988,372442.99999999936,0.015451455460960809,0.0,0.0,0.0002499304345884055
0.0010130860139425752,212.6050999999999,189320108.33333325,184874,372433,0.9999783641103862,0.9499751304059484,1.1229927019990349e-06,0.015451665790709264,184873.99999999988,372432.9999999994,0.015451662900109412,0.0,0.0,0.0
0.0010313093901068555,212.6050999999999,189125924.9999999,184874,372051,0.9999783641103862,0.9490007524646406,1.124145724601215e-06,0.015459596184681334,184873.99999999988,372050.9999999994,0.015459593290332052,0.0003057833907656823,0.00019678122814484277,9.656120077154804e-05
0.0010401319158051276,212.6050999999999,189026799.9999999,184874,371856,0.9999783641103862,0.9485033605836065,1.1247352227303218e-06,0.015463649132792112,184873.99999999988,371855.9999999995,0.01546364623349002,0.00016177336125071398,0.00013838541304220993,0.00015942660408236326
0.0010482878220196038,212.6050999999999,188926658.33333325,184874,371659,0.9999783641103862,0.9480008672473824,1.1253313951326527e-06,0.015467746888131996,184873.99999999988,371658.9999999994,0.015467743989327458,0.0003148195951115655,0.0,0.0
0.0010633440458302818,212.6050999999999,188733491.66666657,184874,371279,0.9999783641103862,0.9470315907612646,1.1264831595204862e-06,0.015475660398773579,184873.99999999988,371278.99999999936,0.015475657494312327,0.0,0.00027258212188650864,0.0002847421492524694
0.0010637355022907436,212.6050999999999,188727391.66666657,184874,371267,0.9999783641103862,0.9470009820301241,1.1265195694301046e-06,0.015475910496983504,184873.99999999988,371266.99999999936,0.015475907592708279,0.0,0.00012666474624741596,0.00025789872360363394
0.001080543592215433,212.6050999999999,188528124.9999999,184874,370875,0.9999783641103862,0.9460010968128659,1.1277102554327106e-06,0.015484087045328082,184873.99999999988,370874.9999999994,0.01548408413513026,0.0,0.0,9.506117668840756e-05
0.0010878173462137478,212.6050999999999,188440183.33333325,184874,370702,0.9999783641103862,0.9455598209389229,1.128236537659917e-06,0.015487699697270745,184873.99999999988,370701.9999999995,0.015487696784595646,0.00019662155945727845,0.0,0.0
0.0011002806667703815,212.6050999999999,188328858.33333325,184874,370483,0.9999783641103862,0.9450012115956077,1.1289034611132132e-06,0.015492276567384172,184873.99999999988,370482.9999999995,0.015492273654812764,0.00022644510669794237,0.0,0.0
0.0011159166286649176,212.6050999999999,188146874.9999999,184874,370125,0.9999783641103862,0.944088051116581,1.129995382596708e-06,0.015499767137493107,184873.99999999988,370124.9999999994,0.01549976421872643,0.0001193559145230249,0.0,0.00012242843566212603
0.0011169905985117532,212.6050999999999,188129083.33333325,184874,370090,0.9999783641103862,0.9439987756507544,1.1301022480575172e-06,0.015500500038982394,184873.99999999988,370089.9999999995,0.015500497120418446,0.00029082172464142355,0.0,0.0
0.0011371509789985332,212.6050999999999,187929816.66666657,184874,369698,0.9999783641103862,0.9429988904334962,1.131300523626329e-06,0.015508715644940683,184873.99999999988,369697.9999999994,0.01550871271973065,0.0,0.00024648828858130886,0.000278246601428271
0.0011452681977264841,212.6050999999999,187854074.9999999,184874,369549,0.9999783641103862,0.9426188320218343,1.1317566573948422e-06,0.015511841841673608,184873.99999999988,369548.9999999994,0.015511838914738549,0.00018351648004644194,0.0,0.0
0.0011577743738881402,212.6050999999999,187730549.9999999,184874,369306,0.9999783641103862,0.9419990052162379,1.1325013430152951e-06,0.0155169443281176,184873.99999999988,369305.9999999994,0.015516941399262412,0.0,0.0,0.00011879843463511914
0.001174737476541556,212.6050999999999,187560766.66666657,184874,368972,0.9999783641103862,0.9411470621994924,1.1335265033216791e-06,0.015523965846115349,184873.99999999988,368971.99999999936,0.015523962913529765,0.0,3.037968232044363e-05,0.00014384569796141325
0.0011780514594475061,212.6050999999999,187531283.33333325,184874,368914,0.9999783641103862,0.9409991199989798,1.1337047143334396e-06,0.015525186123242848,184873.99999999988,368913.9999999995,0.015525183187643824,0.00036792513286302485,0.0,0.00018080489642635975
0.0011981769693379313,212.6050999999999,187332524.9999999,184874,368523,0.9999783641103862,0.9400017855093166,1.1349075661047115e-06,0.015533419989894326,184873.99999999988,368522.9999999994,0.01553341705341811,0.0,0.00019690648882470129,0.00022566740714353637
0.0012039938081688706,212.6050999999999,187267458.33333325,184874,368395,0.9999783641103862,0.9396752923771506,1.135301893303673e-06,0.015536118323314115,184873.99999999988,368394.9999999995,0.015536115383608218,3.794735721745458e-05,0.0,0.0
0.0012186915780624176,212.6050999999999,187132749.9999999,184874,368130,0.9999783641103862,0.9389993495644633,1.136119145366057e-06,0.015541709188904063,184873.99999999988,368129.9999999995,0.015541706245238677,0.00026200694089053173,0.00011239352915996803,0.0
0.00123531738969646,212.6050999999999,186974149.9999999,184874,367818,0.9999783641103862,0.9382035225548088,1.1370828534318782e-06,0.015548299384889967,184873.99999999988,367817.9999999994,0.015548296439183196,0.0,0.0,0.00030808098364620016
0.0012404911596616437,212.6050999999999,186933483.33333325,184874,367738,0.9999783641103862,0.9379994643472052,1.1373302214718265e-06,0.015549990529548231,184873.99999999988,367737.9999999994,0.015549987582166544,0.00023055583260543142,0.0,0.0
0.001260692212727242,212.6050999999999,186734216.6666666,184874,367346,0.9999783641103862,0.9369995791299469,1.1385438822897392e-06,0.01555828512235838,184873.99999999988,367345.9999999995,0.015558282170699525,0.0002205741262617041,0.0001863666491348246,9.119918810581501e-05
0.0012661003045420956,212.6050999999999,186680841.6666666,184874,367241,0.9999783641103862,0.936731752732467,1.1388694099613239e-06,0.015560509143076526,184873.99999999988,367240.99999999953,0.01556050618846966,0.0,0.00010664629638521301,0.00020959202505238398
0.0012802406156169647,212.6050999999999,186534949.9999999,184874,366954,0.9999783641103862,0.9359996939126886,1.1397601361031808e-06,0.015566593002716754,184873.99999999988,366953.9999999994,0.015566590046254698,0.00023332121672421153,0.0,0.00013819219807210343
0.001296499595340727,212.6050999999999,186387533.33333325,184874,366664,0.9999783641103862,0.9352599829101251,1.1406615893123038e-06,0.015572747710725334,184873.99999999988,366663.9999999995,0.015572744751960625,0.0,0.0,0.0
0.001302567182517288,212.6050999999999,186335683.33333325,184874,366562,0.9999783641103862,0.9349998086954304,1.1409789912309692e-06,0.015574914206138,184873.99999999988,366561.9999999995,0.015574911244139627,0.0,0.00017860156027735998,0.0
0.0013230587319991033,212.6050999999999,186136416.6666666,184874,366170,0.9999783641103862,0.9339999234781723,1.142200456027546e-06,0.015583248768269789,184873.99999999988,366169.99999999953,0.015583245801376223,0.00010687142493119463,0.0,0.0
0.0013282685215508974,212.6050999999999,186094224.9999999,184874,366087,0.9999783641103862,0.9337882130877833,1.1424594180716785e-06,0.015585015201310228,184873.99999999988,366086.9999999994,0.015585012235022,0.0,0.0,0.00012235184636605486
0.001346213800567504,212.6050999999999,185937149.9999999,184874,365778,0.9999783641103862,0.9330000382609139,1.1434245388831657e-06,0.015591596724893485,184873.99999999988,365777.9999999994,0.015591593753050068,0.00020970836216309234,0.0,0.0
0.0013604023400715522,212.6039499999999,185801424.9999999,184873,365511,0.9999729551379829,0.9323189939930365,1.1442536030065433e-06,0.015597206025468885,184872.99999999985,365510.9999999994,0.015597203049834014,0.0001583008417863623,0.0,0.00019802835304624168
0.0013664561156132085,212.6039499999999,185737883.33333325,184873,365386,0.9999729551379829,0.9320001530436558,1.1446450567031157e-06,0.015599873730356161,184872.99999999985,365385.9999999995,0.015599870753983586,0.0,0.0,0.0
0.0013877235700560195,212.6039499999999,185538616.6666666,184873,364994,0.9999729551379829,0.9310002678263976,1.1458743943421661e-06,0.015608248538545318,184872.99999999985,364993.99999999953,0.015608245557220755,0.0,0.0001963893076326233,0.00022465426477565365
0.0013906216857990312,212.6039499999999,185508116.6666666,184873,364934,0.9999729551379829,0.9308472241706948,1.146062791322608e-06,0.015609531587565723,184872.99999999985,364933.9999999995,0.015609528605752123,0.0002283994037044258,0.00025822937006468745,0.0
0.0014090634516707504,212.60279999999992,185339349.9999999,184872,364602,0.9999675461655795,0.9300003826091393,1.1471001705789949e-06,0.015616552377063634,184871.99999999988,364601.9999999994,0.015616549393041124,0.00014300993418668942,0.00022082677767695918,0.0
0.0014243713579891427,212.60279999999992,185215316.6666666,184872,364358,0.9999675461655795,0.929378005075948,1.147868350340716e-06,0.015621780478351917,184871.99999999988,364357.9999999995,0.015621777489855384,0.0,0.00023204383241789286,0.0002734564194154766
0.001432919427957822,212.60279999999992,185140083.33333325,184872,364210,0.9999675461655795,0.9290004973918811,1.1483347969397948e-06,0.015624954181271435,184871.99999999988,364209.9999999994,0.01562495119461909,0.0,0.0,0.0
0.001455755968657649,212.60279999999992,184940816.6666666,184872,363818,0.9999675461655795,0.9280006121746229,1.149572083826096e-06,0.015633369560758892,184871.99999999988,363817.9999999995,0.015633366566465932,0.0002471799219497032,0.0002003102599450791,0.00022521825495068853
0.0014574449842436523,212.60279999999992,184922008.33333325,184872,363781,0.9999675461655795,0.9279062352536062,1.1496890062797194e-06,0.01563416457199699,184871.99999999988,363780.9999999995,0.015634161575525024,0.0002564550159243727,0.0,6.286192191094901e-05
0.001476667564946643,212.60279999999992,184741549.9999999,184872,363426,0.9999675461655795,0.9270007269573646,1.1508120398470188e-06,0.015641798552122697,184871.99999999988,363425.9999999994,0.015641795552092316,0.0,0.00016196678668492097,0.00021726821408962077
0.0014903453423454416,212.60279999999992,184628699.9999999,184872,363204,0.9999675461655795,0.9264344654312643,1.151515446948389e-06,0.015646578164713168,184871.99999999988,363203.9999999994,0.015646575162563462,0.0002112555635094299,0.0,0.00010897464093727866
0.0015016282307987881,212.60279999999992,184542283.33333325,184872,363034,0.9999675461655795,0.9260008417401064,1.1520546736488666e-06,0.015650241192097812,184871.99999999988,363033.9999999995,0.0156502381876155,0.0,0.0,0.0
0.0015235785213283358,212.60279999999992,184343016.6666666,184872,362642,0.9999675461655795,0.9250009565228483,1.1532999939153287e-06,0.01565869751755815,184871.99999999988,362641.99999999953,0.015658694509039207,0.0001675796410505497,0.0002472640478643903,0.00018808440538123583
0.0015244931665906855,212.60279999999992,184335391.6666666,184872,362627,0.9999675461655795,0.9249626956089225,1.1533476999601315e-06,0.015659021373798675,184871.99999999988,362626.99999999953,0.01565901836412844,5.3419263182494764e-05,0.000258206695283766,0.0001276412410339689
0.0015446819466356945,212.60279999999992,184143749.9999999,184872,362250,0.9999675461655795,0.92400107130559,1.1545480093676817e-06,0.015667167565517236,184871.99999999988,362249.9999999994,0.01566716455225364,0.00014872818915048766,0.00016724153154669186,0.00016450024882369978
0.0015551906767220455,212.60279999999992,184042591.6666666,184872,362051,0.9999675461655795,0.9234934765141758,1.1551826024329242e-06,0.015671472674529553,184871.99999999988,362050.99999999953,0.0156714696602967,0.00025678239491207255,0.0,0.00013591469901479068
0.0015649152784181222,212.60279999999992,183944483.33333325,184872,361858,0.9999675461655795,0.9230011860883317,1.1557987287649924e-06,0.015675651373128898,184871.99999999988,361857.9999999994,0.015675648354848554,0.0,0.0,0.0001309284062591345
0.0015870828234633351,212.60279999999992,183749283.33333325,184872,361474,0.9999675461655795,0.9220217066918339,1.1570265534822495e-06,0.015683975419028044,184871.99999999988,361473.9999999994,0.015683972394785143,0.0002419452681957756,0.0,0.00012594791642762577
0.0015875487908669516,212.60279999999992,183744708.33333325,184872,361465,0.9999675461655795,0.9219987501434785,1.157055361911783e-06,0.015684170672925563,184871.99999999988,361464.9999999995,0.01568416764910009,0.00022066874414178013,0.0,6.587304320831273e-05
0.0016110894485127044,212.60164999999992,183545441.6666666,184871,361073,0.9999621371931761,0.9209988649262203,1.158305257104133e-06,0.0156925972631688,184870.9999999999,361072.9999999995,0.015692594234939503,8.045499910200116e-05,0.0,0.0
0.0016207323134015354,212.60164999999992,183456483.33333325,184871,360898,0.9999621371931761,0.9205524875970871,1.158866921119986e-06,0.015696401484433582,184870.9999999999,360897.9999999994,0.015696398454785637,0.0001823657531887463,0.0,0.00011075772563698912
0.0016337646746480156,212.60164999999992,183346174.9999999,184871,360681,0.9999621371931761,0.9199989797089619,1.159564141439002e-06,0.015701122563395432,184870.9999999999,360680.9999999994,0.015701119527265647,0.0002879700690104143,0.0,0.0
0.001654654555657695,212.60164999999992,183163174.99999994,184871,360321,0.9999621371931761,0.9190807177747454,1.1607226725568609e-06,0.015708964172662633,184870.9999999999,360320.9999999996,0.01570896113367349,0.0,0.00010936756141209453,5.1089014012996816e-05
0.001656334908122655,212.60164999999992,183146908.33333325,184871,360289,0.9999621371931761,0.9189990944917038,1.1608257651450937e-06,0.01570966177332788,184870.9999999999,360288.9999999995,0.015709658731844618,0.0002763739338185807,0.0,0.0
0.0016803427213358364,212.60164999999992,182947641.6666666,184871,359897,0.9999621371931761,0.9179992092744457,1.162090137173582e-06,0.015718214930831993,184870.9999999999,359896.9999999995,0.01571821188748104,0.0,0.0001375537219783702,0.00015703640317899143
0.0016884035594727817,212.60164999999992,182869866.6666666,184871,359744,0.9999621371931761,0.9176089479524036,1.1625843769412713e-06,0.01572155707307441,184870.9999999999,359743.99999999953,0.015721554026962348,0.00019507973482420582,0.00020101624071130998,0.0
0.0017017814580474048,212.60164999999992,182748374.99999994,184871,359505,0.9999621371931761,0.9169993240571874,1.1633572665146817e-06,0.015726782073918078,184870.9999999999,359504.99999999953,0.015726779025629203,0.0002366292094841395,0.0001467110566225189,7.070412343684306e-05
0.0017201569607692585,212.60164999999992,182576558.33333325,184871,359167,0.9999621371931761,0.9161371781300617,1.1644520629633587e-06,0.015734180306959555,184870.9999999999,359166.9999999994,0.015734177251774277,0.0,0.0,0.0
0.0017234110264755932,212.60164999999992,182549108.33333325,184871,359113,0.9999621371931761,0.9159994388399292,1.1646271621978617e-06,0.01573536324074163,184870.9999999999,359112.9999999994,0.015735360188475062,0.00020179783241512994,0.00013224777460514375,0.0
0.001745782837494283,212.60164999999992,182349841.6666666,184871,358721,0.9999621371931761,0.9149995536226709,1.165899833292059e-06,0.01574395846960403,184870.9999999999,358720.99999999953,0.015743955410854212,0.00014532994847184707,0.000296293151785565,0.00020447182504986915
0.0017529938753071607,212.60164999999992,182283249.99999994,184871,358590,0.9999621371931761,0.9146654083077199,1.1663257594979242e-06,0.015746833996291502,184870.9999999999,358589.9999999996,0.015746830935510454,0.0,0.0,0.0
0.0017678136735585813,212.60164999999992,182150574.99999994,184871,358329,0.9999621371931761,0.9139996684054128,1.1671752889058955e-06,0.015752567798953288,184870.9999999999,358328.99999999953,0.01575256473470567,0.0,0.00026527240640753923,0.0001311789428394336
0.001785892111288565,212.60164999999992,181989941.6666666,184871,358013,0.9999621371931761,0.913193638485378,1.1682054956059155e-06,0.015759518263731457,184870.9999999999,358012.9999999995,0.01575951519416599,0.000167225448886126,0.00019775897528958786,9.691230664955278e-05
0.0017902129194298888,212.60164999999992,181951308.33333325,184871,357937,0.9999621371931761,0.9129997831881544,1.1684535381878953e-06,0.015761191267384723,184870.9999999999,357936.9999999995,0.015761188200035775,0.00021651000184337829,0.00021515029704124175,0.0
0.001813489271500147,212.60164999999992,181752041.6666666,184871,357545,0.9999621371931761,0.9119998979708963,1.169734590326702e-06,0.01576982891364173,184870.9999999999,357544.9999999995,0.015769825839516242,0.0,0.0001246720840153387,0.0003529460657288626
0.0018198192073920346,212.60164999999992,181696633.33333325,184871,357436,0.9999621371931761,0.9117218686630362,1.17009130053593e-06,0.01577223323263337,184870.9999999999,357435.9999999995,0.015772230157601576,0.00032805609276596864,0.0,0.0
0.001837463742178012,212.60164999999992,181552774.99999994,184871,357153,0.9999621371931761,0.9110000127536382,1.1710184545513006e-06,0.015778480776616498,184870.9999999999,357152.9999999996,0.01577847769831819,0.0,0.0,0.00011958247830983101
0.0018562096416633465,212.60164999999992,181403324.99999994,184871,356859,0.9999621371931761,0.9102500988406944,1.171983203725731e-06,0.01578497902704899,184870.9999999999,356858.99999999953,0.01578497594427747,0.0,0.0,0.00017704525423097397
0.0018623608067837485,212.6004999999999,181353508.33333325,184870,356761,0.9999567282207725,0.9100001275363798,1.172298798924991e-06,0.015787061499875535,184869.99999999985,356760.9999999995,0.015787058414668546,0.00020127019429611303,0.000140106595373108,0.0
0.0018874398236372828,212.6004999999999,181154241.6666666,184870,356369,0.9999567282207725,0.9090002423191217,1.173588308195378e-06,0.015795741866607323,184869.99999999985,356368.9999999995,0.01579573877525636,0.0,0.00022181970160142228,0.0
0.001892842312392463,212.6004999999999,181110524.99999994,184870,356283,0.9999567282207725,0.9087808797459477,1.1738715902899622e-06,0.015797648148741666,184869.99999999985,356282.99999999953,0.015797645056863298,0.0,0.0002803095933969961,0.0
0.0019113172375851983,212.5993499999999,180954974.99999994,184869,355977,0.9999513192483691,0.9080003571018634,1.1748743022953637e-06,0.01580435107809548,184868.99999999985,355976.99999999953,0.015804347984214782,0.00019281723326260465,0.0,0.0002812966284542144
0.001928571284202974,212.5993499999999,180817724.99999994,184869,355707,0.9999513192483691,0.907311660651201,1.1757660926217271e-06,0.015810348100007754,184868.99999999985,355706.99999999953,0.01581034500246478,0.000339497659209517,0.0001253062879171247,0.0002090094071631317
0.0019366853400278434,212.5993499999999,180755708.33333325,184869,355585,0.9999513192483691,0.9070004718846051,1.1761694939555851e-06,0.015813060105646416,184868.99999999985,355584.9999999994,0.015813057008252064,0.00019402714901889745,0.0001119909194704952,0.0
0.0019599887335800697,212.5993499999999,180556441.6666666,184869,355193,0.9999513192483691,0.906000586667347,1.1774675444285127e-06,0.01582178354647787,184868.99999999985,355192.9999999995,0.01582178044340449,0.00016481243134987834,0.00014685665949072703,7.071405593242055e-05
0.001963960786776041,212.5993499999999,180524416.6666666,184869,355130,0.9999513192483691,0.9058398908288591,1.1776764269653272e-06,0.015823186875062525,184868.99999999985,355129.99999999953,0.015823183770599415,0.00010433051307045138,8.976871356770724e-05,0.0002859934018730916
0.001985688403131832,212.5993499999999,180357174.99999994,184869,354801,0.9999513192483691,0.9050007014500888,1.1787684631897787e-06,0.015830521440389947,184868.99999999985,354800.99999999953,0.015830518330481724,7.07244122785362e-05,0.00015393401694359284,0.0
0.0020011694142423896,212.5993499999999,180231616.6666666,184869,354554,0.9999513192483691,0.9043706717341122,1.1795896520930428e-06,0.015836034645759868,184868.99999999985,354553.99999999953,0.015836031532980722,0.0,0.0002662778355087491,0.00019324341305606196
0.0020101886419288304,212.5993499999999,180157908.33333325,184869,354409,0.9999513192483691,0.9040008162328305,1.1800722597569383e-06,0.015839273827336787,184868.99999999985,354408.9999999995,0.015839270711958287,0.0002246146854615122,0.0,6.585716383463031e-05
0.0020336830497685358,212.5993499999999,179958641.6666666,184869,354017,0.9999513192483691,0.9030009310155723,1.1813789436897004e-06,0.015848040747427322,184868.99999999985,354016.9999999995,0.015848037626588398,5.181873850602401e-05,8.505322765067838e-05,0.0002034048759481175
0.0020365302930308643,212.5993499999999,179938308.33333325,184869,353977,0.9999513192483691,0.9028989019117704,1.1815124415094674e-06,0.0158489361498438,184868.99999999985,353976.9999999995,0.01584893303007298,0.00013195816724240447,0.0,0.0
0.002061088323051101,212.5993499999999,179759374.99999994,184869,353625,0.9999513192483691,0.9020010457983141,1.1826885245901639e-06,0.01585682224092607,184868.99999999985,353624.9999999996,0.015856819118377868,0.00014459878834196553,0.0,0.0
0.0020752262824080842,212.5993499999999,179644999.99999994,184869,353400,0.9999513192483691,0.9014271320894287,1.18344150964402e-06,0.015861869237682465,184868.99999999985,353399.9999999996,0.01586186610743626,0.0,0.0002463830363919981,0.00012157677187814311
0.0020853921847347147,212.5993499999999,179560108.33333325,184869,353233,0.9999513192483691,0.9010011605810558,1.1840010121030501e-06,0.01586561834825389,184868.99999999985,353232.9999999995,0.01586561521865516,0.00032268618101964446,0.0,0.0
0.0021109472172790677,212.5981999999999,179360333.33333325,184868,352840,0.9999459102759657,0.8999987246362026,1.1853133636013908e-06,0.015874365736545226,184867.99999999985,352839.9999999994,0.01587436259953155,7.914254974819615e-05,0.0001001765688963858,0.0
0.0021118795255584593,212.5981999999999,179352199.99999994,184868,352824,0.9999459102759657,0.8999579129946819,1.1853671156528885e-06,0.015874725670920926,184867.99999999985,352823.9999999996,0.015874722535269826,8.318920533709347e-05,6.0684078183666854e-05,0.0
0.0021371484814814426,212.5970499999999,179161066.6666666,184867,352448,0.9999405013035623,0.8989988394189443,1.186625274985339e-06,0.015883105266833744,184866.99999999988,352447.99999999953,0.015883102126256952,0.0,0.00023501020982257217,0.00011580189705970374
0.0021487286957014994,212.5970499999999,179059399.99999994,184867,352248,0.9999405013035623,0.8984886938999351,1.187299019208151e-06,0.01588761369594396,184866.99999999988,352247.9999999996,0.0158876105527479,0.00020890020730920497,0.00010610586967549965,0.000249109676437839
0.0021608782783568647,212.5970499999999,178961799.99999994,184867,352056,0.9999405013035623,0.8979989542016862,1.1879465338413e-06,0.01589194540175574,184866.99999999988,352055.9999999996,0.015891942255717974,0.0002473521758470551,0.0,0.0
0.00218540200093011,212.5970499999999,178766091.6666666,184867,351671,0.9999405013035623,0.8970169240775933,1.1892470659168165e-06,0.01590064206046632,184866.99999999988,351670.9999999995,0.015900638909177648,0.0,0.00026918516661135776,0.0
0.0021856388572641175,212.5970499999999,178762533.33333328,184867,351664,0.9999405013035623,0.896999068984428,1.1892707383128007e-06,0.015900800313714505,184866.99999999988,351663.99999999953,0.015900797164476687,0.0002789434436625502,0.00018596782028491626,0.0
0.0022137542188342433,212.5970499999999,178563266.6666666,184867,351272,0.9999405013035623,0.8959991837671697,1.1905978982612697e-06,0.01590967004392442,184866.99999999988,351271.9999999995,0.01590966688680838,0.0,0.00023093790360176323,0.00011372354190842107
0.0022246484576628153,212.5970499999999,178472783.33333328,184867,351094,0.9999405013035623,0.8955451542552515,1.1912015155999041e-06,0.015913702528703635,184866.99999999988,351093.99999999965,0.015913699370370068,0.00018368913943933783,0.0,9.651464405196995e-05
0.0022388151005875946,212.5970499999999,178363999.99999994,184867,350880,0.9999405013035623,0.8949992985499116,1.1919280235922047e-06,0.015918554633760976,184866.99999999988,350879.9999999996,0.015918551472939666,0.0,0.0,0.00018876957540137066
0.002262940718089748,212.5970499999999,178179474.99999994,184867,350517,0.9999405013035623,0.8940733844329096,1.1931623998779881e-06,0.015926795232719622,184866.99999999988,350516.99999999953,0.01592679206791806,7.665967056612406e-05,0.0,0.0001298813219150554
0.00226495749180012,212.5970499999999,178164733.33333328,184867,350488,0.9999405013035623,0.8939994133326533,1.1932611242554174e-06,0.015927454124761594,184866.99999999988,350487.9999999996,0.015927450958667988,0.00030427151439448903,0.0,0.0
0.0022914877282527225,212.59589999999992,177965466.6666666,184866,350096,0.999935092331159,0.892999528115395,1.1945907483174638e-06,0.015936282354119626,184865.99999999988,350095.99999999953,0.01593627917995139,4.124347017658465e-05,0.0002679739933601646,0.000277171877920007
0.002302682056301509,212.59589999999992,177886674.99999994,184866,349941,0.999935092331159,0.8926041653381629,1.1951198705580392e-06,0.015939811306573543,184865.99999999988,349940.99999999953,0.0159398081308477,0.00012116203070761895,0.0001238978857877755,0.00015226287896694582
0.0023180118256249872,212.59589999999992,177766199.99999994,184866,349704,0.999935092331159,0.8919996428981368,1.1959298224296857e-06,0.015945211724410532,184865.99999999988,349703.99999999953,0.015945208546970728,0.0,0.0,0.00012277856598605653
0.0023423973964685875,212.59589999999992,177593874.99999994,184866,349365,0.999935092331159,0.891134946243416,1.1970902712720243e-06,0.0159529459223781,184865.99999999988,349364.99999999953,0.015952942738341514,0.0,0.00014141762763482,0.0
0.002345373823618225,212.59589999999992,177566933.33333328,184866,349312,0.999935092331159,0.8909997576808787,1.1972719019757432e-06,0.01595415612137617,184865.99999999988,349311.99999999965,0.01595415293817284,0.00022284969597234001,0.0,0.00017469280570893975
0.0023728726304378498,212.59589999999992,177367666.6666666,184866,348920,0.999935092331159,0.8899998724636203,1.1986169970851507e-06,0.015963115587209625,184865.99999999988,348919.99999999953,0.015963112397740852,0.0,0.0001433937455450136,0.0
0.0023820920809999057,212.59589999999992,177300058.33333328,184866,348787,0.999935092331159,0.8896606256934793,1.1990740555781918e-06,0.015966158837124714,184865.99999999988,348786.9999999996,0.015966155644822552,0.0,0.0,0.00013706899132217415
0.0024001558569388274,212.59589999999992,177168399.99999994,184866,348528,0.999935092331159,0.8889999872463622,1.1999651179329947e-06,0.01597209016427002,184865.99999999988,348527.99999999953,0.015972086967936724,6.936203888031503e-05,0.0,0.0
0.002422731707877146,212.59474999999992,177007258.33333328,184865,348211,0.9999296833587555,0.8881914065987325,1.201051030346166e-06,0.015979272309266324,184864.9999999999,348210.9999999996,0.015979269109286945,0.00010167533705059043,0.0,0.00011573950291059478
0.0024286038283262905,212.59474999999992,176969133.33333328,184865,348136,0.9999296833587555,0.888000102029104,1.201309776431822e-06,0.015980993448252177,184864.9999999999,348135.99999999953,0.015980990248591124,0.00019079623835082418,0.00018494017711569684,0.0
0.0024554224157984877,212.59474999999992,176769866.6666666,184865,347744,0.9999296833587555,0.8870002168118457,1.2026639721400481e-06,0.015989998326801674,184864.9999999999,347743.9999999995,0.01598999512253017,0.0,0.00025831918219703086,0.0002741354729429875
0.002463657378727175,212.59474999999992,176714458.33333328,184865,347635,0.9999296833587555,0.8867221875039857,1.2030410641272278e-06,0.01599250494037322,184864.9999999999,347634.9999999996,0.015992501734039096,0.0,0.00011312772974909438,5.2829899597177904e-05
0.002481958657212325,212.59474999999992,176570599.99999994,184865,347352,0.9999296833587555,0.8860003315945875,1.2040212243714413e-06,0.01599901844457779,184864.9999999999,347351.9999999996,0.015999015234964737,0.0,0.0,0.0
0.0025043584401999233,212.59474999999992,176421149.99999994,184865,347058,0.9999296833587555,0.8852504176816438,1.2050411756186829e-06,0.01600579355953212,184864.9999999999,347057.99999999953,0.01600579034384396,0.00019985061614329188,0.0,0.0
0.0025117211384440992,212.59474999999992,176371333.33333328,184865,346960,0.9999296833587555,0.8850004463773293,1.2053815434859028e-06,0.016008053844612076,184864.9999999999,346959.9999999996,0.016008050627602965,0.0002383517793049011,0.0,8.60310508219609e-05
0.002540086535151166,212.59359999999992,176172066.6666666,184864,346568,0.9999242743863521,0.884000561160071,1.2067384121811215e-06,0.01601701792793741,184863.9999999999,346567.9999999995,0.016017014707308836,0.0,0.0,0.00010631438767255434
0.002545537621743947,212.59359999999992,176128349.99999994,184864,346482,0.9999242743863521,0.8837811985868971,1.2070379356872418e-06,0.01601900558974617,184863.9999999999,346481.99999999953,0.016019002368153887,0.0002233152004013657,0.0,0.0
0.0025670364488507235,212.59359999999992,175972799.99999994,184864,346176,0.9999242743863521,0.8830006759428128,1.2081048889373812e-06,0.01602608397322309,184863.9999999999,346175.99999999953,0.01602608074703786,0.0,0.00022320961028058056,0.00010974377488425275
0.002584368856141147,212.59359999999992,175835041.6666666,184864,345905,0.9999242743863521,0.8823094287645552,1.2090513812543527e-06,0.016032360578711897,184863.9999999999,345904.99999999953,0.016032357346399184,0.0,0.000312612897416138,0.00015498112072115565
0.0025926340258929765,212.59359999999992,175773533.33333328,184864,345784,0.9999242743863521,0.8820007907255547,1.209474463921948e-06,0.016035165430803543,184863.9999999999,345783.99999999965,0.016035162200256827,0.00018736508645803202,0.0,0.0
0.002622069728772565,212.59359999999992,175574266.6666666,184864,345392,0.9999242743863521,0.8810009055082964,1.2108471476837533e-06,0.016044262344396536,184863.9999999999,345391.99999999953,0.016044259108107823,0.0,0.00018288395005779177,8.915087005694199e-05
0.002626095912295106,212.59359999999992,175541733.33333328,184864,345328,0.9999242743863521,0.8808376589422134,1.2110715552540972e-06,0.016045749025491683,184863.9999999999,345327.99999999953,0.01604574578736315,0.0,0.0,0.0
0.002650448608364426,212.59359999999992,175374999.99999994,184864,345000,0.9999242743863521,0.8800010202910381,1.2122229508196721e-06,0.016053374757893646,184863.9999999999,344999.99999999953,0.016053371513365576,0.0,0.00011868585343290966,5.57391136666119e-05
0.0026685048049024723,212.59359999999992,175248424.99999994,184864,344751,0.9999242743863521,0.8793658891198716,1.2130984914700374e-06,0.016059171070020535,184863.9999999999,344750.9999999996,0.016059167825039623,0.0,0.00012079813358544275,0.0
0.0026770452333490587,212.59359999999992,175175733.33333328,184864,344608,0.9999242743863521,0.87900113507378,1.213601883974797e-06,0.01606250271536115,184863.9999999999,344607.99999999953,0.01606249946574075,0.0002796716678338048,0.0,0.0
0.002704591896345336,212.59359999999992,174976466.6666666,184864,344216,0.9999242743863521,0.8780012498565216,1.2149839578427118e-06,0.01607164626104091,184863.9999999999,344215.9999999995,0.016071643005943863,4.653532812604304e-05,0.0001751683143173673,0.0002559946918863066
0.0027075936353705404,212.59359999999992,174955116.6666666,184864,344174,0.9999242743863521,0.8778941192975297,1.2151322239122853e-06,0.016072626853054193,184863.9999999999,344173.9999999995,0.016072623598069703,0.0,0.00016296455033311177,7.888363969409039e-05
0.0027357303766780204,212.5924499999999,174776691.66666663,184863,343823,0.9999188654139486,0.8769988139116686,1.2163661411182638e-06,0.01608074183728404,184862.99999999985,343822.99999999965,0.01608073857518212,0.0,0.000257003388337637,0.00023431469808443895
0.0027521877661696175,212.5924499999999,174662316.66666663,184863,343598,0.9999188654139486,0.8764249002027831,1.2171626602532752e-06,0.016086006091996896,184862.99999999985,343597.99999999965,0.016086002828437397,0.0,0.00018180236410226302,0.00021593468451162407
0.0027641176417643847,212.5924499999999,174577424.99999994,184863,343431,0.9999188654139486,0.8759989286944102,1.217754529258293e-06,0.01608991668324038,184862.99999999985,343430.99999999953,0.01608991341532494,0.0,0.00012890749444846851,0.0
0.002795470614593104,212.5924499999999,174378158.33333328,184863,343039,0.9999188654139486,0.8749990434771521,1.2191460904961385e-06,0.016099107251226562,184862.99999999985,343038.9999999996,0.016099103980547955,0.000157284000713631,0.0,0.0
0.002797010668708077,212.5924499999999,174369008.33333328,184863,343021,0.9999188654139486,0.8749531303804412,1.2192100650913643e-06,0.01609952964537885,184862.99999999985,343020.9999999996,0.016099526375127373,0.0001463389692829782,0.00011048197012049419,0.0
0.002826287442279347,212.5912999999999,174178891.66666663,184862,342647,0.9999134564415452,0.8739991582598938,1.2205342333148193e-06,0.016108226449702667,184861.99999999988,342646.99999999965,0.016108223173455262,0.0001382591833425818,0.00023503807844606916,0.00011571629827223886
0.002840718088582401,212.5912999999999,174076208.33333328,184862,342445,0.9999134564415452,0.8734839112856945,1.2212541968567884e-06,0.01611297667534588,184861.99999999988,342444.9999999996,0.016112973395559893,0.0002579003219624793,0.0,0.0
0.002855119342480455,212.5912999999999,173979624.99999994,184862,342255,0.9999134564415452,0.8729992730426356,1.2219321659073582e-06,0.016117448546902852,184861.99999999988,342254.99999999953,0.01611744526549441,0.0,0.0002457489399589063,0.00026948778515576745
0.002885937939991049,212.5912999999999,173782899.99999994,184862,341868,0.9999134564415452,0.8720121414633526,1.2233154125060634e-06,0.016126568570365495,184861.99999999988,341867.99999999953,0.016126565283463005,0.00020101590070167798,9.642487817605749e-05,0.0
0.0028869128527794366,212.5912999999999,173780358.33333328,184862,341863,0.9999134564415452,0.8719993878253773,1.2233333044015378e-06,0.016126686501449033,184861.99999999988,341862.9999999996,0.016126683215068355,0.00031070619243593676,0.0,0.0
0.0029173382621781214,212.5912999999999,173581091.66666663,184862,341471,0.9999134564415452,0.8709995026081192,1.2247376598382376e-06,0.016135940358837742,184861.99999999988,341470.99999999965,0.016135937065397083,2.3918751090261262e-05,0.0,0.00017534506940822186
0.002930475664793541,212.5901499999999,173490099.99999994,184861,341292,0.9999080474691417,0.8705429223686058,1.2253733786538827e-06,0.016140083964280842,184860.99999999988,341291.99999999953,0.01614008066762548,0.00016502334493276468,0.0,7.949840060505354e-05
0.00294644115034386,212.5901499999999,173381824.99999994,184861,341079,0.9999080474691417,0.8699996173908608,1.226138610549289e-06,0.016145122828193807,184860.99999999988,341078.9999999996,0.016145119530356113,0.0,0.00018689293316010718,0.0
0.002973077348552199,212.5901499999999,173196791.66666663,184861,340715,0.9999080474691417,0.8690711525462641,1.227448545404637e-06,0.016153744778993305,184860.99999999988,340714.99999999965,0.016153741474594363,0.00011077679548587996,0.0001297212418464578,0.00015169184455079252
0.0029767223279984632,212.5901499999999,173182558.33333328,184861,340687,0.9999080474691417,0.8689997321736027,1.2275494255652282e-06,0.01615440857825893,184860.99999999988,340686.9999999996,0.016154405271740217,0.00023181589695102231,9.613821355220227e-05,0.0
0.003008040117541379,212.5901499999999,172983291.66666663,184861,340295,0.9999080474691417,0.8679998469563446,1.2289634909344566e-06,0.016163710368670915,184860.99999999988,340294.99999999965,0.016163707058620552,0.0,0.0,0.00017871670490294254
0.003020794814555396,212.5901499999999,172903991.66666663,184861,340139,0.9999080474691417,0.8676019334515173,1.2295271378687563e-06,0.016167416573732163,184860.99999999988,340138.99999999965,0.016167413261758502,0.00016555898817313726,0.0,0.0001920238200780297
0.0030392329416661095,212.5901499999999,172784024.99999994,184861,339903,0.9999080474691417,0.8669999617390862,1.2303808179025808e-06,0.01617302824566359,184860.99999999988,339902.99999999953,0.016173024928333845,0.00020154480549910828,0.0001067433716368525,4.920649760853242e-05
0.003067330472068844,212.5889999999999,172611191.66666663,184860,339563,0.9999026384967383,0.8661327143567705,1.2316061197847202e-06,0.01618103560959291,184859.99999999988,339562.99999999965,0.01618103228850031,0.0,0.00019897704393786499,0.0
0.0030710305826122048,212.5889999999999,172584758.33333328,184860,339511,0.9999026384967383,0.8660000765218281,1.2317947543745533e-06,0.016182274717657336,184859.99999999988,339510.9999999996,0.01618227139420072,0.0001639871521984016,0.0,0.0
0.003104148750471732,212.58669999999992,172385491.66666663,184858,339119,0.9998918205519316,0.8650001913045698,1.2332052885927801e-06,0.016191449679521804,184857.99999999988,339118.99999999965,0.016191446350355247,0.0,0.0,0.0001351264314154576
0.003116096298564671,212.58669999999992,172318899.99999994,184858,338988,0.9998918205519316,0.8646660459896187,1.2336818538187046e-06,0.016194577924515376,184857.99999999988,338987.99999999953,0.016194574593355236,0.000156423138481005,0.00027860708863616064,0.0
0.003139342858449436,212.58669999999992,172186224.99999994,184858,338727,0.9998918205519316,0.8640003060873115,1.2346324451912457e-06,0.016200815943530057,184857.99999999988,338726.99999999953,0.016200812609808,0.00014990458738309333,0.00010032826820404443,0.0002437946098285867
0.0031687201277783043,212.58669999999992,172025591.66666663,184858,338411,0.9998918205519316,0.863194276167277,1.2357853150822375e-06,0.016208378143472375,184857.99999999988,338410.99999999965,0.016208374805172336,0.0,0.000276051388879697,0.00023836413715119039
0.003174095292629388,212.5855499999999,171986958.33333328,184857,338335,0.9998864115795281,0.8630004208700534,1.2360562222862342e-06,0.016210110790665228,184856.99999999985,338334.9999999996,0.016210107451600966,0.0001729341535915192,0.00013902077041625917,0.0
0.0032101040041073105,212.5855499999999,171787691.66666663,184857,337943,0.9998864115795281,0.8620005356527952,1.2374899967367663e-06,0.016219509597265373,184856.99999999985,337942.99999999965,0.01621950625389961,0.00010179319750361958,0.00012361394056775664,0.0002461802923588219
0.003218676803409291,212.5855499999999,171732791.66666663,184857,337835,0.9998864115795281,0.8617250570725302,1.2378856008619978e-06,0.016222101938291725,184856.99999999985,337834.99999999965,0.016222098593830666,0.0,0.0002622900991195618,0.0002343052663435498
0.0032398887572381804,212.5855499999999,171588424.99999994,184857,337551,0.9998864115795281,0.8610006504355369,1.238927101289029e-06,0.016228924771451554,184856.99999999985,337550.99999999953,0.01622892142018007,0.00014112977845530462,5.709932016066921e-05,0.0
0.0032626303937533688,212.5832499999999,171440499.99999994,184855,337260,0.9998755936347212,0.8602583887053783,1.2399826762054472e-06,0.01623574905113563,184854.99999999988,337259.99999999953,0.016235745694479935,0.00018472026672495666,0.00023548951186058532,0.00022693027491737513
0.003271289536062347,212.5820999999999,171389158.33333328,184854,337159,0.9998701846623178,0.8600007652182787,1.2403474179303153e-06,0.016238092832386565,184853.99999999988,337158.9999999996,0.016238089477779577,5.856714538491249e-05,0.0,0.0
0.0033047168502174894,212.5820999999999,171189891.66666663,184854,336767,0.9998701846623178,0.8590008800010205,1.2417911941549117e-06,0.01624754073129096,184853.99999999988,336766.99999999965,0.016247537368117976,0.0,0.0,0.00010684998672908142
0.0033111961294669404,212.5820999999999,171147699.99999994,184854,336684,0.9998701846623178,0.8587891696106316,1.2420973229555524e-06,0.016249543295682786,184853.99999999988,336683.99999999953,0.016249539933719147,0.0,0.00011697539358085538,0.0
0.0033378619664351933,212.5820999999999,170990624.99999994,184854,336375,0.9998701846623178,0.8580009947837622,1.2432383354350567e-06,0.016257005140778193,184853.99999999988,336374.99999999953,0.016257001773282716,9.425841593651271e-05,0.00010649990228889853,0.00020091510109324472
0.0033582848660752996,212.5820999999999,170854391.66666663,184854,336107,0.9998701846623178,0.8573173997882898,1.2442296503255426e-06,0.016263485233752,184853.99999999988,336106.99999999965,0.01626348186336811,0.0,0.00013869954064314936,0.00015277802078707145
0.003369501935951904,212.5820999999999,170791358.33333328,184854,335983,0.9998701846623178,0.857001109566504,1.2446888535490402e-06,0.01626648610899254,184853.99999999988,335982.9999999996,0.01626648273608459,0.000223292106995226,0.00020763299439927545,0.0
0.00340382391431922,212.5820999999999,170591583.33333328,184854,335590,0.9998701846623178,0.8559986736216507,1.2461464736194974e-06,0.016276007934061327,184853.99999999988,335589.9999999996,0.01627600455264365,0.00020540863137426122,0.0,0.0
0.0034085702858307975,212.5820999999999,170561083.33333328,184854,335530,0.9998701846623178,0.8558456299659479,1.246369311483227e-06,0.016277463119622124,184853.99999999988,335529.9999999996,0.016277459737730447,0.0,8.486451607000755e-05,3.690593535897739e-05
0.0034399206592489852,212.5820999999999,170392316.66666663,184854,335198,0.9998701846623178,0.8549987884043926,1.2476037896466182e-06,0.01628552220750186,184853.99999999988,335197.99999999965,0.016285518821171626,0.0,0.000275849830527835,0.0
0.0034630843315770197,212.58094999999992,170268283.33333328,184853,334954,0.9998647756899144,0.8543764108712012,1.2485058628554523e-06,0.016291364657584143,184852.99999999988,334953.9999999996,0.016291361264999717,0.00026831894006823027,0.0,0.0
0.0034771075851116533,212.58094999999992,170193049.99999997,184853,334806,0.9998647756899144,0.8539989031871345,1.2490577611717984e-06,0.01629496503447534,184852.99999999988,334805.99999999965,0.016294961642210636,0.0,0.0,0.0
0.003511874933882043,212.57979999999992,169993783.33333328,184852,334414,0.999859366717511,0.8529990179698761,1.250515141387033e-06,0.01630442451155597,184851.9999999999,334413.9999999996,0.016304421113723683,0.0001928042745483332,0.0,6.265364383867383e-05
0.0035151355459533008,212.57979999999992,169975483.33333328,184852,334378,0.999859366717511,0.8529071917764544,1.250649775080308e-06,0.016305302176182347,184851.9999999999,334377.9999999996,0.016305298779466182,0.0002957526830015664,0.000168871324659659,0.0
0.0035459261365487966,212.57979999999992,169794516.66666663,184852,334022,0.999859366717511,0.851999132752618,1.2519827151858358e-06,0.016313988941937585,184851.9999999999,334021.99999999965,0.016313985540148356,0.0,9.078125130373539e-05,0.0003096335204588809
0.0035680703726016926,212.57864999999993,169682683.33333328,184851,333802,0.9998539577451077,0.8514379726817076,1.2528010862628782e-06,0.01631927583063342,184850.9999999999,333801.9999999996,0.016319272424041506,0.000189950630175218,0.0,0.0
0.003583743962727404,212.57864999999993,169595249.99999997,184851,333630,0.9998539577451077,0.8509992475353597,1.253446956798613e-06,0.016323481917864747,184850.9999999999,333629.9999999997,0.016323478506925816,0.00020842334513803833,0.0,0.0
0.0036191495317992677,212.57864999999993,169395983.33333328,184851,333238,0.9998539577451077,0.8499993623181014,1.2549214321197502e-06,0.016333080049276777,184850.9999999999,333237.9999999996,0.01633307663423944,8.42173564891806e-05,0.0,0.0
0.0036202223261349955,212.57864999999993,169389374.99999997,184851,333225,0.9998539577451077,0.8499662028593659,1.254970389966903e-06,0.016333398644774996,184850.9999999999,333224.9999999997,0.016333395228421147,6.943794763743542e-05,0.0,0.0
0.0036592936193301402,212.5774999999999,169196716.66666663,184850,332846,0.9998485487727041,0.8489994771008432,1.256392583662232e-06,0.016342606721495137,184849.99999999988,332845.99999999965,0.0163426033007978,0.00022118565079842805,0.00013063193614479304,0.00024530504314481636
0.0036774809852427115,212.5774999999999,169097083.33333328,184850,332650,0.9998485487727041,0.848499534492214,1.2571328600680574e-06,0.01634742060880301,184849.99999999988,332649.9999999996,0.01634741718243147,0.00019072925978389142,0.0,0.0
0.003695534164834934,212.5774999999999,168997449.99999997,184850,332454,0.9998485487727041,0.8479995918835851,1.2578740093415606e-06,0.01635223875256246,184849.99999999988,332453.99999999965,0.01635223532353513,0.00021577584644663978,0.0,0.0
0.0037315660161872637,212.5774999999999,168803774.99999997,184850,332073,0.9998485487727041,0.8470277646698724,1.259317216098988e-06,0.016361616836525737,184849.99999999988,332072.9999999997,0.016361613401581425,6.218271859688349e-05,0.0,0.0001265052733036408
0.003732960980144823,212.5774999999999,168798183.33333328,184850,332062,0.9998485487727041,0.8469997066663267,1.259358932674137e-06,0.016361887834554306,184849.99999999988,332061.9999999996,0.016361884400364724,0.0002439259030423734,0.0,0.0
0.003768673864293369,212.5751999999999,168598916.66666663,184848,331670,0.9998377308278973,0.8459998214490686,1.260833724218275e-06,0.016371376884442082,184847.99999999988,331669.99999999965,0.016371373442924275,0.0002449985388096909,0.0,7.752315230685485e-05
0.0037864167226547576,212.5751999999999,168511483.33333328,184848,331498,0.9998377308278973,0.8455610963027205,1.2614879164021362e-06,0.016375623533983898,184847.99999999988,331497.9999999996,0.01637562008996358,0.0003056790222798047,0.00016452713903710836,0.0
0.0038055081529600452,212.57404999999991,168399649.99999997,184847,331278,0.9998323218554939,0.8449999362318104,1.2623188349857019e-06,0.016380971495738347,184846.99999999988,331277.99999999965,0.01638096804928559,0.0001154705455591266,0.0,9.603786674712561e-05
0.0038376373634506356,212.57404999999991,168218683.33333328,184847,330922,0.9998323218554939,0.8440918772079737,1.2636768151298293e-06,0.016389780306131287,184846.99999999988,330921.9999999996,0.01638977685302958,0.00019537356334554555,0.0,0.0
0.0038412023049078496,212.57404999999991,168200383.33333328,184847,330886,0.9998323218554939,0.8440000510145521,1.2638143016519085e-06,0.016390671876102814,184846.99999999988,330885.9999999996,0.01639066842422099,0.0002588743753153429,0.00019391220028084345,9.460257313214088e-05
0.0038804603609375334,212.57404999999991,168001116.66666663,184847,330494,0.9998323218554939,0.8430001657972939,1.2653133158737932e-06,0.01640038950983242,184846.99999999988,330493.99999999965,0.01640038605151077,0.0,0.00016736225798007272,8.093594397343017e-05
0.003896928325253735,212.57404999999991,167925374.99999997,184847,330345,0.9998323218554939,0.842620107385632,1.2658840273544123e-06,0.016404087738275425,184846.99999999988,330344.9999999997,0.016404084277688587,0.0,9.978441925485271e-05,4.5132345165363584e-05
0.003917539663332365,212.57289999999992,167801849.99999997,184846,330102,0.9998269128830904,0.8420002805800357,1.2668090369683048e-06,0.01641003567133721,184845.99999999988,330101.9999999997,0.016410032204748855,0.0,0.0001240536836157662,5.826112744670495e-05
0.003951657386175469,212.57174999999992,167633083.33333328,184845,329770,0.999821503910687,0.8411534390184802,1.2680775523129135e-06,0.01641820527435543,184844.9999999999,329769.9999999996,0.016418201803603705,0.0002084273802347354,0.0,0.00012641023433090294
0.003957347109702954,212.57174999999992,167602583.33333328,184845,329710,0.999821503910687,0.8410003953627774,1.2683083146590322e-06,0.01641969908331517,184844.9999999999,329709.9999999996,0.016419695612396493,0.0002097975489825736,0.0,0.0002693353169325605
0.003995929185279361,212.57174999999992,167403316.66666663,184845,329318,0.999821503910687,0.8400005101455192,1.2698180312835299e-06,0.01642946867952505,184844.9999999999,329317.99999999965,0.016429465202077984,0.0002499600676502676,0.0,0.0
0.004008434460663261,212.57174999999992,167339774.99999997,184845,329193,0.999821503910687,0.8396816691961385,1.2703002020888337e-06,0.016432587653299677,184844.9999999999,329192.9999999997,0.016432584171671885,0.00016833862331282266,7.253266326458085e-05,0.00013942116230529047
0.004036446074907865,212.57174999999992,167204049.99999997,184845,328926,0.999821503910687,0.8390006249282611,1.2713313463399956e-06,0.016439255735018813,184844.9999999999,328925.9999999997,0.016439252251569038,0.0002967210716302372,0.0,0.0
0.004069896494972081,212.57174999999992,167046466.66666663,184845,328616,0.999821503910687,0.8382098993737966,1.2725306571385126e-06,0.016447007895559106,184844.9999999999,328615.99999999965,0.016447004405474672,0.0,2.1998714246897234e-05,0.0001349436647408595
0.0040778354989482925,212.57174999999992,167004783.33333328,184845,328534,0.999821503910687,0.8380007397110028,1.272848272709155e-06,0.016449060301861083,184844.9999999999,328533.9999999996,0.01644905681091388,0.00021325357964944785,0.00010733441993325031,0.0
0.004117878551563546,212.5705999999999,166805516.66666663,184844,328142,0.9998160949382835,0.8370008544937445,1.2743619290768857e-06,0.01645879339079967,184843.99999999985,328141.99999999965,0.016458789896039223,0.0,0.0,0.0
0.00412980340857773,212.5694499999999,166754174.99999997,184843,328041,0.9998106859658802,0.8367432310066449,1.2747473938808426e-06,0.016461237875876285,184842.99999999985,328040.9999999997,0.016461234378813645,0.0,0.00027285197817546213,0.0
0.0041600139649521205,212.5682999999999,166606249.99999997,184842,327750,0.9998052769934768,0.8360009692764864,1.2758723037100946e-06,0.016468454894638367,184841.99999999988,327749.9999999997,0.016468451392055983,0.00013770948586407916,0.0,0.00010451580634596707
0.0041890145854485954,212.5682999999999,166461374.99999997,184842,327465,0.9998052769934768,0.8352740119118981,1.2769827234696333e-06,0.01647561976549926,184841.99999999988,327464.9999999997,0.01647561626045917,0.0,0.0002092218257073487,0.00029052872559740797
0.004200781862627102,212.5682999999999,166406983.3333333,184842,327358,0.9998052769934768,0.8350010840592282,1.277400117122488e-06,0.01647831215011198,184841.99999999988,327357.9999999997,0.016478308642692254,0.0,0.0002028273706036717,0.0
0.004241632615233767,212.5682999999999,166207208.3333333,184842,326965,0.9998052769934768,0.833998648114375,1.2789355054546618e-06,0.016488212341067725,184841.99999999988,326964.99999999977,0.016488208825854344,0.00016527338315121452,0.00014736368869943853,0.00020462844631075454
0.004249518147433628,212.5682999999999,166168066.66666663,184842,326888,0.9998052769934768,0.8338022420895562,1.279236764705292e-06,0.016490154164558433,184841.99999999988,326887.99999999965,0.01649015064916663,8.840213269786627e-05,0.0,0.0
0.004279119247041935,212.5682999999999,166007941.66666663,184842,326573,0.9998052769934768,0.8329987628971166,1.2804706682456404e-06,0.01649810513813146,184841.99999999988,326572.9999999996,0.016498101617579437,1.683513700811651e-05,0.0,0.0
0.0043073527461016045,212.5682999999999,165874758.3333333,184842,326311,0.9998052769934768,0.8323304722672146,1.281498777365714e-06,0.016504727097310885,184841.99999999988,326310.9999999997,0.016504723574227897,0.00027197741233613167,0.0,0.0
0.004322079780291647,212.5682999999999,165808674.99999997,184842,326181,0.9998052769934768,0.8319988776798585,1.2820095209131847e-06,0.016508015763389918,184841.99999999988,326180.99999999965,0.016508012238465,0.0,0.0,0.0
0.0043677733796230155,212.5682999999999,165609408.3333333,184842,325789,0.9998052769934768,0.8309989924626002,1.2835520767766361e-06,0.016517944270455658,184841.99999999988,325788.9999999997,0.016517940739010542,0.00013528984142712416,5.4684451825844446e-05,0.0
0.004374773906566893,212.5682999999999,165581449.99999997,184842,325734,0.9998052769934768,0.8308587024448727,1.2837688038122624e-06,0.01651933873432608,184841.99999999988,325733.9999999997,0.016519335198614496,0.0001662732490546287,0.0,0.00031214071015121174
0.004412911151544131,212.5682999999999,165410141.66666663,184842,325397,0.9998052769934768,0.829999107245342,1.2850983492195181e-06,0.01652789071316722,184841.99999999988,325396.99999999965,0.01652788717297556,0.0,0.00016729827652591032,0.0
0.00443920446203579,212.5682999999999,165288649.99999997,184842,325158,0.9998052769934768,0.8293894833501259,1.286042931562451e-06,0.016533963822666555,184841.99999999988,325157.9999999997,0.016533960277800824,0.00015561102871629185,0.0,0.0
0.0044572664412471505,212.5682999999999,165210874.99999997,184842,325005,0.9998052769934768,0.8289992220280837,1.2866483516899232e-06,0.016537855145590342,184841.99999999988,325004.9999999997,0.016537851599087744,0.0001640853336094667,0.00020972714006108734,0.0002172862840198087
0.00449889089865757,212.5682999999999,165011608.3333333,184842,324613,0.9998052769934768,0.8279993368108256,1.2882020977009038e-06,0.016547837622019227,184841.99999999988,324612.9999999997,0.016547834070722127,0.0,0.0002257653893021859,0.00011078864006365905
0.00450196979025693,212.5682999999999,164995341.66666663,184842,324581,0.9998052769934768,0.827917713527784,1.288329099796302e-06,0.016548653316334542,184841.99999999988,324580.9999999996,0.016548649764262586,0.0001952849483452303,0.0,0.00018640667173122356
0.004544687109856148,212.5682999999999,164812341.66666663,184842,324221,0.9998052769934768,0.8269994515935672,1.2897596008308638e-06,0.016557838196977745,184841.99999999988,324220.9999999996,0.016557834637633124,0.0001327575437337032,0.00022120463549679293,0.0
0.004566637029783369,212.5682999999999,164702033.3333333,184842,324004,0.9998052769934768,0.8264459437054423,1.290623410639941e-06,0.016563382032058975,184841.99999999988,324003.9999999997,0.016563378468299722,0.0002763663757524533,0.0,0.0
0.004584740455390195,212.5682999999999,164613074.99999997,184842,323829,0.9998052769934768,0.8259995663763091,1.2913208747239546e-06,0.01656785692522071,184841.99999999988,323828.9999999997,0.016567853359688668,0.00020033223742828147,0.00019457317783923587,9.483688918699847e-05
0.004627812551320832,212.5671499999999,164413808.3333333,184841,323437,0.9997998680210733,0.824999681159051,1.2928789385441416e-06,0.016577804174900644,184840.99999999988,323436.99999999977,0.01657780060223261,0.00022072041865698458,0.00015276364885509442,0.00020462069777091768
0.004628800954333635,212.5671499999999,164409233.3333333,184841,323428,0.9997998680210733,0.8249767246106955,1.2929149153626202e-06,0.016578034827781103,184840.99999999988,323427.9999999997,0.016578031255055102,0.0002646665431228795,0.00019694321875230115,0.000165764814185939
0.004678109524802894,212.5671499999999,164214541.66666663,184841,323045,0.9997998680210733,0.8239997959417926,1.2944477866733785e-06,0.016587859320508117,184840.99999999988,323044.9999999996,0.01658785574094296,0.0,0.0,0.0
0.004700154990904314,212.56599999999992,164116433.3333333,184840,322852,0.9997944590486699,0.8235075055159488,1.2952145966288564e-06,0.016592726899066632,184839.99999999988,322851.9999999997,0.016592723318304723,0.00010428264843355204,3.239122391248075e-05,0.00023334659747137324
0.00472509458767611,212.56599999999992,164015274.99999997,184840,322653,0.9997944590486699,0.8229999107245345,1.2960134353339954e-06,0.016597842989232243,184839.99999999988,322652.99999999965,0.01659783940472441,0.00021402484674276848,0.0,0.00016226792582242402
0.004769941014000714,212.56599999999992,163823124.99999997,184840,322275,0.9997944590486699,0.8220357356936069,1.2975335441806518e-06,0.01660757403573154,184839.99999999988,322274.99999999965,0.016607570443102695,0.00017532853670987458,6.653873324205817e-05,0.0002708944598019253
0.004770959569485093,212.56599999999992,163816008.3333333,184840,322261,0.9997944590486699,0.8220000255072762,1.2975899129923246e-06,0.016607934773629332,184839.99999999988,322260.9999999997,0.016607931180725774,0.00017739048477109686,0.0,0.0
0.004818140261947018,212.56369999999993,163616741.66666663,184838,321869,0.9997836411038631,0.8210001402900179,1.2991561733520647e-06,0.01661786517834214,184837.9999999999,321868.99999999965,0.01661786158058875,0.0,0.0001200481417554025,5.5914855886970563e-05
0.004838804125415916,212.56369999999993,163530833.3333333,184838,321700,0.9997836411038631,0.8205690673264552,1.2998386644720412e-06,0.016622229571367237,184837.9999999999,321699.9999999997,0.016622225970539552,0.00010782059102917494,0.00029097864316321215,0.00014384101022199474
0.00486485166635137,212.56369999999993,163417474.99999997,184838,321477,0.9997836411038631,0.8200002550727598,1.30074032780154e-06,0.016627993770046586,184837.9999999999,321476.9999999997,0.016627990165176264,0.0,0.00014603003296719872,0.00015164639120001522
0.004902408537800843,212.5613999999999,163238541.66666663,184836,321125,0.9997728231590561,0.8191023989593034,1.3021520397679774e-06,0.01663692461321914,184835.99999999985,321124.9999999996,0.016636921003554662,6.830865515265362e-05,0.0002689119711776089,0.0
0.004906589543514746,212.5613999999999,163218208.3333333,184836,321085,0.9997728231590561,0.8190003698555016,1.3023142587492149e-06,0.016637960875050022,184835.99999999985,321084.9999999997,0.016637957262444495,0.000336033491132533,0.000173845876652795,0.0002081313041285923
0.004954922999604958,212.5613999999999,163018941.66666663,184836,320693,0.9997728231590561,0.8180004846382433,1.3039061462847388e-06,0.016648126498885356,184835.99999999985,320692.9999999996,0.01664812288062916,0.0,0.0001362364488866289,0.0
0.004970456813353428,212.5613999999999,162945233.3333333,184836,320548,0.9997728231590561,0.8176306291369616,1.304495968686411e-06,0.016651891466086956,184835.99999999985,320547.9999999997,0.01665188784778662,0.0,0.00012555701990402064,0.0001991029194169542
0.00500405641316645,212.5602499999999,162819674.99999997,184835,320301,0.9997674141866528,0.8170005994209851,1.3054948672511473e-06,0.01665822065397804,184834.99999999985,320300.9999999997,0.016658217031113164,0.0001719017739859149,0.00027485215638544785,1.8116491517784543e-05
0.0050446734827677975,212.5602499999999,162652433.3333333,184835,319972,0.9997674141866528,0.8161614100422149,1.3068371966153592e-06,0.016666782569586123,184834.99999999985,319971.9999999997,0.016666778942264978,0.00033131695501941783,0.00015359002316853775,0.0
0.005051314764841867,212.55909999999992,162620408.3333333,184834,319909,0.9997620052142494,0.8160007142037269,1.3070874816911301e-06,0.016668333411878136,184833.99999999988,319908.99999999977,0.016668329781189196,0.0,0.00022543932211583278,0.00011055967643203159
0.005101912808350667,212.55909999999992,162421141.66666663,184834,319517,0.9997620052142494,0.8150008289864686,1.3086910842938805e-06,0.01667855506497884,184833.99999999988,319516.9999999996,0.01667855142923835,0.0001469856100327666,0.00010543708789529137,0.0
0.005115753434665698,212.55909999999992,162359633.3333333,184834,319396,0.9997620052142494,0.814692190947468,1.3091868689035797e-06,0.016681714018228547,184833.99999999988,319395.9999999997,0.01668171037691799,0.00015475371307874228,0.00028851162823860554,0.0
0.005147946402988874,212.55794999999992,162221874.99999997,184833,319125,0.999756596241846,0.8140009437692104,1.3102915374390782e-06,0.016688705255363537,184832.9999999999,319124.99999999965,0.01668870161207997,0.0,0.0001994428511575091,0.00016574075777627
0.00518363748373366,212.55794999999992,162066833.3333333,184833,318820,0.999756596241846,0.8132229718527213,1.3115450313193833e-06,0.016696685994230527,184832.9999999999,318819.99999999977,0.016696682344815892,7.264549257551027e-05,0.0,0.0001734723224068073
0.005194763416324064,212.55794999999992,162022608.3333333,184833,318733,0.999756596241846,0.8130010585519523,1.3119030250562251e-06,0.016698964566845147,184832.9999999999,318732.9999999997,0.016698960914350212,0.00028168854644675145,0.0,0.0
0.005243983817356,212.55794999999992,161822833.3333333,184833,318340,0.999756596241846,0.811998622607099,1.3135226075430226e-06,0.016709269066539065,184832.9999999999,318339.9999999997,0.016709265408895963,0.00013955781962558152,0.000224837245971837,0.00017354229073177053
0.005255929082659551,212.55794999999992,161773524.99999997,184833,318243,0.999756596241846,0.8117512020303794,1.313922967308773e-06,0.016711815352889396,184832.9999999999,318242.99999999965,0.01671181169258256,0.0001725875401286006,0.0,0.00011692984995915383
0.005292609109765921,212.55794999999992,161623566.66666666,184833,317948,0.999756596241846,0.8109987373898409,1.3151420574598543e-06,0.016719566372739716,184832.9999999999,317947.99999999977,0.01671956270608881,0.00016980962939947057,0.0,0.0
0.005327111317394033,212.55794999999992,161480724.99999997,184833,317667,0.999756596241846,0.8102819829356327,1.316305398059118e-06,0.016726959585811763,184832.9999999999,317666.99999999965,0.016726955915443074,0.0,0.0,0.0
0.0053420618851761905,212.5556499999999,161424299.99999997,184831,317556,0.999745778297039,0.8099988521725825,1.3167512574005273e-06,0.01672970171297403,184830.99999999985,317555.9999999997,0.016729698040292285,0.00028905746370959883,0.0,0.0001664262297538327
0.005393100533859616,212.5544999999999,161225033.3333333,184830,317164,0.9997403693246356,0.8089989669553244,1.318371568021591e-06,0.016739946518882463,184829.99999999985,317163.99999999977,0.016739942842418254,0.00020697976605355532,0.0001482255965085373,0.00015133299735954901
0.00540119884862984,212.5533499999999,161189449.99999997,184829,317094,0.9997349603522322,0.808820416023671,1.3186554703176912e-06,0.01674170354867899,184828.99999999988,317093.9999999997,0.01674169986981919,0.0,0.0,0.00022602469419133806
0.005443734062271647,212.5533499999999,161025766.66666666,184829,316772,0.9997349603522322,0.8079990817380661,1.3199958888567105e-06,0.016750210391595723,184828.99999999988,316771.99999999977,0.01675020670670109,0.00021823229193468967,0.0,0.00012534264842115078
0.005479396018117366,212.5533499999999,160896141.66666666,184829,316517,0.9997349603522322,0.8073486462013293,1.321059335533061e-06,0.016756956385821562,184828.99999999988,316516.9999999998,0.016756952695891312,0.0,8.568152023778842e-05,0.00013858478573683822
0.005495258392126937,212.5533499999999,160826499.99999997,184829,316380,0.9997349603522322,0.8069991965208078,1.3216313853749224e-06,0.016760584071761363,184828.99999999988,316379.9999999997,0.01676058038019985,0.0001580315203030616,0.00014401264642501717,6.849700220012849e-05
0.005548230707023886,212.55104999999992,160627233.3333333,184827,315988,0.9997241424074255,0.8059993113035496,1.3232566208677354e-06,0.01677079557399973,184826.99999999988,315987.99999999977,0.016770791874851802,0.00021352970142663139,0.0,0.0
0.005553768824232406,212.55104999999992,160603849.99999997,184827,315942,0.9997241424074255,0.8058819778341775,1.3234492821934216e-06,0.016772016412821625,184826.99999999988,315941.9999999997,0.016772012713136223,0.0002079997117369,0.0001639758664876068,0.0002443756773507642
0.005595927169654139,212.55104999999992,160427966.66666666,184827,315596,0.9997241424074255,0.8049994260862915,1.3249002304045487e-06,0.016781207796750765,184826.99999999988,315595.99999999977,0.016781204090404542,0.00018852917581842075,0.0,0.0
0.005626964817748175,212.54989999999992,160311049.99999997,184826,315366,0.999718733435022,0.8044127587394306,1.3258593216125774e-06,0.01678723521675982,184825.99999999988,315365.9999999997,0.016787231507607612,0.0,0.0001139230483010769,0.0001433405609597608
0.005647405022703333,212.54989999999992,160228699.99999997,184826,315204,0.999718733435022,0.8039995408690331,1.3265407508143046e-06,0.01679154858646174,184825.99999999988,315203.9999999997,0.016791544873324248,0.0,0.0,0.00018071717554814478
0.005699169356874088,212.54989999999992,160029433.3333333,184826,314812,0.999718733435022,0.802999655651775,1.3281925429134595e-06,0.016801999648166924,184825.99999999988,314811.9999999997,0.016801995927641675,0.0002523461203096716,0.0002228789236995977,0.00010918220097458436
0.005702701411428917,212.54989999999992,160017741.66666666,184826,314789,0.999718733435022,0.802940988917089,1.3282895870556849e-06,0.01680261345445187,184825.99999999988,314788.9999999998,0.016802609733819508,0.0,0.0,0.0
0.005753216910257923,212.5487499999999,159830166.66666666,184825,314420,0.9997133244626185,0.8019997704345168,1.329841258585936e-06,0.016812379284648182,184824.99999999985,314419.99999999977,0.016812375559205433,0.00017040007039879736,0.0001838392070821084,0.0
0.005783453962033326,212.5487499999999,159724941.66666666,184825,314213,0.9997133244626185,0.8014717698223421,1.3307173430908014e-06,0.016817916276318862,184824.99999999985,314212.9999999998,0.016817912547562,0.0002025701503886272,0.00022616979163597793,0.0
0.0058074464396109665,212.5487499999999,159630899.99999997,184825,314028,0.9997133244626185,0.8009998852172585,1.331501294548862e-06,0.016822869427649444,184824.99999999985,314027.9999999997,0.016822865694819875,0.0001695826438224784,0.0002705633502448912,0.00018847626416278244
0.005860849562305347,212.5487499999999,159431633.3333333,184825,313636,0.9997133244626185,0.8000000000000003,1.3331654801253365e-06,0.016833379231271123,184824.99999999985,313635.99999999977,0.016833375492379923,0.0,0.0,8.625291020571013e-05
0.005860852196368981,212.5487499999999,159431633.3333333,184825,313636,0.9997133244626185,0.8000000000000003,1.3331654801253365e-06,0.016833379231271123,184824.99999999985,313635.99999999977,0.016833375492379923,0.0,0.0,8.625291020571013e-05
0.005914108974847394,212.5475999999999,159232366.66666666,184824,313244,0.9997079154902151,0.7990001147827421,1.334826608744327e-06,0.01684381762263964,184823.99999999985,313243.99999999977,0.016843813875084105,0.0,0.0,0.0
0.0059390351306381805,212.5475999999999,159138833.3333333,184824,313060,0.9997079154902151,0.7985307809052535,1.3356111487558553e-06,0.01684876684512252,184823.99999999985,313059.99999999977,0.016848763095452836,0.00026791448681656634,5.8628886971863044e-05,0.0001342526280415841
0.0059709969762252214,212.5475999999999,159033099.99999997,184824,312852,0.9997079154902151,0.7980002295654838,1.336499131312915e-06,0.016854366875164572,184823.99999999985,312851.9999999997,0.016854363123562165,0.00014620095530230783,0.0,0.00012673823437696756
0.0060255747438144715,212.5464499999999,158846033.3333333,184823,312484,0.9997025065178117,0.7970615618105067,1.3380658335608419e-06,0.01686419706922472,184822.99999999985,312483.99999999977,0.016864193308919685,0.0003230510540890922,0.0001553554206913847,0.00015219686502822053
0.006029671490826693,212.5464499999999,158833833.3333333,184823,312460,0.9997025065178117,0.7970003443482256,1.3381686101722655e-06,0.01686484472485735,184822.99999999985,312459.99999999977,0.01686484096157168,0.000120081730601277,2.7769134257824223e-05,0.0
0.006087006521558232,212.54414999999992,158634566.66666666,184821,312068,0.9996916885730049,0.7960004591309675,1.3398350338524366e-06,0.016875251062143853,184820.99999999988,312067.99999999977,0.016875247294758547,0.0002041927549132305,4.023320920903038e-05,0.0
0.006107389983504859,212.54299999999992,158554249.99999997,184820,311910,0.9996862796006015,0.79559744417095,1.3405064827968974e-06,0.016879433324999416,184819.99999999988,311909.9999999997,0.016879429555449146,0.0001266905560979173,0.00021994349581236545,0.00017084959686921642
0.006141996757872475,212.5418499999999,158435299.99999997,184819,311676,0.999680870628198,0.7950005739137092,1.3415056493092128e-06,0.016885677140394198,184818.99999999985,311675.9999999997,0.016885673364682878,0.00016760500360050472,0.0002504935004924925,0.0002244069121082344
0.006197916473918427,212.5406999999999,158261958.3333333,184818,311335,0.9996754616557946,0.7941307758037983,1.342967711497314e-06,0.016894830495717827,184817.99999999985,311334.9999999997,0.01689482671246403,0.0002316740132957252,0.0,0.00016312097117913648
0.006204864058820916,212.5406999999999,158236033.3333333,184818,311284,0.9996754616557946,0.7940006886964509,1.3431877400027506e-06,0.01689621444263781,184817.99999999985,311283.9999999997,0.016896210658345796,0.000194859077673082,0.00019370515592520844,9.418673674325719e-05
0.006259639441150146,212.5395499999999,158036766.66666666,184817,310892,0.9996700526833912,0.7930008034791928,1.3448740725523148e-06,0.016906771725759363,184816.99999999988,310891.99999999977,0.01690676793729175,0.00027208433970150447,4.66648473251971e-05,0.0
0.006278419525634784,212.5395499999999,157969158.3333333,184817,310759,0.9996700526833912,0.7926615567090516,1.3454496576573303e-06,0.016910389255902505,184816.99999999988,310758.9999999997,0.016910385464835292,0.00026030604309686177,0.0,0.0
0.006315921670721236,212.5395499999999,157837500.0,184817,310500,0.9996700526833912,0.7920009182619346,1.346571948998178e-06,0.01691744058901037,184816.99999999988,310499.9999999998,0.016917436792893308,0.00024345253521765913,0.0,0.0
0.006361952486741316,212.5395499999999,157676358.3333333,184817,310183,0.9996700526833912,0.7911923376143047,1.3479481150286583e-06,0.01692608300202794,184816.99999999988,310182.9999999997,0.016926079200504398,0.00011672702070526175,0.0,0.0
0.006375289430045823,212.5395499999999,157638233.3333333,184817,310108,0.9996700526833912,0.7910010330446763,1.3482741179328953e-06,0.01692812967525073,184816.99999999988,310107.99999999977,0.01692812587188897,0.0,0.00017152286826582847,8.271565474776077e-05
0.0064352094217130056,212.5383999999999,157438458.3333333,184816,309715,0.9996646437109877,0.789998597099823,1.3499776499971017e-06,0.016938774742174943,184815.99999999985,309714.9999999997,0.016938770930942516,0.0,0.00016246017815878735,0.00015350262147891886
0.006454742063545979,212.5383999999999,157383558.3333333,184816,309607,0.9996646437109877,0.789723118519558,1.3504485617859169e-06,0.016941728855234338,184815.99999999985,309606.9999999997,0.016941725040846397,0.00019594721260889812,0.00020464017471647815,0.0
0.006500395874561903,212.53724999999991,157239191.66666666,184815,309323,0.9996592347385843,0.7889987118825649,1.3516811409878036e-06,0.01694941275037014,184814.9999999999,309322.99999999977,0.016949408932117094,0.0,0.0,0.0001984747294506623
0.006541514222263896,212.53609999999992,157091266.66666666,184814,309032,0.9996538257661809,0.7882564501524063,1.3529466310242576e-06,0.016957299327016513,184813.9999999999,309031.99999999977,0.01695729550343528,0.00018752369332148528,0.0,0.0001423876095038051
0.0065581354340055855,212.53494999999992,157039925.0,184813,308931,0.9996484167937776,0.7879988266653066,1.3533816320913291e-06,0.016959979289711675,184812.9999999999,308930.99999999977,0.016959975462271203,0.00026017288211760604,9.515628198274677e-05,0.0
0.006617693041116713,212.5337999999999,156840658.3333333,184812,308539,0.999643007821374,0.7869989414480484,1.3550937764383902e-06,0.016970657903063197,184811.99999999985,308538.9999999997,0.016970654071856554,0.0001497117840644257,0.0,0.0
0.0066331079669961065,212.5337999999999,156798975.0,184812,308457,0.999643007821374,0.7867897817852546,1.3554540136502798e-06,0.016972913487269817,184811.99999999985,308456.9999999998,0.01697290965286531,0.00017387605448313686,0.00017974914727416597,0.0
0.006685035992030345,212.5326499999999,156641900.0,184811,308148,0.9996375988489706,0.7860016069583853,1.3568058737796202e-06,0.016981329391126836,184810.99999999985,308147.9999999998,0.016981325551182206,0.0,0.0,6.874856263454128e-05
0.006728329878412827,212.5314999999999,156506683.3333333,184810,307882,0.9996321898765672,0.7853231134181028,1.3579707618449942e-06,0.016988571540040066,184809.99999999988,307881.9999999997,0.01698856769491221,0.00029821770519639367,0.00016931791877641993,0.00015499125980088357
0.006749459899574795,212.5314999999999,156442125.0,184810,307755,0.9996321898765672,0.784999171013532,1.3585311500978392e-06,0.01699207648073121,184809.99999999988,307754.9999999998,0.016992072636226613,0.0,0.0,9.12522541475148e-05
0.006811540069231537,212.52919999999992,156242858.3333333,184808,307363,0.9996213719317604,0.7839992857962736,1.3602490524500237e-06,0.017002724573372395,184807.99999999988,307362.99999999977,0.017002720718192553,0.0002465254981639873,0.0,0.0
0.00681915199712086,212.52919999999992,156214391.66666666,184808,307307,0.9996213719317604,0.7838564450509511,1.3604969281799522e-06,0.017004273690709126,184807.99999999988,307306.99999999977,0.01700426983425492,0.0,4.935143956394442e-05,0.0
0.006873017701033925,212.52919999999992,156043591.66666666,184808,306971,0.9996213719317604,0.7829994005790155,1.3619860817738373e-06,0.01701357729492913,184807.99999999988,306970.99999999977,0.01701357343270068,0.0,0.0,0.0
0.006913321227017109,212.5268999999999,155922100.0,184806,306732,0.9996105539869534,0.7823897766837995,1.3630325656209088e-06,0.017020020146006235,184805.99999999985,306731.9999999998,0.017020016279485073,0.00018115178233974063,0.0,0.00027280382574930884
0.006936360579786466,212.5268999999999,155844325.0,184806,306579,0.9996105539869534,0.7819995153617574,1.3637127948034033e-06,0.017024266585374634,184805.99999999985,306578.9999999998,0.017024262717230013,0.0001793610797033797,0.0,9.994172792075113e-05
0.006997585188249632,212.5268999999999,155645058.3333333,184806,306187,0.9996105539869534,0.780999630144499,1.3654587063396964e-06,0.017035160872043032,184805.99999999985,306186.9999999997,0.017035156995799192,0.00024237204216217813,0.00012311864328563756,5.712418243458174e-05
0.007002953787834586,212.5257499999999,155629300.0,184805,306156,0.9996051450145501,0.7809205575890527,1.3655895772839683e-06,0.01703593111938582,184804.99999999988,306155.9999999998,0.017035927242157536,0.0,8.487797162785788e-05,0.0
0.007056608794878532,212.5257499999999,155445791.66666666,184805,305795,0.9996051450145501,0.7799997449272408,1.3672016959824415e-06,0.01704598386248034,184804.99999999988,305794.99999999977,0.01704597998028141,0.0001845049401273447,0.0,0.0
0.007086872054446743,212.5245999999999,155336500.0,184804,305580,0.9995997360421467,0.7794513384943059,1.3681562285747387e-06,0.017051887145279693,184803.99999999985,305579.9999999998,0.017051883255855757,8.779753444729377e-05,0.0,0.00016155028792351229
0.007118949362799532,212.5234499999999,155246525.0,184803,305403,0.9995943270697433,0.7789998597099826,1.3689417524804496e-06,0.017056735446332953,184802.99999999988,305402.99999999977,0.017056731554779096,0.00016420707100251724,0.00012686253197186876,0.00023495113079998598
0.00718970853307138,212.52229999999992,155047258.3333333,184802,305011,0.9995889180973399,0.7779999744927243,1.3706936987115376e-06,0.01706760022515418,184801.99999999988,305010.9999999997,0.01706759632595827,0.0002912392283739526,0.00017860408462709013,0.00020462622048616377
0.00719060306866635,212.52229999999992,155044208.3333333,184802,305005,0.9995889180973399,0.7779846701271541,1.3707206627357085e-06,0.017067768099611528,184801.99999999988,305004.99999999977,0.017067764200028163,0.00019792818809872759,0.0,0.00017631106692423323
0.007255718734466079,212.51999999999992,154847991.66666666,184800,304619,0.999578100152533,0.7770000892754662,1.3724427273004666e-06,0.017078393613156218,184799.9999999999,304618.9999999998,0.017078389706341398,0.0,0.0,0.0
0.007290140934395183,212.51999999999992,154751916.66666666,184800,304430,0.999578100152533,0.7765180017600024,1.373294784178763e-06,0.017083694200426047,184799.9999999999,304429.99999999977,0.017083690291987523,0.0001978302843742519,0.0,0.00017389959455026263
0.007322942247909848,212.51999999999992,154648725.0,184800,304227,0.999578100152533,0.776000204058208,1.374211135591321e-06,0.01708939292473163,184799.9999999999,304226.9999999998,0.01708938901239836,0.0002736858252507767,0.00017579881421459986,8.481260385306639e-05
0.007389526881007058,212.5176999999999,154459625.0,184798,303855,0.9995672822077261,0.7750513333928507,1.3758786478990863e-06,0.017099665661369626,184797.99999999985,303854.99999999977,0.017099661738010342,5.806120412278662e-05,0.00016661355080880585,0.0001534732724824748
0.0073927773383039965,212.5176999999999,154449458.3333333,184798,303835,0.9995672822077261,0.7750003188409497,1.3759692153878812e-06,0.01710022844657454,184797.99999999985,303834.99999999977,0.017100224522970484,0.0002915089297140965,0.00014154377412080532,0.0
0.007452296615788731,212.5176999999999,154250191.66666666,184798,303443,0.9995672822077261,0.7740004336236915,1.3777467483427757e-06,0.017111270266706835,184797.99999999985,303442.99999999977,0.017111266336980437,5.843868937933684e-05,0.0,0.0
0.007481890525537264,212.5176999999999,154166825.0,184798,303279,0.9995672822077261,0.773582114298104,1.3784917734408808e-06,0.017115896154177173,184797.99999999985,303278.99999999977,0.0171158922209205,0.0,0.0001642915076310173,7.881285563739415e-05
0.007521041879236807,212.5176999999999,154050925.0,184798,303051,0.9995672822077261,0.7730005484064333,1.3795288798168522e-06,0.017122333504001542,184797.99999999985,303050.9999999998,0.01712232956773744,0.00023879514575112938,0.0001006634500333916,4.4676393317943634e-05
0.007577456256019585,212.5176999999999,153873516.66666666,184798,302702,0.9995672822077261,0.7721103444757621,1.3811194064042421e-06,0.01713220125011362,184797.99999999985,302701.99999999977,0.017132197305029725,0.00017069244833682674,0.0,0.0
0.007583661928812562,212.5176999999999,153851658.33333334,184798,302659,0.9995672822077261,0.7720006631891752,1.3813156276779373e-06,0.017133418227784306,184797.99999999985,302658.9999999999,0.017133414281579457,0.0001971616117070624,0.00015097889001124582,0.00019829753070356654
0.007644539971773773,212.5176999999999,153652391.66666666,184798,302267,0.9995672822077261,0.7710007779719168,1.3831070098865469e-06,0.01714452450769534,184797.99999999985,302266.99999999977,0.01714452055453894,0.00012667905320049434,0.0001559332329630314,7.44226949122379e-05
0.007669999311585974,212.5176999999999,153580208.33333334,184798,302125,0.9995672822077261,0.7706385746534203,1.3837570759036057e-06,0.01714855303312089,184797.99999999985,302124.9999999998,0.01714854907772719,8.711172835212792e-05,8.659998468676059e-05,0.00013559169661527497
0.00771489011757306,212.5176999999999,153453125.0,184798,301875,0.9995672822077261,0.7700008927546587,1.3849030444964866e-06,0.017155652413691262,184797.99999999985,301874.99999999977,0.017155648454086864,0.0,0.00012116410661674432,0.0
0.007781637188207886,212.5176999999999,153286900.0,184798,301548,0.9995672822077261,0.7691668048310785,1.3864048395524987e-06,0.017164951726426902,184797.99999999985,301547.9999999998,0.017164947759923686,0.0,0.0,0.0
0.007794936253300995,212.5176999999999,153253858.33333334,184798,301483,0.9995672822077261,0.7690010075374005,1.3867037496554592e-06,0.017166802016046957,184797.99999999985,301482.9999999999,0.017166798047437707,0.00013688089324101653,0.0,0.00025687483909769083
0.00786286833596492,212.5165499999999,153054083.33333334,184797,301090,0.9995618732353228,0.7679985715925473,1.3885062415300902e-06,0.017177908956081976,184796.99999999985,301089.9999999999,0.01717790498009613,8.39167777482892e-05,0.0001687901065477236,0.0001535273471839387
0.00788526322895101,212.5165499999999,152994100.0,184797,300972,0.9995618732353228,0.7676975857363316,1.3890506235207757e-06,0.01718127603776809,184796.99999999985,300971.9999999998,0.017181272060551877,0.00021895538425598728,0.00020224714317965687,0.0
0.007933599237068113,212.51539999999991,152854816.66666666,184796,300698,0.9995564642629193,0.7669986863752889,1.390308821366331e-06,0.017189009142361704,184795.99999999988,300697.99999999977,0.017189005157483186,0.0,0.0,0.0
0.007989041938105861,212.51539999999991,152701300.0,184796,300396,0.9995564642629193,0.7662283666415849,1.3917065539062203e-06,0.017197647367765214,184795.99999999988,300395.9999999998,0.01719764337747502,0.0003217298271848564,0.0,0.00017837096229049343
0.00801009085813033,212.51424999999992,152655550.0,184795,300306,0.9995510552905159,0.7659988011580308,1.3921161071444825e-06,0.017200131116440052,184794.9999999999,300305.9999999998,0.01720012712491222,0.00022019305004560865,0.00010270036071427493,4.5713501929444304e-05
0.008087574987309382,212.51424999999992,152456283.33333334,184795,299914,0.9995510552905159,0.7649989159407725,1.3939356604631026e-06,0.017211368087155964,184794.9999999999,299913.9999999999,0.017211364089568942,0.00018833070512497618,0.00011157624919604216,0.00013960588736382855
0.008103763831340038,212.51309999999992,152409008.33333334,184794,299821,0.9995456463181125,0.7647616982744332,1.394360493017664e-06,0.017213944082885596,184793.9999999999,299820.9999999998,0.0172139400817553,0.00013972498845340117,6.0174023405441366e-05,0.0
0.008155109442891245,212.51309999999992,152257016.66666666,184794,299522,0.9995456463181125,0.7639990307235142,1.3957524234515297e-06,0.017222533911715698,184793.9999999999,299521.99999999977,0.017222529905400512,0.0,9.47258602390108e-05,0.0
0.008211415268861367,212.51309999999992,152115700.0,184794,299244,0.9995456463181125,0.7632899284520913,1.397049088292661e-06,0.017230531988457205,184793.9999999999,299243.9999999998,0.017230527976966843,0.0,0.0,0.0
0.008232349367973476,212.51309999999992,152057750.0,184794,299130,0.9995456463181125,0.762999145506256,1.3975815109719822e-06,0.01723381499840763,184793.9999999999,299129.9999999998,0.01723381098363764,0.00021717922395581593,0.00023569906076861488,0.00021702694118264223
0.008311355921388038,212.51309999999992,151858483.33333334,184794,298738,0.9995456463181125,0.7619992602889979,1.3994153987006977e-06,0.01724511828215803,184793.9999999999,298737.9999999999,0.01724511426073837,0.00023023878625528014,0.00015188496826157993,0.00023620633515395115
0.008325430445007134,212.5119499999999,151822900.0,184793,298668,0.999540237345709,0.7618207093573446,1.3997358106056457e-06,0.017247045735332076,184792.99999999985,298667.9999999998,0.017247041710640454,0.00018190639340450184,0.0002092683768767498,0.0
0.00839278448750525,212.5096499999999,151659216.66666666,184791,298346,0.9995294194009021,0.7609993750717395,1.4012313571886437e-06,0.017256163689684436,184790.99999999988,298345.99999999977,0.017256159659447053,0.0001516242728259207,0.0,0.0
0.008438254285034457,212.5096499999999,151530608.33333334,184791,298093,0.9995294194009021,0.7603540409901929,1.4024206220602399e-06,0.017263485034801164,184790.99999999988,298092.9999999998,0.017263480998401005,0.00023157938781870967,0.0,0.0
0.008466960496216244,212.5096499999999,151459950.0,184791,297954,0.9995294194009021,0.7599994898544814,1.4030748722682128e-06,0.017267511402327563,184790.99999999988,297953.9999999998,0.017267507364422036,0.0,9.576594958721167e-05,4.1676832771177414e-05
0.008542216997700247,212.50734999999992,151260683.33333334,184789,297562,0.9995186014560954,0.7589996046372232,1.4049080390024235e-06,0.017278694521349162,184788.99999999988,297561.9999999999,0.01727869047544045,0.00019284902535298486,0.00014668587043427603,0.00026831927155226954
0.00854874871976094,212.50734999999992,151238316.66666666,184789,297518,0.9995186014560954,0.7588873726230411,1.4051158111497092e-06,0.017279972149008952,184788.99999999988,297517.99999999977,0.017279968102251613,0.0,0.0,0.0
0.00861823915000234,212.50734999999992,151061416.66666666,184789,297170,0.9995186014560954,0.7579997194199649,1.406761267630108e-06,0.017290087017326285,184788.99999999988,297169.99999999977,0.017290082963443927,0.0,0.00010012762437988551,4.4132000025838215e-05
0.008668992486522894,212.5050499999999,150946025.0,184787,296943,0.9995077835112884,0.7574207042558894,1.4078214381597654e-06,0.017296507309489183,184786.99999999985,296942.99999999977,0.017296503250248372,0.00018851785382101644,0.0,0.0
0.008698418645322647,212.5050499999999,150862150.0,184787,296778,0.9995077835112884,0.7569998342027067,1.4086041462354865e-06,0.017301314820729066,184786.99999999985,296777.9999999998,0.017301310759199936,0.0001623371384996387,0.0,0.0
0.008776608845612,212.5038999999999,150662883.33333334,184786,296386,0.999502374538885,0.7559999489854485,1.4104595325568456e-06,0.017312658705713184,184785.99999999988,296385.9999999999,0.017312654637251654,0.00022266822312115852,0.00019272538559737517,0.0002427034756797365
0.00878079102189056,212.5038999999999,150653225.0,184786,296367,0.999502374538885,0.7559514851611426,1.4105499566969104e-06,0.017313213651512664,184785.99999999988,296366.99999999977,0.017313209579337473,0.00021421392883680228,0.00016209461062602744,0.0001507739551188253
0.00885515086290073,212.5038999999999,150463616.66666666,184786,295994,0.999502374538885,0.7550000637681902,1.4123274762880102e-06,0.01732411893252755,184785.99999999988,295993.99999999977,0.01732411485517968,0.00016117382869301752,0.0,0.0
0.008896187398417445,212.5027499999999,150360933.33333334,184785,295792,0.9994969655664816,0.7544848167939909,1.4132843238536244e-06,0.017329939565699174,184784.99999999985,295791.9999999999,0.017329935485527276,0.00027900212755235283,0.0002376281589123428,0.00025225613891411325
0.008932242148857414,212.5015999999999,150264350.0,184784,295602,0.9994915565940782,0.754000178550932,1.4141850678487606e-06,0.01733541431907441,184783.99999999985,295601.9999999998,0.01733541023188489,0.00010825673533881065,0.00010460063949450826,0.0
0.009005980197577089,212.49929999999992,150069150.0,184782,295218,0.9994807386492714,0.7530206991544341,1.4160092197496948e-06,0.017346497283035448,184781.99999999988,295217.9999999998,0.017346493188775854,0.0,0.00011956445930383299,0.00019060399672469471
0.009007685953648517,212.49929999999992,150065083.33333334,184782,295210,0.9994807386492714,0.7530002933336739,1.4160475926833963e-06,0.017346732320869734,184781.99999999988,295209.9999999999,0.01734672822898801,0.00018531465228932922,0.0,0.00014484467716277926
0.009088197534986764,212.4946999999999,149865816.6666667,184778,294818,0.9994591027596577,0.7520004081164157,1.417899723408128e-06,0.017357885134880142,184777.99999999985,294817.99999999994,0.017357881033336024,0.0,0.0,8.096821514899647e-05
0.009122541241463548,212.4946999999999,149777875.0,184778,294645,0.9994591027596577,0.7515591322424725,1.418732239324399e-06,0.01736298020431879,184777.99999999985,294644.9999999998,0.017362976099820095,0.00019017657339798105,0.00016476340469186564,7.885711844213096e-05
0.009167832895386393,212.49239999999992,149666550.0,184776,294426,0.9994482848148508,0.7510005228991573,1.4197721534972238e-06,0.017369248468192093,184775.9999999999,294425.9999999998,0.017369244356266366,0.00015933933264945322,0.0,0.0
0.009240859180879944,212.49124999999992,149486091.6666667,184775,294071,0.9994428758424475,0.7500950146029159,1.4214783972934823e-06,0.017379635251894343,184774.99999999988,294070.99999999994,0.01737963113496266,0.0,2.337349815473615e-05,0.00018099348842492188
0.009246169264760557,212.49124999999992,149467283.33333334,184775,294034,0.9994428758424475,0.7500006376818992,1.4216572701473014e-06,0.017380728707542373,184774.99999999988,294033.9999999999,0.01738072458935402,0.0002486719427121169,0.0,0.00016609337811044267
0.00933876412988845,212.4889499999999,149268016.6666667,184773,293642,0.9994320578976406,0.749000752464641,1.423539715641249e-06,0.017392137863411372,184772.99999999985,293641.99999999994,0.01739213373756412,0.00012883808284552115,8.350224310628474e-05,3.421912368604567e-05
0.009372227092439152,212.4877999999999,149194308.33333334,184772,293497,0.9994266489252371,0.7486308969633593,1.4242352967330013e-06,0.017396339410495027,184771.99999999988,293496.9999999999,0.017396335280164574,9.429541225993854e-05,0.00012043163555130853,0.00022966271297062752
0.009423283090965753,212.48549999999992,149068750.0,184770,293250,0.9994158309804303,0.7480008672473827,1.425419479267116e-06,0.017403475824151124,184769.99999999988,293249.9999999998,0.017403471690834275,0.0002970202175433835,0.0,0.0
0.009489506231186124,212.48434999999992,148902525.0,184769,292923,0.9994104220080269,0.7471667793238025,1.4270030007886026e-06,0.017413092920863186,184768.9999999999,292922.9999999998,0.01741308878092625,0.0,4.95404028865271e-05,6.2094606377930116e-06
0.009505452979593697,212.48434999999992,148869483.33333334,184769,292858,0.9994104220080269,0.7470009820301245,1.4273197249178776e-06,0.01741502523659825,184768.9999999999,292857.9999999999,0.017415021092005555,0.00010358321318065585,0.0001569894164342699,7.474083018119228e-05
0.00959296505923198,212.4831999999999,148669708.33333334,184768,292465,0.9994050130356233,0.7459985460852713,1.429229951293036e-06,0.017426627716990696,184767.99999999985,292464.9999999999,0.017426623566859648,0.00030434709376884415,3.440447489282454e-05,0.00018091557303612617
0.009619282138456508,212.4831999999999,148609725.0,184768,292347,0.9994050130356233,0.7456975602290558,1.4298068312824069e-06,0.017430144316463527,184767.99999999985,292346.9999999998,0.017430140162645266,0.00023883591205841093,4.807986971771408e-05,8.050727484171853e-07
0.009681066321421622,212.4831999999999,148470441.6666667,184768,292073,0.9994050130356233,0.744998660868013,1.4311481640032382e-06,0.01743831819762252,184767.99999999985,292072.99999999994,0.01743831403970466,0.0,0.00018172641089716327,0.0
0.009751311999292545,212.4820499999999,148316925.0,184767,291771,0.99939960406322,0.7442283411343089,1.4326217321455384e-06,0.017447246273290085,184766.99999999985,291770.9999999998,0.017447242107495164,0.00024406344260780046,0.00020370312530191211,0.0
0.009774400176937708,212.4820499999999,148271175.0,184767,291681,0.99939960406322,0.7439987756507548,1.4330637765567037e-06,0.017449937794259043,184766.99999999985,291680.9999999998,0.017449933626647946,0.0001702084964616992,0.0,0.00011864628643234125
0.009858260997725438,212.4797499999999,148071908.33333334,184765,291289,0.9993887861184132,0.7429988904334965,1.4349767784560075e-06,0.01746148639555458,184764.99999999988,291288.9999999998,0.017461482221793282,0.0,0.0002792854355683328,0.0001880371018242421
0.00987756117677126,212.4797499999999,148024633.33333334,184765,291196,0.9993887861184132,0.7427616727671572,1.4354350706042388e-06,0.017464274532405316,184764.99999999988,291195.9999999999,0.017464270355415524,0.00010092275999945324,4.6816222352688176e-05,0.00022196457566545306
0.009945266810342173,212.47744999999992,147872641.6666667,184763,290897,0.9993779681736064,0.7419990052162384,1.4368949361097158e-06,0.017473058459883468,184762.99999999988,290896.99999999994,0.017473054276557907,0.00022065557515977375,0.00013878711896890775,0.0
0.010009766571008894,212.47744999999992,147732341.6666667,184763,290621,0.9993779681736064,0.7412950044000056,1.4382595415661909e-06,0.01748135348965157,184762.99999999988,290620.9999999999,0.01748134929825903,0.00028373625483779234,4.39974708762355e-05,0.00018083972819583018
0.010032835391365014,212.47744999999992,147673375.0,184763,290505,0.9993779681736064,0.74099911999898,1.4388338453021739e-06,0.01748484333425668,184762.99999999988,290504.9999999998,0.01748483914283508,5.2806815845475015e-05,3.6892917292422194e-05,0.0002556089216773355
0.010122016491261985,212.47629999999992,147474108.33333334,184762,290113,0.9993725592012029,0.7399992347817219,1.4407701962146684e-06,0.01749655738829689,184761.9999999999,290112.9999999999,0.01749655318706133,0.0,0.00020659304771435778,0.00010041899895370838
0.010140168925626372,212.47629999999992,147439541.6666667,184762,290045,0.9993725592012029,0.7398257853052588,1.4411079795701564e-06,0.017498608270360882,184761.9999999999,290044.9999999999,0.01749860406793135,0.00020196293129906087,0.00016153950229165303,7.705381079117737e-05
0.010219486378339577,212.4739999999999,147274841.6666667,184760,289721,0.9993617412563961,0.7389993495644638,1.442703978462942e-06,0.01750820051061602,184759.99999999985,289720.9999999999,0.017508196299772096,0.0001621736226220145,0.00011025642356926818,0.0
0.01028191180420048,212.4739999999999,147147250.0,184760,289470,0.9993617412563961,0.738359116938107,1.4439549498886314e-06,0.017515789563209445,184759.99999999985,289469.9999999998,0.017515785348110376,0.0002641564474038539,0.00019291198278444308,0.0
0.010313711336110476,212.4739999999999,147075575.0,184760,289329,0.9993617412563961,0.7379994643472054,1.4446586389344383e-06,0.01752005706751424,184759.99999999985,289328.99999999977,0.017520052850660148,0.00028744317723227743,0.00014807581991378775,0.0
0.010409501348754445,212.47054999999992,146876308.33333334,184757,288937,0.9993455143391858,0.7369995791299472,1.4465951140179909e-06,0.017531653073875123,184756.99999999988,288936.9999999999,0.017531648847867197,0.00017287597997499437,0.00019429181327482246,0.0001585968110162018
0.010419553414762386,212.47054999999992,146855466.6666667,184757,288896,0.9993455143391858,0.7368949992985504,1.4468004141940911e-06,0.01753289707219107,184756.99999999988,288895.99999999994,0.017532892844212222,0.00019145570412706274,0.0,9.084279809198399e-05
0.010499034178542692,212.4682499999999,146677041.6666667,184755,288545,0.9993346963943789,0.735999693912689,1.448544691014754e-06,0.017543367850749052,184754.99999999985,288544.99999999994,0.017543363616788536,0.0003004052170039431,0.0,0.0001560153451749095
0.010547434225148441,212.4670999999999,146564191.6666667,184754,288323,0.9993292874219755,0.7354334323865888,1.4496521802761842e-06,0.01755002549149026,184753.99999999985,288322.99999999994,0.017550021250445438,0.00021274067516190102,0.00011988777063490783,0.0
0.010585065528005342,212.4670999999999,146477775.0,184754,288153,0.9993292874219755,0.7349998086954307,1.4505074233958012e-06,0.017555201672933805,184753.99999999985,288152.9999999998,0.01755519742801453,5.830556265662681e-06,0.00011145490350780034,0.00013701724944899035
0.010686705358561121,212.4659499999999,146278508.33333334,184753,287761,0.999323878449572,0.7339999234781726,1.4524755032081772e-06,0.01756705973237563,184752.99999999985,287760.9999999998,0.017567055479924508,0.0,0.00020600139979657191,0.0002738141730081222
0.010690662230057718,212.4659499999999,146271391.6666667,184753,287747,0.999323878449572,0.7339642132918419,1.4525461717365891e-06,0.017567487079741297,184752.99999999985,287746.99999999994,0.0175674828280049,0.00010395760990709788,0.0,0.0
0.010785824823634634,212.46364999999992,146079241.6666667,184751,287369,0.9993130605047653,0.7330000382609144,1.4544410798956199e-06,0.017578846962885957,184750.99999999988,287368.99999999994,0.01757884270035942,0.00023008916150734385,3.015080319904524e-05,0.0
0.010833598476864981,212.46364999999992,145979100.0,184751,287172,0.9993130605047653,0.7324975449246901,1.455438826516946e-06,0.01758487547392665,184750.99999999988,287171.9999999998,0.017584871207034995,0.0,0.00016051910841002266,0.0
0.010881935346329075,212.46364999999992,145879975.0,184751,286977,0.9993130605047653,0.7320001530436561,1.456427792779646e-06,0.01759084889410989,184750.99999999988,286976.9999999998,0.017590844623403306,8.386537039633e-05,0.0,0.00021835542566089042
0.010975836096350167,212.46134999999992,145686808.33333334,184749,286597,0.9993022425599585,0.7310308765575384,1.4583430883727342e-06,0.017602316362309828,184748.99999999988,286596.9999999999,0.01760231208480808,0.0,0.00017096612348158028,0.0
0.010978880480048234,212.46134999999992,145680708.33333334,184749,286585,0.9993022425599585,0.7310002678263979,1.4584041526889422e-06,0.017602684884014105,184748.99999999988,286584.9999999999,0.01760268060558877,0.0,0.0,0.00017550735006030655
0.011073553115275027,212.45674999999991,145481441.6666667,184745,286193,0.9992806066703448,0.7300003826091397,1.4603701170819432e-06,0.01761435462548512,184744.99999999988,286192.9999999999,0.017614350339233666,0.0001266807960727848,0.0,0.00011782122582152448
0.011115722644462568,212.45559999999992,145396041.6666667,184744,286025,0.9992751976979414,0.7295718603731719,1.4612199724602765e-06,0.017619431488587578,184743.99999999988,286024.99999999994,0.017619427196513854,0.00018505243473398238,0.0002194637541735072,0.0
0.011166437667735932,212.45444999999992,145282175.00000003,184743,285801,0.999269788725538,0.7290004973918816,1.4623573057052587e-06,0.01762623944825136,184742.9999999999,285800.99999999994,0.01762623515380523,0.00014063949652790152,0.000171180909554562,0.0
0.011251333802095465,212.45444999999992,145103241.6666667,184743,285449,0.999269788725538,0.7281026412784252,1.4641606042686036e-06,0.017637103954208404,184742.9999999999,285448.99999999994,0.017637099652279237,0.00021659164198614046,0.0,0.0
0.011259260231661364,212.45444999999992,145082908.33333334,184743,285409,0.999269788725538,0.7280006121746232,1.4643658060112634e-06,0.017638339828763065,184742.9999999999,285408.9999999999,0.017638335524953506,0.0001512133795462382,0.00019843775228073113,0.0001592050387884532
0.011357854782885935,212.4532999999999,144883641.6666667,184742,285017,0.9992643797531344,0.7270007269573651,1.4663718937213803e-06,0.017650369623561892,184741.99999999985,285016.99999999994,0.017650365310963475,0.00021615018521130728,0.0,0.0
0.011393313776035687,212.4532999999999,144810441.6666667,184742,284873,0.9992643797531344,0.7266334221836783,1.4671131277193228e-06,0.01765483008859874,184741.99999999985,284872.99999999994,0.017654825773235554,0.0,0.00012001394479770843,0.00013809466534384502
0.011456217410556567,212.4509999999999,144684375.00000003,184740,284625,0.9992535618083276,0.7260008417401069,1.4683755588673612e-06,0.01766232872123406,184739.99999999988,284624.99999999994,0.017662324398594026,0.00016276308020905653,0.00019692053935700657,0.0001585834384525811
0.011537151414000255,212.44869999999992,144519166.6666667,184738,284300,0.9992427438635209,0.7251718552717167,1.4700382302232106e-06,0.017672229937425035,184737.99999999988,284299.99999999994,0.017672225607423264,0.0,0.0,0.0
0.011556261413782427,212.44754999999992,144485108.33333334,184737,284233,0.9992373348911174,0.7250009565228486,1.4703767914259669e-06,0.01767421700996419,184736.99999999988,284232.9999999998,0.01767421267727923,0.00016128079799229532,0.00016768729156594443,0.0002335431749736622
0.011653777854439999,212.4463999999999,144285333.33333334,184736,283840,0.9992319259187139,0.7239985205779953,1.472404679616315e-06,0.017686352748026917,184735.99999999988,283839.9999999998,0.017686348406743387,0.0,0.0,0.00010578667309616213
0.01168328562622616,212.4463999999999,144226875.00000003,184736,283725,0.9992319259187139,0.7237051869045651,1.4730014777065636e-06,0.01768993671931699,184735.99999999988,283724.99999999994,0.017689932375459703,0.0,0.0,0.00016945461673572914
0.011743026386620208,212.4452499999999,144086066.6666667,184735,283448,0.9992265169463105,0.7229986353607372,1.4744329893568234e-06,0.017698482562981423,184734.99999999985,283447.9999999999,0.017698478214010337,0.00019055952486971865,0.0,0.0
0.01182060809426132,212.4429499999999,143935091.6666667,184733,283151,0.9992156990015036,0.7222410692650083,1.4759635578791844e-06,0.01770757048068282,184732.99999999988,283150.9999999999,0.017707566125697533,0.00029657236614422095,0.0,0.0
0.011845680615403278,212.44064999999992,143886800.00000003,184731,283056,0.9992048810566968,0.7219987501434789,1.4764429398666165e-06,0.01771035002006383,184730.99999999988,283056.0,0.017710345659926754,0.0001534617221365577,0.00012927616050465753,0.0
0.011942779397146866,212.4371999999999,143687533.33333334,184728,282664,0.9991886541394865,0.7209988649262206,1.4784664686753146e-06,0.01772233835867241,184727.99999999985,282663.9999999999,0.017722333992891148,0.0,0.0001282255694742414,5.910264059424163e-05
0.011967023615941357,212.4371999999999,143644325.00000003,184728,282579,0.9991886541394865,0.7207820530806418,1.4789111926280405e-06,0.01772500360537513,184727.99999999985,282578.99999999994,0.017724999237351036,0.00019692886887541936,0.0,0.0
0.01204084453524468,212.4360499999999,143488266.6666667,184727,282272,0.9991832451670831,0.7199989797089624,1.4805116469453476e-06,0.01773454386941102,184726.99999999985,282271.99999999994,0.017734539493750954,0.0002641701149191443,0.0,0.0
0.012112303994832674,212.43374999999992,143352541.6666667,184725,282005,0.9991724272222763,0.719317935441085,1.4818973387577993e-06,0.017742745243826828,184724.99999999988,282004.99999999994,0.017742740862208558,0.0002394959335371177,0.0,0.0001687886432647306
0.012149216227653829,212.43259999999992,143289000.00000003,184724,281880,0.9991670182498729,0.7189990944917043,1.4825464620452364e-06,0.017746582757056942,184723.99999999988,281879.99999999994,0.017746578371119873,0.00017351819686978892,0.00016157730385252586,0.00014769669473787146
0.01225753175583728,212.4291499999999,143089733.33333334,184721,281488,0.9991507913326626,0.7179992092744459,1.484586944509412e-06,0.01775864698458842,184720.99999999985,281487.9999999999,0.017758642589242965,0.00017590699909286896,0.0,0.00016560955452375788
0.012272504822071805,212.4291499999999,143061266.6666667,184721,281432,0.9991507913326626,0.7178563685291234,1.4848823511045842e-06,0.01776041372533726,184720.99999999985,281431.9999999999,0.017760409328897886,0.00018458753501791986,0.0,0.0
0.012361949268651749,212.42569999999992,142890466.6666667,184718,281096,0.9991345644154523,0.7169993240571878,1.486633118047996e-06,0.017770736640458324,184717.9999999999,281095.99999999994,0.017770732238852727,8.233500670494566e-05,0.0,0.0
0.01242009169628173,212.4245499999999,142770500.00000003,184717,280860,0.9991291554430488,0.7163973523447569,1.4878742457300342e-06,0.017778104991977964,184716.99999999985,280860.0,0.017778100583884827,0.0,0.00017744151873811417,0.0001973513703175295
0.012467234669006825,212.4233999999999,142691200.00000003,184716,280704,0.9991237464706454,0.7159994388399296,1.488693065865308e-06,0.01778294808538597,184715.99999999985,280703.99999999994,0.017782943673589558,0.0,0.0,0.00016345456064878532
0.012576730303516798,212.4222499999999,142491933.33333334,184715,280312,0.999118337498242,0.7149995536226713,1.4907668457489282e-06,0.017795281610567173,184714.99999999988,280311.9999999998,0.017795277190562227,0.00015753013788281174,0.00011959457681168389,0.00013699563172185676
0.012583588819254019,212.4222499999999,142478208.33333334,184715,280285,0.999118337498242,0.7149306839776051,1.4909104520954513e-06,0.01779613870429855,184714.99999999988,280284.9999999999,0.017796134281537642,0.00019825485779369876,0.00019400073217346026,0.00015684228200253423
0.012693895047139164,212.41994999999991,142292666.6666667,184713,279920,0.9991075195534352,0.7139996684054131,1.4928383519413033e-06,0.01780754469536589,184712.99999999988,279919.9999999999,0.017807540265896243,6.615623293236661e-05,0.00019597563090134346,9.472125913179206e-05
0.012746349979912672,212.41764999999992,142186933.33333334,184711,279712,0.9990967016086284,0.7134691170656434,1.4939322835103453e-06,0.0178139716212416,184710.9999999999,279711.9999999999,0.017813967187676197,0.00013851668927709695,0.0,0.0002710611757981406
0.012791530184018572,212.41764999999992,142093400.00000003,184711,279528,0.9990967016086284,0.7129997831881549,1.4949156681450361e-06,0.017819833702241678,184710.9999999999,279528.0,0.0178198292621411,0.00011682262769545211,0.0,0.0
0.01290241142133007,212.4141999999999,141895150.00000003,184708,279138,0.999080474691418,0.7120049994260867,1.496979988392837e-06,0.017831988297732634,184707.99999999988,279137.99999999994,0.0178319838493259,0.00010707227102779406,7.169899393759221e-05,0.0
0.012902780744470042,212.4141999999999,141894133.33333334,184708,279136,0.999080474691418,0.7119998979708966,1.4969907142038281e-06,0.017832052180414757,184707.99999999988,279135.9999999999,0.017832047731173438,0.00015354365598541474,0.0002258172085873624,0.00020885933909650366
0.013015065472426483,212.4072999999999,141694866.6666667,184702,278744,0.9990480208569975,0.7110000127536384,1.4990472484771259e-06,0.01784400679840308,184701.99999999985,278743.99999999994,0.0178440023413904,0.00020869373962199823,0.0,0.00017271377592288298
0.013063205363877407,212.40499999999992,141605908.33333334,184700,278569,0.9990372029121908,0.7105536354245052,1.4999727235957484e-06,0.017849417535464703,184699.99999999988,278568.9999999999,0.0178494130718016,8.236076837804936e-05,0.00010953246660283777,0.0001838658108435068
0.013126838926597455,212.40499999999992,141495600.00000003,184700,278352,0.9990372029121908,0.7100001275363803,1.5011420849835604e-06,0.01785637377971611,184699.99999999988,278351.99999999994,0.0178563693120588,7.830994806600682e-05,0.0001638682969109411,7.795286167318861e-05
0.013236056678077398,212.40384999999992,141313108.33333337,184699,277993,0.9990317939397874,0.7090844163297586,1.5030725210500336e-06,0.01786780317499141,184698.99999999988,277993.00000000006,0.01786779869662547,0.0,9.305666389996586e-05,0.00022043938311656997
0.013245982142098411,212.40384999999992,141296333.33333337,184699,277960,0.9990317939397874,0.7090002423191221,1.503250969003677e-06,0.017868863795233638,184698.99999999988,277960.00000000006,0.01786885931841035,0.00012613605045427582,0.0001920987904333408,0.00019990320058978418
0.013358001923112173,212.3992499999999,141097066.6666667,184695,277568,0.9990101580501736,0.7080003571018637,1.5053413583840148e-06,0.01788108988609883,184694.99999999988,277567.99999999994,0.017881085401107142,0.00030771437666287244,0.0,0.0
0.01339655052536012,212.3992499999999,141021833.33333337,184695,277420,0.9990101580501736,0.707622849417797,1.5061444386271145e-06,0.017885858915804687,184694.99999999988,277420.00000000006,0.017885854425283246,0.0002194734703368946,0.0,6.623389781518986e-05
0.013456838230095974,212.3992499999999,140897800.00000003,184695,277176,0.9990101580501736,0.7070004718846056,1.5074703082659904e-06,0.01789372970827952,184694.99999999988,277175.99999999994,0.01789372521194988,0.00020070763547069633,0.0,0.0
0.013556913460775493,212.3934999999999,140731066.6666667,184690,276848,0.9989831131881565,0.7061638332334302,1.5092154492303514e-06,0.01790384180884389,184689.99999999985,276847.99999999994,0.01790383730464619,0.00016361877410762032,0.0,0.00013796295996710883
0.013574817352055823,212.3923499999999,140698533.33333337,184689,276784,0.998977704215753,0.7060005866673474,1.5095562474472598e-06,0.017905814665982244,184688.99999999985,276784.0,0.017905810160557874,0.0,0.00016372232187223767,7.78299390264833e-05
0.013676417743348898,212.3865999999999,140499266.6666667,184684,276392,0.998950659353736,0.7050007014500891,1.5116562885974722e-06,0.017918022756538615,184683.99999999988,276391.9999999999,0.017918018241330883,0.0001558841518602045,7.549708318916747e-05,0.0001788198330456828
0.01370342149086362,212.3865999999999,140440808.33333337,184684,276277,0.998950659353736,0.7047073677766589,1.512285513879304e-06,0.017921751547270093,184683.99999999988,276277.0,0.017921747029081957,0.0,0.0,0.0
0.01378314545352394,212.3865999999999,140300000.00000003,184684,276000,0.998950659353736,0.704000816232831,1.5138032786885235e-06,0.017930742634634737,184683.99999999988,276000.0,0.0179307381086953,9.995584729053901e-05,0.0,0.0
0.013873009115231219,212.38199999999992,140149533.33333337,184680,275704,0.9989290234641223,0.7032458008646972,1.5153956987845829e-06,0.017939976847790723,184679.99999999988,275704.0,0.017939972315895576,0.00023180952371838922,0.00020273773659567796,0.0002956782310253048
0.013898746228409982,212.38199999999992,140100733.33333337,184680,275608,0.9989290234641223,0.7030009310155727,1.5159235426319434e-06,0.01794310100933663,184679.99999999988,275608.0,0.017943096476989988,0.0,7.426622623807897e-05,0.00025089235506925146
0.014015886288483242,212.3796999999999,139900958.33333337,184678,275215,0.9989182055193153,0.7019984950707194,1.5180718025817659e-06,0.01795571313010916,184677.99999999985,275215.0,0.017955708589372715,0.00014786541483144362,0.00019191634154453534,9.250347469173783e-05
0.014038496547405912,212.3796999999999,139857241.6666667,184678,275129,0.9989182055193153,0.7017791324975454,1.5185463224434383e-06,0.017958519215031082,184677.99999999985,275128.99999999994,0.01795851467165939,0.00022695846365120644,0.0,0.0
0.01411940532156739,212.3773999999999,139701691.6666667,184676,274823,0.9989073875745086,0.7009986098534612,1.520220674970351e-06,0.01796831974271518,184675.99999999988,274822.99999999994,0.01796831518990237,0.00021100909889172216,1.0362114913087316e-05,0.0
0.014202589594226848,212.3773999999999,139564950.00000003,184676,274554,0.9989073875745086,0.7003124641303937,1.5217101428403038e-06,0.0179771200054417,184675.99999999988,274553.99999999994,0.01797711544673727,0.000252234228776999,0.00018797766768421977,0.0
0.014239245898573234,212.3762499999999,139502425.00000003,184675,274431,0.9989019786021052,0.6999987246362029,1.522383929885089e-06,0.01798105086165038,184674.99999999985,274430.99999999994,0.017981046298961065,0.00017081152600014138,6.398731330528139e-05,0.0001259233497903978
0.014359146305982605,212.3716499999999,139303158.33333337,184671,274039,0.9988803427124914,0.6989988394189448,1.5245286075411417e-06,0.017993517050752323,184670.99999999985,274039.0,0.017993512479854396,0.00011922696033431808,0.0,0.0
0.014378750219090143,212.3716499999999,139274183.33333337,184671,273982,0.9988803427124914,0.6988534479460271,1.5248457748391022e-06,0.0179953886648249,184670.99999999985,273982.00000000006,0.017995384091403346,9.764361211859167e-05,2.0483350221003674e-05,0.00012210862511992558
0.014484997918882987,212.3704999999999,139103891.6666667,184670,273647,0.998874933740088,0.6979989542016865,1.5267042313158375e-06,0.01800630281197836,184669.99999999988,273646.9999999999,0.01800629822991612,0.0,0.0,0.00010775241678021674
0.014561161103709388,212.3693499999999,138982400.00000003,184669,273408,0.9988695247676846,0.6973893303064704,1.5280305276063722e-06,0.01801407366277606,184668.99999999988,273408.0,0.018014069072122725,0.00011494258817036526,0.00014067207208793975,0.00018747759498403025
0.014610857237154808,212.36819999999992,138904625.00000003,184668,273255,0.9988641157952812,0.6969990689844283,1.5288778181432035e-06,0.018019018570915545,184667.99999999988,273254.99999999994,0.018019013980680093,0.00014168424647124483,0.00012237676911074606,5.553030573524874e-05
0.014727184451370183,212.3647499999999,138705358.33333337,184665,272863,0.9988478888780709,0.6959991837671702,1.5310493592442915e-06,0.01803166421641591,184664.99999999985,272863.0,0.018031659615431246,0.00013207361581526764,0.00018492947341805437,0.0
0.014737568232930182,212.3647499999999,138691125.00000003,184665,272835,0.9988478888780709,0.6959277633945088,1.5312064849138677e-06,0.01803258945263026,184664.99999999985,272834.99999999994,0.018032584849916922,0.00012547758826068084,0.00017080429480685025,0.0
0.01485152100228787,212.36129999999991,138506091.6666667,184662,272471,0.9988316619608607,0.6949992985499118,1.5332271486735443e-06,0.018044337352410785,184661.99999999988,272470.99999999994,0.018044332741437432,9.025087633087249e-05,0.00019579321144582769,0.00019918369580574253
0.014917516754016953,212.36129999999991,138399341.6666667,184662,272261,0.9988316619608607,0.694463645754952,1.5344097554413937e-06,0.0180512949784279,184661.99999999988,272260.9999999999,0.018051290361311093,0.00022989808995190918,0.0,0.0
0.014972759691563677,212.36129999999991,138306825.00000003,184662,272079,0.9988316619608607,0.6939994133326536,1.5354361579770185e-06,0.018057331435597148,184661.99999999988,272078.99999999994,0.01805732681417206,0.0,8.60654567300883e-05,0.00012861140530062354
0.015098090922274288,212.35899999999992,138107558.33333337,184660,271687,0.9988208440160539,0.6929995281153954,1.5376348880736483e-06,0.01807015791841432,184659.9999999999,271687.0,0.01807015328636713,0.00017574123792306218,0.0,0.00023306189556015583
0.015098459378436527,212.35899999999992,138107050.00000003,184660,271686,0.9988208440160539,0.6929969773878004,1.5376405476766022e-06,0.018070191173976423,184659.9999999999,271685.99999999994,0.018070186542757473,0.0,0.0001639863419873154,0.0002281531095613939
0.01522070939320407,212.3566999999999,137908291.6666667,184658,271295,0.9988100260712469,0.6919996428981371,1.539839972155408e-06,0.018083012332435495,184657.99999999985,271294.99999999994,0.018083007692294557,0.0002548424898151992,0.0,0.0
0.015282526443552486,212.3566999999999,137814758.33333337,184658,271111,0.9988100260712469,0.6915303090206487,1.540885044302523e-06,0.018089147660612356,184657.99999999985,271111.0,0.018089143015856964,0.0,0.0,0.00019348507316997122
0.015353453980399435,212.3543999999999,137709025.00000003,184656,270903,0.9987992081264401,0.690999757680879,1.542051437805183e-06,0.01809589477876838,184655.99999999988,270902.99999999994,0.018095890129487886,0.00014641750799059165,0.00021670179519627463,0.0
0.015470751544715656,212.34634999999992,137526025.00000003,184649,270543,0.9987613453196161,0.6900814957466622,1.5440448453301829e-06,0.01810724405154409,184648.99999999988,270542.99999999994,0.01810723939254081,0.0001995798449568489,0.0002230180981765674,0.00020566377830024906
0.015478347072538198,212.34634999999992,137509758.33333337,184649,270511,0.9987613453196161,0.6899998724636208,1.5442274975515363e-06,0.018108315014785405,184648.99999999988,270511.0,0.018108310355580543,4.3839932168812034e-05,0.00025067942395245107,0.0001740774148655529
0.015609968998885457,212.3428999999999,137310491.66666672,184646,270119,0.9987451184024059,0.6889999872463626,1.5464433738645475e-06,0.018121155335468597,184645.99999999985,270119.0,0.018121150666906397,0.00016842364588715684,0.0,0.0
0.015651772849682416,212.3417499999999,137234750.00000003,184645,269970,0.9987397094300025,0.6886199288347006,1.547288496536044e-06,0.018126057130808466,184644.99999999988,269969.99999999994,0.018126052456317578,0.00012316373524552516,0.00013728833285061516,0.00013882248938279707
0.015731041930729096,212.3405999999999,137111225.00000003,184644,269727,0.998734300457599,0.6880001020291043,1.5486740782893586e-06,0.018134122062796677,184643.99999999988,269726.9999999999,0.018134117383503016,0.00021846465484714144,0.0002216472111701619,0.00010772275987467255
0.015832846752538498,212.3394499999999,136942458.33333337,184643,269395,0.9987288914851956,0.6871532604675489,1.5505742527503177e-06,0.018145194515715814,184642.99999999988,269395.0,0.01814518982649344,8.646022726479307e-05,0.00021143896658486132,0.0
0.015856706839078416,212.3394499999999,136911958.33333337,184643,269335,0.9987288914851956,0.6870002168118461,1.5509196755700961e-06,0.01814721551381182,184642.99999999988,269334.99999999994,0.018147210823291363,0.00023731152398395378,0.00019823209873029134,0.00015602776393748767
0.01598824227126869,212.33829999999992,136712691.66666672,184642,268943,0.9987234825127922,0.686000331594588,1.5531718190270423e-06,0.018160337652701003,184641.99999999988,268943.00000000006,0.018160332950435416,0.00019112356273636008,0.0,0.0
0.016026214536471732,212.33829999999992,136649658.33333337,184642,268819,0.9987234825127922,0.6856840413728021,1.5538882613378886e-06,0.018164525642098195,184641.99999999988,268819.0,0.01816452093531126,0.0,0.00014405891655946954,0.0
0.016116500190986777,212.3359999999999,136513425.00000003,184640,268551,0.9987126645679852,0.6850004463773296,1.5554221132463701e-06,0.018173390158093262,184639.99999999983,268550.99999999994,0.018173385446697898,0.00018280080770154716,0.0,0.0
0.0162173287781624,212.3348499999999,136357875.00000003,184639,268245,0.9987072555955819,0.6842199237332454,1.5571880245273685e-06,0.01818365435246213,184638.99999999985,268244.99999999994,0.01818364963341004,0.00025610044700390496,0.0,0.0
0.016241394359726876,212.3348499999999,136314158.33333337,184639,268159,0.9987072555955819,0.6840005611600715,1.5576874229070959e-06,0.018186569915458622,184638.99999999985,268158.99999999994,0.018186565194382047,0.00010644422640052601,0.00020846213415440836,0.0
0.01637986374396751,212.33139999999992,136114891.66666672,184636,267767,0.9986910286783717,0.6830006759428133,1.5599424677204361e-06,0.018199581536137995,184635.99999999988,267767.0,0.018199576804645953,0.000224307384865587,0.0,0.0
0.01641509522373144,212.33139999999992,136066091.66666672,184636,267671,0.9986910286783717,0.6827558060936888,1.5605019398967316e-06,0.01820284487658423,184635.99999999988,267671.0,0.018202840143540934,0.00018813692989038617,0.0,0.0
0.01651526956124171,212.3279499999999,135915625.00000003,184633,267375,0.9986748017611613,0.682000790725555,1.5622041248016913e-06,0.018212621977647458,184632.99999999988,267374.99999999994,0.01821261723551591,0.0,0.00017254783033735714,0.00019217945343618146
0.01660016590390212,212.3267999999999,135774816.66666672,184632,267098,0.9986693927887579,0.6812942391817272,1.5638157738873753e-06,0.01822196474200929,184631.99999999985,267098.0,0.018221959991580796,0.00019087348062130777,0.0,0.00023267407962295148
0.016634342591820457,212.3267999999999,135716358.33333337,184632,266983,0.9986693927887579,0.6810009055082967,1.5644893703860177e-06,0.01822588877525806,184631.99999999985,266983.0,0.018225884021181752,0.0,0.0,0.0
0.016764305038135034,212.32449999999992,135516583.33333337,184630,266590,0.9986585748439512,0.6799984695634436,1.5667787275727006e-06,0.018239120317123568,184629.99999999988,266589.99999999994,0.01823911555272103,0.0002090276100878784,0.00020725433962540409,0.00010022414977937507
0.016786287707721986,212.32334999999992,135483541.66666672,184629,266525,0.9986531658715477,0.6798326722697655,1.5671523447651225e-06,0.01824124545640691,184628.99999999988,266525.0,0.018241240692054912,0.0001862505480067202,0.0,0.0
0.01690945883072347,212.32334999999992,135317316.66666672,184629,266198,0.9986531658715477,0.6789985843461853,1.5690774486980528e-06,0.018252445872184463,184628.99999999988,266198.0,0.018252441098964522,0.0002561353171779972,0.0,0.0
0.017000904201870025,212.3221999999999,135190741.66666672,184628,265949,0.9986477568991442,0.6783634531750188,1.5705380219269194e-06,0.018260889573051244,184627.99999999983,265949.0,0.018260884794095544,0.0002061670482835806,0.0,0.0
0.017054884693332138,212.3210499999999,135118050.00000003,184627,265806,0.9986423479267408,0.677998699128927,1.5713744388703053e-06,0.018265702034252717,184626.99999999988,265805.99999999994,0.018265697249075154,0.00017614203747650834,2.7191066616905783e-05,0.00017172455843710152
0.01719364172320517,212.31529999999992,134918783.33333337,184622,265414,0.9986153030647238,0.6769988139116688,1.5736526431271544e-06,0.018278690681264198,184621.99999999988,265414.0,0.01827868588544022,0.0,0.00019767352061825184,9.523083042516493e-05
0.017206325769783894,212.3141499999999,134900991.66666672,184621,265379,0.9986098940923203,0.6769095384458422,1.5738516624445359e-06,0.01827979698842409,184620.99999999983,265379.0,0.0182797921936701,0.00024142261310473764,0.0,0.0
0.017330679721999285,212.3118499999999,134719516.66666672,184619,265022,0.9985990761475134,0.6759989286944107,1.5759546593781066e-06,0.01829190665974123,184618.99999999988,265022.00000000006,0.018291901856521534,0.00014272747865172288,0.0,0.0
0.01740682342245346,212.3106999999999,134609208.33333337,184618,264805,0.99859366717511,0.6754454208062856,1.5772375651616195e-06,0.018299300848003974,184617.99999999988,264805.0,0.01829929603753837,0.0,0.0001455904201572689,6.779459156605082e-05
0.01746762941427462,212.30954999999992,134520250.00000003,184617,264630,0.9985882582027067,0.6749990434771523,1.5782720445434786e-06,0.018305251365512733,184616.99999999988,264629.99999999994,0.018305246550240448,0.0002763108671366292,0.0,8.604811552950655e-05
0.01761759979706204,212.3037999999999,134320983.33333337,184612,264238,0.9985612133406895,0.6739991582598942,1.5805706206985022e-06,0.018318328224558336,184611.99999999988,264237.99999999994,0.018318323396961163,0.0,0.00014680612382815645,0.00018576139255698255
0.017618878409990685,212.3037999999999,134318950.00000003,184612,264234,0.9985612133406895,0.673988955349514,1.5805945475303362e-06,0.01831846687635106,184611.99999999988,264233.99999999994,0.018318462050286352,0.0,0.0002071691303440543,0.00015791177614395897
0.017762502320626285,212.30149999999992,134121716.6666667,184610,263846,0.9985503953958826,0.672999273042636,1.5829017498160553e-06,0.018331732483280818,184609.99999999988,263845.99999999994,0.018331727644282328,0.0002420458219741656,0.0,0.0
0.017829852775838106,212.2980499999999,134028183.33333337,184607,263662,0.9985341684786724,0.6725299391651474,1.5839806577994592e-06,0.018337829884927558,184606.99999999988,263662.0,0.018337825044183225,0.00019072162183386227,0.0002694328289328475,0.0001797763428250387
0.01791119749507753,212.2968999999999,133922450.00000004,184606,263454,0.998528759506269,0.6719993878253777,1.5852226419095518e-06,0.018344968048138097,184605.99999999988,263454.0,0.01834496320278666,0.0002225791476517841,0.0,0.0
0.018054057883533384,212.2911499999999,133737925.00000004,184601,263091,0.9985017146442519,0.6710734737083759,1.5873668594753496e-06,0.01835712221645621,184600.99999999985,263091.0,0.018357117360595494,0.00015719837100013154,0.00015450587266603846,0.0
0.018064388605172413,212.2911499999999,133723183.33333337,184601,263062,0.9985017146442519,0.6709995026081195,1.587541851070201e-06,0.018358134034722088,184600.99999999985,263061.99999999994,0.018358129177494593,0.0,0.0,0.0001560141200200114
0.018199882032674496,212.2899999999999,133523916.6666667,184600,262670,0.9984963056718484,0.6699996173908612,1.58990243320953e-06,0.018371727941215846,184599.99999999988,262669.99999999994,0.018371723073479035,0.00019574736979787602,0.0,0.0
0.018263962136684554,212.2899999999999,133445125.00000004,184600,262515,0.9984963056718484,0.669604254613629,1.590841179098898e-06,0.01837715086488939,184599.99999999988,262515.0,0.01837714599270176,0.00012824222905091898,0.0,8.927894441698303e-05
0.018353958733239348,212.28769999999992,133324650.00000004,184598,262278,0.9984854877270416,0.6689997321736031,1.5922614460266713e-06,0.018385252790638372,184597.99999999988,262278.0,0.01838524791147315,0.00017054321330924602,0.0,0.00016955601943770697
0.018474535921580253,212.28539999999992,133153850.00000003,184596,261942,0.9984746697822348,0.6681426877016674,1.5942866090616222e-06,0.01839684131907676,184595.99999999988,261941.99999999994,0.018396836431635467,0.0,0.0,0.0
0.018498136357627017,212.2842499999999,133125383.33333337,184595,261886,0.9984692608098312,0.6679998469563448,1.5946188824745782e-06,0.01839870847374766,184594.99999999985,261885.99999999997,0.01839870358424912,7.109111908050934e-05,0.0,0.0001648582272709679
0.01863929350027488,212.27964999999992,132926116.6666667,184591,261494,0.9984476249202177,0.6669999617390866,1.5969747354639477e-06,0.018412094880896342,184590.99999999988,261493.99999999997,0.018412089979482994,0.00028874010593134687,0.0,0.0
0.01868688778434655,212.2773499999999,132864100.00000003,184589,261372,0.9984368069754107,0.6666887729724909,1.5977028407222105e-06,0.01841619192764842,184588.99999999985,261371.99999999994,0.018416187022818675,8.39824433806238e-05,0.0001942801346464123,0.00015318480516511563
0.01879410870326643,212.2773499999999,132726850.00000003,184589,261102,0.9984368069754107,0.6660000765218284,1.5993549910963745e-06,0.018425711362637043,184588.99999999985,261101.99999999994,0.018425706449925718,0.0001935864115190146,0.0,0.0
0.018901530997484546,212.2761999999999,132571300.00000003,184588,260796,0.9984313980030073,0.6652195538777441,1.601222889117025e-06,0.01843641804296006,184587.99999999988,260795.99999999994,0.018436413121872476,0.00017011654707141125,0.0,0.0
0.018936286751266542,212.2761999999999,132527583.33333337,184588,260710,0.9984313980030073,0.6650001913045701,1.601751082007455e-06,0.01843945858843016,184587.99999999988,260710.0,0.018439453665380558,0.00018914895837408366,0.00018905466294824206,0.00022880316408130445
0.019096783241451917,212.2738999999999,132328316.6666667,184586,260318,0.9984205800582006,0.6640003060873119,1.6041456987223308e-06,0.018453136959227665,184585.99999999988,260317.99999999994,0.018453132026848288,0.00010078582853060506,0.0,0.0
0.019131396771708893,212.2738999999999,132279008.33333337,184586,260221,0.9984205800582006,0.6637528855105924,1.6047436601965242e-06,0.018456575935156302,184585.99999999988,260220.99999999997,0.01845657099973603,8.733038000593593e-05,0.0,0.0002941021166556463
0.019262546444167566,212.2692999999999,132129050.00000003,184582,259926,0.9983989441685868,0.6630004208700536,1.6065301309590878e-06,0.01846664632053134,184581.99999999985,259925.99999999994,0.01846664137627357,0.00012805728760559195,0.00021392071550968466,0.00010349403144223054
0.019364237293240417,212.2669999999999,131988750.00000003,184580,259650,0.9983881262237799,0.6622964200538208,1.6082203975717617e-06,0.018476258255701154,184579.99999999988,259649.99999999994,0.018476253305298125,0.0,0.00015842637429081086,0.0001866845149041385
0.019416342637534792,212.2669999999999,131929783.33333337,184580,259534,0.9983881262237799,0.6620005356527955,1.6089391996020094e-06,0.018480386821761053,184579.99999999988,259533.99999999997,0.018480381866785224,0.00024630897234018394,0.0,0.00020080668020162358
0.01957080673193151,212.26354999999992,131730516.6666667,184577,259142,0.9983718993065698,0.6610006504355372,1.6113468266211654e-06,0.01849405844318231,184576.99999999988,259141.99999999997,0.018494053476630367,0.0001313840707689227,0.0,0.0
0.019593213409783997,212.26354999999992,131697475.00000003,184577,259077,0.9983718993065698,0.6608348531418592,1.6117510984929656e-06,0.018496378290965947,184576.99999999988,259076.9999999999,0.018496373322144297,0.0,0.00018541130308229222,0.00014993804908513097
0.01971751444745103,212.2612499999999,131531250.00000003,184575,258750,0.9983610813617628,0.660000765218279,1.6137704918032777e-06,0.018507861621572558,184574.99999999988,258749.99999999994,0.018507856644460384,5.5835491153327905e-05,0.0,0.0
0.0198199250017876,212.2612499999999,131405183.33333337,184575,258502,0.9983610813617628,0.6593681847747075,1.6153187006448617e-06,0.01851673747038754,184574.99999999988,258501.99999999997,0.018516732487012112,0.00016444781412684956,0.00019338702148209475,0.0002288643313658095
0.019870241563328138,212.2612499999999,131331983.33333337,184575,258358,0.9983610813617628,0.6590008800010209,1.616219024586419e-06,0.01852189705274527,184574.99999999988,258357.99999999997,0.0185218920629276,0.00011705710426448005,0.00023526657754313642,0.00020557434366401772
0.020037955737186537,212.2600999999999,131132208.33333337,184574,257965,0.9983556723893594,0.6579984440561676,1.6186725038629895e-06,0.01853589996566685,184573.99999999988,257964.99999999997,0.01853589496543882,0.00016446507680224754,0.00016558011667198452,0.0
0.02005478672286117,212.2600999999999,131112383.33333337,184574,257926,0.9983556723893594,0.6578989656799608,1.6189172571164447e-06,0.018537301283823977,184573.99999999988,257925.99999999997,0.018537296282723745,0.0,0.0,0.00010056852254682337
0.02019945450584821,212.2589499999999,130932941.6666667,184573,257573,0.998350263416956,0.6569985588389093,1.621127176233278e-06,0.018549898982036007,184572.99999999988,257572.99999999997,0.018549893970098836,0.0002750628919357353,0.0,0.0
0.020284736194560192,212.25664999999992,130820600.00000003,184571,257352,0.9983394454721493,0.656434848040404,1.6225017313786963e-06,0.01855766100891063,184570.9999999999,257351.99999999994,0.018557655991108257,0.00014668793287812048,0.0,0.0
0.020349975381914555,212.2554999999999,130733675.00000003,184570,257181,0.9983340364997457,0.6559986736216511,1.6235717384981326e-06,0.018563728912607786,184569.99999999985,257180.99999999994,0.01856372388932446,0.0001649263063600238,0.0,0.0
0.02051085170650398,212.2531999999999,130534408.33333337,184568,256789,0.9983232185549389,0.6549987884043929,1.6260325741699383e-06,0.018577691384340695,184567.99999999988,256789.0,0.018577686348099354,0.00022286918632367355,6.0950756974634814e-05,1.3466565140781665e-05
0.020514047439756985,212.2531999999999,130528816.6666667,184568,256778,0.9983232185549389,0.6549707304008473,1.6261022310654506e-06,0.018578089300861408,184567.99999999988,256777.99999999994,0.018578084265196974,0.0,0.0,0.0
0.02065370948825082,212.2474499999999,130335141.6666667,184563,256397,0.9982961736929218,0.6539989031871346,1.6284744642609487e-06,0.0185913838223383,184562.99999999985,256396.99999999997,0.01859137877644792,0.00018406437483911732,0.0,0.0
0.0207304969933528,212.24399999999991,130239575.00000003,184560,256209,0.9982799467757115,0.6535193663992659,1.6296429099987456e-06,0.01859790122002409,184559.99999999988,256208.99999999994,0.01859789616884947,0.0,0.00013782070488760418,0.0002176612607863308
0.020810200565519313,212.24284999999992,130135875.00000003,184559,256005,0.9982745378033081,0.6529990179698764,1.6309326694118733e-06,0.018605208891976564,184558.99999999988,256004.99999999994,0.018605203835724622,0.00016279273867063248,0.00017218821361279996,0.0
0.020960295556083617,212.2370999999999,129949316.6666667,184554,255638,0.998247492941291,0.6520629009424943,1.6332298271672316e-06,0.018618054735967296,184553.99999999988,255637.99999999994,0.01861804966759644,0.0002681309556364906,0.0,0.0
0.02097033743039342,212.2370999999999,129936608.33333337,184554,255613,0.998247492941291,0.6519991327526182,1.6333895637443194e-06,0.018618965174771646,184553.99999999988,255613.0,0.018618960105455155,0.00017571532744791883,0.0,0.0
0.021133360773792718,212.2336499999999,129737341.6666667,184551,255221,0.9982312660240806,0.65099924753536,1.63587173340803e-06,0.018632955452987404,184550.99999999985,255220.99999999997,0.018632950372293493,0.00018038901324682016,0.0,0.00014842363922541133
0.021197417168076837,212.2336499999999,129657533.33333337,184551,255064,0.9982312660240806,0.6505987833029376,1.6368786644611972e-06,0.01863868915899734,184550.99999999985,255063.99999999997,0.018638684073753038,0.00014335244603240984,0.0,0.00014975308581312752
0.021301005260421828,212.22789999999992,129538075.00000003,184546,254829,0.9982042211620636,0.6499993623181017,1.6383437842503053e-06,0.018646776150570782,184545.9999999999,254828.9999999999,0.018646771057822864,0.0002127845182624253,0.00012303173524781322,5.500312893474481e-05
0.02144358216553274,212.2255999999999,129367783.33333337,184544,254494,0.9981934032172567,0.6491448685737612,1.6404826188694313e-06,0.018658842624319875,184543.99999999985,254493.99999999997,0.018658837523418445,0.0,0.0,0.0002524211238348767
0.021469130926592177,212.2255999999999,129338808.33333337,184544,254437,0.9981934032172567,0.6489994771008435,1.6408501263831795e-06,0.018660932521761767,184543.99999999985,254436.99999999997,0.01866092741868956,0.0,0.00012057114569288619,0.0001777419899250354
0.021628554933977563,212.21984999999992,129139541.6666667,184539,254045,0.9981663583552397,0.6479995918835852,1.6433374879692466e-06,0.018674818210526446,184538.99999999988,254044.99999999997,0.01867481309602153,0.00022641076842917562,0.0,5.8479542732137186e-05
0.021681011847511894,212.2186999999999,129077525.00000003,184538,253923,0.9981609493828362,0.6476884031169896,1.6441181375301381e-06,0.018679202707638967,184537.99999999985,253922.99999999994,0.018679197590460644,0.000116282366945617,0.0,0.0
0.02180123650797704,212.21179999999993,128940275.00000003,184532,253653,0.9981284955484158,0.646999706666327,1.6458146998678255e-06,0.01868853391589107,184531.9999999999,253652.99999999994,0.01868852878862785,0.0001059978800085789,0.00012108091309581082,0.00029797800446278253
0.02192217277877933,212.2083499999999,128788791.6666667,184529,253355,0.9981122686312054,0.6462395898430032,1.647723744075813e-06,0.018699217550104882,184528.99999999988,253354.99999999997,0.018699212415001432,0.00019177914239966264,0.0001704342870803391,0.0
0.02196312351116209,212.2083499999999,128741008.33333336,184529,253261,0.9981122686312054,0.6459998214490688,1.6483353109255969e-06,0.018702687415937256,184528.99999999988,253260.99999999994,0.018702682277639174,0.0002267021233755829,0.0,0.0002185732454089748
0.02213691875420775,212.2014499999999,128541741.6666667,184523,252869,0.9980798147967849,0.6449999362318106,1.6508368974047264e-06,0.018716569753637658,184522.99999999985,252868.99999999997,0.018716564604017886,0.00021037464987267896,0.0,0.00025423983718812873
0.022172248016317713,212.19914999999992,128499550.00000003,184521,252786,0.998068996851978,0.6447882258414217,1.6513610358946773e-06,0.018719439312115355,184520.99999999988,252785.99999999997,0.01871943415968704,0.00011047554650960356,0.0,0.00015037903243608137
0.022306192796594328,212.1933999999999,128342475.00000003,184516,252477,0.9980419519899609,0.6440000510145524,1.653337291492936e-06,0.018730383371107946,184515.99999999988,252476.99999999994,0.018730378208889925,0.00018083687199891435,0.0001798078254368732,0.00014682873971296308
0.02243031500519686,212.19109999999992,128209800.00000003,184514,252216,0.9980311340451541,0.6433343111122453,1.6550302706969348e-06,0.018739869094326147,184513.99999999988,252215.99999999994,0.01873986392611022,0.0001937288067895794,0.000208742094043138,0.0
0.02248719732374101,212.1887999999999,128143208.33333336,184512,252085,0.9980203161003471,0.6430001657972941,1.6558723849651274e-06,0.018744534518597367,184511.99999999988,252084.99999999994,0.01874452934580411,0.0,0.0,0.00015949291456932783
0.022666942856237656,212.18534999999991,127943941.6666667,184509,251693,0.998004089183137,0.642000280580036,1.6584243633263072e-06,0.018758820698032152,184508.99999999985,251692.99999999997,0.01875881551327987,0.0002626565026392051,0.0,0.0
0.02269092818558827,212.18534999999991,127919541.6666667,184509,251645,0.998004089183137,0.6418778456554737,1.6587406993132716e-06,0.01876060968740172,184508.99999999985,251644.99999999997,0.01876060449968076,0.000171986422226473,0.0,9.921657850767508e-05
0.02285434198789108,212.1818999999999,127744675.00000003,184506,251301,0.9979878622659266,0.6410003953627778,1.6609843032596063e-06,0.01877314052937865,184505.99999999985,251300.99999999994,0.018773135331587247,0.0001378842876759143,0.0,0.0
0.022943614494261317,212.1795999999999,127628775.00000003,184504,251073,0.9979770443211198,0.6404188294711071,1.662474626117816e-06,0.018781458973674746,184503.99999999985,251072.99999999994,0.018781453770910134,0.0,0.0,0.0
0.023017145917876892,212.17729999999992,127545408.33333336,184502,250909,0.997966226376313,0.6400005101455195,1.6635432256838716e-06,0.018787392316628043,184501.99999999988,250908.9999999999,0.018787387108742032,9.25444483528029e-05,0.0,6.963909059423226e-05
0.02317979106155786,212.16924999999992,127346141.6666667,184495,250517,0.9979283635694891,0.6390006249282613,1.6660830648121314e-06,0.01880137213872677,184494.9999999999,250516.99999999997,0.018801366917308437,0.00024087651136554087,0.0,0.0
0.023187028395269507,212.16924999999992,127340041.6666667,184495,250505,0.9979283635694891,0.6389700161971207,1.6661628755814883e-06,0.01880182245661222,184494.9999999999,250504.99999999997,0.018801817234765414,0.00029902947240241615,0.0001588908623963603,0.00014022883359760669
0.02335792220489404,212.1634999999999,127146875.00000003,184490,250125,0.9979013187074719,0.638000739711003,1.6686489542114179e-06,0.018815589344924437,184489.99999999988,250124.99999999994,0.018815584111504566,0.00023512624569838695,0.0,0.0
0.02343800664640356,212.1634999999999,127049275.00000003,184490,249933,0.9979013187074719,0.6375110000127541,1.6699308201483232e-06,0.018822815080655142,184489.99999999988,249932.99999999994,0.018822809840550698,0.0001923120225431374,6.601211218785146e-05,0.0001688531814024743
0.023528821848312828,212.1600499999999,126947608.33333336,184487,249733,0.9978850917902616,0.6370008544937448,1.6712410165532187e-06,0.018830044546786964,184486.99999999985,249732.99999999994,0.01883003930227169,0.0,0.00017164811435957863,8.1092007635112e-05
0.02370751718452568,212.1577499999999,126758508.33333336,184485,249361,0.9978742738454548,0.6360519838283875,1.6737160510132741e-06,0.018843880479398643,184484.99999999985,249360.9999999999,0.01884387522158209,0.0,0.00023364745565541538,0.00016409941997797543
0.023719395406432017,212.1577499999999,126747833.33333336,184485,249340,0.9978742738454548,0.6359984185488915,1.6738570153072955e-06,0.018844674000611187,184484.99999999985,249339.9999999999,0.01884466874202401,8.158351150034053e-05,0.0,0.00016380055258772192
0.023914559062912115,212.15429999999992,126548566.6666667,184482,248948,0.9978580469282445,0.6349985333316334,1.6764654518673584e-06,0.018859198138179233,184481.99999999988,248947.99999999994,0.018859192869287143,0.00029444887833827006,0.00014448755055887166,0.0
0.0239956278447237,212.1531499999999,126467233.33333336,184481,248788,0.997852637955841,0.6345904169164258,1.6775345234351865e-06,0.018865159246094994,184480.99999999988,248787.9999999999,0.01886515397344843,0.0001148897181364977,0.0002113953892640316,0.00010186318260938848
0.024103796361041378,212.1496999999999,126349300.00000003,184478,248556,0.9978364110386309,0.6339986481143751,1.6790730142549255e-06,0.01887365455475643,184477.99999999985,248555.99999999997,0.018873649273390324,0.000149428138714274,0.0,8.377437739304326e-05
0.024248694681476026,212.14739999999992,126176466.6666667,184476,248216,0.997825593093824,0.6331314007320593,1.6813547375712417e-06,0.018886371701664167,184475.9999999999,248215.99999999997,0.018886366409948886,0.00014789203293124652,0.0,0.0
0.024277191012796677,212.1439499999999,126150033.33333336,184473,248164,0.9978093661766138,0.6329987628971169,1.6816796983274667e-06,0.018888043144751576,184472.99999999985,248163.99999999994,0.018888037851017687,0.00019213938939881102,0.0001705166743684648,0.0
0.02446009499738463,212.14049999999992,125950766.6666667,184470,247772,0.9977931392594035,0.6319988776798586,1.6843128915716528e-06,0.018902671212674044,184469.99999999988,247771.99999999997,0.018902665906787724,0.00029035686443539975,0.0002198689208677458,0.0001589547712628112
0.02451616892840814,212.14049999999992,125886208.33333336,184470,247645,0.9977931392594035,0.6316749352752877,1.6851766592117408e-06,0.01890751752804974,184469.99999999988,247644.99999999994,0.018907512216137717,0.0001996536739860214,9.147803809850826e-05,0.00012355193401409413
0.024635245804234793,212.13934999999992,125751500.00000003,184469,247380,0.9977877302870001,0.6309989924626004,1.686972720007315e-06,0.018917539382543484,184468.9999999999,247379.99999999997,0.018917534064552526,0.0002145634311624142,0.0,0.000146180889875209
0.024778125045944854,212.1370499999999,125594425.00000003,184467,247071,0.9977769123421931,0.6302108176357311,1.6890642239892404e-06,0.01892916009065422,184466.99999999985,247070.99999999994,0.018929154762029807,0.0002827882472112665,0.0001428187332608908,0.0
0.024815698055236056,212.1370499999999,125552233.33333336,184467,246988,0.9977769123421931,0.6299991072453421,1.6896318318511248e-06,0.0189323403834548,184466.99999999985,246987.9999999999,0.01893233505169275,0.0001390547188115197,6.693569917777679e-05,0.0002645906639922002
0.02501378528743696,212.1358999999999,125352966.6666667,184466,246596,0.9977715033697897,0.628999222028084,1.6923085718753088e-06,0.018947279540147265,184465.99999999985,246596.0,0.018947274196496947,0.0002847459723260674,6.500196721194592e-05,1.569386099189231e-05
0.025057291621692856,212.1347499999999,125302133.33333336,184465,246496,0.9977660943973864,0.6287441492685794,1.6929859401170068e-06,0.01895101973932369,184464.99999999988,246495.9999999999,0.018951014392381404,0.00014923032852750005,0.0,7.580923013197385e-05
0.025213483873100836,212.13244999999992,125153700.00000003,184463,246204,0.9977552764525796,0.6279993368108258,1.694975458176625e-06,0.01896204885113631,184462.99999999988,246203.99999999994,0.018962043493615188,0.00023371430655118092,0.0,0.0
0.02535018928232261,212.1301499999999,125010858.33333336,184461,245923,0.9977444585077726,0.6272825823566177,1.6968937964922102e-06,0.018972673390536238,184460.99999999985,245922.9999999999,0.018972668025213586,8.643389738127818e-05,0.0,0.0
0.02540109085471628,212.1301499999999,124954433.33333336,184461,245812,0.9977444585077726,0.6269994515935675,1.697660053678233e-06,0.01897695660098772,184460.99999999985,245811.9999999999,0.018976951232528756,0.0,0.00014114414247382723,0.0
0.02560500311980553,212.1209499999999,124755166.66666669,184453,245420,0.9977011867285452,0.6259995663763093,1.700297916853142e-06,0.01899128245816773,184452.99999999988,245419.99999999988,0.018991277077283368,0.0001895549769262703,9.897503054155765e-05,4.038898837838057e-05
0.02563403568192331,212.1197999999999,124722125.00000003,184452,245355,0.9976957777561418,0.6258337690826313,1.7007391431151438e-06,0.01899369492462579,184451.99999999988,245354.99999999994,0.018993689540437834,0.0002047545029230743,0.00012883131453258247,0.00021183029088095125
0.02580363910376847,212.1151999999999,124555900.00000003,184448,245028,0.9976741418665281,0.6249996811590511,1.7029719186325164e-06,0.01900595246534937,184447.99999999988,245027.99999999997,0.019005947070330553,0.00024431184327742406,0.00011156255501368094,0.0
0.02593591820493132,212.10944999999992,124433391.66666669,184443,244787,0.9976470970045112,0.6243849558086448,1.7046023351047175e-06,0.0190147906580056,184442.9999999999,244786.9999999999,0.019014785254841703,0.00022452036896677065,0.00014352464430234608,0.0
0.02601316290362886,212.1082999999999,124356633.33333336,184442,244636,0.9976416880321076,0.6239997959417928,1.7056452423527054e-06,0.019020555006584856,184441.99999999985,244635.99999999994,0.019020549600523042,0.00016798675669703843,4.282387968264833e-05,0.0
0.026213785915108714,212.0990999999999,124157366.66666669,184434,244244,0.9975984162528803,0.6229999107245345,1.7083086223102338e-06,0.019034986769478995,184433.99999999988,244243.9999999999,0.019034981349464825,0.0002652471927055722,0.0,0.0
0.026227987427644654,212.0990999999999,124145166.66666669,184434,244220,0.9975984162528803,0.6229386932622535,1.708476501300224e-06,0.019035922050085363,184433.99999999988,244219.9999999999,0.01903591662934627,0.0,0.0,0.0
0.026405647510011458,212.0921999999999,123958100.00000003,184428,243852,0.9975659624184596,0.6220000255072764,1.7109991198638884e-06,0.019049660562067652,184427.99999999985,243851.99999999997,0.01904965512892481,0.00022228319757241802,0.0,0.0
0.026507916130851527,212.08874999999992,123856433.33333336,184425,243652,0.9975497355012495,0.6214898799882671,1.7123757264122725e-06,0.019057167348405187,184424.9999999999,243651.99999999994,0.019057161909218474,0.00010655146927071818,0.0,0.00017774983104289172
0.026608188491139256,212.08759999999992,123758833.33333336,184424,243460,0.9975443265288461,0.6210001402900182,1.7137168660014831e-06,0.019064577026248867,184423.9999999999,243459.99999999994,0.019064571580143155,0.0002620957906932926,0.00010357251174201697,0.0
0.02681102694530935,212.0841499999999,123565158.33333336,184421,243079,0.9975280996116357,0.6200283130763055,1.7163750110518603e-06,0.019079201642106892,184420.99999999985,243078.9999999999,0.01907919618405633,0.00010803776967473143,0.00013751535231392974,0.00013271271783643068
0.026816104797596153,212.0841499999999,123559566.66666669,184421,243068,0.9975280996116357,0.6200002550727599,1.7164526853040103e-06,0.019079633350196183,184420.99999999985,243067.9999999999,0.019079627893035873,0.0001812052370319514,6.616290176162393e-05,0.0
0.027022399196813453,212.0783999999999,123360300.00000003,184416,242676,0.9975010547496186,0.6190003698555018,1.719178698495382e-06,0.019094519310288563,184415.99999999985,242675.99999999997,0.01909451383874687,5.602338954630756e-05,0.0,0.0
0.02711604036544892,212.07264999999992,123276933.33333336,184411,242512,0.9974740098876016,0.6185820505299141,1.7202946590711201e-06,0.01910045672569268,184410.9999999999,242511.99999999994,0.019100451248287856,0.0,0.0001757138646419342,0.0
0.027234438257780044,212.0703499999999,123161033.33333336,184409,242284,0.9974631919427946,0.6180004846382435,1.7218948579786183e-06,0.01910923455282094,184408.99999999985,242283.99999999994,0.019109229070268612,0.0,0.0001657385260242887,0.0001826903579503168
0.0274205024918869,212.06574999999992,122986675.00000003,184405,241941,0.9974415560531811,0.6171255850731425,1.7242985876315452e-06,0.019122360555381867,184404.9999999999,241940.99999999994,0.019122355059043403,0.0002335120255948008,0.0,0.0
0.027451059654882776,212.06574999999992,122961766.66666669,184405,241892,0.9974415560531811,0.6170005994209853,1.7246478783513457e-06,0.019124297263128042,184404.9999999999,241891.99999999988,0.019124291765959686,0.00025533161348639696,0.00013928451564605492,0.00013289100493738194
0.027650778635372845,212.0622999999999,122762500.00000003,184402,241500,0.9974253291359707,0.616000714203727,1.7274192037470715e-06,0.01913950076179555,184401.99999999985,241499.99999999997,0.019139495251647036,0.0002820078455463286,0.00019201366587339637,0.0
0.02772480799407472,212.0611499999999,122695400.00000003,184401,241368,0.9974199201635673,0.6156640181611809,1.7283545267385725e-06,0.019144629757399,184400.99999999988,241367.99999999997,0.019144624242088185,0.00019028593944476357,6.654489996970863e-05,1.6182321682465504e-05
0.027867200317418264,212.0542499999999,122563233.33333336,184395,241108,0.9973874663291468,0.6150008289864688,1.73016200888956e-06,0.01915432606941755,184394.99999999988,241107.99999999994,0.019154320546464147,0.0001752172737546183,9.062269865768145e-05,0.00016858441637452353
0.028044947716954906,212.0496499999999,122407175.00000003,184391,240801,0.997365830439533,0.6142177556147895,1.7323302330929528e-06,0.019166116445742964,184390.99999999985,240800.99999999994,0.019166110912143645,0.0002865599993653374,0.0,0.00015459753296509577
0.028090244253901872,212.0473499999999,122363458.33333336,184389,240715,0.9973550124947262,0.6139983930416155,1.732930344468987e-06,0.01916933194660773,184388.99999999988,240714.99999999994,0.01916932641135803,0.0,0.0,0.0
0.028293697783120453,212.04504999999992,122164191.66666669,184387,240323,0.9973441945499194,0.6129985078243573,1.7357381660460643e-06,0.01918475139808035,184386.99999999988,240322.9999999999,0.019184745848096398,0.00020734328292268246,0.0,0.0
0.028340427669404783,212.04389999999992,122116408.33333336,184386,240229,0.997338785577516,0.6127587394304229,1.7364079315303577e-06,0.01918840039692287,184385.99999999988,240228.99999999994,0.01918839484357442,0.00015920858978080285,0.0002287841477670719,0.000110600020794064
0.028499872555901466,212.03814999999992,121964925.00000003,184381,239931,0.9973117407154989,0.6119986226070991,1.7385174467167497e-06,0.01919979226826538,184380.99999999988,239930.99999999997,0.019199786705116222,0.00013861658142936013,0.0,0.0
0.028651369031767827,212.0346999999999,121827166.66666669,184378,239660,0.9972955137982885,0.6113073754288415,1.740454988829803e-06,0.019210331892500723,184377.99999999985,239659.99999999988,0.019210326321546557,0.00027357342874170023,0.00012898842154202136,5.746585480065926e-05
0.028719590614991047,212.0323999999999,121765658.33333336,184376,239539,0.9972846958534817,0.6109987373898409,1.741315268214306e-06,0.01921497477167542,184375.9999999999,239538.99999999994,0.019214969195639205,0.0001232735442566613,0.00017715553787809045,0.00018445989593317334
0.028931189908071073,212.0243499999999,121566391.66666669,184369,239147,0.9972468330466577,0.6099988521725827,1.7441033421586425e-06,0.019229986413256087,184368.99999999988,239146.9999999999,0.019229980823533315,0.00023038901923614822,4.5615376892978926e-05,0.0
0.028956793901561768,212.02319999999992,121538941.66666669,184368,239093,0.9972414240742543,0.6098611128824502,1.7444877920814534e-06,0.019232053557486892,184367.99999999988,239092.9999999999,0.019232047967451597,0.00018479592873213828,0.0,0.0
0.029150653700070472,212.01514999999992,121367125.00000003,184361,238755,0.9972035612674304,0.6089989669553244,1.7468910959207436e-06,0.019244931221890627,184360.99999999988,238754.99999999994,0.01924492561889875,0.0,0.00011064269835368726,0.0
0.02928327144056061,212.01514999999992,121249191.66666669,184361,238523,0.9972035612674304,0.6084071981532736,1.748590213969123e-06,0.01925428826270126,184360.99999999988,238522.9999999999,0.019254282649995617,0.00028450346333261075,0.0,0.0
0.029373341327810294,212.0128499999999,121167858.33333336,184359,238363,0.9971927433226235,0.6079990817380662,1.7497449646815704e-06,0.01926054040610722,184358.99999999985,238362.9999999999,0.019260534788608896,0.0001555439918873181,9.194585415111251e-05,0.0001677850129154301
0.02960713076006056,212.0105499999999,120968591.66666669,184357,237971,0.9971819253778167,0.6069991965208079,1.752608235567482e-06,0.019276188315047953,184356.99999999988,237970.9999999999,0.019276182685389446,0.00015491559567032458,0.0,0.0
0.02961456045367176,212.0105499999999,120957916.66666669,184357,237950,0.9971819253778167,0.606945631241312,1.7527629099652417e-06,0.019277038895051574,184356.99999999988,237949.99999999988,0.01927703326329291,0.00026296570089493425,5.672052641222172e-05,0.0
0.02986518295830409,212.0093999999999,120769325.00000003,184356,237579,0.9971765164054133,0.6059993113035498,1.7554904774039257e-06,0.01929197975377643,184355.99999999988,237578.99999999994,0.01929197410850968,0.00013070905199249,0.0,0.0
0.029984800738637536,212.00824999999992,120665625.00000001,184355,237375,0.9971711074330099,0.6054789628741603,1.7569896148965366e-06,0.019300163043932776,184354.99999999988,237374.9999999999,0.019300157392770082,0.00013569301261291285,0.0,0.0
0.03010266405215209,212.0059499999999,120570058.33333336,184353,237187,0.9971602894882029,0.6049994260862915,1.758363170181761e-06,0.019307600947279693,184352.99999999985,237186.99999999994,0.019307595288699995,0.00018613542451367528,0.00014893530665174547,6.834032719243577e-05
0.030321573321495474,211.99329999999992,120379433.33333336,184342,236812,0.9971007907917654,0.6040429032381491,1.7610425147374277e-06,0.019321729067024146,184341.99999999988,236811.99999999994,0.019321723396491436,0.0001580439454985696,0.0,0.00018824938214188292
0.03033148538601363,211.99329999999992,120370791.66666669,184342,236795,0.9971007907917654,0.6039995408690333,1.761168943601004e-06,0.019322422627907985,184341.99999999988,236794.9999999999,0.019322416956053346,0.00021659893446255953,0.0,0.0
0.030551808865726195,211.9886999999999,120171525.00000001,184338,236403,0.9970791549021516,0.602999655651775,1.764051009588169e-06,0.019338016450925966,184337.99999999988,236402.9999999999,0.01933801076536817,0.0002765669568294719,3.653566959622848e-05,0.0
0.03064573629152819,211.9875499999999,120088666.66666669,184337,236240,0.9970737459297483,0.6025838870537825,1.7652585867109293e-06,0.01934458174562873,184336.99999999985,236239.9999999999,0.01934457605419775,0.00016904775740273233,0.0,0.0
0.03078618877443215,211.9829499999999,119972258.33333336,184333,236011,0.9970521100401345,0.6019997704345169,1.7669330639006742e-06,0.019353544464469633,184332.99999999985,236010.99999999994,0.019353538764979777,0.00020350335208223268,0.00021007117254078365,0.00010074139176872037
0.030976449725913093,211.97719999999993,119799933.33333336,184328,235672,0.9970250651781175,0.6011350737797961,1.769426694171782e-06,0.019366933578545433,184327.9999999999,235671.99999999994,0.019366927868341162,0.000164213040198661,9.463981577463144e-05,0.00012105157571854688
0.031018729853762986,211.97719999999993,119772991.66666669,184328,235619,0.9970250651781175,0.6009998852172587,1.7698247079770827e-06,0.01936911164942263,184327.9999999999,235618.99999999994,0.01936910593673045,0.00025926925224166724,0.00010241482784798356,0.0
0.03125275525809951,211.97144999999992,119573725.00000001,184323,235227,0.9969980203161003,0.6000000000000004,1.7727259897607094e-06,0.019384718169276092,184322.99999999988,235226.99999999988,0.019384712441364346,0.0002087260810287791,8.271212675914135e-05,0.00011872737449015058
0.03132831283856108,211.97029999999992,119509675.00000001,184322,235101,0.996992611343697,0.5996786083230246,1.7736664416500162e-06,0.019389806799875193,184321.9999999999,235100.99999999988,0.019389801069425817,0.00018983645260259896,0.0,8.716529460487971e-05
0.031495655332671096,211.9656999999999,119374458.33333336,184318,234835,0.9969709754540832,0.5990001147827422,1.7756369575149894e-06,0.019400364188476845,184317.99999999985,234834.99999999994,0.01940035844765985,0.00014086105245158089,0.00018133821625220407,8.560635414075838e-05
0.03167590807100364,211.9622499999999,119219925.00000001,184315,234531,0.9969547485368728,0.598224693593848,1.7779096069721557e-06,0.019412617561535426,184314.99999999985,234530.9999999999,0.019412611808542382,0.0,0.00017036270324936225,0.0
0.0317373061086205,211.9622499999999,119175191.66666669,184315,234443,0.9969547485368728,0.5980002295654839,1.7785769591448098e-06,0.019416260558060394,184314.99999999985,234442.9999999999,0.019416254802155385,0.00028727416974973967,0.0,0.0
0.03197321404376732,211.9610999999999,118975925.00000001,184314,234051,0.9969493395644695,0.5970003443482257,1.7815461405322116e-06,0.019432407973484965,184313.99999999985,234050.99999999988,0.019432402203880535,0.00010974843658579571,0.00014405545956085397,0.00013228213802809864
0.032033936694738495,211.9599499999999,118927633.33333336,184313,233956,0.9969439305920661,0.5967580252266963,1.7822598840919774e-06,0.01943624747524946,184312.99999999988,233955.99999999994,0.019436241702036446,9.797346362474014e-05,0.0,0.0
0.032217812763399134,211.9530499999999,118776658.33333336,184307,233659,0.9969114767576455,0.5960004591309676,1.7844671922422457e-06,0.019447962978694715,184306.99999999985,233658.99999999994,0.019447957195873243,0.00017752861241568865,0.0,0.0
0.03236963674996564,211.94844999999992,118639408.33333336,184303,233389,0.9968898408680319,0.595311762680305,1.7864928102515672e-06,0.019458786757374252,184302.9999999999,233388.99999999994,0.01945878096308727,8.019512682286392e-05,0.0,0.00014970457808596578
0.032453809089562344,211.9472999999999,118577391.66666669,184302,233267,0.9968844318956284,0.5950005739137093,1.7874174580918906e-06,0.01946376901361705,184301.99999999985,233266.9999999999,0.019463763215733204,0.0002665414009516231,0.00016796217135210993,0.00013897176571218715
0.032707801431613656,211.9403999999999,118378125.00000001,184296,232875,0.9968519780612078,0.5940006886964511,1.790367941712203e-06,0.019479509688738593,184295.99999999985,232874.9999999999,0.01947950387706124,0.00014847102868795518,0.0,0.00019382353546274967
0.032731993364021064,211.9380999999999,118350675.00000001,184294,232821,0.996841160116401,0.5938629494063186,1.7907637620148755e-06,0.019481557157226544,184293.99999999985,232820.9999999999,0.01948155134314708,0.0002124091223716899,0.0,0.00018176594434904215
0.03294757713374973,211.92659999999992,118178858.33333336,184284,232483,0.9967870703923669,0.5930008034791928,1.7932699891400475e-06,0.01949465597748488,184283.99999999988,232482.99999999994,0.019494650149723847,0.00012729768149510266,0.0,9.463866102501189e-05
0.03308827169398564,211.9242999999999,118063466.66666669,184282,232256,0.99677625244756,0.5924217883151173,1.795003196021122e-06,0.01950396871958471,184281.99999999988,232255.99999999994,0.019503962884617573,0.0002729676916008409,0.00017588502463837264,0.00021481327746995508
0.033189381613946814,211.9242999999999,117979083.33333336,184282,232090,0.99677625244756,0.5919983675343395,1.7962870537079654e-06,0.019510942479955263,184281.99999999988,232089.99999999994,0.01951093663940294,0.0001954757961001918,0.00014432664847987664,6.552871060219245e-05
0.03343960371739931,211.9219999999999,117779816.66666669,184280,231698,0.9967654345027531,0.5909984823170813,1.7993065874755837e-06,0.019527228442126662,184279.99999999988,231697.99999999994,0.019527222588154734,0.00013412866907419542,0.0,0.0
0.033448385596803215,211.9219999999999,117771175.00000001,184280,231681,0.9967654345027531,0.5909551199479656,1.7994386147544158e-06,0.019527944851314618,184279.99999999988,231680.99999999988,0.019527938995657704,0.00014204775529966246,0.0,0.0
0.03367752562950866,211.91854999999993,117580550.00000001,184277,231306,0.996749207585543,0.589998597099823,1.8023265752711643e-06,0.019543449911874074,184276.9999999999,231305.9999999999,0.01954344404095365,0.00022164126843586852,0.0,0.0
0.03379667973117507,211.91394999999991,117481425.00000001,184273,231111,0.9967275716959292,0.589501205218789,1.8038081339241491e-06,0.01955126867244157,184272.99999999988,231110.9999999999,0.019551262793713144,0.00018782187329701642,0.0,0.0001031940231819957
0.033920379678556795,211.90474999999992,117381283.33333336,184265,230914,0.9966842999167018,0.5889987118825649,1.8052686423460175e-06,0.019558757637927113,184264.9999999999,230913.99999999994,0.019558751753665934,0.00016880750570766887,0.0,0.0
0.03416470226882378,211.9024499999999,117193200.00000001,184263,230544,0.9966734819718949,0.5880549426723977,1.8081462917643676e-06,0.019574233808332935,184262.99999999985,230543.9999999999,0.01957422790941329,0.0,0.0,0.0
0.03417355100670148,211.9024499999999,117182016.66666669,184263,230522,0.9966734819718949,0.5879988266653067,1.8083188532483854e-06,0.019575167825194327,184262.99999999985,230521.99999999994,0.019575161924501473,0.00020030509667968952,0.0,0.00010217567693442727
0.034421485915911515,211.89669999999992,116982750.00000001,184258,230130,0.9966464371098779,0.5869989414480484,1.8113499639904166e-06,0.01959130112868178,184257.9999999999,230129.9999999999,0.019591295213679232,0.00013357941453436372,0.0,0.0
0.03451376678888281,211.8932499999999,116903958.33333336,184255,229975,0.9966302101926675,0.5866035786708163,1.8125412776513473e-06,0.01959758306732481,184254.99999999988,229974.99999999997,0.01959757714774252,0.0001663543791084776,0.0,0.0001448351085269567
0.03467289316672218,211.89094999999992,116783483.33333336,184253,229738,0.9966193922478608,0.5859990562307903,1.8143914186495253e-06,0.019607476160115447,184252.99999999988,229737.99999999994,0.019607470229361428,0.0,0.0001319665676882997,5.849451789219443e-05
0.03490470995714498,211.8874999999999,116613700.00000001,184250,229404,0.9966031653306504,0.5851471132140447,1.8170034910134905e-06,0.019621425208228904,184249.99999999988,229403.9999999999,0.0196214192674782,0.00029484779330406685,0.0,0.0
0.034942616440273924,211.8851999999999,116584216.66666669,184248,229346,0.9965923473858436,0.584999171013532,1.817443270265428e-06,0.019623693098110868,184247.99999999988,229345.9999999999,0.019623687153689985,0.00026723201698142907,0.0001332489727366023,0.0
0.03520615559353978,211.8736999999999,116384950.00000001,184238,228954,0.9965382576618094,0.5839992857962738,1.8204561672278062e-06,0.019639419131898324,184237.99999999985,228953.9999999999,0.019639413172600366,0.0003044923572514927,0.0,0.0
0.03528545973656857,211.8725499999999,116327000.00000001,184237,228840,0.996532848689406,0.5837085028504384,1.821353168224057e-06,0.01964420373041905,184236.99999999985,228839.99999999994,0.01964419776632107,0.000188322921000801,0.0,0.0
0.03548065683301663,211.8633499999999,116185683.33333334,184229,228562,0.9964895769101786,0.5829994005790156,1.8234892968023447e-06,0.019655293208438503,184228.99999999988,228561.9999999999,0.019655287235321037,0.0,0.00011889568627835398,0.0
0.0356660745245757,211.85529999999991,116041316.66666669,184222,228278,0.9964517141033546,0.5822749939420223,1.8256885227230119e-06,0.01966676866412071,184221.99999999988,228277.99999999994,0.019666762680006854,0.000286772650179876,0.0,0.00015587947947222976
0.03574239954585876,211.85299999999992,115986416.66666669,184220,228170,0.9964408961585478,0.5819995153617573,1.826532848314852e-06,0.019671208999805942,184219.99999999988,228169.99999999994,0.019671203010621734,0.00015436915353511996,0.0,0.0
0.03599996937407779,211.8483999999999,115787150.00000001,184216,227778,0.9964192602689341,0.5809996301444991,1.829636535660476e-06,0.019687701050686814,184215.99999999988,227777.99999999994,0.019687695046481914,4.85929668916043e-05,0.00012866177994747476,0.00017000086635294342
0.03604025954160916,211.8483999999999,115751058.33333334,184216,227707,0.9964192602689341,0.5808185284852507,1.8302070240250494e-06,0.019690770165447263,184215.99999999988,227706.99999999988,0.01969076415978208,0.0001127608150286588,0.0,0.0
0.03627076653124037,211.84034999999992,115587883.33333334,184209,227386,0.9963813974621102,0.5799997449272408,1.832721076733388e-06,0.019703915203521803,184208.99999999988,227385.99999999988,0.019703909185659778,0.0001921919196961448,9.525049954491658e-05,0.0
0.036429954769064084,211.8357499999999,115463341.66666669,184205,227141,0.9963597615724964,0.5793748166664545,1.8346580563340402e-06,0.019714110818321567,184204.99999999988,227140.99999999994,0.01971410479000771,0.0002474859387020531,8.714622641143103e-05,3.074488741876969e-05
0.036522060125491806,211.83114999999992,115388616.66666669,184201,226994,0.9963381256828828,0.5789998597099827,1.8358063049835783e-06,0.019720064927933732,184200.99999999988,226993.99999999994,0.01972005889359287,0.00029849763816630653,0.0,0.0
0.03676160875034025,211.8276999999999,115189350.00000001,184198,226602,0.9963218987656725,0.5779999744927244,1.8389521253483927e-06,0.01973679303034466,184197.99999999988,226601.9999999999,0.019736786981478197,0.00018087609778833158,0.0,0.0001032798600965975
0.03678680288871058,211.8276999999999,115173591.66666669,184198,226571,0.9963218987656725,0.577920901937278,1.8392037352891432e-06,0.01973814320238122,184197.99999999988,226570.99999999994,0.01973813715170963,0.0003122955551143367,4.448402487811838e-05,0.00011101102709937186
0.03702629443218851,211.8207999999999,114990083.33333334,184192,226210,0.9962894449312519,0.5770000892754662,1.8420788459294668e-06,0.019753243146578645,184191.99999999985,226209.99999999985,0.019753237082618322,0.0001538214505271102,0.0,0.0
0.03718964773239103,211.81619999999992,114885366.66666669,184188,226004,0.9962678090416383,0.5764746393908866,1.8437178393186706e-06,0.019761814354878733,184187.99999999988,226003.99999999997,0.019761808283537245,0.0002807621211526767,6.63398528061041e-05,0.0
0.03731567424008061,211.81619999999992,114790816.66666669,184188,225818,0.9962678090416383,0.576000204058208,1.8452364583752261e-06,0.019769951307843387,184187.99999999988,225817.99999999994,0.019769945226963508,0.00017390171927720595,0.0,0.0
0.037578578855480806,211.80354999999992,114597650.00000001,184177,225438,0.9962083103452006,0.5750309275720903,1.8482364167153506e-06,0.019785424794519585,184176.99999999988,225437.99999999994,0.01978541870102636,0.0001851534044785086,0.0,0.0
0.03758665396756285,211.80354999999992,114591550.00000001,184177,225426,0.9962083103452006,0.5750003188409497,1.8483348030461223e-06,0.01978595140178302,184176.99999999988,225425.9999999999,0.019785945306910687,0.00013380173785966994,0.00013906904421701917,0.0
0.03785628113799438,211.79434999999992,114392283.33333334,184169,225034,0.9961650385659733,0.5740004336236915,1.851474101472753e-06,0.019802316881194878,184168.9999999999,225033.9999999999,0.019802310769970376,0.0001356564944278203,0.00012904995819498652,0.0
0.03796390498903625,211.7897499999999,114310441.66666669,184165,224873,0.9961434026763595,0.5735897664808891,1.8527594409755354e-06,0.01980897419894196,184164.99999999988,224872.99999999994,0.019808968081793207,0.0002494826308361544,0.00010004773515386271,0.0
0.038145104054638786,211.7851499999999,114193016.66666669,184161,224642,0.9961217667867458,0.5730005484064333,1.8546243560427866e-06,0.019818725928731514,184160.99999999985,224641.99999999994,0.019818719802883234,0.00012828156892941394,0.00019549023168567768,0.0
0.038387962021772144,211.7770999999999,114022725.00000001,184154,224307,0.9960839039799219,0.5721460546620927,1.857323616849184e-06,0.019832766053625276,184153.99999999985,224306.9999999999,0.019832759914469852,0.00023490949126686218,0.0,6.522449887850202e-05
0.03843229636797208,211.7770999999999,113993750.00000001,184154,224250,0.9960839039799219,0.5720006631891751,1.857795712484236e-06,0.019835286445684247,184153.99999999985,224249.99999999994,0.019835280303079544,9.059209489957784e-05,0.00015818342594006406,0.0
0.03874124147501492,211.76674999999992,113794483.33333334,184145,223858,0.9960352232282911,0.5710007779719168,1.8609579638380234e-06,0.019851675493232194,184144.99999999985,223857.99999999988,0.019851669334127037,0.00019325949566570514,3.516265499202985e-05,0.0
0.03883532088632196,211.76559999999992,113734500.00000001,184144,223740,0.9960298142558877,0.5706997921157013,1.8619293178411114e-06,0.0198568018359003,184143.99999999988,223739.9999999999,0.019856795672085276,0.00019873893567409176,7.186884580531378e-05,0.00011373714673922156
0.0390322730811211,211.75754999999992,113594708.33333334,184137,223465,0.9959919514490637,0.5699983420270636,1.8641497751692504e-06,0.0198682608504844,184136.9999999999,223464.99999999988,0.019868254678368533,0.00014082634960698852,0.0,0.0
0.03924832806584243,211.7529499999999,113446783.33333334,184133,223174,0.99597031555945,0.569256080296905,1.8665399209937924e-06,0.019880778017049593,184132.99999999988,223173.99999999988,0.019880771831389574,8.363414330640679e-05,7.015838767383562e-05,0.00011330725176004847
0.03931368939498722,211.75179999999992,113395441.66666669,184132,223073,0.9959649065870466,0.5689984568098054,1.8673748863949768e-06,0.019885170189589317,184131.99999999988,223072.99999999994,0.01988516400105928,7.979151091284397e-05,0.00014435582579657916,0.00017146571919326444
0.039596909538992676,211.74259999999992,113196175.00000001,184124,222681,0.9959216348078193,0.5679985715925472,1.8705808743095772e-06,0.01990180036671514,184123.9999999999,222680.99999999988,0.019901794162427995,0.0001395416176112796,9.273405231327591e-05,0.0
0.039647033334621544,211.74259999999992,113158558.33333334,184124,222607,0.9959216348078193,0.5678098177505136,1.8712027010477251e-06,0.01990510801394627,184123.9999999999,222606.9999999999,0.019905101804894004,0.0001700389837180419,0.00013747293972770188,0.00020352386237113625
0.039896688379353104,211.73799999999991,112996908.33333334,184120,222289,0.9958999989182055,0.5669986863752888,1.8738388786300855e-06,0.019918908014330928,184119.99999999988,222288.99999999988,0.01991890179394789,0.00020251799918710872,0.0,0.0
0.040079757269444044,211.7322499999999,112869825.00000001,184115,222039,0.9958729540561884,0.5663610044765273,1.8758977432630898e-06,0.019929577264734346,184114.99999999988,222038.9999999999,0.019929571033562715,0.00018156324744662933,0.00010969147980535531,4.4842565389630474e-05
0.04018118721838727,211.7264999999999,112797641.66666669,184110,221897,0.9958459091941713,0.5659988011580307,1.877047222544619e-06,0.019935411677818274,184109.99999999988,221896.9999999999,0.01993540544181018,0.00020636466483338518,0.0,0.0
0.0404715687373459,211.7172999999999,112598375.00000001,184102,221505,0.9958026374149439,0.5649989159407725,1.8802873487294987e-06,0.01995217684106593,184101.99999999985,221504.9999999999,0.01995217058799216,0.00022032037278968468,0.0,0.0
0.04049798663923896,211.7161499999999,112583633.33333334,184101,221476,0.9957972284425405,0.5649249448405161,1.8805233383537976e-06,0.01995337468152726,184100.99999999988,221475.99999999985,0.019953368427387576,0.00023683502004438403,0.0,0.0
0.04076785646126655,211.7057999999999,112399108.33333334,184092,221113,0.9957485476909096,0.5639990307235142,1.8835185006286738e-06,0.019968770392550305,184091.99999999985,221112.9999999999,0.01996876412338015,0.0001397434460220291,0.0,0.0
0.040924755126021985,211.6977499999999,112298458.33333334,184085,220915,0.9957106848840857,0.563493986659695,1.8851349621525662e-06,0.01997695747440118,184084.99999999985,220914.9999999999,0.019976951197926193,0.0,0.0,0.0
0.04108104425222429,211.6954499999999,112199841.66666667,184083,220721,0.9956998669392788,0.562999145506256,1.886771379133704e-06,0.019985517660366714,184082.99999999985,220720.99999999988,0.019985511376050293,0.00019451540063621068,0.0,0.0
0.041381226845784026,211.69199999999992,112007691.66666667,184080,220343,0.9956836400220687,0.5620349704753284,1.8899773475378134e-06,0.020002326981003352,184079.99999999988,220342.99999999988,0.020002320680166986,0.00020598758680059805,0.0001317777336715658,0.00020158134099425168
0.04139324300497171,211.6885499999999,112000575.00000001,184077,220329,0.9956674131048583,0.5619992602889978,1.8900666358186096e-06,0.020002636464721828,184076.99999999988,220328.9999999999,0.020002630162804198,0.00018330671550942034,0.0,0.0
0.04169835067109542,211.6793499999999,111801308.33333334,184069,219937,0.9956241413256309,0.5609993750717396,1.8933530667537646e-06,0.020019584073874847,184068.99999999985,219936.9999999999,0.020019577756447353,0.00017578746983318012,0.0,0.0
0.04182679196340407,211.6735999999999,111722516.66666667,184064,219782,0.9955970964636138,0.5606040122945073,1.89463687639212e-06,0.020026098180091767,184063.99999999988,219781.99999999985,0.02002609185648008,0.0002616514192817731,0.0,0.0001777903706641087
0.041997118881515236,211.67014999999992,111602041.66666667,184061,219545,0.9955808695464036,0.5599994898544813,1.8966512336057167e-06,0.020036577829435017,184060.99999999988,219544.99999999988,0.020036571496956566,0.0002510005329124713,8.258097912255792e-05,0.00011434847318540751
0.04225857561693995,211.6609499999999,111434800.00000001,184053,219216,0.9955375977671761,0.5591603004757111,1.8994151737159297e-06,0.020050736148908063,184052.99999999985,219215.99999999994,0.02005072980189543,0.0002075904361213625,0.0,0.0
0.0423166500974033,211.6586499999999,111402775.00000001,184051,219153,0.9955267798223693,0.5589996046372231,1.899940553545456e-06,0.020053400027019948,184050.99999999988,219152.99999999988,0.02005339367694844,0.00020690805507688677,9.627596318186124e-05,0.0
0.04262069745755886,211.64714999999993,111203508.33333334,184041,218761,0.9954726900983352,0.5579997194199648,1.9032416618150753e-06,0.020070268395923966,184040.9999999999,218760.99999999988,0.02007026202973675,2.8254792676324997e-05,0.0,8.433631322221131e-05
0.042707127945798576,211.6448499999999,111148608.33333334,184039,218653,0.9954618721535282,0.5577242408396998,1.9041610432519274e-06,0.020075006310706297,184038.99999999985,218652.99999999988,0.02007499993919786,0.0,0.0,0.0
0.04294139051871241,211.6379499999999,111004241.66666667,184033,218369,0.9954294183191077,0.5569998342027066,1.906575341828153e-06,0.020087401446306073,184032.99999999985,218368.99999999988,0.02008739506246455,0.00024468562876612984,0.0002445289681677181,0.0
0.04316865133695494,211.6321999999999,110860891.66666667,184028,218087,0.9954023734570905,0.5562805290209035,1.908988795041713e-06,0.02009983826974801,184027.99999999985,218086.99999999988,0.020099831873142866,0.0002031199307777625,0.0,0.0
0.04325089585652162,211.62644999999992,110804975.00000001,184023,217977,0.9953753285950735,0.5559999489854485,1.9099002549298884e-06,0.02010436297933628,184022.99999999988,217976.9999999999,0.02010435658044,8.205252821946565e-05,0.00015927532068327736,0.0
0.043550753171697855,211.61839999999992,110605708.33333334,184016,217585,0.9953374657882496,0.5550000637681902,1.9132683402039595e-06,0.02012169935479152,184015.99999999988,217584.99999999988,0.02012169293844621,0.0,0.0,0.0
0.04360351248232549,211.6172499999999,110574191.66666667,184015,217523,0.995332056815846,0.5548419186572973,1.9138032737144877e-06,0.020124457404473217,184014.99999999985,217522.99999999988,0.020124450984090957,0.0002925935594395366,0.00023483489511439863,0.00011290862391729962
0.04386378245284339,211.61264999999992,110406441.66666667,184011,217193,0.9953104209262325,0.554000178550932,1.916669415348877e-06,0.02013930222614295,184010.99999999988,217192.99999999988,0.020139295793321726,0.00028155783374159404,0.0,0.0
0.0440614662836721,211.60459999999992,110286475.00000001,184004,216957,0.9952725581194085,0.553398206838501,1.918681325157957e-06,0.020149486205298616,184003.99999999988,216956.9999999999,0.020149479762852338,0.0002010943064178096,7.180319726874693e-05,1.5655545370840764e-05
0.04419835536617744,211.60459999999992,110207175.00000001,184004,216801,0.9952725581194085,0.5530002933336737,1.9200619197434278e-06,0.020156734222153645,184003.99999999988,216800.9999999999,0.020156727771964637,0.00022494607903738502,0.0,0.0
0.044532415952438384,211.59769999999992,110007908.33333334,183998,216409,0.9952401042849879,0.5520004081164155,1.923477168194498e-06,0.02017432389926534,183997.99999999988,216408.9999999999,0.020174317431029036,0.0,0.0,0.0
0.04454736645724692,211.59769999999992,109996216.66666667,183998,216386,0.9952401042849879,0.5519417413817295,1.9236816175344206e-06,0.02017539605069905,183997.99999999988,216385.99999999985,0.0201753895831755,0.0001734013776814574,0.00027206567406820993,0.00020464532939364256
0.0448790750734344,211.5884999999999,109808641.66666667,183990,216017,0.9951968325057604,0.5510005228991572,1.926883866228803e-06,0.020191742543167315,183989.99999999983,216016.99999999988,0.02019173605735951,0.0002460023347913471,9.006041540120795e-05,0.000114743660692245
0.04504563776059735,211.5850499999999,109708500.00000001,183987,215820,0.9951806055885503,0.5504980295629331,1.9286112744226738e-06,0.02020062654793868,183986.99999999988,215819.9999999999,0.02020062005712028,0.0002173545992315007,0.0,0.0
0.04521703477038725,211.58159999999992,109609375.00000001,183984,215625,0.99516437867134,0.5500006376818991,1.9303239344262284e-06,0.020209429149884377,183983.9999999999,215624.9999999999,0.020209422647205308,0.00015594346993101182,8.870804860347131e-05,0.0
0.045515364713250815,211.5700999999999,109422308.33333334,183974,215257,0.9951102889473058,0.549061969926922,1.9335188886300368e-06,0.02022559726236399,183973.99999999988,215256.9999999999,0.020225590744740136,0.00021874312278331244,0.00012604455644129727,0.00022694712348907538
0.045541414313556634,211.56894999999992,109410108.33333334,183973,215233,0.9951048799749024,0.5490007524646409,1.9337239787335303e-06,0.02022661493603107,183972.99999999988,215232.99999999988,0.02022660841847998,0.00020346175008483885,0.0001395356368480426,0.0
0.04585751766761989,211.5574499999999,109210333.33333334,183963,214840,0.9950507902508681,0.5479983165197876,1.937155977303734e-06,0.020244005997100366,183962.99999999988,214839.99999999988,0.02024399945954914,0.0,0.00016314943272248476,0.0
0.04597659279560594,211.5551499999999,109135608.33333334,183961,214693,0.9950399723060612,0.5476233595633158,1.9384612706225646e-06,0.020250715169488388,183960.99999999988,214692.99999999988,0.020250708627361953,0.00015251748765608282,7.780034343243486e-05,0.0
0.0461687334205957,211.5505499999999,109011066.66666667,183957,214448,0.9950183364164475,0.5469984313025293,1.940633703244807e-06,0.020261839187743436,183956.99999999985,214447.99999999988,0.02026183263422416,0.00025510282768047906,0.0001800802080548518,0.0
0.04642997416601652,211.5413499999999,108848400.00000001,183949,214128,0.9949750646372202,0.5461821984721145,1.9434493295262023e-06,0.020276091704876643,183948.99999999985,214127.9999999999,0.020276085138707486,0.00016631988458964313,8.41323018159904e-05,2.64251352736151e-05
0.046491065638690605,211.5413499999999,108811800.00000001,183949,214056,0.9949750646372202,0.5459985460852712,1.9441030292670454e-06,0.020279501457142385,183948.99999999985,214055.9999999999,0.02027949488772882,0.00017337142882373254,0.00015629965970268537,0.0
0.0468309989390787,211.5286999999999,108612533.33333334,183938,213664,0.9949155659407825,0.544998660868013,1.94755332104091e-06,0.02029688208027199,183937.99999999985,213663.99999999988,0.02029687549257267,8.150332336456539e-05,0.00010548778060969695,0.00016069519162145965
0.04694549537140237,211.5263999999999,108561700.00000001,183936,213564,0.9949047479959757,0.5447435881085083,1.9484440645273598e-06,0.020301412723523454,183935.99999999988,213563.99999999994,0.020301406130014656,0.00016958562030752286,0.000125188473667463,5.330262383050716e-05
0.047198234060058825,211.52294999999992,108413266.66666667,183933,213272,0.9948885210787655,0.5439987756507547,1.951079941630759e-06,0.020314974401646826,183932.99999999988,213271.99999999985,0.02031496779581148,0.00024682961928185437,0.00011190850858895326,4.5288837697876524e-05
0.04744904609544861,211.5183499999999,108271950.00000001,183929,212994,0.9948668851891518,0.5432896733793318,1.9535840076769643e-06,0.020327785562874737,183928.99999999988,212993.9999999999,0.020327778945607847,0.0002330276898058174,0.00011675045795351564,4.821897815949846e-05
0.04753805129338092,211.51719999999992,108214000.0,183928,212880,0.9948614762167484,0.5429988904334965,1.954619550150627e-06,0.02033311718141417,183927.99999999988,212879.99999999988,0.020333110557121035,0.00023295853383640305,0.00017521909137696993,0.00013640334045522182
0.04789612732389946,211.5056999999999,108014733.33333334,183918,212488,0.994807386492714,0.5419990052162382,1.9581189850026623e-06,0.02035075739637907,183917.99999999985,212487.9999999999,0.020350750756180543,0.00019617491011266673,0.00010949572133734494,0.0
0.04795378999708628,211.5045499999999,107984741.66666667,183917,212429,0.9948019775203106,0.5418485122881305,1.9586521830360436e-06,0.02035347264177678,183916.99999999988,212428.9999999999,0.020353465996716603,0.0002887270554187501,0.0,0.00011965366003898201
0.048236775289371425,211.4999499999999,107815466.66666667,183913,212096,0.994780341630697,0.54099911999898,1.9616846871691866e-06,0.020369001282636526,183912.99999999985,212095.99999999988,0.02036899462315441,0.00020284976414150813,0.00012304025254649615,0.00019647610322692913
0.048426904830696435,211.49304999999993,107696516.66666667,183907,211862,0.9947478877962765,0.5404022497417391,1.9637872843612547e-06,0.02037958199573237,183906.99999999988,211861.99999999988,0.020379575326277596,0.0001976890845000493,0.0,0.0
0.048583810216951316,211.4918999999999,107616200.0,183906,211704,0.994742478823873,0.5399992347817217,1.965242221895959e-06,0.020387074617732624,183905.99999999985,211703.99999999985,0.020387067939237984,0.00024274802537943603,5.9869095607122465e-05,0.0
0.04895333361264257,211.4769499999999,107416933.33333334,183893,211312,0.9946721621826284,0.5389993495644636,1.968748719941113e-06,0.0204045331877392,183892.99999999988,211311.99999999988,0.02040452649342082,0.0002015959380509811,0.00010779900507358224,0.0
0.04896411528538476,211.4769499999999,107410325.0,183893,211299,0.9946721621826284,0.5389661901057279,1.968869845613072e-06,0.020405160864281936,183892.99999999988,211298.99999999985,0.020405154167514226,0.0002486656862929346,9.28756185540521e-05,0.0
0.049271223969160075,211.4677499999999,107217666.66666667,183885,210920,0.9946288904034011,0.5379994643472054,1.9723218810332865e-06,0.020422597054681284,183884.99999999988,210919.99999999988,0.020422590342387886,0.0002525458583276751,0.00020079258189477389,0.00014449655661933266
0.04943490210642034,211.4631499999999,107123116.66666667,183881,210734,0.9946072545137874,0.5375250290145267,1.9740197688422982e-06,0.020431163414785364,183880.99999999985,210733.99999999985,0.02043115669058284,0.00026816383082585324,4.6699571016775227e-05,0.0
0.049650728889633934,211.4608499999999,107018400.0,183879,210528,0.9945964365689806,0.5369995791299471,1.975929840102262e-06,0.02044093450721831,183878.99999999988,210527.99999999985,0.020440927776216717,0.00020511041601412944,0.0,0.0
0.049983924452359524,211.4539499999999,106833875.0,183873,210165,0.99456398273456,0.5360736650129452,1.979278108184318e-06,0.020457912262107813,183872.99999999988,210164.99999999985,0.02045790551209704,0.00017107131226215734,0.0001549341945751092,0.0001294238039191747
0.050010228387183116,211.4539499999999,106819133.33333334,183873,210136,0.99456398273456,0.5359996939126889,1.979551260167497e-06,0.020459323869324097,183872.99999999988,210135.99999999988,0.02045931711945788,0.0001268050283949841,0.0,4.868274139391794e-05
0.050365707356532216,211.4412999999999,106619866.66666667,183862,209744,0.9945044840381223,0.5349998086954306,1.9831322867908286e-06,0.02047720852047528,183861.99999999988,209743.99999999985,0.02047720175470654,0.00012886965184579318,0.0001371733962753414,0.0001241988279216879
0.05048618994820322,211.4401499999999,106546666.66666667,183861,209600,0.994499075065719,0.534632503921744,1.9844839506945304e-06,0.020484130057374757,183860.99999999988,209599.99999999985,0.02048412328285863,0.00018022083923904353,0.0,0.00020143364451770526
0.050702666734978294,211.43439999999993,106420600.0,183856,209352,0.9944720302037019,0.5339999234781724,1.986780754853853e-06,0.02049570191123181,183855.9999999999,209351.99999999988,0.020495695125630264,0.00024993597126536654,0.0,9.749844501742136e-05
0.05101133035058407,211.4251999999999,106259966.66666667,183848,209036,0.9944287584244744,0.5331938935581377,1.9896975938570773e-06,0.020510295261666787,183847.99999999985,209035.99999999988,0.02051028846146783,0.0002603058293702084,0.00016970166581804463,7.795005012971808e-05
0.05108664573312041,211.42174999999992,106221333.33333334,183845,208960,0.9944125315072643,0.5330000382609142,1.9903887794040107e-06,0.020513690036703777,183844.99999999985,208959.9999999999,0.020513683229991152,0.0,0.0,0.0
0.05143769955241817,211.41369999999992,106022066.66666667,183838,208568,0.9943746687004403,0.532000153043656,1.9940537535896607e-06,0.02053217674883202,183837.99999999988,208567.99999999988,0.02053216992510815,0.00025120411904423247,0.00020654467400388284,0.0
0.05152454373574709,211.4102499999999,105973266.66666667,183835,208472,0.99435844178323,0.5317552831945316,1.994939446992605e-06,0.020536568535750276,183834.99999999985,208471.99999999988,0.02053656170688086,0.00021713776365735345,0.00010810886257143149,4.23366085703092e-05
0.05182945393617176,211.4021999999999,105822800.0,183828,208176,0.994320578976406,0.5310002678263978,1.997699928559818e-06,0.02055038101440915,183827.99999999988,208175.99999999985,0.020550374171479677,0.0002256395366108301,0.0,0.0
0.052036493190463745,211.39874999999992,105685550.0,183825,207906,0.9943043520591958,0.5303115713757351,2.0002616251701386e-06,0.020563385111258693,183824.99999999988,207905.99999999985,0.020563378256805796,0.00017950759565507686,0.0,0.00011432699695039724
0.05215114280981525,211.3964499999999,105623533.33333334,183823,207784,0.9942935341143889,0.5300003826091396,2.0014142997172966e-06,0.020569197309070482,183822.99999999988,207783.9999999999,0.02056919044780848,0.0,0.0,0.0
0.05248645883578954,211.3803499999999,105424266.66666667,183809,207392,0.9942178085007409,0.5290004973918814,2.0050445375005367e-06,0.020587059433111166,183808.99999999988,207391.99999999988,0.020587052553875072,0.00027108644327603277,0.0,0.0
0.052534269781826945,211.3791999999999,105400883.33333334,183808,207346,0.9942123995283376,0.5288831639225092,2.0054784487100273e-06,0.02058923092554859,183807.99999999988,207345.99999999988,0.020589224043203545,0.00023694833064232584,0.0,0.0
0.052869086174210544,211.3607999999999,105225000.0,183792,207000,0.9941258559698828,0.5280006121746231,2.008655737704917e-06,0.020604637430585892,183791.99999999985,206999.99999999985,0.020604630532481908,0.00014095775967349253,0.00011438960931056857,4.610746847738593e-05
0.053071723475408165,211.3538999999999,105118758.33333334,183786,206791,0.9940934021354622,0.5274675101072585,2.0106202104270784e-06,0.020614374181443962,183785.99999999985,206790.99999999988,0.02061436727323194,8.570661583539716e-05,0.0,0.0
0.053256101013240735,211.3446999999999,105025733.33333334,183778,206608,0.9940501303562348,0.5270007269573649,2.012313490154158e-06,0.020622603882210978,183777.99999999985,206607.99999999988,0.020622596965981684,0.0002466002347772482,0.00011779693695378716,4.816081114599917e-05
0.053661426103691894,211.33204999999992,104835108.33333334,183767,206233,0.9939906316597973,0.5260442041092225,2.01585187786566e-06,0.020640109249848933,183766.9999999999,206232.99999999988,0.020640102313897027,0.0001771589162580603,0.0,8.604760135131173e-05
0.053672878009520635,211.33204999999992,104825958.33333334,183767,206215,0.9939906316597973,0.5259982910125116,2.016027836616486e-06,0.020641010042370185,183766.9999999999,206214.99999999988,0.020641003106491723,0.00015407902874142311,0.0,0.0
0.054051700445080716,211.3159499999999,104626691.66666667,183753,205823,0.9939149060461493,0.5249984057952534,2.0197135800990224e-06,0.020659082600796335,183752.99999999988,205822.9999999999,0.020659075647029446,0.00020210027613075322,0.0002404878750590528,0.00011532726890666076
0.05418084530278936,211.3067499999999,104552983.33333334,183745,205678,0.9938716342669219,0.5246285502939717,2.0210494551486565e-06,0.020665463748891125,183744.99999999985,205677.9999999999,0.020665456788801096,0.00018466060447579736,0.0,0.0
0.054424605784965274,211.29639999999992,104427425.0,183736,205431,0.9938229535152912,0.5239985205779951,2.023380352431365e-06,0.02067687075694672,183735.9999999999,205430.99999999985,0.020676863785259104,0.00022397521948457007,0.0,0.0
0.05477145097359319,211.28834999999992,104267808.33333334,183729,205117,0.9937850907084672,0.5231975921131505,2.026400606067532e-06,0.02069190277608632,183728.99999999988,205116.99999999988,0.020691895787644795,7.44259130270094e-05,3.170785926898072e-05,0.00014912213921896441
0.05484481452503205,211.2860499999999,104228158.33333334,183727,205039,0.9937742727636603,0.522998635360737,2.027149413158423e-06,0.02069561287485976,183726.99999999985,205038.9999999999,0.020695605883106406,0.0001805655588865971,0.0,0.0
0.055237371187811066,211.27569999999992,104028891.66666667,183718,204647,0.9937255920120296,0.5219987501434787,2.0309329131081925e-06,0.02071440978811543,183717.99999999988,204646.99999999988,0.020714402777464048,0.00014412231306404273,7.834021396226875e-05,0.00018711392985185568
0.0553178397130042,211.27454999999992,103980600.0,183717,204552,0.9937201830396262,0.5217564310219492,2.0318650786781373e-06,0.020719106644796193,183716.99999999988,204551.99999999988,0.020719099629390645,0.00015079141518512836,0.00017325512782210268,0.0001715233996826933
0.05556957246942948,211.2653499999999,103829625.0,183709,204255,0.9936769112603987,0.5209988649262205,2.0347309354146267e-06,0.02073326176042251,183708.99999999983,204254.99999999985,0.020733254730543643,0.00023251396953715683,0.0,0.0001375457871543519
0.05584657491393103,211.25844999999993,103694408.33333333,183703,203989,0.9936444574259783,0.5203203713859381,2.0373176663576117e-06,0.020746097762044936,183702.9999999999,203988.99999999985,0.02074609071837391,0.00023542070549342127,0.0,0.00017530240543676214
0.055990817663335996,211.2572999999999,103630358.33333333,183702,203863,0.9936390484535748,0.5199989797089623,2.0385657581196234e-06,0.020752394992694326,183701.99999999985,203862.99999999985,0.020752387942628372,6.171669194858227e-05,9.614864302588392e-05,0.00018880360544561975
0.05635132539572109,211.2469499999999,103431091.66666667,183693,203471,0.993590367701944,0.518999094491704,2.0423931198637795e-06,0.020771358098887218,183692.99999999988,203470.99999999988,0.02077135102855667,0.00024287516783595903,0.00011138182955908575,4.378008697701911e-05
0.056400272135898495,211.2434999999999,103407708.33333333,183690,203425,0.9935741407847336,0.5188817610223319,2.0428215981642235e-06,0.020773367186660036,183689.99999999983,203424.99999999985,0.020773360112928636,0.0002742206208201196,0.0,0.0
0.056779422749832276,211.2331499999999,103231825.0,183681,203079,0.9935254600331028,0.5179992092744458,2.0462018374663037e-06,0.020790037509917945,183680.99999999988,203078.99999999985,0.020790030420256577,0.0002707384555270606,0.0,0.00010917511411037127
0.057004043682226065,211.2285499999999,103121008.33333333,183677,202861,0.9935038241434891,0.5174431506587256,2.048356134350573e-06,0.02080075229751262,183676.99999999985,202860.99999999985,0.020800745195323756,0.0001845546668705749,7.975321125847135e-05,0.0
0.057166366399096114,211.2273999999999,103032558.33333333,183676,202687,0.9934984151710857,0.5169993240571875,2.0501034179567988e-06,0.02080956546173244,183675.99999999985,202686.99999999985,0.020809558351355048,0.00024042027914868575,0.0,0.0
0.057579869929324144,211.2135999999999,102834308.33333333,183664,202297,0.9934335075022447,0.5160045402951194,2.05392153088986e-06,0.02082825390321422,183663.99999999985,202296.99999999985,0.020828246771470528,0.00022136862196466938,0.0,0.0
0.05758178194204781,211.2135999999999,102833291.66666667,183664,202295,0.9934335075022447,0.5159994388399294,2.053941837091505e-06,0.020828356862765483,183663.99999999985,202294.9999999999,0.020828349731145585,0.00011497757926479297,0.00023143958077187133,0.0
0.05796962870488925,211.19979999999993,102634025.0,183652,201903,0.9933685998334036,0.5149995536226711,2.0577951610102e-06,0.020847204283700054,183651.9999999999,201902.99999999985,0.020847197132942787,0.00026227214666326224,0.0,0.00013403975000987736
0.05813533929524102,211.19404999999992,102549641.66666667,183647,201737,0.9933415549713865,0.5145761328418934,2.059432354590544e-06,0.02085521181064851,183646.99999999988,201736.9999999999,0.020855204652627243,0.0001821886252835352,9.611856792094865e-05,0.0
0.058360481235841984,211.18714999999992,102434758.33333333,183641,201511,0.993309101136966,0.5139996684054129,2.0616747033538657e-06,0.020866221623197578,183640.99999999988,201510.99999999985,0.020866214451875666,0.0001946755219327495,0.0,0.0
0.05872443698558341,211.1664499999999,102268533.33333333,183623,201184,0.9932117396337043,0.5131655804818327,2.064823295272315e-06,0.02088112557167253,183622.99999999988,201183.99999999983,0.02088111838690645,0.00025562446922561266,0.0001910539363026072,0.0
0.05879459722428689,211.16529999999992,102235491.66666667,183622,201119,0.9932063306613009,0.5129997831881548,2.0654793805706246e-06,0.02088438586700624,183621.99999999988,201118.99999999988,0.020884378679188964,0.00017042022493433267,0.00014891856230820466,0.0
0.059183636624777186,211.1537999999999,102036225.0,183612,200727,0.9931522409372666,0.5119998979708964,2.0694003526688672e-06,0.020903630024169756,183611.99999999985,200726.99999999985,0.02090362281337069,0.00017542371905681476,9.282666963488176e-05,0.0
0.059300946457377164,211.14919999999992,101983358.33333333,183608,200623,0.993130605047653,0.5117346223010116,2.070427993848342e-06,0.0209085918836894,183607.99999999988,200622.99999999985,0.02090858466916141,0.0002634060739249923,6.6959642140501e-05,0.0
0.05959098303835642,211.14344999999992,101836958.33333333,183603,200335,0.993103560185636,0.5110000127536382,2.073347961836055e-06,0.020923045708322027,183602.99999999988,200334.99999999985,0.02092303847788847,0.00023459412083221863,0.0,0.0
0.05991487300553822,211.1330999999999,101697166.66666667,183594,200060,0.9930548794340051,0.5102985626650005,2.0760961875371804e-06,0.02093639472241833,183593.99999999985,200059.99999999988,0.020936387479649144,0.0002315701789697533,0.0,0.0
0.06003272109473005,211.12734999999992,101637691.66666667,183589,199943,0.9930278345719881,0.51000012753638,2.077254476542207e-06,0.02094194911912435,183588.99999999988,199942.9999999999,0.02094194186787802,7.113022139412571e-05,0.0,0.0
0.0604362061352269,211.11929999999992,101438425.0,183582,199551,0.9929899717651641,0.5090002423191218,2.0812556977299277e-06,0.02096170904353349,183581.9999999999,199550.99999999985,0.020961701773611844,6.864769850489105e-05,0.00012495942673507987,0.0
0.06049259748899443,211.1158499999999,101411483.33333333,183579,199498,0.9929737448479538,0.5088650537565843,2.0817745985045408e-06,0.020964150683290148,183578.99999999988,199497.99999999985,0.0209641434098894,0.00031876635627316457,0.0,0.0
0.0608513171071898,211.1031999999999,101239158.33333333,183568,199159,0.992914246151516,0.5080003571018635,2.085193155250615e-06,0.020980728006708953,183567.99999999985,199158.99999999985,0.020980720714778228,0.00024655202369264434,0.0,0.0
0.06109783758187512,211.09169999999992,101128850.0,183558,198942,0.9928601564274819,0.5074468492137385,2.087353905438457e-06,0.020991023900721065,183557.99999999988,198941.99999999985,0.020991016598307304,0.00016584237298564785,0.0,0.0
0.0613039268417445,211.08364999999992,101039891.66666667,183551,198767,0.992822293620658,0.5070004718846054,2.089111998421085e-06,0.020999461561800024,183550.9999999999,198766.9999999999,0.020999454250629695,0.0001914161214574156,0.0002589287476702438,0.0002457463817959284
0.06172307304276798,211.0721499999999,100844183.33333333,183541,198382,0.9927682038966237,0.5060184417605124,2.093052301314354e-06,0.021018683338898,183540.99999999988,198381.99999999985,0.021018676008635048,0.0002631098046766346,0.0,0.0
0.06173214997645571,211.0721499999999,100840625.0,183541,198375,0.9927682038966237,0.5060005866673472,2.0931261582323582e-06,0.021019054175660325,183540.99999999988,198374.99999999985,0.02101904684414161,0.00016216728634753488,9.081391847719716e-05,0.00021353856628068637
0.06216152792530004,211.0594999999999,100641358.33333333,183530,197983,0.992708705200186,0.5050007014500889,2.0971447871455755e-06,0.021038591450060325,183529.99999999985,197982.99999999985,0.021038584096481183,0.00020888648335751212,0.0,0.0001534304379341167
0.06232657620623444,211.05374999999992,100559008.33333333,183525,197821,0.992681660338169,0.5045874835796913,2.0988050051209563e-06,0.021046630771920403,183524.9999999999,197820.99999999985,0.021046623410023283,0.0002268488883267566,0.0,0.0
0.06256678894666738,211.04799999999992,100441583.33333333,183520,197590,0.9926546154761519,0.5039982655052356,2.1012014446207947e-06,0.021058356120180165,183519.99999999988,197589.99999999985,0.02105834874557019,0.0003041084110757291,0.0,0.0
0.06298880036497803,211.0353499999999,100273833.33333333,183509,197260,0.9925951167797141,0.5031565253988702,2.104590429872864e-06,0.021074699949818268,183508.99999999988,197259.99999999983,0.021074692556891487,0.00024428779051956315,0.0,0.00017532342107944195
0.06304815702415474,211.03304999999992,100242316.66666667,183507,197198,0.9925842988349073,0.5029983802879774,2.1052291788281686e-06,0.021077782961144268,183506.99999999988,197197.99999999988,0.021077775566099913,0.00023803017767797202,0.00015040165281489354,0.0
0.06347698455693812,211.0157999999999,100043050.0,183492,196806,0.9925031642488559,0.5019984950707191,2.1092499678888228e-06,0.02109703935091448,183491.99999999985,196805.99999999988,0.021097031933261224,0.0002035975479297283,0.0,0.0
0.06360219122414035,211.01119999999992,99991200.0,183488,196704,0.9924815283592423,0.5017383208560244,2.1102977061981446e-06,0.021102048510562136,183487.99999999988,196703.99999999988,0.021102041086711064,0.00019040544093061983,9.012137505485477e-05,0.0
0.06397033778258503,211.00199999999992,99843783.33333333,183480,196414,0.9924382565800149,0.5009986098534609,2.1133213601848346e-06,0.021116700349290377,183479.9999999999,196413.99999999985,0.02111669291188401,0.00021366065092758406,0.0,0.0001624539282962752
0.06425926444196477,210.9904999999999,99707041.66666666,183470,196145,0.9923841668559806,0.5003124641303934,2.1161043039003007e-06,0.021130023784465463,183469.99999999988,196144.99999999983,0.021130016334292935,0.00022154879221451823,0.0,0.0
0.06440433382313637,210.9870499999999,99644516.66666666,183467,196022,0.9923679399387704,0.49999872463620265,2.117397495195838e-06,0.0211363064698816,183466.99999999985,196021.99999999985,0.021136299011660253,0.00021682519496903405,0.0,6.974382523257688e-05
0.06486121063531146,210.96634999999992,99445250.0,183449,195630,0.9922705784355088,0.4989988394189445,2.121432144823407e-06,0.021155396388771956,183448.99999999988,195629.99999999985,0.0211553889083137,0.00019511785102486708,0.0,0.0
0.0649071411550823,210.96519999999992,99424916.66666666,183448,195590,0.9922651694631054,0.4988968103151426,2.121854431191376e-06,0.0211574441851367,183447.99999999988,195589.99999999985,0.021157436705183143,0.00022649173243328486,0.0002353815278813172,0.0
0.06530344413269176,210.9490999999999,99245983.33333333,183434,195238,0.9921894438494574,0.4979989542016863,2.1255177581494052e-06,0.02117489216302257,183433.99999999985,195237.99999999985,0.021174884660950855,0.0002574787454476799,0.0,0.0
0.06553148701434663,210.94334999999992,99141266.66666666,183429,195032,0.9921623989874404,0.49747350431710663,2.1277048104422036e-06,0.0211854945782673,183428.9999999999,195031.99999999985,0.021185487065197895,0.0001576736485551858,0.0,0.0
0.06574875088498594,210.9318499999999,99046716.66666666,183419,194846,0.9921083092634061,0.496999068984428,2.129619810718948e-06,0.02119444848236437,183418.99999999985,194845.99999999983,0.021194440961048888,0.000252962118982663,9.935943126634288e-05,0.00018484386106451382
0.06618496247069013,210.8984999999999,98867783.33333333,183390,194494,0.9919514490637068,0.49610121287097164,2.133136729575036e-06,0.021210264886659964,183389.99999999983,194493.99999999985,0.021210257345689508,0.000253893705868325,4.452966647162992e-05,0.00010088466109872653
0.06622488938328411,210.8984999999999,98847450.0,183390,194454,0.9919514490637068,0.49599918376716984,2.1335755247100448e-06,0.021212446294523908,183389.99999999983,194453.99999999988,0.021212438752136083,0.00027573326754671277,0.00021503622899792378,0.0
0.06666995329660265,210.88584999999992,98648183.33333333,183379,194062,0.9918919503672692,0.4949992985499116,2.1377570561782595e-06,0.021232586132773602,183378.99999999988,194061.99999999985,0.021232578567434653,0.0001829890639674853,0.0,0.0001492267014829543
0.06681237522666117,210.8766499999999,98584133.33333333,183371,193936,0.9918486785880417,0.4946779068729357,2.1390526332161624e-06,0.021238555823461795,183370.99999999985,193935.99999999985,0.02123854825158775,0.0002120500130211597,7.103139929565739e-05,0.00010442500878977051
0.06714211417995175,210.8662999999999,98448916.66666666,183362,193670,0.991799997836411,0.49399941333265335,2.1418854278911138e-06,0.021252092960537223,183361.99999999985,193669.99999999985,0.021252085374802568,0.00013864416221983267,0.00016145427330891955,0.000194940044620198
0.06751263246187286,210.84789999999992,98304041.66666666,183346,193385,0.9917134542779563,0.49327245596806507,2.1448548444727385e-06,0.021265891464077008,183345.9999999999,193384.99999999983,0.021265883862008738,0.0002565170790022662,0.00013578728013929938,0.00018984824931759454
0.06763283122417171,210.8398499999999,98249650.0,183339,193278,0.9916755914711323,0.49299952811539516,2.1459603163980728e-06,0.021270964980821202,183338.99999999985,193277.99999999988,0.021270957373565873,0.00020453504117523788,0.00013114436615064654,0.00011788610571447937
0.06806714337979687,210.82834999999992,98050383.33333333,183329,192886,0.9916215017470981,0.4919996428981369,2.150204240234994e-06,0.021291407002162803,183328.99999999988,192885.99999999985,0.021291399370825644,8.871383227248359e-05,0.0,0.0
0.06813948830032414,210.8225999999999,98021916.66666666,183324,192830,0.991594456885081,0.4918568021528143,2.150770023370623e-06,0.021293917636946363,183323.99999999988,192829.99999999983,0.02129391000432774,0.0001481411517079926,0.00016018598858818226,0.00012641610580055868
0.06856700590116663,210.8076499999999,97851116.66666666,183311,192494,0.9915241402438364,0.49099975768087867,2.1543714285665615e-06,0.02131098256963436,183310.99999999988,192493.99999999985,0.021310974917068452,0.00016668008229545173,0.00011319068602059965,0.0
0.06886657170735086,210.79844999999992,97739283.33333333,183303,192274,0.991480868464609,0.49043859760996844,2.1567423333879565e-06,0.021322240523161826,183302.99999999988,192273.99999999985,0.02132223285910552,0.00020874758961566457,9.687750766585975e-05,0.00010896613086064785
0.06905588611871125,210.7880999999999,97651850.0,183294,192102,0.9914321877129783,0.4899998724636205,2.158567400412792e-06,0.021330736533344354,183293.99999999985,192101.99999999988,0.02133072885952293,0.0002788684207879706,0.0,0.0
0.06952785703516133,210.7719999999999,97457666.66666666,183280,191720,0.9913564620993303,0.4890254945223127,2.1627031223813408e-06,0.021350345723443444,183279.99999999988,191719.99999999985,0.021350338026324717,0.0,8.617292380951019e-05,2.29124256649201e-05
0.06953623474063672,210.7708499999999,97452583.33333333,183279,191710,0.991351053126927,0.48899998724636223,2.162804132950126e-06,0.021350786062471115,183278.99999999988,191709.99999999985,0.021350778366267552,0.00020046320677392237,9.739192957689219e-05,3.224437642358316e-05
0.07000070310887167,210.7512999999999,97253316.66666666,183262,191318,0.9912591005960687,0.488000102029104,2.167034577569676e-06,0.021370665744607952,183261.99999999985,191317.99999999983,0.021370658026273383,0.0001629404980860375,0.0,0.0
0.07018752047123147,210.7489999999999,97174525.0,183260,191163,0.9912482826512619,0.48760473925187187,2.1687679975796117e-06,0.02137909461885384,183259.99999999988,191162.99999999985,0.02137908689051812,0.00019033193008281588,0.0,0.0
0.07046579422950773,210.7432499999999,97054050.0,183255,190926,0.9912212377892448,0.4870002168118458,2.171400884352584e-06,0.021391775976326452,183254.99999999985,190925.99999999988,0.021391768234931278,0.00027963028681209513,0.00014479116484189043,6.243982593458275e-05
0.0708806849213022,210.7225499999999,96892908.33333333,183237,190609,0.9911238762859831,0.48619163616421607,2.1747984824138736e-06,0.02140745388761544,183236.99999999985,190608.99999999988,0.02140744612888517,0.00013230224467652039,0.0,0.0001526229214288479
0.07097579151488914,210.7202499999999,96854783.33333333,183235,190534,0.9911130583411762,0.48600033159458755,2.1756308026087843e-06,0.021411433082197544,183234.99999999985,190533.99999999985,0.021411425316887406,0.00026356347901589376,0.0,0.0
0.07144999326727691,210.70874999999992,96655516.66666666,183225,190142,0.9910589686171422,0.4850004463773293,2.1799971410495446e-06,0.021432323079734566,183224.99999999988,190141.99999999985,0.021432315292326087,0.00022751323626648128,6.325880417492653e-05,0.00014528948086899862
0.07154653543410609,210.7075999999999,96606208.33333333,183224,190045,0.9910535596447386,0.48475302580060986,2.1810979194315056e-06,0.021437674966479123,183223.99999999985,190044.99999999985,0.021437667173339066,0.00018083043217312293,0.0,8.683459582358515e-05
0.07193714399079616,210.6926499999999,96456250.0,183211,189750,0.9909832430034942,0.4840005611600712,2.1843338301043207e-06,0.021452810611883213,183210.99999999985,189749.99999999988,0.02145280280097949,0.00016298549647077745,8.408352995445173e-05,0.00010543980772213456
0.07225754833369082,210.6834499999999,96323575.0,183203,189489,0.9909399712242668,0.483334821257764,2.187246995348749e-06,0.02146664256427186,183202.99999999988,189488.99999999985,0.021466634738240453,0.00023122733590171175,0.00014531038445103164,0.00015907399874686974
0.07243327059149594,210.6788499999999,96256983.33333333,183199,189358,0.990918335334653,0.48300067594281293,2.188712368747617e-06,0.02147359785477328,183198.99999999985,189357.99999999985,0.02147359002099957,0.00024370823768149358,0.0,0.0
0.07297677612827651,210.6627499999999,96057208.33333333,183185,188965,0.9908426097210051,0.48199823999795965,2.1930967353222223e-06,0.02149427340663092,183184.99999999988,188964.99999999985,0.021494265550599006,0.0002718156385768822,0.0001238027321047968,0.0
0.07301380899266946,210.6604499999999,96040433.33333333,183183,188932,0.9908317917761983,0.4819140659873231,2.1934558465479634e-06,0.021495915790887457,183182.99999999988,188931.99999999985,0.021495907931357906,0.00018421936928921168,0.00013695028617711973,0.0
0.07343959557044144,210.6489499999999,95857941.66666666,183173,188573,0.9907777020521641,0.4809983547807014,2.197511717208615e-06,0.021515193139795222,183172.99999999985,188572.99999999983,0.021515185259775343,0.0002710405298205296,0.0,0.0
0.07367103388339936,210.63744999999992,95757291.66666666,183163,188375,0.9907236123281299,0.48049331071688217,2.199701415253407e-06,0.02152532222454216,183162.99999999988,188374.99999999985,0.021525314331716276,0.0002943077137648386,0.0001116728236597025,0.00015166353062239722
0.0739032703152549,210.62824999999992,95658674.99999999,183155,188181,0.9906803405489025,0.47999846956344316,2.201872961338843e-06,0.021535474189557983,183154.99999999988,188180.99999999983,0.021535466285916918,0.00025025943109687165,0.0001770733397109618,0.0
0.07436401352243661,210.61444999999992,95474149.99999999,183143,187818,0.9906154328800615,0.4790725554464413,2.205984028137459e-06,0.021554862857252312,183142.99999999988,187817.99999999985,0.021554854931587483,0.00023959760501998336,3.5296734490926524e-05,0.0
0.07440049930688705,210.6121499999999,95459408.33333333,183141,187789,0.9906046149352545,0.478998584346185,2.2063006012415915e-06,0.021556291730577968,183140.99999999985,187788.99999999983,0.0215562838050103,0.00012279450244914237,0.0,7.255510229911201e-05
0.07492290422986786,210.5891499999999,95260141.66666666,183121,187397,0.990496435487186,0.47799869912892673,2.21067433152568e-06,0.02157646932199082,183120.99999999985,187396.99999999983,0.021576461371659167,0.0001987488735048667,0.0,0.00016876885120453583
0.07509740633607909,210.58454999999992,95194058.33333333,183117,187267,0.9904747995975725,0.4776671045415707,2.212160650432751e-06,0.021583485703173342,183116.9999999999,187266.99999999983,0.02158347774544448,0.00032276815533271465,0.0,0.0
0.07542320902916048,210.5718999999999,95060874.99999999,183106,187005,0.9904153009011348,0.4769988139116685,2.215126885798179e-06,0.021597302541836224,183105.99999999988,187004.9999999998,0.02159729456820859,0.00024135624787094534,0.0,0.0
0.07580983694498847,210.5684499999999,94908374.99999999,183103,186705,0.9903990739839245,0.47623359563315454,2.2186498293749095e-06,0.02161429285598395,183102.99999999985,186704.99999999983,0.02161428486340296,0.0,0.00014510993164778416,6.214190513043306e-05
0.07592246295105291,210.5649999999999,94861608.33333333,183100,186613,0.9903828470667142,0.4759989286944103,2.219707252486143e-06,0.021619265889935867,183099.99999999988,186612.99999999985,0.02161925789209276,0.00029685390005680933,0.0,0.0
0.07645013943263618,210.5454499999999,94662341.66666666,183083,186221,0.990290894535856,0.47499904347715205,2.2241732698879456e-06,0.02163999912168503,183082.99999999985,186220.99999999983,0.021639991099346962,0.0001797986045798605,0.0,0.00013771874838390012
0.0765385566025441,210.54084999999992,94627266.66666666,183079,186152,0.9902692586462424,0.4748230432730938,2.2249490809202977e-06,0.021643536464812724,183078.9999999999,186151.99999999985,0.02164352843848437,0.00013598441527862309,0.00014216822684803927,0.0
0.07697848865111487,210.5247499999999,94463074.99999999,183065,185829,0.9901935330325944,0.4739991582598938,2.228645955046455e-06,0.021660681718834847,183064.99999999985,185828.99999999983,0.021660673673291792,0.00019959680354003854,0.00012276056683402313,0.0
0.07727539696353898,210.50519999999992,94349716.66666666,183048,185606,0.9901015805017362,0.47343034600619843,2.23111639798247e-06,0.021671677451932034,183047.99999999988,185605.99999999985,0.021671669392818216,0.00015164674183278798,7.32410087238596e-05,0.00010196662014222007
0.07749790566081759,210.49599999999992,94263808.33333333,183040,185437,0.9900583087225089,0.4729992730426356,2.2330521514222e-06,0.021680602982061346,183039.99999999988,185436.99999999985,0.021680594912958037,0.0002459612353592252,0.0,0.00011095703169166421
0.07802408299894777,210.47529999999992,94069624.99999999,183022,185055,0.9899609472192473,0.47202489510132783,2.2374416821582945e-06,0.021700834299279177,183021.99999999988,185054.99999999983,0.02170082620669789,0.00023867542908476353,8.237008438882056e-05,0.00010350353395358369
0.07803719124003292,210.47414999999992,94064541.66666666,183021,185045,0.9899555382468439,0.47199938782537737,2.237550369892303e-06,0.021701302085019414,183020.99999999988,185044.99999999985,0.021701293992085067,0.00013820919396192546,0.0,8.103594114993179e-05
0.07861689497495626,210.46034999999992,93865274.99999999,183009,184653,0.9898906305780028,0.4709995026081191,2.242153448120191e-06,0.021722900346065256,183008.99999999988,184652.99999999983,0.021722892229562682,0.00024409736053944525,0.00013798141479660323,0.00011725048289090348
0.07883460227180722,210.4511499999999,93786991.66666666,183001,184499,0.9898473587987753,0.470606690558482,2.2439268629915707e-06,0.021731014445544605,183000.99999999985,184498.99999999985,0.021731006317554844,0.00030250760255958294,0.00014089365418299413,0.0001864527040867808
0.07916006743273918,210.43849999999992,93666008.33333333,182990,184261,0.9897878601023378,0.46999961739086094,2.246690168018084e-06,0.021743737234488313,182989.99999999988,184260.99999999985,0.02174372909357133,9.900954173425224e-05,0.0,0.0
0.07958650655002455,210.41779999999991,93508424.99999999,182972,183951,0.9896904985990761,0.46920889183639647,2.2502549903925763e-06,0.02175991048964648,182971.9999999999,183950.99999999983,0.02175990232917133,0.0001383696385348536,8.360828925574546e-05,0.00010336957065747447
0.07967568527561918,210.4108999999999,93466741.66666666,182966,183869,0.9896580447646556,0.4689997321736027,2.251184712851068e-06,0.0217640483710461,182965.99999999988,183868.99999999985,0.0217640402048423,0.00023292413463223152,0.0,0.0
0.08018355973523683,210.38674999999992,93267474.99999999,182945,183477,0.9895444563441838,0.46799984695634445,2.255735453329255e-06,0.021784784848276985,182944.99999999988,183476.9999999998,0.021784776657426286,0.00021891331007991324,0.00011553257810513266,0.0
0.08027482541642657,210.3844499999999,93229858.33333333,182943,183403,0.9895336383993768,0.46781109311431107,2.2566209341195494e-06,0.021788941095960294,182942.99999999985,183402.99999999985,0.02178893290126677,0.0002930136623976157,0.0,7.14512768401535e-05
0.08072905816106377,210.3602999999999,93068208.33333333,182922,183085,0.989420049978905,0.46699996173908626,2.260280967766919e-06,0.021805352151793817,182921.99999999988,183084.99999999985,0.021805343936975745,0.00022338736828095984,4.810025241762126e-05,0.000140664721400341
0.0810323434807063,210.3487999999999,92952308.33333333,182912,182857,0.9893659602548707,0.4664183958474157,2.2629755384414416e-06,0.021817749401359228,182911.99999999985,182856.99999999988,0.021817741172771514,0.0002350371173830936,0.0,0.0
0.08126742691328573,210.34419999999992,92868941.66666666,182908,182693,0.9893443243652571,0.466000076521828,2.2649574359852808e-06,0.021827062557897587,182907.99999999988,182692.99999999983,0.0218270543173865,0.0002331788034147903,0.00013947081380407935,0.00011709082233866546
0.08178453224303824,210.3269499999999,92669674.99999999,182893,182301,0.9892631897792057,0.46500019130456977,2.269641606059371e-06,0.021848725285370053,182892.99999999983,182300.99999999983,0.021848717020950918,0.00018664809929816968,0.0,0.00019775238850709657
0.08178739792152666,210.3269499999999,92668658.33333333,182893,182299,0.9892631897792057,0.46499508984937976,2.2696665062684344e-06,0.02184884513608432,182892.99999999983,182298.99999999988,0.02184883687101673,0.0002604353823247261,0.0,0.0
0.08231768429144912,210.30739999999992,92470408.33333333,182876,181909,0.9891712372483475,0.46400030608731163,2.2743210913689586e-06,0.0218702207462789,182875.99999999988,181908.99999999985,0.0218702124557719,0.0002619800779658155,0.0,0.0
0.08252780603443154,210.29934999999992,92387549.99999999,182869,181746,0.9891333744415236,0.463584537489319,2.2762736970511713e-06,0.021879188259895706,182868.99999999988,181745.99999999983,0.02187917995770283,0.000175310369996131,0.0,0.0
0.08286936465023523,210.2878499999999,92271141.66666666,182859,181517,0.9890792847174893,0.4630004208700534,2.27902078809942e-06,0.021891787995381565,182858.99999999988,181516.99999999985,0.021891779679137933,0.0002502524443025198,0.00010566358185374954,0.00014764006565647704
0.08331739585826753,210.2740499999999,92105424.99999999,182847,181191,0.9890143770486483,0.46216888367406816,2.282971388493131e-06,0.021910035141290255,182846.99999999985,181190.9999999998,0.021910026804770937,0.00021695148020685521,0.0,9.085307095793532e-05
0.0834015039914813,210.2717499999999,92071874.99999999,182845,181125,0.9890035591038414,0.46200053565279514,2.283778298204527e-06,0.021913786970204113,182844.99999999988,181124.99999999983,0.02191377862845502,0.00018448180564464573,0.0,8.751644560343377e-05
0.08392506655293311,210.25449999999992,91872608.33333333,182830,180733,0.9889224245177901,0.46100065043553695,2.288543928535826e-06,0.021935739317887958,182829.9999999999,180732.99999999988,0.021935730951951716,0.00015959439191658397,0.0,0.0
0.08406867177016669,210.2521999999999,91821774.99999999,182828,180633,0.9889116065729832,0.46074557767603225,2.289785837836395e-06,0.021941570361620547,182827.99999999985,180632.9999999998,0.021941561989099558,0.000259174628274704,0.0,0.00010981560804506294
0.08449130106845604,210.2349499999999,91672833.33333333,182813,180340,0.9888304719869319,0.4599982144906837,2.293317904068271e-06,0.02195758581665793,182812.99999999988,180339.99999999985,0.021957577424858123,0.00023770994658276943,0.0,0.0
0.08488667314340159,210.2061999999999,91548799.99999999,182788,180096,0.9886952476768464,0.4593758369574923,2.296110926631479e-06,0.021969450440684258,182787.99999999988,180095.99999999983,0.021969442034931834,0.0002469150883846449,0.0,0.0
0.08511018784863668,210.1946999999999,91473566.66666666,182778,179948,0.988641157952812,0.45899832927342543,2.2978736662358187e-06,0.021977280676014895,182777.99999999985,179947.99999999983,0.021977272259994574,0.0002809830430459665,0.0002064339743666746,0.00017163266444450404
0.08568375202406252,210.1762999999999,91274299.99999999,182762,179556,0.9885546143943573,0.4579984440561672,2.302688708650737e-06,0.021999331645211173,182761.99999999985,179555.99999999983,0.021999323203450844,0.00020899881536574287,9.521519548943192e-05,0.0
0.08569965997082508,210.17514999999992,91269724.99999999,182761,179547,0.9885492054219539,0.45797548750781175,2.3027915335561706e-06,0.021999762634717177,182760.99999999988,179546.99999999983,0.021999754191538354,0.0002387338823845692,0.0,8.814256613751554e-05
0.08632589050126245,210.1498499999999,91075033.33333331,182739,179164,0.9884302080290785,0.45699855883890894,2.3074364324507517e-06,0.022020613528329777,182738.99999999985,179163.9999999998,0.02202060506033519,0.0002291371675788896,0.0,0.0
0.08658654199870393,210.13834999999992,90992683.33333331,182729,179002,0.9883761183050443,0.4565853409685114,2.3093983197550128e-06,0.022029370222638924,182728.9999999999,179001.9999999998,0.022029361743347384,0.00019978351120543297,0.0,0.0
0.08691900765006347,210.13029999999992,90875766.66666666,182722,178772,0.9883382554982204,0.45599867362165075,2.31228090510378e-06,0.02204269221927595,182721.9999999999,178771.99999999985,0.022042683723602807,0.0003103179175332899,0.0001767277710240756,0.0
0.08737287110393323,210.1130499999999,90710558.33333331,182707,178447,0.988257120912169,0.4551696871532606,2.3163020254808625e-06,0.022060944750734533,182706.99999999985,178446.99999999983,0.022060936233855657,0.00025870350747770455,0.0,5.373258551611816e-05
0.08747816493799374,210.10959999999992,90676499.99999999,182704,178380,0.9882408939949588,0.4549987884043925,2.3171339873065234e-06,0.022064725133556014,182703.99999999988,178379.99999999983,0.02206471661245738,0.00025827498504916725,0.0001596831379399756,0.0
0.08809185350930003,210.0842999999999,90477233.33333331,182682,177988,0.9881218966020835,0.45399890318713426,2.321957604804449e-06,0.022086349586000382,182681.99999999985,177987.99999999983,0.022086341038194422,0.00027544441239414917,0.0,0.0
0.08823511571597029,210.0773999999999,90433008.33333331,182676,177901,0.9880894427676629,0.4537769898863652,2.3230168261754712e-06,0.022091023855837798,182675.99999999985,177900.99999999983,0.022091015302106397,0.0001207825773774579,0.0,0.0
0.0886989795198945,210.0681999999999,90277966.66666666,182668,177596,0.9880461709884355,0.45299901796987607,2.3269044237076666e-06,0.022109016799946275,182667.99999999985,177595.99999999985,0.022109008226689507,0.00018836953674920357,0.00013558159478860063,5.521866844448671e-05
0.08909831931389485,210.0589999999999,90147833.33333331,182660,177340,0.9880028992092083,0.4523460317055441,2.3301613830615263e-06,0.022123999863598826,182659.99999999985,177339.99999999983,0.022123991270756215,0.00025851977751493993,0.0,0.0
0.0893114646827551,210.0463499999999,90078699.99999999,182649,177204,0.9879434005127705,0.4519991327526178,2.3318092956492484e-06,0.022131155221704883,182648.99999999985,177203.99999999983,0.022131146620446643,0.00016157189666943605,0.00016210495729619082,0.0
0.08993737621812868,210.0221999999999,89879433.33333331,182628,176812,0.9878298120922987,0.4509992475353596,2.3367103263890918e-06,0.02215312717227423,182627.99999999988,176811.99999999983,0.0221531185445872,0.00020873255776087662,0.0,0.0
0.08996199282272788,210.0187499999999,89872316.66666666,182625,176798,0.9878135851750883,0.450963537349029,2.336856974311147e-06,0.02215364034811455,182624.99999999985,176797.99999999985,0.022153631718836993,0.00019143269599508693,0.0001253787991671528,0.00017973159270619297
0.09048896025197184,209.99689999999993,89680166.66666666,182606,176420,0.9877108146994235,0.4499993623181014,2.341620313670246e-06,0.022175053705634606,182605.99999999988,176419.99999999985,0.022175045052065287,0.00015966718815166856,0.00011824024928941354,0.0
0.09074443390049491,209.99114999999992,89591208.33333331,182601,176245,0.9876837698374062,0.44955298498896823,2.3438812123027323e-06,0.022185452693935383,182600.99999999988,176244.99999999983,0.022185444028279964,0.00027530450727455546,8.620163180974345e-05,0.0
0.09106975741841997,209.97734999999992,89480899.99999999,182589,176028,0.9876188621685652,0.44899947710084315,2.3466164287574215e-06,0.022197664273002845,182588.9999999999,176027.99999999983,0.022197655590717645,0.00022579555759271518,0.0002016735485288141,0.00013612113190451
0.09154552990119687,209.95434999999992,89314166.66666666,182569,175700,0.9875106827204968,0.4481628384496679,2.350739617641844e-06,0.022215940413163736,182568.99999999988,175699.99999999985,0.02221593170937484,0.00021094888814343396,0.00016291977492139862,0.0
0.09162504717005122,209.9508999999999,89281633.33333331,182566,175636,0.9874944558032864,0.4479995918835849,2.351557561857627e-06,0.022219622555610934,182565.99999999985,175635.9999999998,0.02221961384869417,0.0002633920642381493,0.0,8.502946992338901e-05
0.09218893334767672,209.9347999999999,89082366.66666666,182552,175244,0.9874187301896385,0.44699970666632677,2.3566369850224746e-06,0.022242754193743542,182551.99999999985,175243.99999999985,0.02224274545579668,0.0002332209651905463,3.974118526227186e-05,0.0
0.09235312043335507,209.93134999999992,89031024.99999999,182549,175143,0.9874025032724283,0.44674208317922703,2.357957240186777e-06,0.022248801016564557,182548.9999999999,175142.99999999983,0.02224879227243868,0.0001680043402994528,0.0,0.0
0.09281337580628089,209.9140999999999,88883099.99999999,182534,174852,0.9873213686863769,0.44599982144906847,2.361687429893871e-06,0.022265477567918565,182533.99999999988,174851.99999999983,0.02226546880578074,0.0002245072506589234,0.0,0.0001626335866158905
0.09318870889511117,209.8991499999999,88751949.99999999,182521,174594,0.9872510520451324,0.4453417337295465,2.3650088814949973e-06,0.02228033558921971,182520.99999999988,174593.99999999983,0.02228032680522809,0.00021447946575983384,0.0,7.244703433480657e-05
0.09341520344633915,209.89569999999992,88683833.33333331,182518,174460,0.9872348251279222,0.4449999362318102,2.3667865056201522e-06,0.02228852418505307,182517.99999999988,174459.99999999983,0.02228851539214221,0.00027993049206613666,0.0,0.0
0.09400197152221601,209.8841999999999,88484566.66666666,182508,174068,0.987180735403888,0.4440000510145521,2.3719865272173633e-06,0.02231238433417178,182507.99999999988,174067.99999999985,0.022312375515397782,0.00024790887970443053,0.00015148271543840973,0.00011811936643036576
0.09405053722928343,209.8830499999999,88465758.33333331,182507,174031,0.9871753264314845,0.4439056740935353,2.3724778259309554e-06,0.022314633812002334,182506.99999999988,174030.99999999983,0.022314624988557987,0.00027110915385103,0.00011087798352423318,0.00010623612653264507
0.0946267988497672,209.85199999999992,88285299.99999999,182480,173676,0.9870292841765921,0.44300016579729384,2.37697555538691e-06,0.022334123538859846,182479.9999999999,173675.99999999983,0.022334114691226037,0.0001531453840732776,0.0,0.00016042777101922314
0.0949232229282648,209.84509999999992,88189224.99999999,182474,173487,0.9869968303421716,0.44251807828183004,2.3794868364020657e-06,0.022345551081445158,182473.99999999988,173486.99999999983,0.022345542220878842,0.00015900041991717746,0.0,0.0
0.09522884405466382,209.8347499999999,88086033.33333331,182465,173284,0.9869481495905407,0.4420002805800356,2.3821568761752237e-06,0.022357533239894978,182464.99999999985,173283.99999999983,0.022357524364153235,0.00024177787591334957,0.0,0.0
0.09575795758160033,209.8105999999999,87911166.66666666,182444,172940,0.9868345611700688,0.4411228302873396,2.3866205847948776e-06,0.02237718250513598,182443.99999999988,172939.99999999985,0.022377173604045186,0.00019690934114051297,0.0,0.0
0.0958455926677823,209.80714999999992,87886766.66666666,182441,172892,0.9868183342528587,0.4410003953627774,2.3872439271289603e-06,0.02237992056969226,182440.99999999988,172891.99999999985,0.022379911665426064,0.00022067239801008902,0.00012268693783600032,0.00020288647555207024
0.09650852712621988,209.78529999999992,87687499.99999999,182422,172500,0.9867155637771936,0.44000051014551916,2.392419672131147e-06,0.022403001554343875,182421.9999999999,172499.99999999983,0.02240299262050331,0.0002834142267281503,0.00018324586762839568,0.00016195168756757134
0.0966773749958425,209.7760999999999,87633616.66666666,182414,172394,0.9866722919979661,0.4397301330204442,2.393785718075844e-06,0.022408905198015583,182413.99999999985,172393.99999999985,0.02240889625649182,0.00017422518694395003,0.0,0.00020673496142560339
0.09714468115152072,209.76229999999993,87488233.33333331,182402,172108,0.9866073843291252,0.4390006249282609,2.397605849472329e-06,0.02242604105674404,182401.99999999988,172107.9999999998,0.022426032096676513,0.00026023960972112705,7.195785046362437e-05,0.0
0.09758444312650781,209.74159999999992,87355558.33333331,182384,171847,0.9865100228258635,0.43833488502595375,2.4010103535674648e-06,0.02244085009917863,182383.99999999988,171846.99999999983,0.02244084112050215,0.00025695609894157604,0.0,0.0
0.09781847966098432,209.7312499999999,87288458.33333331,182375,171715,0.9864613420742326,0.43799818898340764,2.402737475315321e-06,0.022448365956561876,182374.99999999985,171714.99999999983,0.022448356966497964,0.000232023672309415,9.697995234751832e-05,0.00010193480699806985
0.09846612444801715,209.7013499999999,87089191.66666664,182349,171323,0.9863207087917437,0.4369983037661494,2.4078917944563152e-06,0.02247082908909708,182348.99999999988,171322.99999999977,0.022470820071144582,0.00013453317578793338,8.086205198405618e-05,9.820715081385541e-05
0.09850042868045006,209.7013499999999,87080041.66666664,182349,171305,0.9863207087917437,0.43695239066943853,2.408144805473508e-06,0.022472009627607446,182348.99999999988,171304.99999999977,0.02247200060981274,0.00017851305317072446,0.00016471492000153965,0.0001563943947474143
0.09915420701321806,209.67489999999992,86889924.99999999,182326,170931,0.986196302426465,0.4359984185488912,2.4131094600438423e-06,0.022493743235036414,182325.9999999999,170930.99999999983,0.02249373418826179,0.00023979542011670014,0.0001726841869780477,0.0001583734107485938
0.09941861397774573,209.6668499999999,86801983.33333331,182319,170758,0.986158439619641,0.43555714267494816,2.4154615130721855e-06,0.022504270855597135,182318.99999999985,170757.99999999983,0.022504261796788085,0.00023587317677705092,0.00010283233868083185,0.0
0.0998026326144857,209.6507499999999,86690658.33333331,182305,170539,0.986082714005993,0.43499853333163296,2.4183776433427704e-06,0.022516986625879674,182304.99999999985,170538.99999999983,0.022516977550598116,0.0002572406705575771,0.0,0.0
0.10034144630143864,209.63119999999992,86524433.33333331,182288,170212,0.985990761475135,0.43416444540805277,2.422797722261881e-06,0.022536503585849882,182287.99999999988,170211.99999999983,0.02253649448407855,0.00022293154647159885,0.0,0.0
0.10047875336309621,209.62429999999992,86491391.66666664,182282,170147,0.9859583076407145,0.4339986481143747,2.4236435090312934e-06,0.022540065972180036,182281.99999999988,170146.99999999983,0.022540056866847086,0.00022380403989034824,0.000180684131889975,8.050104130963329e-05
0.1011402411605132,209.6047499999999,86292124.99999999,182265,169755,0.9858663551098562,0.43299876289711653,2.429013655649342e-06,0.02256397128253283,182264.99999999988,169754.99999999983,0.022563962149633132,0.0002355557060487466,8.243723012412276e-05,3.1724922789331015e-06
0.10129523888027567,209.5978499999999,86245866.66666664,182259,169664,0.9858339012754357,0.43276664668596726,2.4302364635058835e-06,0.022569278626983994,182258.99999999988,169663.9999999998,0.022569269485094506,0.00021612335349215932,0.00012971454699832433,0.00017675276055158947
0.1017768563544927,209.5759999999999,86092858.33333331,182240,169363,0.9857311307997706,0.4319988776798583,2.434301799907328e-06,0.02258697044796796,182239.99999999985,169362.99999999983,0.022586961284424785,0.0002783487315647547,0.0,0.0
0.10218897058621274,209.5529999999999,85972383.33333331,182220,169126,0.9856229513517022,0.4313943552398323,2.437445513026179e-06,0.022600310165817962,182219.99999999988,169125.99999999983,0.022600300986356053,0.00023018062821476387,0.0,0.0
0.10245048547352494,209.5495499999999,85893591.66666664,182217,168971,0.9856067244344918,0.43099899246260004,2.439641257676285e-06,0.022610301362597965,182216.99999999983,168970.9999999998,0.022610292168060223,0.0002194093313063064,2.186660726780988e-05,0.000132240880922751
0.10313496747168309,209.5115999999999,85697374.99999999,182184,168585,0.9854282283451788,0.43001441161091214,2.4447843355762055e-06,0.02263207188486082,182183.99999999985,168584.99999999983,0.02263206266237438,0.00025112014156926474,0.0,0.0
0.10315695854389831,209.5092999999999,85694324.99999999,182182,168579,0.9854174104003721,0.42999910724534185,2.4448445098318934e-06,0.022632226180023095,182181.99999999988,168578.99999999985,0.02263221695769769,0.00022411797727692377,0.0,0.0
0.10387588280417288,209.48514999999992,85495058.33333331,182161,168187,0.9853038219799003,0.4289992220280836,2.4502603318106002e-06,0.022655973895385585,182160.99999999988,168186.99999999983,0.022655964642872894,0.0002623256086225521,0.0,0.0
0.10412818726378621,209.47824999999992,85418808.33333331,182155,168037,0.9852713681454797,0.42861661288882663,2.4523668040713514e-06,0.02266533711364028,182154.99999999985,168036.99999999983,0.022665327850316604,0.0003043115284255944,9.656305355137349e-05,0.0
0.10453352960600015,209.4644499999999,85295791.66666664,182143,167795,0.9852064604766386,0.42799933681082536,2.4557419059850056e-06,0.022680181385498238,182142.99999999988,167794.9999999998,0.022680172101352702,0.00022006655397161843,0.00011910367392575544,0.0
0.10512896383588381,209.44144999999992,85141766.66666664,182123,167492,0.9850982810285702,0.42722646634952627,2.459914307627318e-06,0.02269819418952114,182122.99999999988,167491.9999999998,0.022698184883477333,0.00023472456342881598,0.00010114372207494011,0.00010137393904877867
0.10530164913122679,209.42534999999992,85096524.99999999,182109,167403,0.9850225554149223,0.4269994515935672,2.4610329270202275e-06,0.02270248184896831,182108.99999999988,167402.99999999983,0.022702472536750867,0.0002687380998141394,0.0,0.0001280718646341598
0.10594355452876651,209.3942999999999,84897258.33333331,182082,167011,0.9848765131600298,0.425999566376309,2.4664436061981187e-06,0.022725739424919282,182081.99999999988,167010.99999999983,0.022725730082763157,0.0002521193983587227,0.0,0.0
0.10601745723061598,209.38969999999992,84871333.33333331,182078,166960,0.9848548772704162,0.42586947926896157,2.4671428122569846e-06,0.022728710771085237,182077.99999999988,166959.99999999983,0.0227287014244092,0.00028390084432556174,1.0642478952744951e-05,0.00013087961741467112
0.10666087048850169,209.36899999999991,84697991.66666664,182060,166619,0.9847575157671545,0.4249996811590507,2.471947632760674e-06,0.022749707776660986,182059.99999999988,166618.9999999998,0.022749698403544783,0.00027085896931297056,0.0001551104748762268,6.529692775982152e-05
0.1070121127394313,209.3551999999999,84593274.99999999,182048,166413,0.9846926080983135,0.4244742312744712,2.4748444837961404e-06,0.022762283757875385,182047.99999999985,166412.99999999983,0.022762274368023767,0.0002151836143714447,0.0,0.0
0.1073857795174921,209.3436999999999,84498724.99999999,182038,166227,0.9846385183742792,0.42399979594179255,2.477477618745134e-06,0.022773764102038456,182037.99999999985,166226.99999999983,0.022773754699043313,0.0002001941986317247,0.0,0.00015543351532014508
0.10800062589319188,209.3252999999999,84313183.33333331,182022,165862,0.9845519748158245,0.42306878036960055,2.4827113830162184e-06,0.022796804711697746,182021.99999999988,165861.99999999983,0.022796795277735885,0.0002523147759271358,0.0,0.0
0.10803833955468056,209.32414999999992,84299458.33333331,182021,165835,0.984546565843421,0.4229999107245343,2.483101957456231e-06,0.022798535185574127,182020.99999999988,165834.99999999983,0.02279852575026963,0.0002873799832590978,0.0,0.0
0.10880506511519693,209.3045999999999,84100191.66666664,182004,165443,0.9844546133125628,0.42200002550727606,2.488752948739811e-06,0.02282339677687803,182003.99999999988,165442.9999999998,0.022823387308887128,0.00019825639970689872,0.00018911851524699077,0.00016074807202435545
0.10903331721344585,209.2976999999999,84032583.33333331,181998,165310,0.9844221594781423,0.42166077873713487,2.4906731615018375e-06,0.022831823496034277,181997.99999999985,165309.99999999983,0.022831814018784702,0.00033902840136236105,0.0,0.0
0.1094758061219952,209.2896499999999,83900924.99999999,181991,165051,0.9843842966713183,0.42100014029001787,2.494485609068076e-06,0.022848851613415808,181990.99999999985,165050.99999999985,0.02284884211378552,0.00025687393445127246,0.0,9.992071199855342e-05
0.11001854397679384,209.26549999999992,83753508.33333331,181970,164761,0.9842707082508465,0.42026042928745433,2.4985878701001675e-06,0.022866312337813596,181969.99999999988,164760.99999999983,0.022866302814850876,0.00027129295376703135,0.0,0.00015451136978956802
0.11019061249999233,209.2597499999999,83701658.33333331,181965,164659,0.9842436633888294,0.4200002550727596,2.5000669540697068e-06,0.02287276515404047,181964.99999999988,164658.99999999983,0.022872755622699335,0.00028475657214278345,0.00015385171762887152,0.00011583715521884553
0.11086163202797432,209.24364999999992,83502391.66666664,181951,164267,0.9841679377751814,0.4190003698555014,2.5058402019822383e-06,0.022898278323478835,181950.99999999988,164266.9999999998,0.02289826876134687,0.000241067738577707,0.00015977624177121647,6.768721389754271e-05
0.11096505816376678,209.2401999999999,83471383.33333331,181948,164206,0.9841517108579712,0.41884477547220356,2.506729751493675e-06,0.022902153491505695,181947.99999999985,164205.99999999983,0.022902143922256032,0.00025434308150741955,0.0,0.0
0.11150486346395903,209.2183499999999,83303124.99999999,181929,163875,0.9840489403823061,0.4180004846382432,2.511530629853321e-06,0.022922877095870237,181928.99999999985,163874.99999999985,0.022922867499378486,0.0002337778340166325,0.00010895332134521082,3.404056969834234e-05
0.1119129989691887,209.2033999999999,83194341.66666664,181916,163661,0.9839786237410616,0.4174546289329032,2.5146349596491986e-06,0.022936219900355742,181915.99999999985,163660.9999999998,0.022936210287745628,0.00028543086051153083,5.632396833018375e-05,0.0
0.11225353687844244,209.1746499999999,83103858.33333331,181891,163483,0.983843399430976,0.41700059942098494,2.5170269370766272e-06,0.022945549211199442,181890.99999999985,163482.99999999983,0.022945539584774292,0.0002211620122220364,0.0,0.0
0.11292346931557434,209.1585499999999,82920858.33333331,181877,163123,0.9837676738173281,0.4160823374867682,2.5223876622116487e-06,0.022969086746452892,181876.99999999985,163122.99999999983,0.022969077090416477,0.0002419024526022444,0.0,0.0
0.11297170558197908,209.1573999999999,82904083.33333331,181876,163090,0.9837622648449247,0.41599816347613167,2.522884176392598e-06,0.022971284135533582,181875.99999999988,163089.99999999983,0.022971274476349748,0.0002552294287376867,0.000210507343238632,6.945795605536762e-06
0.1136564641081089,209.14129999999992,82704816.66666664,181862,162698,0.9836865392312768,0.4149982782588734,2.5287680745720368e-06,0.022997170315377773,181861.99999999988,162697.9999999998,0.022997160621396597,0.0002654508559788381,0.0,0.0
0.11390501713783778,209.13209999999992,82639241.66666664,181854,162569,0.9836432674520494,0.4146692343991124,2.530663348092598e-06,0.023005280706386435,181853.9999999999,162568.9999999998,0.02300527100339874,0.00016899268225169,0.0,0.0
0.11442743190693601,209.1217499999999,82505549.99999997,181845,162306,0.9835945867004185,0.4139983930416152,2.53463857885924e-06,0.023022772535656016,181844.99999999985,162305.9999999998,0.023022762808919236,0.0002680382185231985,0.0,0.0
0.11498575403289123,209.1056499999999,82357624.99999997,181831,162015,0.9835188610867707,0.41325613131145666,2.53899563033781e-06,0.023041665122749858,181830.99999999985,162014.99999999977,0.02304165537149108,0.0002156114044624987,4.6100671383844335e-05,0.0
0.11519058276178105,209.09529999999992,82306283.33333331,181822,161914,0.98347018033514,0.412998507824357,2.540453675367433e-06,0.02304770972107762,181821.99999999988,161913.99999999983,0.023047699962462698,0.00024980262691112884,0.00013569448602764256,0.00010903747482351767
0.11593542525355896,209.0619499999999,82107016.66666664,181793,161522,0.9833133201354406,0.41199862260709874,2.5462129606868754e-06,0.023071979686981162,181792.99999999988,161521.99999999983,0.023071969894836987,0.0002234588060048897,0.0,0.0
0.1160128929745391,209.05849999999992,82085158.33333331,181790,161479,0.9832970932182304,0.4118889413205118,2.5468489583835647e-06,0.023074670592800026,181789.9999999999,161478.99999999985,0.023074660798851804,0.0002464608690249996,0.0,0.0001698730311014664
0.11670840642753978,209.03779999999992,81907749.99999997,181772,161130,0.9831997317149688,0.4109987373898405,2.5521125900784723e-06,0.023097359181999694,181771.99999999988,161129.99999999977,0.023097349357220933,0.00020003451432352073,0.00014094850076025456,0.0
0.1170499376319063,209.0251499999999,81806591.66666664,181761,160931,0.9831402330185312,0.4104911425984263,2.5551137841276236e-06,0.02311023673600822,181760.99999999985,160930.9999999998,0.023110226896203484,0.0002206559695956197,4.335636034430357e-05,0.0
0.1173508193528539,209.00904999999992,81708483.33333331,181747,160738,0.9830645074048832,0.4099988521725823,2.557984697223401e-06,0.023122325823350914,181746.99999999988,160737.99999999985,0.02312231596573591,0.00024203438110351883,8.506386896815214e-05,0.0
0.11801049924186417,208.9733999999999,81536158.33333331,181716,160399,0.982896829260377,0.4091341555178616,2.5629537161375947e-06,0.023142799141502045,181715.99999999985,160398.99999999985,0.023142789255057084,0.00021663624634349425,9.040679322082269e-05,0.0
0.1181235647838794,208.9676499999999,81509216.66666664,181711,160346,0.9828697843983599,0.40899896695532406,2.5637303184322915e-06,0.023145986690494474,181710.99999999985,160345.9999999998,0.023145976799435027,0.00022982230203382002,0.00011188290059931445,0.0
0.11883136546755005,208.92739999999992,81309949.99999997,181676,159954,0.9826804703642402,0.4079990817380658,2.56951824469207e-06,0.023169867632683572,181675.9999999999,159953.99999999977,0.02316985770880777,0.00029628695976537583,0.0,0.0
0.11897304889392978,208.9227999999999,81265216.66666664,181672,159866,0.9826588344746264,0.40777461770970175,2.5708760595195195e-06,0.023175733533327147,181671.99999999985,159865.99999999983,0.023175723603768256,0.0002566111154294268,0.0,0.00015348991135075997
0.11959210229844927,208.8951999999999,81110683.33333331,181648,159562,0.9825290191369442,0.4069991965208077,2.575433856740203e-06,0.023194735837911925,181647.99999999985,159561.99999999985,0.023194725881513754,0.00024873589777090654,2.661958042512931e-05,8.530611452372035e-05
0.12005996545244157,208.87679999999992,80992241.66666664,181632,159329,0.9824424755784896,0.4064048769911618,2.5789729448365885e-06,0.023209644891812608,181631.9999999999,159328.9999999998,0.023209634915814095,0.00022358920656899385,0.0,0.0
0.12034836884688604,208.86759999999992,80911416.66666664,181624,159170,0.9823992037992623,0.40599931130354944,2.5814354587372817e-06,0.023220211644628796,181623.99999999988,159169.9999999998,0.023220201654861418,0.0001650483635973018,0.0,0.0001443301121717182
0.1210852753175159,208.8376999999999,80716216.66666664,181598,158786,0.9822585705167731,0.40501983190705154,2.5873078375617617e-06,0.023244943923106626,181597.99999999985,158785.99999999983,0.023244933897962224,0.00016258674184293974,0.0,0.0
0.12110180733502438,208.8376999999999,80712149.99999997,181598,158778,0.9822585705167731,0.4049994260862912,2.5874381985859624e-06,0.023245529511818724,181597.99999999985,158777.9999999998,0.023245519488286098,0.0002150716746080751,0.00015423983093450645,0.0
0.121878759838638,208.81124999999992,80512883.33333331,181575,158386,0.9821341641514945,0.403999540869033,2.593513501876407e-06,0.02327132991942424,181574.99999999988,158385.99999999983,0.023271319860244687,0.00027474545192369195,0.00016979175937011724,0.00017913917455661212
0.1221890921078657,208.8008999999999,80439683.33333331,181566,158242,0.9820854833998636,0.4036322360953463,2.595744927721205e-06,0.02328076195227773,181565.99999999985,158241.99999999983,0.023280751879866595,0.0002767101323928479,3.2203801408146994e-05,8.516901221850191e-05
0.122692636848301,208.7824999999999,80313616.66666664,181550,157994,0.9819989398414088,0.40299965565177476,2.59959031438629e-06,0.02329697329726236,181549.99999999988,157993.99999999983,0.023296963203911433,0.00023148939138472084,0.0,0.0
0.12321154595649696,208.76639999999992,80161624.99999997,181536,157695,0.981923214227761,0.40223698810085584,2.6043184628555122e-06,0.023317250908798805,181535.99999999988,157694.99999999977,0.023317240787231398,0.000212532108627392,0.0,0.00014927399767228342
0.12339404307173774,208.7606499999999,80114349.99999997,181531,157602,0.9818961693657439,0.4019997704345165,2.6057834832336528e-06,0.023323487168927404,181530.99999999988,157601.99999999977,0.023323477039528393,0.00024212265153801898,9.34979785074356e-05,0.0
0.12414609298230593,208.7261499999999,79915083.33333331,181501,157210,0.9817339001936412,0.4009998852172583,2.611849244145608e-06,0.02334868812398081,181500.99999999985,157209.99999999985,0.023348677959196425,0.0002763494172765093,0.00012127180412496681,0.0
0.12424120011843647,208.7192499999999,79889158.33333331,181495,157159,0.9817014463592206,0.40086979810991097,2.6126104512095344e-06,0.023351704304367497,181494.99999999985,157158.99999999983,0.02335169413460773,0.00023556301195272345,7.153480186885578e-05,0.0
0.1248477198397067,208.69394999999992,79715816.66666664,181473,156818,0.9815824489663454,0.4000000000000001,2.6179741828733692e-06,0.02337424593910712,181472.99999999988,156817.9999999998,0.02337423573968599,0.00017735745423149896,0.0,0.0
0.1252098547553054,208.6812999999999,79612624.99999997,181462,156615,0.9815229502699077,0.39948220229820564,2.6212086336809017e-06,0.023387971807058303,181461.99999999988,156614.99999999977,0.023387961590226908,0.000254657047005654,0.0,0.0
0.12561335392896866,208.6732499999999,79516549.99999997,181455,156426,0.9814850874630837,0.39900011478274183,2.624274443496354e-06,0.02340119392288191,181454.99999999988,156425.99999999977,0.0234011836887355,0.00023538042679977124,0.0,0.0
0.12632825276954604,208.64794999999992,79334058.33333331,181433,156067,0.9813660900702085,0.3980844035761202,2.629992141878535e-06,0.023425252803738646,181432.9999999999,156066.99999999985,0.02342524253357443,0.00027293268992001764,0.00021061806382801292,9.53989983561891e-05
0.12640409423936083,208.6467999999999,79317283.33333331,181432,156034,0.9813606810978049,0.39800022956548364,2.630533866410368e-06,0.023427600677793498,181431.99999999985,156033.99999999983,0.023427590405779866,0.0002582413047069586,0.0,2.9637105707938308e-05
0.12713884791383503,208.61229999999992,79118016.66666664,181402,155642,0.9811984119257023,0.3970003443482254,2.636723072557641e-06,0.02345320584971948,181401.9999999999,155641.9999999998,0.02345319554316865,0.000228163679515194,0.0,0.0
0.1273372963375504,208.6019499999999,79061083.3333333,181393,155530,0.9811497311740714,0.39671466285758017,2.6384909136711802e-06,0.023460484855370948,181392.99999999985,155529.99999999977,0.023460474538692627,0.00026835497352921384,0.00012187917228521558,0.0001024151058776752
0.1278838961822605,208.5708999999999,78918749.99999997,181366,155250,0.9810036889191791,0.39600045913096715,2.642856102003643e-06,0.023478136122047497,181365.99999999988,155249.9999999998,0.023478125780947944,0.00021733508555165363,0.0,9.937760705899794e-05
0.12840080590710293,208.55364999999992,78789124.99999997,181351,154995,0.9809225543331278,0.3953500235942303,2.6469852279740385e-06,0.023495498096232557,181350.9999999999,154994.9999999998,0.02349548773286728,0.00025171586319137955,0.0,0.0
0.1287066237539667,208.53984999999992,78719483.3333333,181339,154858,0.9808576466642867,0.3950005739137089,2.6491516606752796e-06,0.02350433342906098,181338.99999999988,154857.99999999977,0.023504323051089224,0.00028658665257341666,0.0001426128612981596,0.0
0.1295405506711759,208.5064999999999,78519708.3333333,181310,154465,0.9807007864645874,0.39399813796885563,2.6554670722265587e-06,0.023530451442656315,181309.99999999985,154464.9999999998,0.02353044102842174,0.00022582214769463504,0.00012539547383461436,0.0
0.12955004658472796,208.5064999999999,78516658.3333333,181310,154459,0.9807007864645874,0.39398283360328534,2.655570224535154e-06,0.023530908461469116,181309.99999999985,154458.99999999977,0.02353089804689296,0.0002741007835997209,0.00015819985897016248,6.501920388995296e-05
0.13027596857396878,208.4823499999999,78320441.66666664,181289,154073,0.9805871980441155,0.39299825275159744,2.6619148917380336e-06,0.02355763723571489,181288.99999999988,154072.9999999998,0.023557626784095103,0.00020778813380411634,7.125506440466408e-05,0.00012892148525925877
0.13059374712270086,208.46509999999992,78241649.99999997,181274,153918,0.9805060634580642,0.3926028899743652,2.6643750483278407e-06,0.023567545711999118,181273.99999999988,153917.9999999998,0.023567535247292343,0.0002853758450531625,0.0,0.0
0.13108070024717322,208.4524499999999,78121174.99999997,181263,153681,0.9804465647616265,0.3919983675343392,2.668322001045171e-06,0.023584279902230814,181262.99999999988,153680.9999999998,0.02358426941419247,0.0002509894653635249,0.0,0.0
0.13176376371488785,208.4271499999999,77965116.66666664,181241,153374,0.9803275673687512,0.39121529416266,2.673338525113902e-06,0.02360500645572235,181240.99999999985,153373.9999999998,0.023604995937508425,0.0002765188501542515,7.526611628775209e-05,0.0
0.13193883528468925,208.42024999999992,77921908.3333333,181235,153289,0.9802951135343307,0.39099848231708095,2.674732362924462e-06,0.02361076847042059,181234.99999999988,153288.99999999977,0.02361075794422939,0.00030359721235161856,0.00015445625134348587,0.00019623712795530974
0.13270812170387528,208.39264999999992,77722641.66666664,181211,152897,0.9801652981966485,0.3899985970998228,2.681234779612161e-06,0.02363788529026114,181210.99999999988,152896.99999999983,0.02363787472639205,0.0002642090776138772,0.0,0.0
0.13284309568863115,208.3880499999999,77689091.66666664,181207,152831,0.9801436623070349,0.38983024907854974,2.6823334592983933e-06,0.023642466855913032,181206.99999999988,152830.9999999998,0.023642456287101113,0.00022381084120647951,0.0,0.0
0.13350891893646613,208.3523999999999,77523374.99999997,181176,152505,0.9799759841625287,0.3889987118825645,2.687607447431178e-06,0.023663673889110278,181175.99999999988,152504.9999999998,0.02366366329031268,0.00026339713011659134,0.0,0.0
0.1339711974378588,208.3362999999999,77418658.3333333,181162,152299,0.9799002585488809,0.38847326199798493,2.6910347516355607e-06,0.023677842455071187,181161.99999999985,152298.99999999977,0.023677831834662447,0.00027875101855961526,0.0,0.0
0.1343550990471666,208.3167499999999,77324108.3333333,181145,152113,0.9798083060180226,0.3879988266653063,2.694072450237329e-06,0.023690091116286928,181144.99999999985,152112.99999999977,0.023690080480064744,0.0002333889432478128,4.9779521282001714e-05,0.0
0.13504441265420972,208.2914499999999,77145174.99999997,181123,151761,0.9796893086251474,0.38710097055184994,2.6999932270553537e-06,0.02371466854614541,181122.99999999988,151760.99999999977,0.023714657873008606,0.00019558954141201852,9.067613268563751e-05,0.0
0.13511702939719708,208.2879999999999,77124841.66666664,181120,151721,0.979673081707937,0.38699894144804814,2.7006603255047196e-06,0.023717401583620554,181119.99999999983,151720.99999999983,0.0237173909094944,0.0002733915290298867,3.5378800774466504e-05,0.0
0.1359006802863365,208.26154999999991,76925574.99999997,181097,151329,0.9795486753426583,0.3859990562307899,2.7073122300353297e-06,0.023745084572625006,181096.99999999988,151328.99999999977,0.02374507385886793,0.00021696491155257983,0.0,7.258915795648716e-05
0.13615173176947074,208.2511999999999,76870166.66666664,181088,151220,0.9794999945910275,0.3857210269229298,2.709129029250619e-06,0.02375246032090731,181087.99999999985,151219.9999999998,0.023752449595643967,0.0002578321998227405,0.0,5.4064190969450786e-05
0.1367024563478069,208.2339499999999,76726308.3333333,181073,150937,0.9794188600049762,0.38499917101353165,2.71398369768214e-06,0.023772747960720857,181072.99999999985,150936.9999999998,0.023772737207787255,0.0003010148540203477,0.00013993913269435022,0.0
0.1371898260108416,208.2120999999999,76594141.66666664,181054,150677,0.9793160895293112,0.38433598183881956,2.71838152983197e-06,0.023790752971008022,181053.99999999988,150676.99999999983,0.023790742192082014,0.00032268742170677475,8.045686288939402e-05,0.00012843788294870665
0.1374917974418195,208.1925499999999,76527041.66666664,181037,150545,0.9792241369984529,0.38399928579627346,2.7205095802191923e-06,0.02379894591794483,181036.99999999985,150544.9999999998,0.023798935128174315,0.000246566807095193,0.0,0.0
0.138313501159104,208.16609999999991,76327774.99999997,181014,150153,0.9790997306331742,0.3829994005790152,2.7272654024043017e-06,0.02382696376971757,181013.9999999999,150152.9999999998,0.023826952938737975,0.00029506336099408286,0.0,9.894232495649178e-05
0.13833406946049043,208.16494999999992,76321674.99999997,181013,150141,0.9790943216607709,0.38296879184787463,2.7274683109352618e-06,0.02382778429842823,181012.99999999985,150140.99999999977,0.02382777346636136,0.0002775863959744556,0.00012681951539175363,0.0
0.1391692465667318,208.1246999999999,76128508.3333333,180978,149761,0.978905007626651,0.38199951536175697,2.733860212900971e-06,0.023853382079947288,180977.99999999985,149760.99999999977,0.023853371211348,0.00031050710864011217,0.00017223442293087945,0.00019766004264030215
0.13951859844896422,208.1085999999999,76053274.99999997,180964,149613,0.9788292820130031,0.3816220076776901,2.736352905249642e-06,0.02386333112156464,180963.99999999988,149612.9999999998,0.023863320237975934,0.0002284999232680645,0.00016859769366089097,0.00011572024535352437
0.1400532310284562,208.0821499999999,75929241.66666664,180941,149369,0.9787048756477243,0.3809996301444988,2.740474492205407e-06,0.02387977856593857,180940.99999999985,149368.99999999983,0.023879767658004446,0.0001853225061294183,0.0,0.0
0.14072018923323595,208.0671999999999,75778266.66666664,180928,149072,0.9786345590064799,0.38024206404877,2.745737124276617e-06,0.023901837489705417,180927.99999999985,149071.99999999983,0.023901826551334104,0.00020318533869641243,0.0,0.0
0.14092669789398513,208.06259999999992,75729974.99999997,180924,148977,0.9786129231168662,0.37999974492724053,2.747427290184633e-06,0.02390892856877466,180923.99999999988,148976.99999999977,0.023908917621200225,0.00025488115812156173,0.0,0.00011059550848428144
0.14182131792178057,208.0269499999999,75530708.3333333,180893,148585,0.9784452449723601,0.3789998597099823,2.7542036158582298e-06,0.023936344288256698,180892.99999999988,148584.99999999977,0.02393633330010943,0.0003000656168715935,0.0001509681117590434,0.0001693127465511798
0.14192725194704217,208.0200499999999,75505799.99999997,180887,148536,0.9784127911379396,0.37887487405782505,2.7550208063486512e-06,0.023939498029150203,180886.99999999988,148535.99999999977,0.023939487036494313,0.00024099718199169305,0.00013120610220321774,0.0
0.14268379680472026,207.97404999999992,75331441.66666664,180847,148193,0.9781964322418027,0.3779999744927241,2.7607868029429498e-06,0.023961886666007685,180846.99999999988,148192.99999999983,0.02396187564093337,0.00030172650863512056,0.0001289025286995108,4.421613800326203e-05
0.14306769713389833,207.9579499999999,75239941.66666664,180833,148013,0.9781207066281546,0.37754084352561573,2.763930239623391e-06,0.02397459627553901,180832.99999999985,148012.99999999983,0.023974585229786217,0.00024420379118318463,0.0,0.0
0.1435641865426109,207.94414999999992,75132174.99999997,180821,147801,0.9780557989593137,0.37700008927546586,2.7677110372486888e-06,0.023990192143588527,180820.9999999999,147800.9999999998,0.023990181076644586,0.00028599811800258723,0.00011260023887953048,0.0
0.1442250839538107,207.91424999999992,74965949.99999997,180795,147474,0.9779151656768247,0.37616600135188566,2.773449145912244e-06,0.024013321283934977,180794.99999999988,147473.9999999998,0.024013310184678074,0.0003220233817748001,0.0001081355927585165,0.00013171707118377822
0.14435328165297157,207.9061999999999,74932908.3333333,180788,147409,0.9778773028700006,0.3760002040582076,2.774564668905484e-06,0.024017685087584877,180787.99999999985,147408.9999999998,0.024017673982161012,0.00032977512714345904,6.979859088763725e-05,0.00012503944808853624
0.14515493177661756,207.8762999999999,74733641.66666663,180762,147017,0.9777366695875117,0.37500031884094936,2.781562564918053e-06,0.02404622494724846,180761.99999999985,147016.99999999974,0.02404621380198472,0.0002363158365612827,0.0001429487164490584,0.0001666336518710875
0.14535010512478336,207.8682499999999,74692974.99999997,180755,146937,0.9776988067806878,0.3747962606333457,2.7829692149763747e-06,0.024051838609990144,180754.99999999985,146936.9999999998,0.02405182745410242,0.0002756990061396047,7.861491886902686e-05,8.719030770121726e-05
0.14604599789174966,207.8325999999999,74534374.99999997,180724,146625,0.9775311286361816,0.3740004336236912,2.7884127290260363e-06,0.02407328534593017,180723.99999999985,146624.99999999983,0.024073274158497547,0.00025998211414653334,0.00016299583669456596,0.0
0.14660603557681556,207.8072999999999,74426608.3333333,180702,146413,0.9774121312433064,0.3734596793735413,2.792110303741057e-06,0.024087774980736776,180701.99999999988,146412.9999999998,0.024087763771907623,0.00031560812929115254,0.00015478021733491532,0.0
0.14702896852130765,207.79694999999992,74335108.3333333,180693,146233,0.9773634504916756,0.37300054840643293,2.7954079123446944e-06,0.024101394942847073,180692.9999999999,146232.99999999977,0.024101383713706383,0.0003326875107124722,0.0,5.399074317138944e-05
0.14785274525217246,207.7808499999999,74144991.66666663,180679,145859,0.9772877248780276,0.37204657628588556,2.802358531970973e-06,0.02413040484073321,180678.99999999985,145858.99999999977,0.024130393570392938,0.0002988845251919159,4.225944964163395e-05,0.0
0.14790414489152487,207.7808499999999,74135333.3333333,180679,145840,0.9772877248780276,0.37199811246157966,2.8027236225641394e-06,0.02413197664120069,180678.99999999985,145839.9999999998,0.024131965367216894,0.0002728593830645161,0.00010146826759959371,1.748264860755737e-05
0.14871322478045432,207.7497999999999,73936066.66666663,180652,145448,0.9771416826231352,0.3709982272443214,2.8098573452198793e-06,0.02416086301227588,180651.99999999988,145447.99999999977,0.02416085169707504,0.0002631398277389297,0.0,0.00014828424675059624
0.1489997003312973,207.7371499999999,73870999.99999997,180641,145320,0.9770821839266975,0.37067173411215554,2.8121610645584867e-06,0.0241700294764476,180640.99999999985,145319.99999999983,0.024170018147927592,0.00023572004824068106,0.00012507958269321014,0.0001342752927413767
0.14966437442845884,207.71069999999992,73736799.99999997,180618,145056,0.9769577775614189,0.3699983420270633,2.8169204522029704e-06,0.024188933812208328,180617.99999999988,145055.9999999998,0.02418892245574201,0.00030334058120531476,0.00011357923183303118,0.0
0.1502730638943508,207.68884999999992,73599549.99999997,180599,144786,0.9768550070857538,0.3693096455764007,2.8218766283217763e-06,0.0242089304137549,180598.9999999999,144785.99999999983,0.02420891902780116,0.00031458804773926445,0.00015692401807406223,0.0
0.15053747905821782,207.6704499999999,73537533.3333333,180583,144664,0.976768463527299,0.36899845680980503,2.8240061991019554e-06,0.024216990691873594,180582.99999999988,144663.99999999977,0.02421697929385289,0.0003242377949982956,0.00010522630161141987,9.288902123265433e-05
0.1514818542877987,207.62099999999992,73338266.66666663,180540,144272,0.9765358777139519,0.36799857159254673,2.831005005117838e-06,0.024244093923419172,180539.9999999999,144271.99999999974,0.024244082484335478,0.00026222420145660306,0.0,9.796333304010568e-05
0.15148880899894437,207.6198499999999,73336741.66666663,180539,144269,0.9765304687415484,0.36799091940976164,2.8310481933282874e-06,0.024244211705922503,180538.99999999985,144268.99999999977,0.02424420026539774,0.00028261619727802504,0.0,0.0
0.1523861607832756,207.59224999999992,73138999.99999997,180515,143880,0.9764006534038664,0.3669986863752886,2.838324970262104e-06,0.024273736152638163,180514.99999999988,143879.99999999983,0.02427372467012525,0.0002714184714959361,0.00015250479602829344,0.00016687205776106648
0.1527793531903649,207.5818999999999,73060208.3333333,180506,143725,0.9763519726522355,0.36660332359805636,2.8412442933767527e-06,0.024285610735233804,180505.99999999985,143724.99999999977,0.024285599234848687,0.00029514920904922577,0.00010556594757528165,2.1277188251348578e-05
0.15330931155609595,207.56234999999992,72939733.3333333,180489,143488,0.9762600201213774,0.36599880115803035,2.845669164314649e-06,0.024303369706023984,180488.99999999988,143487.99999999977,0.02430335818080796,0.00031057244983321696,0.0,0.00015744984214191677
0.15409795871628648,207.5312999999999,72789266.66666663,180462,143192,0.9761139778664848,0.3652437857898965,2.8511250285069503e-06,0.024324836764685272,180461.99999999985,143191.99999999974,0.0243248252049506,0.0002401493531014579,3.879240703190786e-05,0.0
0.15433588790979008,207.5140499999999,72740466.66666663,180447,143096,0.9760328432804335,0.3649989159407721,2.8528006419168794e-06,0.02433097234075883,180446.99999999988,143095.99999999977,0.024330960773135343,0.00027739283613764827,8.285371567967804e-05,0.0
0.1552327962881964,207.4714999999999,72541199.99999997,180410,142704,0.9758327113015068,0.3639990307235139,2.8600505643689377e-06,0.024359371516224915,180409.99999999988,142703.9999999998,0.024359359903725782,0.0002882778669835434,5.824470728406175e-05,0.0
0.1553028745974146,207.46689999999992,72524424.99999997,180406,142671,0.9758110754118933,0.3639148567128774,2.860648671120109e-06,0.024361648379910755,180405.99999999988,142670.99999999983,0.024361636765093016,0.0002913986033041591,0.0,0.0
0.15615159172785378,207.43239999999992,72341933.3333333,180376,142312,0.9756488062397906,0.36299914550625567,2.867388116988856e-06,0.02438830044997968,180375.99999999988,142311.99999999977,0.024388288794777335,0.00023542663442380757,0.0001557458660744613,0.0001082481077599058
0.15649293253413016,207.4185999999999,72252466.66666663,180364,142136,0.9755838985709494,0.3625502174495275,2.8707476653622903e-06,0.024401771691881603,180363.99999999988,142135.99999999977,0.024401760016804816,0.00032195698428693286,0.00013649678621628015,0.0
0.15699510764002836,207.4001999999999,72142666.66666663,180348,141920,0.9754973550124946,0.3619992602889974,2.8748618478200604e-06,0.024418167871694426,180347.99999999985,141919.99999999977,0.024418156171668724,0.00034138567164167233,0.0,0.0
0.15769883889289682,207.3691499999999,71981016.66666663,180321,141602,0.9753513127576022,0.3611881289137726,2.8808866504386228e-06,0.024441911053512243,180320.99999999988,141601.99999999977,0.02444189931733896,0.00028134762225331386,0.0,0.0
0.15784365573942843,207.36569999999992,71943399.99999997,180318,141528,0.9753350858403921,0.36099937507173924,2.8823450101051663e-06,0.024447893378816192,180317.99999999988,141527.99999999983,0.024447881635534515,0.00028304820878993027,0.0,0.0
0.15881479939925497,207.33004999999991,71744133.3333333,180287,141136,0.975167407695886,0.359999489854481,2.8898537116159094e-06,0.024477612516787903,180286.99999999988,141135.99999999977,0.02447760072824577,0.00029509948509000853,0.0,0.00013877885627859351
0.15898032986421204,207.3254499999999,71707024.99999997,180283,141063,0.9751457718062722,0.35981328674004265,2.8912850588906733e-06,0.02448340204940451,180282.99999999988,141062.99999999983,0.024483390251434423,0.00032890601248611377,0.0,8.507684843711867e-05
0.15970509153685394,207.29899999999992,71544866.66666663,180260,140744,0.9750213654409935,0.35899960463722275,2.897468534896052e-06,0.024508005423033028,180259.99999999988,140743.99999999974,0.02450799358691896,0.00030953031480533195,0.0,6.827596639714009e-05
0.1602946679344672,207.27714999999992,71435066.66666663,180241,140528,0.9749185949653285,0.3584486474766927,2.9016162463626645e-06,0.02452424812180285,180240.99999999988,140527.99999999974,0.02452423626150918,0.00030079705902005767,7.170780436522534e-05,0.0
0.16071100005957314,207.2656499999999,71345599.99999997,180231,140352,0.9748645052412942,0.35799971941996456,2.905093656791729e-06,0.024538258395530324,180230.99999999985,140351.99999999983,0.024538246514417873,0.0002988577200508262,0.0,4.840858590051813e-05
0.16160799705722648,207.22999999999993,71162599.99999997,180200,139992,0.9746968270967882,0.3570814574857478,2.9120633591240346e-06,0.024565563089643874,180199.9999999999,139991.9999999998,0.024565551168225775,0.0002641995498040331,0.0,0.0
0.16169719064409654,207.22654999999992,71146333.3333333,180197,139960,0.9746806001795779,0.3569998342027063,2.9126806722295365e-06,0.02456796220604809,180196.9999999999,139959.99999999977,0.02456795028008736,0.0002674224540296801,0.000183073598661742,0.00014737827389549915
0.16260130103774637,207.17019999999994,70947066.66666663,180148,139568,0.9744155605318102,0.35599994898544807,2.920067167446905e-06,0.02459574961438274,180147.9999999999,139567.99999999977,0.02459573764447518,0.0003158690407058849,0.0,2.2109941334096332e-05
0.1628675962519513,207.15869999999993,70900808.3333333,180138,139477,0.9743614708077759,0.35576783277429885,2.921810129809287e-06,0.024602406145296497,180137.99999999988,139476.9999999998,0.024602394165686416,0.00031692973569802423,0.0,0.0
0.16370244212700483,207.11959999999993,70747799.99999997,180104,139176,0.9741775657460596,0.3550000637681899,2.9275765465498578e-06,0.0246243473678144,180103.9999999999,139175.9999999998,0.0246243353528586,0.00026845024324179134,0.0,1.315731153332144e-05
0.16423648234634647,207.0965999999999,70634949.99999997,180084,138954,0.974069386297991,0.3544338022420896,2.9319281743669387e-06,0.02464127343210168,180083.99999999985,138953.9999999998,0.0246412613906884,0.00028676486693186826,0.00019910864759489267,0.00012354212001381844
0.16461274300773612,207.0735999999999,70548533.3333333,180064,138784,0.9739612068499226,0.35400017855093163,2.935193549972218e-06,0.02465362235229393,180063.99999999988,138783.99999999977,0.024653610291480835,0.0002655538320317685,9.57694732718716e-05,0.00015262403321352443
0.16549679662137098,207.03334999999993,70369599.99999997,180029,138432,0.9737718928158029,0.3531023224374753,2.9420850765103113e-06,0.02468014848770031,180028.9999999999,138431.9999999998,0.02468013638594015,0.0002678090957455724,0.0,0.0
0.165623997056636,207.02644999999993,70349266.66666663,180023,138392,0.9737394389813824,0.3530002933336734,2.9428373572242883e-06,0.02468289227366854,180022.9999999999,138391.99999999977,0.024682880167320776,0.00034027743874966355,9.123172176107412e-05,0.0
0.16665369800842975,206.97584999999992,70149999.99999997,179979,138000,0.9735014441956317,0.35200040811641525,2.9504754098360656e-06,0.024711882887690242,179978.99999999988,137999.9999999998,0.024711870735629988,0.0003018336256648027,4.663483306654772e-05,7.6212949319258e-05
0.16688232802600186,206.96894999999992,70105266.66666663,179973,137912,0.9734689903612112,0.3517759440880511,2.9522596495365544e-06,0.024718941720711842,179972.9999999999,137911.99999999974,0.024718929557386464,0.0003339129176515987,0.0,0.0
0.1676749820304305,206.93329999999992,69950733.3333333,179942,137608,0.973301312216705,0.351000522899157,2.958272060049883e-06,0.024741968387416557,179941.99999999988,137607.99999999977,0.02474195618873941,0.0002865881013915999,0.00011848149118294902,0.00017898742431158703
0.1681947296579352,206.90684999999993,69839408.3333333,179919,137389,0.9731769058514265,0.3504419135558418,2.9626088613532315e-06,0.024758515046033828,179918.9999999999,137388.99999999977,0.02475850282036394,0.0002722252185415387,0.00018910288402538989,0.0001479942153693767
0.16861089509776417,206.89189999999994,69750958.3333333,179906,137215,0.9731065892101819,0.34999808695430373,2.966151361122279e-06,0.024772417943958847,179905.9999999999,137214.99999999977,0.024772405697817697,0.0002818595689473933,0.00015350955341983329,0.00013721409140104535
0.1695245557983366,206.84359999999992,69574058.3333333,179864,136867,0.9728794123692381,0.3491104337512275,2.9729989159034014e-06,0.02479810070472246,179863.99999999988,136866.99999999977,0.0247980884176615,0.00028773493519005836,0.0,0.00013488163835584466
0.16961487578749374,206.83784999999992,69551691.66666663,179859,136823,0.9728523675072209,0.3489982017370455,2.9738723105584663e-06,0.024801398244664458,179858.99999999988,136822.99999999974,0.024801385951941264,0.00027985181140943206,9.809005340984872e-05,0.0
0.17062937817712936,206.79069999999993,69352424.99999997,179818,136431,0.9726305996386807,0.3479983165197873,2.9817371202232658e-06,0.024831341210392828,179817.99999999988,136430.9999999998,0.024831328870445313,0.00029696395101791293,0.0,0.00010308603715181484
0.17084012385249975,206.78379999999993,69307183.3333333,179812,136342,0.9725981458042602,0.34777130176382814,2.9835839526975443e-06,0.02483861564898129,179811.9999999999,136341.99999999977,0.024838603298746674,0.0002716040471881814,6.926345459578393e-05,0.00014731074135333573
0.17163483387599876,206.75274999999993,69153158.3333333,179785,136039,0.9724521035493677,0.34699843130252905,2.989780293235583e-06,0.024862527979315843,179784.9999999999,136038.99999999977,0.024862515589241813,0.00023204284944045457,2.4681887810776328e-05,7.235895275106862e-05
0.1722807455447343,206.71594999999994,69043866.66666663,179753,135824,0.9722790164324582,0.34645002486959403,2.993979914218787e-06,0.02487776923778848,179752.9999999999,135823.99999999974,0.024877756822873368,0.00033370105214772396,7.123371503390009e-05,0.0
0.17274505647194813,206.69639999999993,68953891.66666663,179736,135647,0.9721870639016,0.3459985460852708,2.9976031084539954e-06,0.02489164058768024,179735.9999999999,135646.99999999974,0.02489162815218201,0.00030535645848278793,0.0,0.0
0.17360304111278066,206.66879999999992,68771399.99999997,179712,135288,0.9720572485639178,0.34508283487864916,3.005156213193275e-06,0.024921316746777205,179711.99999999988,135287.9999999998,0.024921304263920932,0.0002913321411860066,0.0,0.000109866376303757
0.17368003601288695,206.66649999999993,68754624.99999997,179710,135255,0.972046430619111,0.3449986608680126,3.005855969689312e-06,0.024924079376374086,179709.9999999999,135254.9999999998,0.024924066890526755,0.0003260020299931689,0.0001083451252318495,0.0
0.1746800930206477,206.62049999999994,68555358.3333333,179670,134863,0.9718300717229741,0.3439987756507544,3.0139219606344905e-06,0.0249547202442199,179669.9999999999,134862.99999999977,0.02495470770929543,0.0002629081155792093,0.000126107465828088,0.00015547210062940474
0.17493475637986092,206.60324999999992,68507066.66666663,179655,134768,0.9717489371369227,0.34375645652922493,3.0157947209338995e-06,0.024961430060751452,179654.99999999988,134767.99999999977,0.024961417513949383,0.00030475161633364284,0.00011715147503649283,0.0
0.17567630591592534,206.57449999999992,68356091.66666663,179630,134471,0.9716137128268372,0.34299889043349613,3.0220349783505036e-06,0.02498550308949703,179629.99999999988,134470.99999999977,0.02498549050432855,0.0003416962448246437,0.0,0.0
0.17632819645202819,206.54114999999993,68241208.3333333,179601,134245,0.971456852627138,0.34242242599701567,3.02663383378445e-06,0.025002488529319414,179600.99999999988,134244.99999999977,0.025002475916741127,0.00031986162160088476,0.00010689757139905965,0.00015140880426665827
0.17675276019154718,206.51929999999993,68156824.99999997,179582,134079,0.9713540821514729,0.34199900521623794,3.0300604524932024e-06,0.025015314581403512,179581.9999999999,134078.9999999998,0.025015301947129184,0.00031505862375054287,0.0,0.0
0.17770411897391297,206.46409999999992,67981958.3333333,179534,133735,0.9710944514761085,0.34112155492354196,3.037042548666405e-06,0.02504077188251423,179533.99999999988,133734.99999999977,0.025040759207550563,0.0002467676112151738,0.0,0.00013798762865041827
0.1778169551207385,206.45719999999992,67957558.3333333,179528,133687,0.971061997641688,0.3409991199989797,3.0380314576242256e-06,0.02504442988476711,179527.99999999985,133686.99999999977,0.025044417204011377,0.00027969003938506495,0.00015234472158422315,0.00016048198934757183
0.17890716245417948,206.41004999999993,67758291.66666663,179487,133295,0.9708402297731478,0.33999923478172145,3.046269982947967e-06,0.025075500782512576,179486.99999999988,133294.99999999974,0.025075488052421834,0.00032676495820642475,0.0,0.0
0.1791415411965567,206.39854999999991,67717624.99999997,179477,133215,0.9707861400491135,0.3397951765741178,3.047929545668502e-06,0.025081631500525184,179476.99999999985,133214.9999999998,0.025081618759110434,0.00032308338478684046,0.0,0.00014422993993124715
0.1800565135153912,206.36174999999992,67559024.99999997,179445,132903,0.9706130529322039,0.33899934956446326,3.0545400855030103e-06,0.025106577574204543,179444.9999999999,132902.9999999998,0.02510656479321938,0.00031246472657312034,0.00012471211899138702,3.4285962695285395e-05
0.18056820281242203,206.33184999999992,67453799.99999997,179419,132696,0.970472419649715,0.33847134895228864,3.058861769092327e-06,0.025122511970563224,179418.99999999988,132695.9999999998,0.025122499163923884,0.0002929599941887716,3.880938465912545e-05,0.00011239887447804422
0.18106998804852734,206.30539999999993,67359758.3333333,179396,132511,0.9703480132844363,0.337999464347205,3.062739610482075e-06,0.02513682001440016,179395.9999999999,132510.9999999998,0.025136807183561424,0.0003101403573808817,9.426336370036529e-05,0.0
0.1820267920598096,206.25709999999992,67193533.3333333,179354,132184,0.9701208364434925,0.3371653764236248,3.0695974711852237e-06,0.025162000567800595,179353.99999999988,132183.99999999977,0.02516198769576398,0.00031627408036456766,0.0,0.0
0.18222038490369946,206.24904999999993,67160491.66666663,179347,132119,0.9700829736366685,0.33699957912994677,3.0709877918056742e-06,0.02516720712795756,179346.9999999999,132118.99999999974,0.02516719424791024,0.0003139552990101981,3.4385237466022225e-05,0.0
0.1832476510507182,206.20649999999992,66961224.99999997,179310,131727,0.9698828416577419,0.33599969391268864,3.079491153275646e-06,0.025199426431923688,179309.99999999988,131726.9999999998,0.025199413499193867,0.0003336172313373754,6.771665277158004e-05,0.0
0.1833899459035325,206.19614999999993,66927166.666666634,179301,131660,0.9698341609061111,0.33582879516382047,3.0809036191083348e-06,0.025204572299112812,179300.9999999999,131659.9999999998,0.025204559357225934,0.00028644884811478285,0.0,0.0
0.18421241268905225,206.14899999999992,66761958.3333333,179260,131335,0.9696123930375707,0.3349998086954304,3.08782134536447e-06,0.025229967945392635,179259.99999999988,131334.99999999977,0.02522995496015399,0.00031199731009887063,5.7755823676531954e-05,0.00011350355068614675
0.1847716870624492,206.12714999999992,66664866.666666634,179241,131144,0.9695096225619056,0.33451261972477647,3.0919907337498113e-06,0.02524565780038732,179240.99999999988,131143.99999999977,0.025245644789361015,0.0003137137243158696,0.0,0.0
0.18529484048277672,206.09724999999992,66562691.666666634,179215,130943,0.9693689892794167,0.33399992347817214,3.0962877978567327e-06,0.025261361807052844,179214.99999999988,130942.9999999998,0.025261348770879193,0.00029850961828253115,0.00012830332392317026,0.0
0.18621357119538168,206.0696499999999,66396974.99999997,179191,130617,0.9692391739417345,0.33316838628218703,3.1035999757519076e-06,0.025289479250138858,179190.99999999985,130616.9999999998,0.025289466169423895,0.0002993787275645761,2.9159468130364988e-05,0.0
0.18638722702992647,206.06504999999993,66363424.99999997,179187,130551,0.9692175380521209,0.33300003826091396,3.105099684050364e-06,0.025295306316564386,179186.9999999999,130550.9999999998,0.025295293225727582,0.0003231115267331825,0.0,5.219276580785425e-05
0.18744933017531976,206.01329999999993,66164158.333333306,179142,130159,0.9689741342939668,0.3320001530436557,3.1136691705819075e-06,0.025327006553081663,179141.9999999999,130158.9999999998,0.02532699340887405,0.0003046010576635539,0.00013143961326091155,9.402798858111482e-05
0.18767427817397303,206.00409999999994,66132641.666666634,179134,130097,0.9689308625147395,0.3318420079327628,3.1150139297071788e-06,0.02533190954264582,179133.9999999999,130096.9999999998,0.02533189639135693,0.0003345754026576666,0.0001279105633103135,3.555491434632343e-05
0.18852870151395165,205.97419999999994,65964891.666666634,179108,129767,0.9687902292322506,0.33100026782639747,3.1224821991799433e-06,0.025360417445111767,179107.99999999994,129766.99999999978,0.025360404248668797,0.00034117588230285625,0.0,0.0
0.18910380640284863,205.95809999999992,65859666.666666634,179094,129560,0.9687145036186026,0.33047226721422285,3.127226577723341e-06,0.02537868484018432,179093.99999999988,129559.99999999978,0.0253786716128497,0.0003079975895626951,0.0,0.0
0.18957075498153014,205.93969999999993,65765624.99999997,179078,129375,0.9686279600601478,0.3300003826091393,3.1314185792349732e-06,0.025394554589164908,179077.99999999988,129374.9999999998,0.025394541335874866,0.0003010477361867485,0.00014147808865064434,9.720406107511126e-05
0.19052344632323653,205.89714999999993,65593299.99999997,179041,129036,0.9684278280812212,0.3291356859544185,3.138996665818003e-06,0.025422636907910023,179040.9999999999,129035.9999999998,0.025422623608440685,0.0003393363439461766,0.0,0.0
0.19067214199707652,205.88909999999993,65566358.333333306,179034,128983,0.9683899652743972,0.3290004973918811,3.140163724715025e-06,0.025426865381604238,179033.9999999999,128982.99999999981,0.02542685207467395,0.00030226826964308386,0.00014632657717813486,0.00017775477599457176
0.19179144702079262,205.84539999999993,65366583.333333306,178996,128590,0.9681844243230672,0.3279980614470278,3.1490922349467555e-06,0.025460285755260263,178995.99999999988,128589.99999999981,0.02546027239110249,0.00027820086959549087,9.399236245563527e-06,0.0
0.19205125110640256,205.83849999999993,65325916.666666634,178990,128510,0.9681519704886465,0.32779400323942404,3.1509469825018405e-06,0.02546735558431038,178989.99999999988,128509.99999999978,0.0254673422097699,0.00029368348608202173,0.0,0.0
0.19292929210441861,205.80744999999993,65167316.666666634,178963,128198,0.9680059282337542,0.32699817622976957,3.1581390876152393e-06,0.02549448082168803,178962.99999999988,128197.9999999998,0.025494467402320597,0.00035441277888022087,0.00012674953846911758,0.0
0.19344943937992695,205.77869999999993,65059041.666666634,178938,127985,0.9678707039236686,0.32645487125202466,3.162953138079066e-06,0.025512122313026617,178937.99999999994,127984.99999999978,0.025512108864411614,0.0003513778614134977,0.0,6.394547535377011e-05
0.1939647621161416,205.75569999999993,64968049.99999997,178918,127806,0.9677625244756002,0.3259982910125113,3.1670290242665437e-06,0.025527128193517566,178917.9999999999,127805.9999999998,0.025527114719514524,0.0003290722996695893,9.244987672957407e-05,8.015499864878978e-05
0.19499111413312556,205.73039999999992,64787083.333333306,178896,127450,0.9676435270827248,0.3250902319886748,3.1754848252931075e-06,0.02555961195522109,178895.99999999988,127449.9999999998,0.025559598428395277,0.0003127728511573915,0.0,5.9115465475214456e-05
0.19509194313113068,205.72464999999994,64768783.333333306,178891,127414,0.9676164822207078,0.32499840579525313,3.1762932606165473e-06,0.02556250807995369,178890.9999999999,127413.9999999998,0.0255624945476178,0.00033352791837123856,0.00011535958929704243,8.703661956429989e-05
0.19632139243392097,205.65794999999991,64569516.666666634,178833,127022,0.9673027618213091,0.3239985205779949,3.1850625591900823e-06,0.02559362101275991,178832.99999999988,127021.9999999998,0.02559360742578198,0.000326540217455476,7.172844085552713e-05,0.0
0.19652907129078517,205.64184999999992,64532916.666666634,178819,126950,0.9672270362076613,0.3238148681911515,3.186619490053526e-06,0.025598873552964464,178818.9999999999,126949.9999999998,0.025598859957569567,0.00033035108930039775,0.0,0.00011691991496421035
0.19736367107655295,205.60044999999994,64370249.99999997,178783,126630,0.9670323132011381,0.32299863536073664,3.194029073989926e-06,0.0256260378311867,178782.9999999999,126629.9999999998,0.025626024188887896,0.0003197696509505061,7.061545380286471e-05,0.00020285170181116887
0.19795887447093155,205.57514999999992,64269091.666666634,178761,126431,0.9669133158082628,0.3224910405693224,3.1986627579275734e-06,0.025643041478349917,178760.9999999999,126430.99999999978,0.02564302780675792,0.00033285806190428536,0.0,0.00015079294237999174
0.19852354926570775,205.55099999999993,64170983.333333306,178740,126238,0.966799727387791,0.32199875014347845,3.2031767213582257e-06,0.025659621553169962,178739.9999999999,126237.99999999981,0.025659607854430392,0.00032462369755212317,0.0,0.0
0.1995444309096334,205.50039999999993,64008824.99999997,178696,125919,0.9665617326020403,0.3211850680406586,3.2105010520033763e-06,0.025685779146973807,178695.9999999999,125918.99999999978,0.02568576540257252,0.00028845166328693976,0.0,0.0
0.1997897522080381,205.48544999999993,63971716.666666634,178683,125846,0.9664914159607958,0.3209988649262202,3.212129683352253e-06,0.02569135873094288,178682.9999999999,125845.99999999978,0.02569134497758596,0.00032256950912595616,0.0,0.0
0.20097249936366,205.4233499999999,63772449.99999997,178629,125454,0.9661993314510109,0.319998979708962,3.2211926937102154e-06,0.025723689357039673,178628.9999999999,125453.9999999998,0.02572367554666178,0.0002820523971109009,0.0,6.235504948484794e-05
0.20108253686184455,205.4164499999999,63752624.99999997,178623,125415,0.9661668776165904,0.3198995013327552,3.222086149393849e-06,0.025726824491231984,178622.99999999988,125414.99999999978,0.025726810676303214,0.0002711568515323404,0.0,0.0
0.20218827481693347,205.36814999999993,63573183.333333306,178581,125062,0.9659397007756467,0.31899909449170377,3.2304210554188077e-06,0.025757049440345604,178580.9999999999,125061.99999999981,0.02575703557300306,0.00031229162487126744,8.852125017596702e-05,0.0
0.2026091547978385,205.33939999999993,63493374.99999997,178556,124905,0.9658044764655611,0.3185986302592815,3.2340287470936933e-06,0.025769624027349922,178555.9999999999,124904.9999999998,0.025769610137029875,0.00030756112528104246,0.000156023057864989,5.50433389687441e-05
0.20334886160126925,205.31064999999992,63373916.666666634,178531,124670,0.9656692521554755,0.3179992092744455,3.239671158086858e-06,0.025790288700459817,178530.9999999999,124669.9999999998,0.025790274775716524,0.0003242830659995185,0.00012120360851057064,0.0
0.2041517504332918,205.26579999999993,63233108.333333306,178492,124393,0.965458302231742,0.31729265773061766,3.2461760209215297e-06,0.02581334766889553,178491.99999999988,124392.99999999981,0.025813333703171522,0.00031793589254918765,0.00017940568166001185,7.047308919422124e-05
0.20454568944543805,205.23934999999992,63174649.99999997,178469,124278,0.9653338958664632,0.31699932405718734,3.248761172400639e-06,0.02582196025341114,178468.99999999988,124277.9999999998,0.02582194627164153,0.0003472150205443623,0.0,0.0
0.20572580549770075,205.18759999999992,62975383.333333306,178424,123886,0.9650904921083092,0.3159994388399291,3.258219150710476e-06,0.025856259741275818,178423.99999999988,123885.99999999983,0.025856245700537513,0.00032724945493630645,0.00018225569884728273,0.00011041633467355053
0.20573520653180144,205.18759999999992,62974366.666666634,178424,123884,0.9650904921083092,0.315994337384739,3.25827175183977e-06,0.025856468453905258,178423.99999999988,123883.99999999978,0.02585645441304506,0.0003591786661503633,0.0,0.0
0.20686796956063658,205.13124999999994,62776116.666666634,178375,123494,0.9648254524605416,0.31499955362267085,3.2676638965933707e-06,0.025890152175838378,178374.9999999999,123493.99999999978,0.02589013807567489,0.0003512957059666724,9.443343476843505e-05,0.0
0.20723391196691782,205.11514999999991,62713083.333333306,178361,123370,0.9647497268468936,0.31468326340088515,3.2706915223697344e-06,0.025901127045258012,178360.99999999985,123369.99999999981,0.02590111292693384,0.0002948183713411717,5.420628613337089e-05,0.00010738043245226419
0.2080172345765896,205.07834999999992,62576849.99999997,178329,123102,0.9645766397299841,0.31399966840541266,3.277223925461253e-06,0.02592465381088273,178328.99999999988,123101.9999999998,0.025924639650236832,0.00032711037202654393,0.0,8.625478525914656e-05
0.2087597994925933,205.0426999999999,62451799.99999997,178298,122856,0.964408961585478,0.3133721894170312,3.283215215574251e-06,0.02594608472356525,178297.99999999988,122855.99999999981,0.025946070525718616,0.0003289095165870064,0.0,0.0
0.209224094909766,205.02659999999992,62377583.333333306,178284,122710,0.9643332359718301,0.3129997831881544,3.2868634699164098e-06,0.025959476918866516,178283.99999999988,122709.99999999983,0.025959462698718443,0.00030052353100330884,0.00014549026090694364,9.516110221862281e-05
0.21031671613123057,204.9690999999999,62191024.99999997,178234,122343,0.9640627873516588,0.31206366616077236,3.295798710505254e-06,0.025991092617922436,178233.99999999985,122342.99999999981,0.025991078340917663,0.000352222857846041,7.537307259611441e-05,0.0
0.210394742956219,204.96679999999992,62178316.66666664,178232,122318,0.9640519694068521,0.3119998979708962,3.2964353328960606e-06,0.025993456899586098,178231.9999999999,122317.99999999981,0.02599344261810656,0.00036486369051360506,0.0,0.0
0.21156423135254027,204.9104499999999,61979049.99999997,178183,121926,0.9637869297590843,0.311000012753638,3.306124408166953e-06,0.026028051026411366,178182.99999999985,121925.99999999981,0.026028036683307405,0.0003226922172745304,0.0,0.00014663586349927032
0.2118718486317858,204.90009999999992,61928216.66666664,178174,121826,0.9637382490074535,0.3107449399941334,3.308671087735182e-06,0.026037416091925236,178173.9999999999,121825.99999999983,0.02603740173375484,0.0003627938218945418,0.0,0.0
0.21267026752383325,204.86444999999992,61779783.333333306,178143,121534,0.9635705708629474,0.3100001275363798,3.3160435169325888e-06,0.026064140716172867,178142.99999999988,121533.9999999998,0.026064126311014582,0.00029579118917665156,0.0001079918977675286,0.0
0.21330695570803068,204.83109999999994,61665408.333333306,178114,121309,0.9634137106632482,0.3094262138274943,3.321653185085264e-06,0.026084054050693844,178113.9999999999,121308.9999999998,0.026084039610867506,0.00032713131179045715,7.629272438567446e-05,7.120022026133557e-05
0.21376098547840597,204.81269999999992,61580516.66666664,178098,121142,0.9633271671047934,0.30900024231912154,3.3259334459411e-06,0.026099682164415345,178097.99999999988,121141.99999999983,0.026099667696575683,0.00033192745627934084,8.037076605251044e-05,0.00010976351480812438
0.2148253209566159,204.76094999999992,61403108.333333306,178053,120793,0.9630837633466394,0.3081100383884503,3.3347000755797788e-06,0.026130754972652187,178052.99999999988,120792.99999999981,0.02613074044995014,0.0003254730809089482,0.0001603131478806808,0.0
0.2149634524381086,204.74944999999994,61381249.99999997,178043,120750,0.9630296736226053,0.3080003571018633,3.335700234192038e-06,0.02613393939527087,178042.9999999999,120749.99999999981,0.02613392486553019,0.0003500504971185882,0.0,0.0
0.21626231105104923,204.69654999999992,61181983.333333306,177997,120358,0.9627808608920477,0.3070004718846051,3.3456998097751546e-06,0.026169700196919148,177996.99999999985,120357.99999999981,0.026169685604444184,0.00031115399976187436,0.0001151585004430326,0.0001167027908456296
0.2165032490550022,204.68504999999993,61143349.99999997,177987,120282,0.9627267711680135,0.30680661658738156,3.347625702549828e-06,0.02617649583706147,177986.9999999999,120281.99999999981,0.026176481231644927,0.00035676224259337903,0.00011705451062217339,0.0
0.21752816073458806,204.64249999999993,60982208.333333306,177950,119965,0.9625266391890869,0.30599803593975183,3.3557738493399376e-06,0.026205609131702088,177949.9999999999,119964.99999999981,0.02620559447511833,0.0003621755393043104,0.0001795981127586278,0.00010738985327822259
0.21812407485831764,204.6022499999999,60886641.66666664,177915,119777,0.9623373251549671,0.3055184991518831,3.360379951979067e-06,0.026221008734024873,177914.99999999988,119776.99999999983,0.02622099404813693,0.00036330748269875867,9.331932967223774e-05,0.0001112892480330566
0.2188050690246966,204.56659999999994,60782941.66666664,177884,119573,0.962169647010461,0.30499815072249364,3.365526484747023e-06,0.026238793992762893,177883.9999999999,119572.99999999983,0.02623877927567513,0.0003356814500334187,6.896103087484976e-05,0.0
0.21978254284914697,204.52174999999994,60628916.66666664,177845,119270,0.9619586970867275,0.30422528026119455,3.3733367053949783e-06,0.026266342081199948,177844.9999999999,119269.99999999983,0.02626632731387603,0.00036057865144197324,0.0,0.0
0.2200541662009314,204.51254999999992,60583674.99999997,177837,119181,0.9619154253075001,0.30399826550523534,3.375703933444117e-06,0.02627496564172228,177836.99999999988,119180.99999999981,0.02627495085767727,0.0003210363073786528,0.0001149015562544494,8.175342592481742e-05
0.22138816491269434,204.44699999999992,60384408.333333306,177780,118789,0.961607113880505,0.30299838028797715,3.3857581061557144e-06,0.026309847729114988,177779.99999999988,118788.99999999981,0.02630983288161095,0.0003432298448184104,9.269417432581635e-05,0.00011041716013833087
0.22147876227206262,204.44239999999994,60370683.333333306,177776,118762,0.9615854779908913,0.3029295106429109,3.3864516469224445e-06,0.026312246239741238,177775.9999999999,118761.99999999981,0.0263122313896677,0.00029361246038289463,0.00013329505503706317,0.0
0.2226234177098018,204.38719999999992,60185141.66666664,177728,118397,0.961325847315527,0.30199849507071896,3.3959743940122543e-06,0.026345658041959423,177727.99999999988,118396.99999999981,0.026345643130171154,0.0003359853291541305,0.0,0.0
0.2231177127770089,204.35729999999992,60114991.66666664,177702,118259,0.961185214033038,0.3016464946626025,3.399439879042929e-06,0.026357168952555188,177701.9999999999,118258.99999999983,0.026357154019105423,0.0003686067093701827,0.0,0.0
0.2239913939088981,204.31359999999992,59985874.99999997,177664,118005,0.960979673081708,0.3009986098534607,3.4060285025433076e-06,0.02637987765432645,177663.9999999999,118004.99999999981,0.026379862680199068,0.00034633349978122296,0.00011919833138583489,0.00011603825780473675
0.22482137030376032,204.28024999999994,59856249.99999997,177635,117750,0.9608228128820088,0.30034817431672384,3.4128474470084585e-06,0.02640411577172675,177634.99999999994,117749.9999999998,0.02640410075276155,0.00032129664121533543,0.0,0.0
0.22518221001416172,204.25264999999993,59786608.333333306,177611,117613,0.9606929975443266,0.2999987246362025,3.4163612169001618e-06,0.026415920046613608,177610.99999999988,117612.99999999981,0.0264159050052081,0.00034215108962675064,8.780442743379958e-05,0.00010850905392455667
0.22642035985946085,204.19974999999994,59598524.99999997,177565,117243,0.9604441848137691,0.2990549554260353,3.4262550960783013e-06,0.02645071708017412,177564.9999999999,117242.99999999981,0.02645070197559714,0.0003513712045492597,0.0,0.00011113675148074222
0.22648673520287604,204.19629999999992,59587341.66666664,177562,117221,0.9604279578965588,0.2989988394189443,3.4268402363421427e-06,0.02645275216215112,177561.9999999999,117220.99999999983,0.026452737053675422,0.0003148045121692752,8.327652328726547e-05,6.999097047963433e-05
0.22778172287057744,204.13074999999992,59388074.99999997,177505,116829,0.9601196464695637,0.29799895420168604,3.4372346636930063e-06,0.026488587916792598,177504.9999999999,116828.99999999981,0.026488572742926923,0.00033933260002332245,9.795157998782049e-05,0.00011005838674244709
0.22814180158959974,204.11464999999993,59342833.333333306,177491,116740,0.9600439208559158,0.2977719394457269,3.439583830678796e-06,0.026496593172418627,177490.99999999988,116739.99999999981,0.02649657798360662,0.0002975761921890733,0.00012216588998724878,0.0
0.22927429740195102,204.06404999999992,59188808.333333306,177447,116437,0.9598059260701652,0.2969990689844278,3.447679650023928e-06,0.026524469315831092,177446.9999999999,116436.99999999981,0.02652445407434871,0.00032361137474931954,0.00011035641636270192,7.82372028202826e-05
0.22996931055091396,204.02379999999994,59089683.333333306,177412,116242,0.9596166120360454,0.29650167710339376,3.4527820846334998e-06,0.026541471727823382,177411.9999999999,116241.99999999981,0.02654145645420006,0.00030888071004538483,0.0,0.0
0.23058827573093116,204.00309999999993,58989541.66666664,177394,116045,0.9595192505327839,0.2959991837671696,3.4582926775862108e-06,0.026561295656177757,177393.9999999999,116044.99999999984,0.02656128034662306,0.00037622480157528383,0.0001545858264447597,0.0
0.23162312646018463,203.94789999999992,58829924.99999997,177346,115731,0.9592596198574195,0.29519825530232496,3.466737378978471e-06,0.02659010733889886,177345.9999999999,115730.99999999981,0.02659009197455564,0.00031743492718165633,0.0,9.048208306629411e-05
0.23184662792366495,203.93869999999993,58790274.99999997,177338,115653,0.9592163480781921,0.29499929854991136,3.468918966614802e-06,0.026597872555089174,177337.9999999999,115652.9999999998,0.0265978571768822,0.0003509564802351728,9.626543875022196e-05,0.0
0.23314544298671422,203.8685499999999,58591008.333333306,177277,115261,0.9588864007615833,0.29399941333265317,3.4795193972453967e-06,0.026633898967543087,177276.99999999988,115260.99999999981,0.02663388352209592,0.00031092087309088644,0.0,0.0
0.23325443116087025,203.86624999999992,58572708.333333306,177275,115225,0.9588755828167764,0.2939075871392315,3.480567243703517e-06,0.026637758761702754,177274.99999999988,115224.99999999981,0.026637743309253205,0.0003555975318950937,8.727629996926587e-05,0.0
0.2344259470586479,203.78344999999993,58391741.66666664,177203,114869,0.9584861368037301,0.2929995281153949,3.48993614821959e-06,0.02666816882659736,177202.9999999999,114868.99999999981,0.026668153314486003,0.00036407895773321526,0.0,7.861340479554634e-05
0.2348505688747217,203.76159999999993,58325658.333333306,177184,114739,0.9583833663280651,0.2926679335280389,3.493515646844392e-06,0.026680411125506447,177183.9999999999,114738.99999999981,0.026680395591061362,0.00036232767004346767,0.0,0.0
0.23577527620375122,203.71674999999993,58192474.99999997,177145,114477,0.9581724164043316,0.2919996428981367,3.50074043078594e-06,0.02670504564971405,177144.9999999999,114476.9999999998,0.02670503006954263,0.0003654976212914873,9.807447769099045e-05,0.0
0.23659644463376842,203.67879999999994,58068949.99999997,177112,114234,0.9579939203150186,0.2913798160925404,3.5075337163837138e-06,0.026728454095075814,177111.9999999999,114233.9999999998,0.02672843847097395,0.0003710313961943609,5.2773087030391694e-05,5.9322143133348014e-05
0.23709876272785613,203.66154999999992,57993208.333333306,177097,114085,0.9579127857289672,0.2909997576808785,3.5118172602107866e-06,0.026743637496258466,177096.99999999988,114084.99999999981,0.026743621843203037,0.00035395861377334603,0.00015559450187385012,0.0
0.2383492183781562,203.61094999999992,57805633.333333306,177053,113716,0.9576747909432166,0.2900585391983063,3.522337499978376e-06,0.02678033764893979,177052.9999999999,113715.99999999981,0.026780321927545463,0.0003476505783334852,5.595757731538837e-05,0.0
0.23842395957063928,203.6051999999999,57793941.66666664,177048,113693,0.9576477460811994,0.28999987246362025,3.5229505745483992e-06,0.026782289975299748,177047.99999999985,113692.99999999983,0.026782274250460675,0.00032424343522504686,0.00014391319475359323,0.0
0.23976251685567,203.53619999999992,57594674.99999998,176988,113301,0.9573232077369941,0.28899998724636206,3.533941288843109e-06,0.026819488827235848,176987.99999999988,113300.99999999984,0.026819473030838134,0.0003493336532302493,5.772210099549894e-05,0.00012780621376305595
0.24002779284650375,203.5166499999999,57554008.333333306,176971,113221,0.957231255206136,0.28879592903875834,3.536098629678414e-06,0.026826385279827416,176970.99999999988,113220.99999999981,0.02682636946979264,0.0003615033783241034,0.00011379430369884753,7.707636755328999e-05
0.24108241334381675,203.46259999999992,57395408.333333306,176924,112909,0.9569770335031751,0.2880001020291038,3.544928172970864e-06,0.026856289819815048,176923.99999999988,112908.99999999983,0.02685627395307695,0.00035272986397036316,0.0,0.00011196538964047875
0.24167109646534105,203.4211999999999,57302891.66666664,176888,112727,0.9567823104966519,0.2875358696068054,3.5499290539002757e-06,0.02687249203291832,176887.99999999988,112726.99999999984,0.02687247613258818,0.00038946958403009884,0.0001339999966317866,0.0
0.24242141011624288,203.39474999999993,57196141.66666664,176865,112517,0.9566579041313732,0.2870002168118456,3.556092143161755e-06,0.02689406017014443,176864.9999999999,112516.99999999984,0.02689404423013831,0.0003811457448780347,8.92410974311164e-05,0.00013157079336379473
0.2435099671171838,203.34184999999994,57044658.333333306,176819,112219,0.9564090914008158,0.28624009998852173,3.564608079722335e-06,0.02692274134362411,176818.9999999999,112218.99999999983,0.026922725349139538,0.0003485481752425277,0.0,4.901859226311024e-05
0.24385991818962624,203.31999999999994,56996874.99999998,176800,112125,0.9563063209251507,0.2860003315945874,3.5672131147540984e-06,0.026931130137664166,176799.9999999999,112124.99999999984,0.026931114125015337,0.0003322168187882425,0.00017917689272025332,0.00015249531428736864
0.24535652188297677,203.24064999999993,56797608.333333306,176731,111733,0.9559331018293145,0.28500044637732913,3.578331129846577e-06,0.02696780200063128,176730.9999999999,111732.99999999983,0.026967785917015576,0.00031994334393599773,0.0,0.0
0.24536694722100566,203.24064999999993,56796591.66666664,176731,111731,0.9559331018293145,0.28499534492213907,3.5783951824573982e-06,0.02696804336320138,176730.9999999999,111730.99999999983,0.02696802727895382,0.0003727200025323536,3.18380950460971e-05,0.0
0.24684833819974075,203.17739999999992,56597833.333333306,176676,111340,0.9556356083471262,0.28399801043247586,3.589844134198306e-06,0.027006947209776647,176675.99999999988,111339.99999999981,0.02700693105122417,0.0003623838523984533,4.257961627905679e-05,5.41418754392615e-05
0.24731633626082164,203.15439999999992,56541408.333333306,176656,111229,0.9555274288990577,0.2837148796694257,3.5930198059858493e-06,0.02701736076809079,176655.9999999999,111228.99999999983,0.02701734458848004,0.00034092322557385726,0.0,8.911360758858712e-05
0.2483374335403668,203.0911499999999,56398566.66666664,176601,110948,0.9552299354168695,0.28299812521521767,3.600998429629122e-06,0.027043130592103646,176600.99999999988,110947.99999999983,0.027043114362034378,0.0003502487201069935,5.03646194081643e-05,5.536023049416384e-05
0.2491821427208759,203.0543499999999,56292324.99999998,176569,110739,0.95505684829996,0.28246502314785293,3.607140937952021e-06,0.027063733270083743,176568.99999999988,110738.99999999984,0.027063717000729594,0.00037190792766384335,0.0,0.0
0.24996987895254158,203.02099999999993,56199299.99999998,176540,110556,0.9548999881002608,0.2819982399979594,3.6125183053881456e-06,0.027081674225907938,176539.9999999999,110555.99999999984,0.02708165791929678,0.00035295177028253166,2.3910632884229456e-05,0.0
0.25110719909638857,202.95429999999993,56043241.66666664,176482,110249,0.9545862677008622,0.28121516662628016,3.6213875922297505e-06,0.027110444183186564,176481.9999999999,110248.99999999983,0.027110427820476454,0.0003765864626145902,0.00011066461958921809,0.0
0.251403165434295,202.93934999999993,56000033.333333306,176469,110164,0.9545159510596177,0.2809983547807012,3.6239148071935675e-06,0.02711890328584911,176468.9999999999,110163.99999999983,0.027118886906275362,0.0003558180521938927,9.760463802349482e-05,0.0
0.252691982603817,202.8783999999999,55800766.66666664,176416,109772,0.9542292755222362,0.279998469563443,3.635763666329555e-06,0.027159122139772368,176415.99999999988,109771.99999999983,0.027159105683248665,0.00035906908733610325,0.0,0.00010984897367294768
0.2528195775907153,202.87724999999992,55783991.66666664,176415,109739,0.9542238665498328,0.27991429555280645,3.6368363743541124e-06,0.02716305141785312,176414.99999999988,109738.99999999984,0.027163034953214843,0.00036082431195849104,0.00012619229162380655,8.335104579631319e-06
0.254079565026097,202.81629999999993,55601499.99999998,176362,109380,0.9539371910124514,0.2789985843461848,3.6476767713101267e-06,0.027199417389956456,176361.99999999988,109379.99999999984,0.02719940085425689,0.0003916234726395675,0.0,0.0
0.2546234937165466,202.79099999999994,55528808.333333306,176340,109237,0.9538181936195762,0.2786338303000931,3.6519962535962945e-06,0.027213819508901095,176339.9999999999,109236.99999999983,0.0272138029448925,0.0003615056980737445,0.0,5.515004413284498e-05
0.2555846108673133,202.74729999999994,55402233.333333306,176302,108988,0.9536126526682461,0.27799869912892655,3.6595510289296406e-06,0.02723901779300616,176301.99999999994,108987.99999999983,0.027239001178305116,0.0003777176352295194,0.00014179351790162334,3.2605865126064784e-05
0.25648185037798044,202.69784999999993,55276674.99999998,176259,108741,0.953380066854899,0.2773686694129501,3.666968934003357e-06,0.027263285182444027,176258.9999999999,108740.99999999984,0.027263268520397052,0.0003718675176186521,0.00013968260909125933,2.995908783648359e-05
0.2570533488666439,202.66679999999994,55202966.66666664,176232,108596,0.9532340246000066,0.2769988139116683,3.671302689650134e-06,0.027277301331744414,176231.99999999994,108595.99999999984,0.027277284640653564,0.00038510014321779346,0.0,0.00013917322745100953
0.25833531470110427,202.60584999999992,55024033.333333306,176179,108244,0.952947349062625,0.2761009577982119,3.682133746405359e-06,0.02731340032848605,176178.99999999988,108243.99999999983,0.02731338356730628,0.00036373467068015713,0.00012392606079957334,0.0
0.2584616495783737,202.59779999999992,55003699.99999998,176172,108204,0.9529094862558011,0.2759989286944101,3.6833485747322453e-06,0.0273173629377707,176171.99999999988,108203.99999999984,0.02731734616764048,0.0003577688248733453,8.255808697746662e-05,0.0
0.25997864364034273,202.5195999999999,54804433.333333306,176104,107812,0.9525416761323683,0.27499904347715187,3.6953141868693108e-06,0.02735641699855991,176103.99999999988,107811.99999999983,0.027356400150152515,0.0003426905195357489,0.0,0.0
0.26017367393456076,202.50809999999993,54773933.333333306,176094,107752,0.9524875864083342,0.2748459998214491,3.697161910349084e-06,0.027362478576641463,176093.9999999999,107751.99999999983,0.027362461716856516,0.00033467886144055104,0.0,0.00011803583263474496
0.26141044223165905,202.4459999999999,54605166.66666664,176040,107420,0.9521955018985493,0.2739991582598936,3.7074513705967996e-06,0.027396326399206142,176039.99999999988,107419.99999999983,0.027396309471826214,0.00038801772067470003,0.0001311814652520516,0.0
0.2620989227742381,202.41494999999992,54521799.99999998,176013,107256,0.9520494596436568,0.273580838934306,3.7125507595127087e-06,0.027413058500634815,176012.9999999999,107255.99999999984,0.02741304153910272,0.00035229143981177437,7.145530521945698e-05,0.0
0.2630278883452655,202.37584999999993,54405899.99999998,175979,107028,0.9518655545819406,0.27299927304263544,3.7197408736920078e-06,0.027436940811489216,175978.9999999999,107027.99999999984,0.02743692380104766,0.0003839861756592429,0.0,3.076811187542229e-05
0.26397383872356855,202.31604999999993,54272208.333333306,175927,106765,0.9515842880169626,0.2723284316851382,3.7278020595255556e-06,0.027462596160324593,175926.9999999999,106764.99999999983,0.027462579096963084,0.00034625295606214137,0.0,8.475871236365404e-05
0.26442972414385935,202.28959999999992,54206633.333333306,175904,106636,0.9514598816516838,0.2719993878253772,3.731823718991342e-06,0.02747560968177541,175903.99999999988,106635.99999999983,0.027475592592307932,0.00036722368326690537,0.0,0.0
0.265872140116139,202.21024999999992,54025666.66666664,175835,106280,0.9510866625558476,0.27109132880154063,3.7428552478143105e-06,0.027510792343630224,175834.99999999988,106279.99999999983,0.027510775182026086,0.0003759392348184742,8.534177604556193e-05,0.00012513327964214742
0.26600023306293274,202.20679999999993,54007366.66666664,175832,106244,0.9510704356386374,0.270999502608119,3.7440596066832863e-06,0.02751498341043813,175831.99999999994,106243.99999999983,0.027514966241188165,0.0003786574871774199,0.0,3.011024433443902e-05
0.2674213411498512,202.12974999999992,53808099.99999998,175765,105852,0.950708034487608,0.26999961739086076,3.756492981539954e-06,0.027555380368186267,175764.99999999988,105851.99999999984,0.027555363115515926,0.00037459599695207046,5.393644421342427e-05,9.212173222791275e-05
0.26767073799556185,202.11939999999993,53772516.66666664,175756,105782,0.9506593537359773,0.2698210664592075,3.7587863192814423e-06,0.027563084652871734,175755.9999999999,105781.99999999985,0.027563067385735687,0.000370157634916106,4.1738478567421815e-05,9.045122209056034e-05
0.26891641225647606,202.04464999999993,53608833.33333331,175691,105460,0.9503077705297548,0.26899973217360257,3.7688686255063686e-06,0.027594922401347956,175690.99999999988,105459.99999999985,0.027594905067876103,0.0003456347801376544,0.0,0.0
0.2693887339177089,202.00554999999991,53530041.66666664,175657,105305,0.9501238654680384,0.26860436939637033,3.77368564847932e-06,0.02760987948087009,175656.99999999988,105304.99999999985,0.027609862115649825,0.0003956450578835317,8.343871899939385e-05,0.0
0.27035821322625486,201.96299999999994,53409566.66666664,175620,105068,0.9499237334891119,0.2679998469563443,3.781401209645963e-06,0.027635179255863843,175619.99999999988,105067.99999999984,0.02763516183916748,0.0004118803151695869,0.0,0.00013089810833936765
0.2713637269184847,201.91239999999993,53277908.33333331,175576,104809,0.9496857387033611,0.26733920850922727,3.7897959269859975e-06,0.02766237139378993,175575.9999999999,104808.99999999985,0.027662353920993,0.00037841479218633,0.00011889147494500486,0.0
0.27196482565136865,201.88249999999994,53210299.99999998,175550,104676,0.9495451054208722,0.2669999617390861,3.7940492724153032e-06,0.027675840587746966,175549.9999999999,104675.99999999984,0.027675823087176928,0.0003773047630898571,0.0,7.94108797571301e-05
0.2733808388929693,201.79049999999992,53038483.33333331,175470,104338,0.9491123876285983,0.2661378158119604,3.8046053981558675e-06,0.027707999306997452,175469.9999999999,104337.99999999985,0.02770798173762526,0.0003695245432376463,6.278041455776816e-05,0.0
0.27358987094507764,201.77899999999994,53011033.33333331,175460,104284,0.9490582979045642,0.2660000765218279,3.8063585505155846e-06,0.02771359272928149,175459.9999999999,104283.99999999985,0.027713575147274763,0.0003594850555921863,0.00012652505857753822,0.0
0.27505295510314576,201.70884999999993,52811766.66666664,175399,103892,0.9487283505879553,0.26500019130456964,3.819392206156078e-06,0.027756174260922653,175398.9999999999,103891.99999999985,0.02775615659123801,0.0003884394769369447,3.7488866801981345e-05,0.00013951848723349407
0.2751890561853909,201.69849999999994,52785841.66666664,175390,103841,0.9486796698363246,0.2648701041972223,3.8210719698984944e-06,0.027761564882415605,175389.9999999999,103840.99999999983,0.02776154720126398,0.0003915773534787241,0.00013264279368481197,0.0
0.27645941677374447,201.64099999999993,52612499.99999998,175340,103500,0.9484092212161535,0.2640003060873114,3.83256830601093e-06,0.027799332829986218,175339.9999999999,103499.99999999985,0.02779931507379248,0.0003725794168199745,0.00018710008937489732,0.0
0.2771271771713975,201.6099499999999,52531674.99999998,175313,103341,0.9482631789612609,0.26359474039969905,3.837874006492274e-06,0.027816426559772314,175312.9999999999,103340.99999999984,0.027816408766621618,0.00039144190002955216,0.0,0.0
0.27813619919409494,201.54784999999993,52413233.33333331,175259,103108,0.9479710944514761,0.2630004208700532,3.845361890158783e-06,0.02783926043258762,175258.9999999999,103107.99999999985,0.027839242590111404,0.00039164027620616613,0.0,2.9033754912906788e-05
0.2791023313874927,201.50069999999994,52286658.33333331,175218,102859,0.9477493265829359,0.2623652896988866,3.853768942650922e-06,0.027866415980215692,175217.9999999999,102858.99999999985,0.02786639808056025,0.0003836934164220043,8.631638635665506e-05,0.00012188288457218183
0.27963765344583624,201.46734999999993,52213966.66666664,175189,102716,0.9475924663832366,0.26200053565279496,3.8584953961871e-06,0.027881191553752054,175188.99999999988,102715.99999999984,0.027881173622587657,0.00040545676037626467,9.78563511034305e-05,0.0001238990413459181
0.28101718231357137,201.40869999999993,52034016.66666664,175138,102362,0.9473166087906619,0.2610975780841485,3.870712139911039e-06,0.027921230276864595,175137.99999999988,102361.99999999984,0.027921212264100454,0.00038835925599283615,4.876657579375225e-05,0.0
0.2811665372871774,201.39834999999994,52014191.66666664,175129,102323,0.9472679280390313,0.2609980997079417,3.8719884621232384e-06,0.02792511571132083,175128.9999999999,102322.99999999984,0.027925097689613702,0.0004096627017758455,0.0,1.733205716835481e-05
0.28273143554228397,201.31324999999993,51814924.99999998,175055,101931,0.9468676640811778,0.2599982144906835,3.885236734396509e-06,0.0279669382310747,175054.9999999999,101930.99999999984,0.02796692012204437,0.00036287021388561414,0.00011019761592458973,0.0
0.28296306258290077,201.29829999999993,51789508.33333331,175042,101881,0.9467973474399334,0.2598706781109312,3.886854818245845e-06,0.027971722636614595,175041.9999999999,101880.99999999985,0.027971704515713448,0.0004093643921421116,0.0,0.0
0.284350068077589,201.22699999999992,51615658.33333331,174980,101539,0.9464619911509211,0.25899832927342525,3.898565018787096e-06,0.028008865436419783,174979.9999999999,101538.99999999985,0.028008847236770898,0.00040105664030372205,0.0,7.970726558940575e-05
0.28500686214495463,201.18904999999992,51544491.66666664,174947,101399,0.9462834950616082,0.25864122741011875,3.9032114488793585e-06,0.02802290854549473,174946.9999999999,101398.99999999984,0.028022890314367124,0.0003839002017898044,0.00012255803053609008,0.0
0.2860943293036431,201.13729999999993,51416391.66666664,174902,101147,0.9460400913034542,0.257998444056167,3.911929512751041e-06,0.028050578246892874,174901.9999999999,101146.99999999984,0.028050559958614257,0.00038548583216752643,0.0001759117916293269,0.00017808211128829358
0.28714779707308413,201.09704999999994,51291849.99999998,174867,100902,0.9458507772693344,0.25737351579538065,3.920643338074178e-06,0.02807899231434187,174866.9999999999,100901.99999999984,0.02807897396635826,0.0003845038774061062,0.0,0.0
0.287754735289664,201.0671499999999,51217124.99999998,174841,100755,0.9457101439868454,0.2569985588389088,3.92577970747089e-06,0.028095290304764698,174840.99999999988,100754.99999999984,0.028095271922407784,0.0004111444504149137,0.00014941003021538745,8.165897612233117e-05
0.2891212621546317,200.98779999999994,51046833.33333331,174772,100420,0.9453369248910093,0.2561440650945683,3.9373216098941825e-06,0.028131007949682315,174771.9999999999,100419.99999999985,0.028130989490352185,0.00041135178052052583,3.474643587268473e-05,0.0
0.28934751259545904,200.97284999999994,51017858.33333331,174759,100363,0.9452666082497648,0.25599867362165063,3.939264731320389e-06,0.028136902103073513,174758.9999999999,100362.99999999987,0.028136883630152702,0.0003828669287403276,0.00010967328826299211,9.850193449455586e-05
0.29113880583048163,200.8911999999999,50818591.66666664,174688,99971,0.9448825712091217,0.25499878840439233,3.953104433072476e-06,0.028180558782345835,174687.99999999988,99970.99999999984,0.0281805402150906,0.00040491468164620664,0.00011084690444605341,9.843036457306749e-05
0.2913366205685625,200.88199999999992,50800291.66666664,174680,99935,0.9448392994298943,0.2549069622109707,3.954347374974061e-06,0.028184343337738758,174679.9999999999,99934.99999999984,0.02818432476247195,0.00037067521412884904,0.00014945159147365262,0.00013354226969610006
0.292810706696381,200.79229999999993,50619324.99999998,174602,99579,0.9444173995824273,0.25399890318713414,3.966712317874646e-06,0.02822207096838184,174601.9999999999,99578.99999999984,0.028222052311503192,0.00040928414761749564,0.0,0.0
0.2933582664222547,200.76239999999993,50559849.99999998,174576,99462,0.9442767662999384,0.2537004680585137,3.970787096876277e-06,0.028234460282745153,174575.9999999999,99461.99999999984,0.028234441597586233,0.0003909001808685625,9.652070870773114e-05,0.0
0.2943840623942525,200.69339999999994,50420058.33333331,174516,99187,0.9439522279557331,0.25299901796987595,3.980427762958756e-06,0.028263856446044067,174515.99999999994,99186.99999999985,0.02826383769461771,0.00039549046500600893,0.0,0.00010262024892252779
0.2952838826689914,200.63589999999994,50322966.66666664,174466,98996,0.9436817793355619,0.25251182899922203,3.986964864949007e-06,0.028283003446370792,174465.9999999999,98995.99999999984,0.02828298465325538,0.0003961821414757295,8.713783528654344e-05,9.120686105817429e-05
0.2961412367871493,200.60024999999993,50220791.66666664,174435,98795,0.9435141011910557,0.2519991327526177,3.994366543073545e-06,0.028306729361270065,174434.9999999999,98794.99999999983,0.028306710516937884,0.00040865339607667035,0.00010311300283765241,9.506475680434487e-05
0.2973176966675485,200.53469999999993,50074391.66666664,174378,98507,0.9432057897640607,0.2512645232052443,4.004735620852109e-06,0.028338815365270498,174377.9999999999,98506.99999999983,0.028338796448618676,0.00037902311373574216,0.0,0.0
0.2978378862037025,200.50134999999992,50021524.99999998,174349,98403,0.9430489295643614,0.25099924753535946,4.0083014262360055e-06,0.028349071363401732,174348.99999999988,98402.99999999985,0.02834905242534142,0.00041153829812936405,0.0,7.532241782317457e-05
0.29955579565636514,200.40474999999992,49838524.99999998,174265,98043,0.9425945758824739,0.2500809856011427,4.0210810813522274e-06,0.028387387143555893,174264.9999999999,98042.99999999985,0.028387368119285775,0.00040103269800726376,0.0,7.678026689422281e-05
0.29966163976135207,200.39554999999993,49822258.33333331,174257,98011,0.9425513041032465,0.24999936231810127,4.022209283635109e-06,0.028390717525437134,174256.9999999999,98010.99999999987,0.02839069849317971,0.00041536515301983677,0.0,6.733654039552285e-05
0.3014815534197855,200.29434999999992,49622991.66666665,174169,97619,0.9420753145317453,0.24899947710084305,4.036321537110066e-06,0.028433297358316734,174168.99999999988,97618.99999999987,0.02843327823171372,0.0003852560888925435,0.00017617244142896214,0.0001578480838142443
0.30170871792837106,200.27709999999993,49601641.66666665,174154,97577,0.941994179945694,0.2488923465418511,4.037711117424373e-06,0.02843696666727154,174153.9999999999,97576.99999999987,0.028436947530301883,0.0003987773493363221,0.0,0.00012824750427506618
0.3032201250252986,200.19889999999992,49423724.99999998,174086,97227,0.9416263698222612,0.2479995918835848,4.050663927091696e-06,0.02847698127388922,174085.9999999999,97226.99999999985,0.02847696204886435,0.0004222187327929302,0.0,0.00012824266900844444
0.303798675554663,200.16784999999993,49356624.99999998,174059,97095,0.9414803275673688,0.24766289584103868,4.055541682600867e-06,0.028491912171554893,174058.9999999999,97094.99999999987,0.028491892913995277,0.00040310495895027514,0.0,0.0
0.30507296491637026,200.09654999999992,49224458.33333331,173997,96835,0.9411449712783565,0.2469997066663266,4.06498226237465e-06,0.028519974167456077,173996.99999999988,96834.99999999987,0.028519954845579353,0.000424490711293397,0.0,0.0
0.30603724771027063,200.03444999999994,49122283.33333331,173943,96634,0.9408528867685718,0.24648701041972224,4.072173287275938e-06,0.02854075934212217,173942.9999999999,96633.99999999987,0.028540739971365837,0.00039782507388640164,4.9351406296264335e-05,0.0
0.3069554074832735,199.99304999999993,49025191.66666665,173907,96443,0.9406581637620485,0.24599982144906837,4.079393536282282e-06,0.028563094290909363,173906.9999999999,96442.99999999987,0.02856307487164914,0.00039509294110479944,3.632892281205084e-05,0.00013080170464166652
0.30828989321750777,199.91714999999994,48880824.99999998,173841,96159,0.9403011715834226,0.24527541481207515,4.0898890311282596e-06,0.028594386842865208,173840.9999999999,96158.99999999987,0.028594367350810307,0.00039049954192181546,0.00011077440804994142,9.434688421480379e-05
0.3086907662707888,199.88954999999993,48825924.99999998,173817,96051,0.9401713562457404,0.24499993623181013,4.093922439769447e-06,0.028606508249355015,173816.9999999999,96050.99999999987,0.028606488731332032,0.0004242045344003729,7.797637385531872e-05,0.0
0.3103219386487423,199.80444999999992,48637333.33333331,173743,95680,0.9397710922878871,0.2440536162940479,4.1080469735182846e-06,0.028649713194340797,173742.99999999988,95679.99999999987,0.02864969357717345,0.0004029378768026446,0.00010131319314020667,0.0
0.3103949010403153,199.80099999999993,48626658.33333331,173740,95659,0.9397548653706769,0.2440000510145519,4.108877863462755e-06,0.028652363008968763,173739.9999999999,95658.99999999987,0.028652343388245932,0.0004006880310353479,7.950062313155217e-05,0.0
0.3121010937858786,199.7101499999999,48427391.66666665,173661,95267,0.9393275565508065,0.24300016579729372,4.123908869068074e-06,0.02869819609013631,173660.99999999988,95266.99999999987,0.028698176365647046,0.00039055863909060856,0.0,6.918026582953541e-05
0.31240866625795555,199.69174999999993,48393841.66666665,173645,95201,0.9392410129923517,0.24283181777602064,4.126387637820997e-06,0.02870549718389913,173644.99999999988,95200.99999999987,0.02870547744200956,0.00041898872325316273,6.923027964286697e-05,0.00011045696517052377
0.3138485389463141,199.60664999999992,48228124.99999998,173571,94875,0.9388407490344984,0.24200028058003548,4.138801788375559e-06,0.028742518330717892,173570.99999999988,94874.99999999985,0.028742498504216184,0.00041119099794810363,0.0,0.0
0.3144183862929688,199.56754999999993,48155433.33333331,173537,94732,0.938656843972782,0.24163552653394382,4.144237444995823e-06,0.028758569392723202,173536.9999999999,94731.99999999985,0.028758549528750555,0.0004092956010088965,3.4038381206992224e-05,0.0
0.31563469566052876,199.50199999999992,48028858.33333331,173480,94483,0.938348532545787,0.24100039536277726,4.153794342047481e-06,0.02878698106483478,173479.99999999988,94482.99999999987,0.02878696113562872,0.00042679864300213736,3.191431170726817e-05,0.0
0.3167946969396276,199.44679999999994,47915499.99999998,173432,94260,0.9380889018704227,0.2404315831090819,4.162469347079756e-06,0.028813038565433297,173431.9999999999,94259.99999999987,0.028813018577560925,0.00043496871333515623,8.366999896624434e-05,0.00015210709999804827
0.3175672073582384,199.41344999999993,47829591.66666665,173403,94091,0.9379320416707234,0.24000051014551904,4.16924843075704e-06,0.02883408076364404,173402.99999999988,94090.99999999988,0.028834060728597996,0.00041458262858252325,0.00014078210755574368,0.00014479483504105186
0.3190449251704548,199.33754999999994,47670483.33333331,173337,93778,0.9375750494920976,0.23920213240826949,4.181571825193018e-06,0.028871166979930068,173336.9999999999,93777.99999999985,0.02887114685913294,0.00043881905313790506,5.612949782708142e-05,0.0
0.3193394350863531,199.31569999999994,47629816.66666665,173318,93698,0.9374722790164325,0.23899807420066577,4.184683333864047e-06,0.028880323543330432,173317.9999999999,93697.99999999987,0.028880303401174263,0.0004159114663252456,0.00010825447362688786,9.074332590344394e-05
0.3212092363234396,199.20759999999993,47434616.66666665,173224,93314,0.9369638356105108,0.23801859480416793,4.199624957441419e-06,0.028923990192779536,173223.9999999999,93313.99999999987,0.028923969947361072,0.00042241279402247846,0.00013206294243109655,0.00012184865275329237
0.32125988454636334,199.20644999999993,47430549.99999998,173223,93306,0.9369584266381074,0.23799818898340752,4.199960784768467e-06,0.028925063147259338,173222.99999999988,93305.99999999987,0.028925042898220395,0.0004341760226590901,9.167211610647636e-05,4.532044794458729e-05
0.3230621293330503,199.10754999999992,47231283.33333331,173137,92914,0.9364932550114129,0.2369983037661493,4.215586279856183e-06,0.028971625014758466,173136.99999999988,92913.99999999987,0.028971604660181435,0.00044411018678897437,9.855778995505392e-05,0.0
0.32341090043263654,199.08454999999992,47196208.33333331,173117,92845,0.9363850755633445,0.2368223035620911,4.218231867143283e-06,0.028979040582218726,173116.99999999988,92844.99999999987,0.02897902020883384,0.0004452640263711449,0.0,0.0
0.32493531142999527,198.99369999999993,47032016.66666665,173038,92522,0.9359577667434741,0.23599841854889111,4.231026311509075e-06,0.029016332995823974,173037.99999999994,92521.99999999988,0.029016312534660277,0.00042719334442966635,0.0,0.0
0.3256645938677119,198.95689999999993,46959324.99999998,173006,92379,0.9357846796265646,0.23563366450279943,4.236792160023595e-06,0.029033412374410938,173005.9999999999,92378.99999999987,0.02903339187261778,0.00044395387213083784,0.0,0.0
0.32683896586866207,198.88674999999992,46832749.99999998,172945,92130,0.9354547323099558,0.23499853333163284,4.246745066219687e-06,0.02906236955753897,172944.99999999988,92129.99999999985,0.029062348988044648,0.0004207617516928659,0.0001243494184361902,6.020395663929003e-05
0.32792299942077324,198.8154499999999,46728541.66666665,172883,91925,0.9351193760209435,0.23447563417464834,4.2546898086019876e-06,0.02908432686014269,172882.99999999988,91924.99999999988,0.029084306236123972,0.00040710391518908946,0.00015714907865476663,0.00010529411185043501
0.32892587831180087,198.76254999999992,46633483.33333331,172837,91738,0.9348705632903861,0.23399864811437465,4.262228248729722e-06,0.029106208193434496,172836.99999999988,91737.99999999987,0.029106187517685653,0.0004168405517121606,0.00011591644347401113,5.5251147216012144e-05
0.3301242149932149,198.67859999999993,46495724.99999998,172764,91467,0.9344757083049363,0.23330740093611704,4.273050909519102e-06,0.029136982898577222,172763.9999999999,91466.99999999985,0.02913696214916596,0.0004452199729772317,0.00010456927086403938,8.685510558162864e-05
0.33068986378124315,198.65559999999994,46434216.66666665,172744,91346,0.9343675288568678,0.23299876289711643,4.278215812836296e-06,0.02915289915649011,172743.9999999999,91345.99999999987,0.029152878368522477,0.00043634132625682215,0.00013339297646064392,9.607758078436034e-05
0.33233707252151,198.57049999999992,46250199.99999998,172670,90984,0.9339672648990145,0.23207539950770958,4.293397650172324e-06,0.02919832389185282,172669.99999999988,90983.99999999985,0.029198302997572822,0.0004372213442979588,6.241036527755025e-05,0.0
0.3324995780236791,198.56474999999992,46234949.99999998,172665,90954,0.9339402200369974,0.2319988776798582,4.29468940703948e-06,0.02920229320509679,172664.99999999988,90953.99999999985,0.029202272303262996,0.000429802977906216,0.00012021905444723384,5.6330214344346936e-05
0.33441077590034823,198.46469999999994,46035683.33333331,172578,90562,0.9334696394378996,0.23099899246259997,4.311105769039308e-06,0.02925068055824779,172577.9999999999,90561.99999999985,0.02925065954177271,0.00043297884320302275,0.0,0.0
0.3346151575722423,198.4485999999999,46010774.99999998,172564,90513,0.9333939138242516,0.23087400681044268,4.313089705617869e-06,0.02925622350465415,172563.99999999988,90512.99999999985,0.029256202473624142,0.0004178450101160903,2.721775490416119e-05,6.91182791441264e-05
0.33614908448557884,198.36234999999994,45836416.66666665,172489,90170,0.932988240893995,0.22999910724534176,4.327614687739189e-06,0.029299075401016693,172488.9999999999,90169.99999999988,0.029299054270038687,0.0004163244425490846,0.0,0.00013784554450381044
0.33675196530913204,198.32784999999993,45770841.66666665,172459,90041,0.9328259717218923,0.22967006338558077,4.333061022656164e-06,0.029314956533179407,172458.9999999999,90040.99999999988,0.029314935362431148,0.00042145214325711266,0.00012980593976851662,9.325025838669038e-05
0.33791405197256386,198.26459999999992,45637149.999999985,172404,89778,0.932528478239704,0.22899922202808354,4.3443685681511655e-06,0.029348500752458602,172403.99999999988,89777.9999999999,0.029348479501956806,0.0004408705922596043,0.0,0.0
0.33891595131500074,198.19904999999991,45534466.66666665,172347,89576,0.9322201668127089,0.22848397505388415,4.35272584723367e-06,0.02937185945479377,172346.99999999988,89575.99999999988,0.029371838146645332,0.00043191950305392394,0.00017943763593157794,0.000111466469669533
0.33975786639985156,198.13694999999993,45437883.33333331,172293,89386,0.9319280823029241,0.2279993368108253,4.360611354768946e-06,0.029393846872590303,172292.9999999999,89385.99999999987,0.02939382550926004,0.0004365289462038275,0.0,0.0
0.34099771900971976,198.07369999999992,45296566.66666665,172238,89108,0.9316305888207358,0.2272902345394024,4.3728192791653815e-06,0.029430264933493544,172237.9999999999,89107.99999999988,0.029430243484579715,0.00041746030633071354,0.00014863327795532687,0.0
0.3415459352386396,198.03919999999994,45238616.66666665,172208,88994,0.9314683196486332,0.2269994515935671,4.3776581733084236e-06,0.029443979393340525,172207.99999999994,88993.99999999988,0.029443957910320163,0.0004430918929337866,0.0001140325747525007,0.0
0.3431548491478551,197.93224999999993,45065783.33333331,172115,88654,0.9309652852151148,0.22613220421125127,4.392073883104958e-06,0.029484454647308655,172114.9999999999,88653.99999999987,0.029484433064349287,0.00044232457383058376,0.0,0.0
0.3434012363983537,197.91959999999992,45039349.999999985,172104,88602,0.9309057865186772,0.22599956637630889,4.394370700287637e-06,0.02949122057922745,172103.99999999988,88601.9999999999,0.02949119897988847,0.00044389031743334004,0.0,0.0
0.34532957450295615,197.79654999999994,44840083.33333331,171997,88210,0.930327026471511,0.22499968115905064,4.411154826132126e-06,0.02953830066413408,171996.99999999994,88209.99999999987,0.029538278947319748,0.000453367651368999,0.00011297395412120159,4.760939811626368e-05
0.3453593008482515,197.79309999999995,44833983.33333331,171994,88198,0.9303107995543008,0.22496907242791006,4.411678046303419e-06,0.02953979480260986,171993.99999999994,88197.99999999987,0.029539773082744726,0.00045391427853683447,0.00010048858656988922,0.0
0.3473763698591696,197.66429999999994,44640816.66666665,171882,87818,0.9297049946451174,0.22399979594179242,4.42788270375878e-06,0.02958435963681801,171881.9999999999,87817.99999999988,0.029584337803063483,0.00044279582750826575,0.00017693722458835088,0.00010857139295786445
0.3476694003580698,197.64359999999994,44606758.33333331,171864,87751,0.9296076331418558,0.2238288971929243,4.430799443507346e-06,0.02959255232136607,171863.9999999999,87750.99999999987,0.02959253046825634,0.000436314615676902,0.0,2.8198722718268308e-05
0.34933125238832097,197.54469999999995,44441549.999999985,171778,87426,0.9291424615151614,0.2229999107245342,4.4450452335708365e-06,0.029632669929525093,171777.99999999994,87425.99999999988,0.029632647975358955,0.00043538954973515,0.00012185065870114827,8.705648118525942e-05
0.3500037041076171,197.50559999999993,44374449.999999985,171744,87294,0.928958556453445,0.22266321468198808,4.4508855884410965e-06,0.02964919608819793,171743.9999999999,87293.99999999988,0.029649174094042108,0.0004507083237607527,0.00015450652199919945,0.0
0.351203904367003,197.44694999999993,44242283.33333331,171693,87034,0.9286826988608704,0.22200002550727596,4.4628562344393775e-06,0.02968463157559042,171692.99999999988,87033.99999999987,0.029684609497031444,0.0004537050171383637,0.0,0.0
0.3523145439378042,197.39289999999994,44131466.66666665,171646,86816,0.9284284771579097,0.22144396689155585,4.472837975020092e-06,0.02971374192388672,171645.99999999994,86815.99999999988,0.029713719772233818,0.0004491622116561263,7.724661491704937e-05,7.217968829833394e-05
0.3531945984121431,197.32734999999994,44043016.66666665,171589,86642,0.9281201657309145,0.22100014029001774,4.480332296342099e-06,0.029733686269223344,171588.99999999994,86641.99999999987,0.02973366406636158,0.00044926866366763334,0.00014794620873365705,0.0
0.35460802468045993,197.23764999999995,43906783.33333331,171511,86374,0.9276982658834476,0.22031654529454528,4.492190842189533e-06,0.029766242038003123,171510.99999999994,86373.99999999987,0.029766219751681283,0.00044930139519492083,1.0714195999865787e-05,0.0
0.35518434580026836,197.21119999999993,43843749.999999985,171488,86250,0.9275738595181687,0.22000025507275953,4.498045901639344e-06,0.029783636949126557,171487.9999999999,86249.99999999988,0.029783614621236302,0.00044468017367085724,9.560365762739709e-05,0.0
0.3568933504456321,197.10884999999993,43670408.33333331,171399,85909,0.9270924609742641,0.21913045696284866,4.5135563765623905e-06,0.029827200787106715,171398.99999999988,85908.99999999987,0.02982717834970083,0.0004695388614563369,4.304208589832657e-05,0.0
0.35718675448426845,197.09849999999994,43644483.33333331,171390,85858,0.9270437802226335,0.21900036985550128,4.516000303971217e-06,0.029834491547741697,171389.9999999999,85857.99999999987,0.029834469091462243,0.00045131650414813784,0.0001105336906169984,0.0
0.359101378472582,196.98119999999994,43445216.66666665,171288,85466,0.9264920650374843,0.2180004846382431,4.534013525846536e-06,0.029885036810040594,171287.9999999999,85465.99999999987,0.029885014227562585,0.0004534626646521835,0.0001253572411956851,4.990439328985554e-05
0.3592031115730931,196.97659999999993,43435558.33333331,171284,85447,0.9264704291478705,0.2179520208139372,4.534915805349189e-06,0.02988766127725528,171283.9999999999,85446.99999999987,0.029887638687845153,0.0004553657593830731,0.00010681032333625805,7.894650749994894e-05
0.361017188654811,196.86734999999993,43245441.66666665,171189,85073,0.9259565767695453,0.21699804869338982,4.5523260351331825e-06,0.029936672541761824,171188.9999999999,85072.99999999988,0.029936649827042583,0.00045289337519258187,0.00010198068967970133,7.672413933912351e-05
0.3613822977170897,196.83284999999995,43205791.66666665,171159,84995,0.9257943075974427,0.21679909194097619,4.555705205417099e-06,0.02994515719347759,171158.99999999994,84994.99999999987,0.0299451344569345,0.0004514946477340211,0.0001100083436295877,0.00010530686893130134
0.36287467817784547,196.72934999999995,43046174.999999985,171069,84681,0.9253075000811347,0.2159981634761316,4.570193518936352e-06,0.02998484951362206,171068.99999999994,84680.9999999999,0.02998482667420286,0.00046496977885388804,0.0001389164307844973,0.00013255510750852562
0.3636381053054607,196.68104999999994,42979583.33333331,171027,84550,0.925080323240191,0.21566401816118047,4.5761506917043954e-06,0.03000070204182973,171026.99999999994,84549.99999999987,0.030000679161294695,0.0004552489308840704,8.130909137486702e-06,8.912601465117768e-05
0.36489505497302294,196.59479999999994,42846908.33333331,170952,84289,0.9246746503099341,0.21499827825887335,4.588307713372552e-06,0.030033938090915317,170951.9999999999,84288.99999999987,0.030033915123620195,0.00045574413165964256,0.0,0.0
0.3657107054897288,196.53959999999995,42748799.999999985,170904,84096,0.92441501963457,0.2145059878330294,4.5975465977992365e-06,0.030059939609267724,170903.99999999994,84095.9999999999,0.030059916575071975,0.0004618282195838724,0.00013446909150920052,5.304551641816814e-05
0.3667313509385181,196.48669999999993,42647641.66666665,170858,83897,0.9241662069040124,0.21399839304161514,4.607211379605399e-06,0.030087468490737332,170857.9999999999,83896.99999999987,0.030087445386926592,0.00044716123051995974,5.950067753186903e-05,6.22346026029266e-05
0.36805906610363304,196.40159999999995,42516491.66666665,170784,83639,0.9237659429461592,0.21334030532209314,4.619421600912117e-06,0.030120786734308604,170783.99999999994,83638.99999999988,0.030120763544477947,0.00046492366369493246,0.00010238515013648573,0.0
0.3686625479321905,196.36709999999994,42448374.999999985,170754,83505,0.9236036737740565,0.21299850782435692,4.626021608601036e-06,0.0301396490991239,170753.9999999999,83504.99999999988,0.030139625860297992,0.00046699822354858567,0.00016215241789454315,0.0
0.3704725506278537,196.27394999999993,42279608.33333331,170673,83173,0.9231655470093791,0.21215166626280146,4.642284016743297e-06,0.030185417356532816,170672.9999999999,83172.99999999987,0.03018539400260561,0.00046298941976966176,0.0,0.0
0.37074659719217834,196.25439999999995,42249108.33333331,170656,83113,0.9230735944785211,0.21199862260709867,4.645172590427452e-06,0.03019330322490047,170655.9999999999,83112.99999999987,0.030193279849223213,0.0004744410752459314,0.0,0.0
0.372746286552698,196.12674999999993,42051366.66666665,170545,82724,0.922473198541741,0.2110063895726256,4.663980401746753e-06,0.030244525426236804,170544.9999999999,82723.99999999988,0.030244501915618397,0.00045973544144339856,0.00012903937770051614,8.273796866795881e-05
0.3727831968886738,196.12329999999994,42049841.66666665,170542,82721,0.9224569716245309,0.21099873738984046,4.664067502434116e-06,0.030244541821626864,170541.99999999994,82720.99999999988,0.03024451831204817,0.0004530447284916624,0.0001306742450304488,0.00010779387234826053
0.3748629978542433,195.99449999999993,41850574.999999985,170430,82329,0.9218511667153475,0.20999885217258227,4.683197303740749e-06,0.030296549538652347,170429.9999999999,82328.9999999999,0.030296525891721892,0.00045989165050887927,5.2066495817909935e-05,0.0
0.3751343822488221,195.97149999999993,41826683.33333331,170410,82282,0.921742987267279,0.20987896797561506,4.685322487518933e-06,0.03030164477157661,170409.99999999988,82281.99999999987,0.030301621109817618,0.0004804132541060035,0.0,0.0
0.3770131265100062,195.84844999999993,41651308.33333331,170303,81937,0.9211642272201127,0.20899896695532402,4.702095992582866e-06,0.030346304748660347,170302.9999999999,81936.99999999987,0.030346280966393146,0.0004772030945868487,0.00016042932253770313,9.439017524093241e-05
0.37747420081563415,195.81279999999992,41603524.999999985,170272,81843,0.9209965490756066,0.20875919856138966,4.706639641713052e-06,0.030358199663926534,170271.99999999988,81842.9999999999,0.03035817585014312,0.0004605280972318687,3.964697841848185e-05,0.0
0.3791989856945558,195.70699999999994,41452041.66666665,170180,81545,0.9204989236144918,0.2079990817380658,4.721287351145752e-06,0.03039718710062958,170179.9999999999,81544.99999999988,0.030397163181144077,0.0004570448643331132,0.0,0.0
0.37998738105858365,195.65064999999993,41381891.66666665,170131,81407,0.920233883966724,0.20764708132994938,4.727929104255948e-06,0.03041418094247474,170130.9999999999,81406.99999999988,0.03041415697722,0.0004652946419325748,0.0,7.919933278419884e-05
0.381408542458713,195.58509999999995,41252774.999999985,170074,81153,0.9199255725397291,0.2069991965208076,4.741138020411961e-06,0.030451534507083138,170073.99999999994,81152.9999999999,0.030451510445395073,0.00047890470788056075,0.00018624631952564094,0.0001417613734802771
0.3824570321504623,195.50229999999993,41154666.66666665,170002,80960,0.9195361265266825,0.2065069060949636,4.750428464977646e-06,0.030474902639526166,170001.9999999999,80959.99999999988,0.030474878512252963,0.00046216070705304256,0.00011273593984380059,2.8651165789319953e-05
0.38347021400273756,195.44249999999994,41053508.33333332,169950,80761,0.9192548599617045,0.20599931130354937,4.760677173144561e-06,0.0305030924401495,169949.9999999999,80760.99999999991,0.03050306823868065,0.00048147708703491406,0.00010735654822456398,0.0
0.3848603511642378,195.35049999999995,40928458.33333332,169870,80515,0.9188221421694308,0.20537183231516795,4.772974794432969e-06,0.03053527488954173,169869.9999999999,80514.9999999999,0.03053525059919131,0.0005017853997995622,4.89655804847653e-05,0.0
0.38566177523905476,195.31024999999994,40854241.66666665,169835,80369,0.9186328281353109,0.20499942608629113,4.780660270078036e-06,0.030556700615642526,169834.9999999999,80368.99999999988,0.030556676268990453,0.0004813200870078382,0.0,9.717557367922238e-05
0.38749190472319495,195.21824999999993,40693608.33333332,169755,80053,0.9182001103430371,0.20419339616625645,4.797270578733392e-06,0.030602528770623184,169754.9999999999,80052.9999999999,0.03060250430287578,0.0004734198865590771,6.722172497199635e-05,0.00011012846120325472
0.387901893322545,195.19179999999994,40654974.999999985,169732,79977,0.9180757039777584,0.2039995408690329,4.8011786995318535e-06,0.03061291741215269,169731.99999999994,79976.9999999999,0.030612892915110025,0.0004770690346442587,7.136624718834769e-05,0.0
0.3900193419268131,195.06414999999993,40468416.66666665,169621,79610,0.9174753080409784,0.20306342384165085,4.820157694992597e-06,0.030663332559258624,169620.9999999999,79609.99999999988,0.030663307925380103,0.00048080059223856085,0.0,0.0
0.3901733844857531,195.05034999999995,40455708.33333332,169609,79585,0.9174104003721374,0.20299965565177472,4.821330735155835e-06,0.030665978662972795,169608.99999999994,79584.9999999999,0.030665954022542307,0.0004860113560756162,0.00014153417471870678,0.00010645232259887068
0.39217152956359796,194.93764999999993,40256441.66666665,169511,79193,0.9168803210766019,0.20199977043451645,4.842396444626979e-06,0.03072401964723916,169510.99999999994,79192.99999999988,0.03072399485158891,0.00047610964208984804,0.0,0.0
0.3923935604227563,194.92154999999994,40238141.66666665,169497,79157,0.916804595462954,0.2019079442410948,4.844198611723496e-06,0.030728467288574476,169496.9999999999,79156.99999999988,0.030728442479835732,0.0004753216134799802,0.00010166956359508909,9.361135633694026e-05
0.3943424437832573,194.79849999999993,40057174.999999985,169390,78801,0.9162258354157877,0.20099988521725826,4.863011433032909e-06,0.03077835818619409,169389.9999999999,78800.99999999988,0.030778333240600853,0.0004873573273763837,0.0,0.0
0.3947519217416221,194.76629999999994,40013458.33333332,169362,78715,0.916074384188492,0.20078052264408427,4.867519782406545e-06,0.030790076618873938,169361.9999999999,78714.9999999999,0.030790051640153453,0.0004991470943839511,0.0,0.000100559851967833
0.3964981174880804,194.64899999999994,39857908.33333332,169260,78409,0.9155226690033428,0.20000000000000004,4.883572875228233e-06,0.030831519206654414,169259.99999999994,78408.9999999999,0.03083149411237157,0.0004912165905695106,0.00014561974539940416,8.246359306330956e-05
0.3972301539326919,194.60644999999994,39790808.33333332,169223,78277,0.9153225370244161,0.1996633039574539,4.890738794993902e-06,0.0308507587389847,169222.9999999999,78276.99999999991,0.030850733591384082,0.0004950283584170176,0.00016760965696089978,0.00014743526500559862
0.3986722727991054,194.50409999999994,39658641.66666665,169134,78017,0.9148411384805115,0.1990001147827418,4.904456931097615e-06,0.030885870254404413,169133.9999999999,78016.99999999988,0.03088584500828721,0.0004935944662194929,0.0,0.0
0.3996319702000618,194.44314999999995,39569683.33333332,169081,77842,0.9145544629431301,0.1985537374536087,4.913942534288666e-06,0.030910879400076457,169080.99999999994,77841.9999999999,0.030910854083774145,0.0004996943725704303,0.0,0.0
0.4007726951080316,194.37184999999994,39459374.999999985,169019,77625,0.9142191066541179,0.19800022956548358,4.9258724954462665e-06,0.03094270430657293,169018.99999999994,77624.9999999999,0.030942678904372273,0.0004839359974903273,0.0001296201174803341,7.397445060543053e-05
0.40224728552173145,194.29019999999994,39343983.33333332,168948,77398,0.9138350696134749,0.19742121440140803,4.938244263523563e-06,0.030975029711185837,168947.9999999999,77397.9999999999,0.030975004217670174,0.0004987868065151861,0.00013047468345632655,0.0001191533268038145
0.40314649892196774,194.22349999999994,39260108.33333332,168890,77233,0.9135213492140764,0.19700034434822536,4.947095365885601e-06,0.030997454359932234,168889.99999999994,77232.99999999991,0.030997428802563686,0.0004871574441923869,0.00011913612731129157,0.00016278635647106523
0.4046487028325743,194.12229999999994,39124891.66666665,168802,76967,0.9130453596425752,0.19632185080794298,4.961606070474743e-06,0.031034793089281566,168801.99999999994,76966.9999999999,0.031034767425724433,0.0004866788175839926,6.277691799883218e-05,0.0
0.40533584105942855,194.07629999999995,39060841.66666665,168762,76841,0.9128290007464382,0.19600045913096711,4.968564212112685e-06,0.031052867155856076,168761.99999999994,76840.9999999999,0.031052841441477956,0.0004778005079783823,0.00011369764140044885,9.278924583804175e-05
0.4070663591652289,193.95439999999994,38905799.999999985,168656,76536,0.9122556496716754,0.19522248721447796,4.9852309938363944e-06,0.031095136054871048,168655.99999999988,76535.9999999999,0.031095110218851585,0.000502160552702512,0.00012626009978979164,7.025848237163429e-05
0.4075674276227404,193.91069999999993,38861066.66666665,168618,76448,0.9120501087203453,0.19499802318611384,4.9898450205518465e-06,0.031106017759056248,168617.99999999988,76447.99999999988,0.03110599188979748,0.0005018063019729058,7.643614155875597e-05,0.0
0.4094531825797687,193.77269999999993,38692808.33333332,168498,76117,0.9114010320319346,0.1941537323521535,5.007977149931177e-06,0.03115139248702165,168497.9999999999,76116.99999999991,0.03115136648574138,0.0005127856951600823,7.641016569712205e-05,0.00012317858100697289
0.40982929661225903,193.73934999999994,38661799.999999985,168469,76056,0.9112441718322354,0.19399813796885565,5.01113114236792e-06,0.03115851874346914,168468.99999999994,76055.99999999988,0.031158492719788922,0.0004849145603465478,0.00015427386480923984,8.220763288692374e-05
0.4118895687136284,193.59904999999995,38476766.66666665,168347,75692,0.9105842771990178,0.1930696731242587,5.0315831285199825e-06,0.031210730745650547,168346.99999999994,75691.99999999988,0.031210704572337444,0.0005079315057021162,2.7658570934604273e-05,7.18375331746088e-05
0.4120219946286682,193.58984999999993,38462533.33333332,168339,75664,0.9105410054197903,0.19299825275159743,5.033205907740519e-06,0.031215021651419702,168338.9999999999,75663.9999999999,0.031214995466133124,0.0005105566363970533,0.00012181875235568543,9.310840809823629e-05
0.4141817473987411,193.42999999999995,38263266.66666665,168200,75272,0.9097891582557147,0.1919983675343392,5.055240099730116e-06,0.03127035485073357,168199.99999999994,75271.99999999988,0.03127032850358163,0.0005007884231700572,0.0,6.609589221648721e-05
0.41423766132507484,193.42654999999993,38259708.33333332,168197,75265,0.9097729313385043,0.19198051244117387,5.055620087711942e-06,0.03127125120101238,168196.99999999994,75264.99999999991,0.031271224852225304,0.0004964508976948968,0.00012148693882054581,6.524533481314198e-05
0.4165038476526333,193.26784999999995,38063999.999999985,168059,74880,0.909026493146832,0.19099848231708097,5.077444567044978e-06,0.03132581674860152,168058.99999999997,74879.9999999999,0.031325790239553834,0.0005097764609891599,4.992068298033851e-05,3.273474912304944e-05
0.4167689324272657,193.25174999999993,38043666.66666665,168045,74840,0.908950767533184,0.19089645321327908,5.07973512893079e-06,0.03133157677491432,168044.9999999999,74839.99999999988,0.0313315502491306,0.0005109330134375492,6.607363639911474e-05,0.0
0.4187545214134797,193.09304999999995,37864733.33333332,167907,74488,0.9082043293415119,0.18999859709982275,5.09954865653352e-06,0.03137972918483299,167906.99999999994,74487.99999999991,0.03137970251390558,0.0005088319248506738,0.00012983895425488807,1.8380663249811613e-05
0.4191558352274235,193.07119999999995,37830166.66666665,167888,74420,0.9081015588658468,0.18982514762335956,5.103630700366992e-06,0.03139050977089565,167887.99999999994,74419.9999999999,0.031390483069606644,0.0004853447214395041,0.0,8.828243282640838e-06
0.42095047341464475,192.95274999999995,37665466.66666665,167785,74096,0.9075444347082943,0.1889987118825645,5.122802584861112e-06,0.03143976536897277,167784.99999999994,74095.9999999999,0.031439738525338885,0.0004958021409690976,0.0001507615060952391,4.1275750921845843e-05
0.4214992804338912,192.90674999999993,37609549.999999985,167745,73986,0.9073280758121572,0.1887181318471094,5.12919590901779e-06,0.031455627682847424,167744.9999999999,73985.9999999999,0.031455600793045685,0.0005032980451940341,0.00012080273206887801,0.0
0.4231030564036083,192.78024999999994,37466199.999999985,167635,73704,0.9067330888477808,0.1879988266653063,5.145444427243756e-06,0.03149507998156471,167634.99999999994,73703.99999999991,0.031495052972199025,0.0005142139730707318,0.00010495517704338493,5.322725238992894e-05
0.42397861875501286,192.72389999999993,37397066.66666666,167586,73568,0.906468049200013,0.18765192771238,5.153449646674605e-06,0.031514963340622044,167585.9999999999,73567.99999999991,0.03151493627215406,0.0005241186674768339,0.00010893652374009654,0.0
0.4252922047272426,192.63649999999993,37266933.33333332,167510,73312,0.9060569672973529,0.1869989414480481,5.169099863328348e-06,0.031555622412211284,167509.99999999988,73311.99999999991,0.03155559522669479,0.0005232208763628145,8.076412522803259e-05,9.929028682387922e-05
0.4263842802743922,192.56864999999993,37172383.33333332,167451,73126,0.905737837925551,0.18652450611536944,5.180422473135298e-06,0.03158460007790704,167450.9999999999,73125.99999999991,0.031584572808169724,0.0005205796518721719,0.00013836620522708046,9.383868632626354e-05
0.42754550518872925,192.46284999999995,37067666.66666666,167359,72920,0.9052402124644361,0.18599905623078988,5.192202998120554e-06,0.031611804548251056,167358.99999999997,72919.99999999991,0.03161177719135147,0.0005222290465983511,8.615233384287549e-05,4.1012684234723784e-05
0.4287612082587234,192.38464999999994,36960408.33333332,167291,72709,0.9048724023410033,0.18546085270823506,5.2051548853288735e-06,0.031644776832990704,167290.9999999999,72708.99999999991,0.0316447493806947,0.0005376648282130253,0.0001248120587649631,6.0429716654169155e-05
0.4298845496353205,192.28459999999993,36868399.999999985,167204,72528,0.9044018217419054,0.18499917101353164,5.215431100888566e-06,0.031667760941719844,167203.99999999988,72527.99999999991,0.03166773341429624,0.0005281298688693996,0.0,8.274332946839532e-05
0.43121038881068813,192.19029999999995,36753008.33333332,167122,72301,0.903958286004825,0.1844201558494561,5.229239964710372e-06,0.031701880032415676,167121.99999999994,72300.99999999991,0.03170185240280888,0.0005235394409543133,0.00011865491075108476,5.6070820668648005e-05
0.43227957280042784,192.10634999999994,36669133.33333332,167049,72136,0.903563431019375,0.18399928579627342,5.2389116550341155e-06,0.03172425248955541,167048.99999999988,72135.99999999991,0.031724224788587774,0.0005273660864218543,0.00015541075336968205,0.00011726281723342899
0.4337701956759422,192.00054999999995,36543574.999999985,166957,71889,0.9030658055582601,0.18336925608029692,5.254016608938781e-06,0.031761203985765096,166956.99999999994,71888.99999999991,0.031761176173657056,0.0005289857060636341,0.00010115960484927597,0.00010080068121948323
0.434572745836421,191.95224999999994,36469866.66666666,166915,71744,0.9028386287173163,0.1829994005790152,5.263310989163656e-06,0.03178528569668187,166914.9999999999,71743.99999999991,0.03178525781313396,0.0005231770998283236,0.00013352790909048967,0.0
0.43623287025813706,191.81654999999995,36331599.999999985,166797,71472,0.9022003699737126,0.18230560267316254,5.2796064582897545e-06,0.031823197453852106,166796.99999999994,71471.99999999991,0.031823169452197764,0.0005185280895980641,0.00011047005549606401,0.0
0.4370633577906165,191.75674999999995,36270599.999999985,166745,71352,0.9019191034087345,0.18199951536175696,5.286836997457997e-06,0.03184001696626909,166744.99999999994,71351.9999999999,0.03183998891039879,0.0005223993067036742,8.02405330757949e-05,0.0
0.43878451647129,191.63714999999993,36117591.66666666,166641,71051,0.9013565702787785,0.18123174635564798,5.305922714023706e-06,0.03188748825222469,166640.9999999999,71050.99999999991,0.03188746005398829,0.0005257749150288848,4.5421949917412414e-05,0.0
0.43945791154425373,191.58884999999995,36071333.33333332,166599,70960,0.9011293934378348,0.18099963014449874,5.311388082872826e-06,0.03189988612364172,166598.9999999999,70959.99999999991,0.03189985788431314,0.000533671029526251,0.00011442421585790586,0.00010226242881715799
0.44129222325249634,191.44394999999994,35909683.33333332,166473,70642,0.9004478629150034,0.18018849876927395,5.3312625517444e-06,0.031947424957154635,166472.9999999999,70641.99999999993,0.031947396569777464,0.0005312482340065097,0.00011230553689912338,0.00011907776842868039
0.4417479971898055,191.40944999999994,35872066.66666666,166443,70568,0.9002855937429007,0.17999974492724052,5.335891343496611e-06,0.0319584109010202,166442.99999999994,70567.99999999991,0.031958382480379445,0.0005316589964053785,0.0001197770781823572,0.0
0.443763790313502,191.27259999999995,35692624.999999985,166324,70215,0.8996419260268935,0.1790993380861891,5.3588829625167675e-06,0.03201573796332492,166323.99999999994,70214.99999999991,0.03201570936895516,0.0005270446206424845,0.00014988335626820985,0.0
0.4439434552527561,191.26454999999993,35672799.999999985,166317,70176,0.8996040632200695,0.17899985970998228,5.361635475768653e-06,0.032023285223988604,166316.9999999999,70175.99999999991,0.03202325660858126,0.0005329663349042398,0.0001329217062613691,8.53270933631949e-05
0.4463715004886978,191.08284999999995,35483191.66666666,166159,69803,0.8987494455803288,0.17804843831702996,5.385165229640419e-06,0.032078228127510336,166158.99999999994,69802.99999999991,0.032078199337583845,0.000539720512030035,0.00011185388915617852,4.35995272415493e-05
0.4464928343745234,191.07134999999994,35473533.33333332,166149,69784,0.8986953558562945,0.1779999744927241,5.386307256301881e-06,0.03208066394226273,166148.9999999999,69783.99999999991,0.03208063514270761,0.0005348232999726881,7.581308864745545e-05,1.4263966230918145e-05
0.4486930653948121,190.91609999999994,35274266.66666666,166014,69392,0.8979651445818324,0.17700008927546587,5.412333636985602e-06,0.03214500940849305,166013.9999999999,69391.99999999993,0.032144980411440885,0.0005387558442299672,0.0001312569025253943,8.276417776322982e-05
0.44880995133239965,190.91034999999994,35266133.33333332,166009,69376,0.8979380997198153,0.17695927763394512,5.413418822968967e-06,0.0321477477001048,166008.9999999999,69375.9999999999,0.032147718694804844,0.0005364905834888238,0.00012029466721275672,0.0
0.45122645685140655,190.73554999999993,35074999.999999985,165857,69000,0.897115935914495,0.17600020405820763,5.437934426229509e-06,0.03220570467558224,165856.99999999988,68999.99999999991,0.032205675487943626,0.0005484415131653432,0.00012694331977581506,5.0148476742470305e-05
0.4514835877551169,190.72864999999993,35053141.66666666,165851,68957,0.8970834820800745,0.17589052277162065,5.441128553146805e-06,0.03221457905076742,165850.99999999988,68956.99999999991,0.03221454983786704,0.0005481157837770107,0.00010688133399421005,0.0
0.4536859016801332,190.57684999999995,34875733.33333332,165719,68608,0.8963694977228227,0.1750003188409494,5.464454271929289e-06,0.03227070625371138,165718.9999999999,68607.99999999993,0.032270676864065304,0.0005428455874320469,0.0001539690272860232,0.00010960763574408109
0.4541055413073219,190.55154999999993,34838116.66666666,165697,68534,0.8962505003299474,0.17481156499891598,5.46962833333413e-06,0.032283837393357294,165696.9999999999,68533.99999999991,0.0322838079632746,0.0005517086095598038,0.00013823065547244947,0.00010405955331432033
0.45593775762110483,190.39744999999994,34676466.66666666,165563,68216,0.8955256980278887,0.1740004336236912,5.4906819610610074e-06,0.03233282920109242,165562.9999999999,68215.99999999993,0.03233279961338044,0.0005496198060149196,0.00013144992413945838,0.0
0.4564086788474508,190.35834999999994,34630208.33333332,165529,68125,0.8953417929661723,0.17376831741254195,5.496887231162581e-06,0.03234777246519731,165528.99999999994,68124.9999999999,0.03234774283016222,0.0005593116699515772,0.00014304928875395154,0.00010474313590946971
0.45833424539387513,190.22724999999994,34476691.66666666,165415,67823,0.8947251701121821,0.17299799767883792,5.517561018881597e-06,0.032397383525973884,165414.9999999999,67822.99999999991,0.03239735373430403,0.0005614111396121258,0.00011948879884401103,7.382739508246212e-05
0.4591129710410236,190.16629999999995,34421791.66666666,165362,67715,0.8944384945748007,0.1727225190985729,5.524590406029127e-06,0.03241282024955645,165361.9999999999,67714.99999999991,0.032412790405249234,0.0005656225876084875,0.00013919731591940715,0.0
0.46092867500069207,190.02714999999995,34277424.999999985,165241,67431,0.8937840089139866,0.17199811246157967,5.54379887053943e-06,0.03245723801468366,165240.99999999994,67430.9999999999,0.03245720802469411,0.0005581072185029727,0.00013091519453923016,0.0
0.46179365020882407,189.96849999999995,34215916.66666666,165190,67310,0.893508151321412,0.17168947442257906,5.552050580748239e-06,0.0324763717300574,165189.99999999994,67309.99999999991,0.03247634167895572,0.0005601758397459465,0.0,3.87477428770292e-05
0.46347213548146143,189.84889999999993,34078158.33333332,165086,67039,0.892945618191456,0.17099822724432145,5.570984738758623e-06,0.032521459447111406,165085.9999999999,67038.99999999991,0.03252142925008553,0.0005556660403836676,0.00014976931234803636,0.00014927682239994212
0.46433209792868135,189.77759999999995,34006991.66666666,165024,66899,0.8926102619024439,0.17064112538101497,5.5805465493737935e-06,0.032543244012059394,165023.99999999994,66898.99999999993,0.032543213743897424,0.000569088621074549,0.00010380516607559226,0.0
0.4659807679331313,189.64419999999993,33878891.66666666,164908,66647,0.8919828211036467,0.16999834202706327,5.597709685012816e-06,0.03258179207849849,164907.9999999999,66646.99999999993,0.03258176168063483,0.0005610113940031223,7.777098450014067e-05,0.0
0.46693064696393766,189.56024999999994,33809758.33333332,164835,66511,0.8915879661181969,0.16965144307413693,5.606672728361709e-06,0.032600648522022185,164834.99999999994,66510.99999999993,0.03260061805859467,0.0005630579684471672,0.00013695257600322182,9.876273400460523e-05
0.4684688131824654,189.42109999999994,33679624.999999985,164714,66255,0.8909334804573827,0.16899845680980502,5.624204545032791e-06,0.03263959269882378,164713.9999999999,66254.99999999991,0.0326395621031018,0.0005595139102688471,0.00014041214024980783,9.933025859857266e-05
0.46934700784718686,189.35324999999995,33607949.999999985,164655,66114,0.8906143510855808,0.16863880421890345,5.634180305552705e-06,0.03266267521104781,164654.99999999994,66113.9999999999,0.032662644539749694,0.0005704808230570948,0.00017596091879525262,9.421185431940822e-05
0.4709362740586379,189.24859999999995,33480358.33333332,164564,65863,0.8901221345968694,0.1679985715925468,5.652526120414383e-06,0.03270676772094505,164563.99999999994,65862.99999999991,0.0327067369082821,0.000564900142841121,0.00012901082956474092,0.00012780391237509736
0.4719608516865279,189.17154999999994,33394958.33333332,164497,65695,0.88975973344584,0.167570049356579,5.664673934064399e-06,0.03273522794103563,164496.99999999994,65694.99999999991,0.03273519703542148,0.0005698087609768527,0.00017655757474571647,0.00011156252314142818
0.47336585672539677,189.07149999999993,33281091.666666657,164410,65471,0.8892891528467421,0.16699868637528859,5.681048623455109e-06,0.03277383689484026,164409.99999999988,65470.99999999993,0.0327738058623216,0.0005670369699109426,7.284270369466128e-05,0.0
0.4745867177689023,188.96684999999994,33192133.33333332,164319,65296,0.8887969363580307,0.16655230904615545,5.693121562940616e-06,0.03279956171072968,164318.99999999988,65295.99999999992,0.03279953058955918,0.000557481635451794,1.9902745314779474e-05,0.00012491467937599795
0.4759120422933292,188.86334999999994,33081824.99999999,164229,65079,0.8883101288417227,0.16599880115803037,5.708976152313242e-06,0.03283620503645311,164228.9999999999,65078.99999999993,0.03283617379292664,0.0005703589628490216,0.00014656196560979944,9.852633627687611e-05
0.47715216399021676,188.76214999999993,32989816.666666657,164141,64898,0.8878341392702215,0.16553711946332694,5.721830827593768e-06,0.032864343732271276,164140.9999999999,64897.99999999993,0.03286431239213382,0.0005765628406977124,8.862766104961994e-05,7.879037676139439e-05
0.4785894624945557,188.64484999999993,32882558.33333332,164039,64687,0.8872824240850723,0.16499891594077212,5.73692740350951e-06,0.032897443814009934,164038.9999999999,64686.99999999991,0.032897412359605326,0.0005647894161242876,0.00014232275894663051,0.0
0.4797431125069126,188.54824999999994,32791058.33333332,163955,64507,0.8868280704031849,0.16453978497366376,5.749989771093594e-06,0.03292644087747106,163954.99999999994,64506.99999999991,0.03292640932364266,0.0005663028525272145,0.00011005038516311901,5.8554076452730914e-05
0.4810937520968318,188.44014999999993,32683291.666666657,163861,64295,0.8863196269972631,0.1639990307235139,5.765641720603927e-06,0.03296177165561435,163860.9999999999,64294.99999999993,0.032961739981215946,0.0005795498572957841,0.0,5.0240662514319826e-05
0.48234734923699546,188.34469999999996,32587724.99999999,163778,64107,0.8858706822877791,0.16351949393564516,5.779621007603324e-06,0.03299334758388039,163777.99999999994,64106.99999999993,0.03299331580273524,0.0005741373089022092,0.00016766190783301812,2.1282456544743215e-06
0.48367644406748084,188.24119999999996,32484024.99999999,163688,63903,0.8853838747714711,0.1629991455062557,5.794885332097855e-06,0.03302780902173952,163687.99999999994,63902.99999999992,0.0330277771231928,0.000570410263448752,9.0026464836267e-05,7.582099577838946e-05
0.4849385963419693,188.14574999999996,32382358.333333325,163605,63703,0.884934930061987,0.1624889999872464,5.810131185112882e-06,0.03306284152067774,163604.99999999994,63702.999999999935,0.033062809504172494,0.0005811156980468272,8.898392662798589e-05,4.472104966403933e-05
0.4861618123054021,188.05719999999997,32284758.333333325,163528,63511,0.8845184391869234,0.16199926028899747,5.824953002848868e-06,0.03309719552843337,163527.99999999997,63510.999999999935,0.033097163396899956,0.0005817501807316169,0.00014417148854670037,3.9241501899596366e-05
0.4875465773392643,187.93874999999994,32180549.99999999,163425,63306,0.8839613150293708,0.16147636113201294,5.84013480192228e-06,0.03312986016428036,163424.99999999994,63305.99999999993,0.0331298279177489,0.0005847630507423024,0.00012778261853357332,8.651384584900008e-05
0.48888965259225053,187.82719999999995,32085491.666666657,163328,63119,0.8834366447062388,0.16099937507173925,5.853960473827865e-06,0.03315920693728607,163327.99999999994,63118.99999999993,0.03315917458509165,0.0005884416038787485,0.00014057635073871133,0.0
0.4901911601875957,187.71679999999995,31985349.99999999,163232,62922,0.8829173833555102,0.16049688173551507,5.868836826859797e-06,0.03319155417964448,163231.9999999999,62921.99999999992,0.03319152171406325,0.0005808897976318173,9.055273709064808e-05,0.0
0.49143524198168703,187.60064999999994,31886224.99999999,163131,62727,0.8823710771427645,0.159999489854481,5.883438694922338e-06,0.03322253637822648,163130.99999999994,62726.99999999992,0.033222503801317006,0.000590696737412833,0.00012744046771782672,8.455839505991985e-05
0.49255490067614316,187.49484999999996,31790149.99999999,163039,62538,0.8818734516816497,0.15951740233901723,5.897891327974231e-06,0.03325393585509585,163038.99999999994,62537.99999999992,0.03325390316682623,0.0005878500263018489,9.853327477623472e-05,9.456806998310317e-05
0.49382229398154803,187.40284999999994,31686958.333333325,162959,62335,0.8814407338893757,0.1589996046372228,5.914194982951713e-06,0.033291695590054474,162958.9999999999,62334.999999999935,0.03329166277437852,0.0005880361685441555,0.00014395763866280477,0.0
0.49518388764469445,187.29244999999995,31586308.333333325,162863,62137,0.8809214725386472,0.1584945605734036,5.929545422766246e-06,0.03332505198219765,162862.9999999999,62136.999999999935,0.03332501904900229,0.0005849588032184462,0.00015303907960924476,0.0001250313047389063
0.496478723904092,187.19239999999996,31487691.666666657,162776,61943,0.8804508919395495,0.15799971941996457,5.944938802807341e-06,0.033359366935699374,162775.99999999997,61942.999999999935,0.03335933388330849,0.0005989526856898383,0.0,4.9002391980927e-05
0.49780610894736627,187.07739999999995,31388058.333333325,162676,61747,0.8799099946992072,0.15749977681133548,5.960145671111121e-06,0.033391743826471885,162675.99999999997,61746.99999999994,0.03339171065567825,0.000592153412745887,0.0001503362678957082,3.50280646728057e-05
0.49903402907917144,186.97389999999996,31288424.99999999,162586,61551,0.8794231871828991,0.15699983420270636,5.9758169354961146e-06,0.03342636381833592,162585.99999999997,61550.99999999992,0.033426330526581845,0.0005992508345724478,0.0001261443849617388,0.0
0.5003006394419283,186.86694999999995,31187774.99999999,162493,61353,0.8789201527493807,0.15649479013888715,5.991673019316063e-06,0.033461106713868316,162492.99999999994,61352.99999999992,0.033461073299639335,0.0006007649496775388,0.00011708777465370215,9.59870172762764e-05
0.5015537635289498,186.75079999999994,31089158.333333325,162392,61159,0.8783738465366351,0.15599994898544814,6.00694293482267e-06,0.03349330378795859,162391.9999999999,61158.99999999993,0.0334932702558148,0.0005900262891473761,0.00014131564500662568,1.740798914131754e-05
0.5028095131099458,186.64384999999996,30993083.333333325,162299,60970,0.8778708121031168,0.15551786146998434,6.022112998330273e-06,0.03352596538719513,162298.99999999997,60969.99999999993,0.0335259317375113,0.0006034771620739884,0.0001572320325313884,0.0
0.5041993961992157,186.52309999999994,30889891.666666657,162194,60767,0.8773028700007574,0.1550000637681899,6.03832159765317e-06,0.033560191644137274,162193.9999999999,60766.99999999993,0.033560157869593876,0.0006018000620397886,6.360638137380099e-05,5.478070750622422e-05
0.5054834088620119,186.41729999999995,30799916.666666657,162102,60590,0.8768052445396425,0.15454858498386667,6.052526116142089e-06,0.03359011129410997,162101.99999999997,60589.999999999935,0.03359007740959621,0.000615725032120787,0.00010774442525114179,0.0
0.5069595514356706,186.29769999999996,30690624.99999999,161998,60375,0.8762427114096866,0.15400017855093168,6.0701826697892285e-06,0.033628277832229124,161997.99999999994,60374.99999999993,0.03362824381133858,0.0006072604126043671,0.00016140427677254366,0.00012284190703603753
0.508143253215372,186.18269999999995,30610308.333333325,161898,60217,0.8757018141693442,0.15359716359091435,6.082352976407458e-06,0.033651580936125074,161897.99999999994,60216.99999999994,0.033651546823139054,0.0006058915115707725,0.00010809034716301229,6.777023948756255e-05
0.5098097961737679,186.05619999999996,30491358.333333325,161788,59983,0.8751068272049678,0.15300029333367346,6.101932159467041e-06,0.03369424743555243,161787.99999999994,59982.99999999994,0.03369421316968317,0.0006094824450679824,0.00010378177112210388,2.9008286579000948e-05
0.5108702995802863,185.97684999999996,30408499.99999999,161719,59820,0.8747336081091316,0.15258452473568088,6.115949487807686e-06,0.03372573231972267,161718.99999999994,59819.99999999993,0.03372569794199218,0.0006251211795753233,0.000123773477219711,0.00010963103477091483
0.5124668072351126,185.83309999999994,30292091.666666657,161594,59591,0.8740574865587036,0.15200040811641524,6.1347067757783864e-06,0.033764353654911004,161593.99999999994,59590.999999999935,0.0337643191323531,0.0006205403502752551,0.00013763719036375769,0.0
0.513474766457877,185.73879999999997,30220416.666666657,161512,59450,0.8736139508216231,0.15164075552551368,6.146136304099051e-06,0.03378721624756607,161511.99999999997,59449.999999999935,0.033787181637371266,0.0006070107900363799,0.00010844539213750377,6.448596631836329e-05
0.5153502488853337,185.59734999999995,30092316.666666657,161389,59198,0.872948647216002,0.15099797217156197,6.167599259833214e-06,0.033833268811733305,161388.99999999994,59197.999999999935,0.03383323403360731,0.0006162930627424312,8.277946825310923e-05,5.272375096357377e-05
0.5163525399525013,185.52029999999996,30023691.666666657,161322,59063,0.8725862460649727,0.1506536239462307,6.179130203564242e-06,0.033857851218060175,161321.99999999997,59062.999999999935,0.03385781634987945,0.0006246796952636723,0.00010241524096894186,0.0
0.5182258046763658,185.37999999999997,29893049.99999999,161200,58806,0.8719263514317551,0.14999808695430372,6.2014414721816624e-06,0.03390609414416583,161199.99999999997,58805.99999999993,0.033906059100184134,0.0006163540272488087,0.00011812789912633738,0.00011947114910229271
0.5192801043804469,185.29604999999995,29829508.333333325,161127,58681,0.8715314964463052,0.14967924600492294,6.211837216000599e-06,0.03392681681749568,161126.99999999994,58680.999999999935,0.03392678169273991,0.0006142550647346361,0.0001267218061884043,3.815114594567969e-05
0.5210842981207853,185.15574999999995,29693783.333333325,161005,58414,0.8708716018130876,0.14899820173704553,6.235505523883507e-06,0.03397851824173317,161004.99999999997,58413.999999999935,0.03397848292920699,0.0006254624085942658,0.00015103711663502534,7.931300837743333e-05
0.5220691525014173,185.07984999999996,29631766.666666657,160939,58292,0.8705146096344618,0.14868701297044984,6.245994445150644e-06,0.03400011345583003,160938.99999999994,58291.999999999935,0.0340000780615189,0.0006281995716376961,0.0001349601776853733,4.2143906360613094e-05
0.5238001481267006,184.91769999999997,29494516.666666657,160798,58022,0.8697519445255792,0.1479983165197873,6.269561969428217e-06,0.0340492728174059,160797.99999999997,58021.999999999935,0.0340492372392835,0.0006206289513409709,0.00011813935428611485,8.431131051531382e-05
0.5244228364816461,184.84754999999996,29441141.666666657,160737,57917,0.8694219972089704,0.1477304901223074,6.278545584028247e-06,0.03406719490611078,160736.99999999997,57916.99999999993,0.03406715925840652,0.0006314523649331127,0.00012514808509237602,8.639223950313596e-05
0.5262603798043328,184.67849999999996,29295249.99999999,160590,57630,0.8686268782656672,0.14699843130252907,6.304042464222017e-06,0.0341206844337687,160589.99999999994,57629.99999999993,0.03412064858445316,0.0006271280021723886,0.00012821228322131313,6.487158610364324e-05
0.5269284936841496,184.61524999999995,29250516.666666657,160535,57542,0.8683293847834789,0.14677396727416497,6.311520993076476e-06,0.03413507032389213,160534.99999999994,57541.99999999993,0.03413503441675082,0.0006361078520773659,0.00010695214416465098,0.00011245402617152468
0.5290999837838012,184.42894999999996,29095983.333333325,160373,57238,0.8674531312541245,0.14599854608527085,6.338639525845206e-06,0.03419106070568927,160372.99999999994,57237.999999999935,0.03419102458523212,0.0006345228014613676,8.269601125515548e-05,3.949822103326353e-05
0.5296826273724976,184.38524999999996,29058874.999999993,160335,57165,0.8672475903027944,0.14581234297083245,6.345230157740105e-06,0.0342047781595269,160334.99999999994,57164.99999999995,0.03420474198555831,0.0006359649469063584,0.0001537102749299987,9.453360161556182e-05
0.5320218881508288,184.19204999999997,28896716.666666657,160167,56846,0.8663388829390194,0.14499866086801264,6.374151503948258e-06,0.034264676162526514,160166.99999999997,56845.99999999993,0.03426463976102228,0.0006433025213132893,0.0001435880135974995,3.929779016941726e-05
0.5324268532155727,184.15409999999994,28867741.666666657,160134,56789,0.8661603868497063,0.14485326939509496,6.3792347224944566e-06,0.03427480458018275,160133.99999999994,56788.999999999935,0.034274768139060434,0.0006383431694642712,0.00014221633112626296,3.758736785292197e-05
0.5349008469349571,183.93099999999995,28697449.999999993,159940,56454,0.8651110462034424,0.14399877565075442,6.409315113363731e-06,0.03433470166050819,159939.99999999994,56453.99999999995,0.03433466498433371,0.0006305444229584125,0.00012508992649715622,8.026315440130007e-05
0.5351516855053811,183.91834999999995,28678641.666666657,159929,56417,0.8650515475070047,0.14390439872973768,6.413077444102566e-06,0.03434359652018933,159928.99999999994,56416.999999999935,0.034343559812210676,0.0006502017642206856,0.0001616652621950135,7.650576899465616e-05
0.5376149073841188,183.67799999999994,28498183.333333325,159720,56062,0.8639210722746893,0.14299889043349617,6.445252943023853e-06,0.034407138359194234,159719.99999999994,56061.999999999935,0.034407101399000224,0.0006491384397284222,7.622226272494457e-05,0.0
0.5377198239404131,183.67339999999996,28493608.333333325,159716,56053,0.8638994363850757,0.14297593388514077,6.446126368106532e-06,0.03440903873780519,159715.99999999994,56052.999999999935,0.03440900177086525,0.0006368900236655577,0.00010228744995590589,4.1182111625117535e-05
0.540399660875069,183.42844999999994,28308574.999999993,159503,55689,0.8627473252631466,0.14204746904054386,6.479607327461732e-06,0.034475271263399034,159502.99999999994,55688.99999999995,0.03447523403204778,0.0006486096287429616,0.0001418749682220711,8.37466217409141e-05
0.5405097034891773,183.42614999999995,28298916.666666657,159501,55670,0.8627365073183397,0.14199900521623796,6.481737522343317e-06,0.034480721556167784,159500.99999999994,55669.999999999935,0.034480684307274606,0.0006532171654211099,0.0001267942663109342,7.736932548877903e-05
0.5430811817777224,183.20074999999994,28115916.666666657,159305,55310,0.8616763487272688,0.14108074328202122,6.515908841670347e-06,0.034550244380114566,159304.99999999994,55309.999999999935,0.03455020685868217,0.0006549652226528287,0.000134143855443706,9.655584607200987e-05
0.5433044762757825,183.18234999999996,28099649.999999993,159289,55278,0.8615898051688141,0.14099911999897974,6.519026037690861e-06,0.034556772263847214,159288.99999999994,55277.99999999994,0.034556734717281774,0.0006474155204442561,0.0001554805929066133,6.784501393554595e-05
0.5455800249506444,182.95694999999995,27930883.333333325,159093,54946,0.8605296465777432,0.1401522784374243,6.55034600290121e-06,0.034618366890070015,159092.99999999994,54945.999999999935,0.03461832909705428,0.0006551178043230488,0.0001017098915374457,3.031966863429908e-05
0.5460693048040419,182.90404999999996,27900383.333333325,159047,54886,0.8602808338471858,0.13999923478172152,6.5556106457318694e-06,0.0346272686957472,159046.99999999994,54885.99999999994,0.03462723086289669,0.0006512024613563508,0.00011699027898582342,8.893634924014022e-05
0.5481880446458988,182.73154999999994,27737208.333333325,158897,54565,0.8594694879866723,0.1391804512237116,6.587957511946198e-06,0.03469622007498903,158896.9999999999,54564.99999999994,0.034696181979355624,0.0006560307428962745,6.739380316661574e-05,0.0
0.5487285968936829,182.68209999999996,27701116.66666666,158854,54494,0.8592369021733253,0.1389993495644633,6.59475580707637e-06,0.03470942004447648,158853.99999999997,54493.99999999994,0.034709381895148106,0.0006576940638576722,0.0001015692691499684,2.4438698222976468e-05
0.5509372697273208,182.49809999999997,27547091.66666666,158694,54191,0.8583714665887776,0.1382264791031642,6.624949820776604e-06,0.034771263349022426,158693.99999999997,54190.999999999956,0.034771224956766524,0.0006670736564433493,0.00013696914034908885,0.0001080246848560276
0.5515169539729617,182.44979999999995,27501849.999999993,158652,54102,0.8581442897478339,0.13799946434720506,6.6340918883638734e-06,0.034790641532078864,158651.99999999997,54101.99999999995,0.03479060306442865,0.000664609324126946,0.00015859401273386,0.00011484075144539163
0.553550662360743,182.24509999999995,27365616.66666666,158474,53834,0.8571814926600245,0.13731586935173262,6.659637976365719e-06,0.03483800208058102,158473.9999999999,53833.999999999956,0.034837963411866534,0.0006718523915323759,0.00016483006075965876,0.00010208064449569127
0.5545085551850352,182.14734999999996,27302583.333333325,158389,53710,0.8567217300057337,0.13699957912994684,6.671432800925432e-06,0.03485948659105072,158388.99999999994,53709.99999999994,0.03485944783093404,0.0006670735618476402,0.0001075438101854035,5.8196546471332436e-05
0.5561590288265162,181.98749999999995,27186174.999999993,158250,53481,0.8559698828416579,0.1364154625106812,6.694119345586498e-06,0.034903381561174306,158249.99999999994,53480.99999999995,0.03490334262063185,0.0006743971610656147,0.00010847238031594398,5.709184728980524e-05
0.5574013910043716,181.87594999999996,27103316.66666666,158153,53318,0.8554452125185259,0.13599969391268862,6.7104683990089775e-06,0.03493526606474805,158152.99999999997,53317.99999999995,0.0349352269930922,0.0006743280585065905,0.000127733440666044,0.0
0.558893309824,181.72989999999996,27006733.333333325,158026,53128,0.8547582730232912,0.1355150556696298,6.729058926045604e-06,0.03496957542956984,158025.99999999994,53127.999999999935,0.0349695362104754,0.0006632243986994925,0.00012674838826448275,0.0
0.5605316389888684,181.58959999999996,26904049.999999993,157904,52926,0.8540983783900736,0.1349998086954304,6.749526558269109e-06,0.035009196333327386,157903.99999999997,52925.99999999995,0.03500915695059291,0.0006726092512936383,0.00014982361400689312,0.0
0.5616293465100757,181.48954999999995,26819666.66666666,157817,52760,0.8536277977909758,0.13457638791465268,6.76703227730894e-06,0.03504490894330123,157816.99999999994,52759.99999999994,0.035044869417531634,0.0006821219316823137,0.00012006535894012649,0.00013506072303118245
0.5632970610014567,181.32394999999997,26704783.333333325,157673,52534,0.8528489057648829,0.13399992347817216,6.7899427505808895e-06,0.03508816381358807,157672.99999999997,52533.99999999994,0.0350881241055368,0.0006760383560182491,7.480437998977517e-05,0.0
0.5641969008737653,181.22044999999994,26645308.333333325,157583,52417,0.8523620982485748,0.13370148834955173,6.8012142225163465e-06,0.03510725141549552,157582.9999999999,52416.99999999994,0.03510721162049499,0.0006794153143652084,0.00011516613026168218,5.284411766556926e-05
0.5660708783275016,181.05484999999996,26505516.66666666,157439,52142,0.851583206222482,0.13300003826091397,6.830836473664916e-06,0.03516754289275738,157438.99999999997,52141.99999999995,0.03516750285566738,0.0006855625986303347,0.00015024422718226587,8.852859291520259e-05
0.5667711400951434,180.98699999999997,26455191.66666666,157380,52043,0.8512640768506801,0.13274751622900435,6.841265876294603e-06,0.03518778462979633,157379.99999999997,52042.99999999995,0.03518774450821241,0.0006843557844256035,0.0001766998784957485,6.355177185639523e-05
0.5688677421267354,180.77079999999995,26306249.999999993,157192,51750,0.8502471900388365,0.13200015304365573,6.871781420765027e-06,0.03524510497724231,157191.99999999994,51749.99999999995,0.03524506461061192,0.0006847118695051794,0.00013618454029445045,8.054379831653482e-05
0.5694064388652418,180.73629999999994,26272699.999999993,157162,51684,0.8500849208667338,0.13183180502238268,6.879243473263121e-06,0.035260870836618954,157161.9999999999,51683.99999999994,0.03526083040857421,0.0006876823788718745,0.00011110922840854944,6.984004330497816e-05
0.5717088315527421,180.50169999999994,26106983.333333325,156958,51358,0.8489814904964356,0.1310002678263975,6.913924052249111e-06,0.035326690265319975,156957.9999999999,51357.99999999994,0.03532664955784612,0.0006922685383861944,0.00015740264071005205,0.0
0.5719658331490568,180.48214999999996,26091733.333333325,156941,51328,0.8488895379655774,0.13092374599854611,6.917215797596174e-06,0.03533318523943351,156940.99999999994,51327.99999999994,0.035333144504527444,0.0006999809207695933,0.00011011247772509807,0.0
0.5746474925719389,180.23144999999997,25909241.66666666,156723,50969,0.8477103819816313,0.13000803479192444,6.956261102457328e-06,0.035408149133702015,156722.99999999997,50968.99999999995,0.03540810808188099,0.0006934964710888285,0.00013815852005558468,7.695746302642071e-05
0.5746790080282345,180.22684999999996,25907716.66666666,156719,50966,0.8476887460920176,0.1300003826091393,6.95649301398618e-06,0.03540828748976339,156718.99999999994,50965.99999999995,0.03540824643634889,0.0006921718122224641,0.00018780517012173203,0.00012537298521620913
0.5772625703039594,179.97269999999995,25730308.333333325,156498,50617,0.8464933631908611,0.12911017867846805,6.994579997583913e-06,0.03548004294714382,156497.9999999999,50616.99999999994,0.035480001585970915,0.0006979676782252761,0.000136567832443849,0.0
0.5775864046090097,179.93244999999996,25708449.999999993,156463,50574,0.8463040491567413,0.12900049739188105,6.998961430969196e-06,0.035487184697152195,156462.99999999994,50573.99999999995,0.03548714330173758,0.0006956655619528919,0.0001207541371350235,3.9780033419570024e-05
0.5798252581627811,179.71739999999994,25550358.333333325,156276,50263,0.8452925713173012,0.1282072211098216,7.033850471112114e-06,0.03555425879774522,156275.9999999999,50262.99999999994,0.035554217117100086,0.0007073859040305254,0.00011222388299609571,0.0
0.5803475864641741,179.66909999999996,25508674.999999993,156234,50181,0.8450653944763575,0.1279980614470278,7.043450904447213e-06,0.03557373307506841,156233.99999999994,50180.99999999994,0.03557369131562829,0.0006968638728864976,9.49910150949357e-05,0.0
0.5824156651527278,179.47014999999996,25366341.66666666,156061,49901,0.8441296422505654,0.12728385772041478,7.075129411973412e-06,0.03563389589753385,156060.99999999997,49900.99999999995,0.03563385387858722,0.0007120742924207307,0.00015905919688733667,0.00012221552251221905
0.5832715442544639,179.38619999999995,25309408.333333325,155988,49789,0.8437347872651154,0.12699817622976955,7.0877279167266196e-06,0.03565726542537305,155987.99999999994,49788.99999999994,0.03565722330456264,0.0007053761526139133,0.00012273454388346764,0.0
0.5849791200253595,179.20564999999996,25189949.999999993,155831,49554,0.8428855785977781,0.12639875524493363,7.114172517214207e-06,0.035705740577104794,155830.99999999997,49553.99999999995,0.03570569824148307,0.0007084414784012112,0.00010285382725157537,8.985156131032621e-05
0.5861915744663267,179.07454999999996,25110141.66666666,155717,49397,0.8422689557437879,0.12599829101251134,7.131562711879032e-06,0.03573627545543207,155716.99999999994,49396.99999999995,0.03573623297976988,0.0007082193993339452,0.00016494455458631024,0.00013281411950561204
0.5877632878138528,178.94919999999996,25009999.999999993,155608,49200,0.8416793777518149,0.12549579767628719,7.155105957616954e-06,0.035782684178674855,155607.99999999997,49199.99999999994,0.03578264150781637,0.0007188997186413144,0.00015641312355496072,7.490999315109841e-05
0.5891413060422375,178.79279999999997,24910874.999999993,155472,49005,0.8409437575049494,0.12499840579525312,7.177299071188789e-06,0.035822470564929536,155471.99999999997,49004.99999999995,0.03582242771391221,0.0007158635945467669,0.00013631503150168117,8.19671683155114e-05
0.590226581790875,178.68124999999998,24835133.33333333,155375,48856,0.8404190871818175,0.1246183473835912,7.19469662601637e-06,0.03585467035837015,155374.99999999997,48855.99999999996,0.03585462736414969,0.0007208534381833989,0.0001008757451162186,6.680956792666222e-05
0.5920869421567562,178.49264999999997,24711608.33333333,155211,48613,0.839532015707656,0.12399852057799492,7.223028448505814e-06,0.03590623189363082,155210.99999999997,48612.99999999996,0.035906188668353684,0.0007251447611550763,0.0001094812498692479,0.0
0.5927458686240963,178.40524999999997,24663824.999999993,155135,48519,0.8391209338049959,0.12375875218406053,7.233478586553384e-06,0.035923398441735754,155134.99999999994,48518.99999999995,0.03592335513297183,0.00072456278118773,0.00017396427822859246,3.037212492975519e-05
0.5950736286249918,178.16719999999998,24512341.66666666,154928,48221,0.8380012765174875,0.12299863536073669,7.268469182700824e-06,0.03598614737045484,154927.99999999997,48220.999999999956,0.03598610377621127,0.0007279343491882944,0.00016425140143968344,0.00010356303735756254
0.5954663084913576,178.13384999999997,24490483.33333333,154899,48178,0.8378444163177882,0.12288895407414968,7.273594709237397e-06,0.035995464004456,154898.99999999997,48177.999999999956,0.03599542036849182,0.0007316467939646175,0.00013752323590516987,0.0
0.5980237074754402,177.86704999999998,24315108.33333333,154667,47833,0.836589534720194,0.12200895305385864,7.315083591717496e-06,0.03607093482240508,154667.0,47832.999999999956,0.03607089084613643,0.0007291477784064799,0.00015869914533660245,6.66590270481112e-05
0.598071984838392,177.85554999999997,24313074.999999993,154657,47829,0.8365354449961598,0.12199875014347845,7.315222364920933e-06,0.03607011085490747,154656.99999999997,47828.99999999994,0.03607006687807309,0.0007283190591871589,0.00013660178364379038,7.421739094144034e-05
0.6005191604485518,177.56804999999997,24153966.66666666,154407,47516,0.8351832018953042,0.12120037240622891,7.3515067918450945e-06,0.03613021900832721,154406.99999999997,47515.999999999956,0.0361301747400835,0.0007362589637600798,0.00016318531400186657,0.00012334032329534416
0.6010708945226181,177.51284999999996,24113808.33333333,154359,47437,0.8349235712199398,0.12099886492622024,7.361460601584777e-06,0.036149050493063134,154358.99999999994,47436.999999999956,0.03614900614242708,0.0007403448812751663,0.00014062390687767654,5.187195172084674e-05
0.6031243758235031,177.29549999999998,23981133.33333333,154170,47176,0.8339012754356929,0.1203331250239131,7.393124317171555e-06,0.036204525578649546,154169.99999999997,47175.999999999956,0.036204480968059755,0.0007366863784957964,0.00014515006185801736,9.09420312655583e-06
0.6040047367693286,177.19429999999997,23914541.66666666,154082,47045,0.8334252858641917,0.119998979708962,7.40947923944462e-06,0.036234203278089634,154081.99999999997,47044.999999999956,0.0362341585320025,0.0007379869743100641,0.00013269079585552027,6.631635219966294e-05
0.6055072108159548,177.02294999999998,23808299.999999993,153933,46836,0.8326193489760817,0.11946587764159729,7.4353460767883484e-06,0.03627984146580577,153932.99999999997,46835.999999999956,0.036279796507193575,0.0007392399464981093,0.0001455060329930902,7.112299402724886e-05
0.6072321333783282,176.86884999999998,23715274.999999993,153799,46653,0.8318945466740231,0.11899909449170377,7.458013875023589e-06,0.036319283271555154,153799.0,46652.99999999995,0.03631923812752491,0.0007461577170586154,0.00016196931367452197,5.905868094441888e-05
0.6084246535461291,176.73659999999998,23641566.66666666,153684,46508,0.8312725148476294,0.11862923899042205,7.475672086029269e-06,0.03634865702057946,153684.0,46507.999999999956,0.03634861173235463,0.0007392503497165668,0.00013903202166718048,6.506809380422396e-05
0.6102939191817679,176.53304999999997,23516008.33333333,153507,46261,0.8303151267322236,0.11799920927444557,7.506930916917944e-06,0.036403590632008,153506.99999999997,46260.99999999996,0.03640354508549381,0.0007463118127073283,0.00014739817932223022,6.748592791885523e-05
0.610968453701389,176.46289999999996,23469749.999999996,153446,46170,0.8299851794156148,0.11776709306329634,7.518737949914251e-06,0.03642496812602481,153445.99999999997,46169.99999999997,0.03642492248131317,0.0007595829849003041,0.00016029047216123705,7.377099004023266e-05
0.6131183427844934,176.23289999999997,23316741.66666666,153246,45869,0.8289033849349302,0.11699932405718734,7.558213000744459e-06,0.036496654585576715,153245.99999999997,45868.999999999956,0.036496608611050786,0.0007572223701464855,0.00013895094475035633,5.9153605193926177e-05
0.6134406083025185,176.19724999999997,23293866.66666666,153215,45824,0.8287357067904241,0.11688454131541025,7.564104857358733e-06,0.03650718387630373,153214.99999999997,45823.999999999956,0.03650713785304227,0.0007520230830497793,0.00017069528835494943,0.00010524630186769111
0.6159301621138289,175.93619999999996,23117474.999999996,152988,45477,0.827507870054847,0.11599943883992912,7.610528398970907e-06,0.03659190411152479,152987.99999999994,45476.99999999997,0.03659185769745446,0.0007573178996036726,0.00014726269134611892,9.364149600340826e-05
0.6159508189547044,175.93389999999997,23116966.66666666,152986,45476,0.8274970521100403,0.11599688811233407,7.610596257582815e-06,0.03659182806204069,152985.99999999994,45475.999999999956,0.03659178164772485,0.0007581149463029891,0.00016906218258452645,0.00011427201435275582
0.6184749917868374,175.63489999999996,22955824.999999996,152726,45159,0.8260907192851503,0.11518830746470435,7.650994899987257e-06,0.03665762845793181,152725.99999999994,45158.99999999996,0.03665758171372188,0.0007666776909063041,0.000165860375521623,0.0
0.6190265813083262,175.57509999999996,22918208.33333333,152674,45085,0.8258094527201724,0.1149995536226709,7.660943536525725e-06,0.03667520862271758,152673.99999999994,45084.999999999956,0.036675161794466386,0.0007667285939961722,0.0001533592288602101,3.302646426160512e-05
0.6209377699491233,175.35659999999996,22785533.33333333,152484,44824,0.824781747963522,0.11433381372036376,7.695962057796907e-06,0.03673605504384308,152483.99999999997,44823.999999999956,0.036736007924561935,0.0007775163805801282,0.00016468681843659984,6.499060386527294e-05
0.6220047842935209,175.24159999999998,22718941.66666666,152384,44693,0.8242408507231798,0.11399966840541267,7.713457896549613e-06,0.036765727292194135,152383.99999999997,44692.999999999956,0.036765680027488784,0.0007691185633299776,0.00014576575100949188,8.742172245668779e-05
0.6235451884681831,175.06219999999996,22622358.33333333,152228,44503,0.8233970510282458,0.11351503016235384,7.738459333925914e-06,0.036806408621429025,152227.99999999997,44502.999999999956,0.03680636115033556,0.0007772473989901468,0.0001483861562916474,0.00011228850961358848
0.6250992329136745,174.86669999999998,22519674.999999996,152058,44301,0.822477525719664,0.11299978318815446,7.765063216942519e-06,0.03684902956711509,152058.0,44300.99999999996,0.03684898187796128,0.0007771160051193461,0.00015706046065555663,8.933553143078436e-05
0.6259338856335929,174.76319999999996,22461216.66666666,151968,44186,0.8219907182033558,0.1127064495147241,7.780664894228793e-06,0.03687511213600692,151967.99999999994,44185.99999999996,0.03687506431678741,0.0007733433481164902,0.00016275943166908175,9.100859600832862e-05
0.6283292089103375,174.51709999999997,22320408.33333333,151754,43909,0.8208331981090234,0.11199989797089623,7.818723447786386e-06,0.036939151882652656,151753.99999999997,43908.99999999996,0.0369391037461145,0.0007799247650024295,0.00016232946913258828,0.0
0.6287682096084767,174.47109999999998,22297024.999999996,151714,43863,0.8206168392128865,0.11188256450152409,7.824860042987799e-06,0.03694877452698706,151714.0,43862.99999999996,0.03694872634093942,0.0007830970580406107,0.0001762867918084234,6.357810477247202e-05
0.6313599045805082,174.17669999999998,22133849.999999996,151458,43542,0.8192321422776103,0.11106378094351417,7.869245522130132e-06,0.037022144947779605,151457.99999999997,43541.99999999997,0.03702209639178203,0.000788503944900588,0.0001535975538754963,0.00010769440668861237
0.6315991178084688,174.15139999999997,22121141.66666666,151436,43517,0.819113144884735,0.111000012753638,7.872622608010361e-06,0.03702739862394677,151435.99999999997,43516.99999999995,0.03702735004030462,0.0007873062760668925,0.00018477994860724873,0.00011915962270260231
0.6336885639480829,173.87424999999996,21974233.33333333,151195,43228,0.8178095825355101,0.11026285247866957,7.912642382669398e-06,0.03709184222716438,151194.99999999994,43227.99999999996,0.03709179331090317,0.0007937573129471394,0.00013587419799858367,8.60664641481922e-05
0.6345049086866884,173.76499999999996,21921874.999999996,151100,43125,0.8172957301571848,0.11000012753637979,7.92655737704918e-06,0.03711277734989595,151099.99999999994,43124.99999999996,0.037112728320506466,0.0007876110968992629,0.00014778023082107953,7.530013289711596e-05
0.6361382078027124,173.56719999999996,21816649.999999996,150928,42918,0.8163653869037961,0.10947212692420516,7.955721891307784e-06,0.03715982202127718,150927.99999999994,42917.99999999996,0.03715977274912635,0.0007941186353959073,0.00016122038030366866,3.9674775091041744e-05
0.6375513984284285,173.40274999999997,21722608.33333333,150785,42733,0.8155919038501067,0.10900024231912156,7.982593404030287e-06,0.03720488742612605,150784.99999999997,42732.99999999996,0.03720483792774781,0.0007975546780879454,0.00012212229406113816,3.1212236683398715e-05
0.6385222684145723,173.27049999999997,21654491.66666666,150670,42599,0.8149698720237131,0.10865844482138533,8.001596281602855e-06,0.03723493774013148,150669.99999999997,42598.99999999995,0.03723488808341263,0.0007982645014972065,0.00018336780694125943,0.0001126127941008925
0.6405100598164688,173.01059999999998,21523341.66666666,150444,42341,0.8137474442605396,0.10800035710186333,8.038277823184986e-06,0.037292187776475756,150444.0,42340.99999999996,0.037292137815919196,0.0008021776487515324,0.0001578116511133492,8.783369828627919e-05
0.640966960380099,172.95884999999996,21498941.66666666,150399,42293,0.8135040405023855,0.10787792217730109,8.044993687673774e-06,0.03730218299881811,150398.99999999994,42292.999999999956,0.03730213298393554,0.0008036969115737981,0.00017928463790683606,0.00010881167302147563
0.643489740786169,172.65409999999997,21340849.999999996,150134,41982,0.8120706628154785,0.10708464589524165,8.090310367206555e-06,0.03737412547700236,150133.99999999997,41981.99999999996,0.037374075082861086,0.0008068304558667114,0.00018814775707534103,0.0001205681315217806
0.6437237724258635,172.61844999999997,21324074.999999996,150103,41949,0.8119029846709723,0.10700047188460513,8.095002948545247e-06,0.037381103003032295,150102.99999999997,41948.99999999997,0.03738105256924511,0.0008128584317835623,0.00014159193212559532,0.00010317640027494012
0.6459127181937219,172.35279999999997,21180724.999999996,149872,41667,0.8106535120457817,0.10628116670280201,8.137247426610752e-06,0.037449664594881985,149871.99999999997,41666.99999999996,0.03744961380597744,0.0008129720099178646,0.00014550701150018263,9.005589507521305e-05
0.6467941393683766,172.24009999999996,21124299.999999996,149774,41556,0.8101234327502462,0.10599803593975185,8.153647694834858e-06,0.03747512634165661,149773.99999999994,41555.99999999996,0.03747507541529532,0.000816193373841925,0.0001735000760602303,0.00010082419352121679
0.648391124659119,172.04459999999997,21023649.999999996,149604,41358,0.8092039074416644,0.10549299187593264,8.18338395093145e-06,0.03752208707527369,149604.0,41357.99999999996,0.037522035898997455,0.0008176605847998443,0.0001569756223779346,9.209568793923381e-05
0.6499954749352758,171.82379999999998,20925033.33333333,149412,41164,0.8081653847402073,0.10499815072249362,8.211399105696367e-06,0.037562132496137005,149412.0,41163.99999999996,0.037562081089458924,0.0008237078414924687,0.00017792645757374015,8.71880595088083e-05
0.6508544083875449,171.71799999999996,20874708.33333333,149320,41065,0.8076677592790923,0.10474562869058401,8.226126911952861e-06,0.037584226226792555,149319.99999999997,41064.99999999996,0.037584174696988194,0.0008256822729703111,0.000175414108493769,9.768551379433445e-05
0.6529181688418959,171.42244999999997,20725766.66666666,149063,40772,0.8062776533714127,0.10399826550523539,8.270982335997221e-06,0.03765411074429147,149062.99999999997,40771.99999999996,0.03765405883754428,0.0008218270375885246,0.00017903193720633529,1.331261899517309e-05
0.6530814303666816,171.40749999999997,20718649.999999993,149050,40758,0.8062073367301682,0.10396255531890473,8.273101770626948e-06,0.037657292676834035,149049.99999999997,40757.999999999956,0.03765724075283346,0.0008273104610305152,0.00014511638023835248,4.482673372629689e-05
0.6553775028140827,171.14069999999998,20543274.999999996,148818,40413,0.8049524551325742,0.10308255429861371,8.330740838546921e-06,0.03775882438089813,148817.99999999997,40412.99999999998,0.03775877195398602,0.0008352878564329507,0.00015581308190994983,6.743047719061565e-05
0.6556610961587523,171.10619999999997,20526499.999999996,148788,40380,0.8047901859604714,0.10299838028797718,8.335868267848879e-06,0.03776663531494703,148787.99999999997,40379.99999999998,0.03776658284504884,0.0008318683240240733,0.00018391219242423588,0.00012647334934736315
0.6577729332908889,170.82904999999997,20387724.999999996,148547,40107,0.8034866236112465,0.10230203165452949,8.379014823870735e-06,0.037833571630203705,148546.99999999997,40106.99999999997,0.03783351879586992,0.0008372799776376309,0.00016772002552667276,8.528203512312373e-05
0.6588035184821515,170.71404999999996,20327233.33333333,148447,39988,0.8029457263709041,0.10199849507071895,8.398292438551238e-06,0.03786431717685475,148446.99999999994,39987.99999999997,0.03786426417726521,0.0008435574690165732,0.0001812732633258284,9.083720854362571e-05
0.6602805998195376,170.52889999999996,20227091.66666666,148286,39791,0.8020748818139531,0.10149600173449479,8.430717713166048e-06,0.03791676433764782,148285.99999999997,39790.99999999996,0.03791671106011596,0.0008413897362855655,0.00017329774961588032,8.487165126124416e-05
0.6618644230820988,170.34144999999998,20127966.66666666,148123,39596,0.8011932193121953,0.10099860985346072,8.462923891964582e-06,0.03796823312977429,148123.0,39595.999999999956,0.037968179575496676,0.0008473190183699229,0.00017722606635541368,8.489540107844652e-05
0.6628558002528289,170.24024999999997,20061374.999999996,148035,39465,0.800717229740694,0.10066446453850963,8.485971175953792e-06,0.03800860237481993,148034.99999999997,39464.99999999997,0.038008548617623907,0.000847778179431353,0.00018825281062994013,8.933523449039976e-05
0.6648865682456014,169.95849999999996,19928699.999999996,147790,39204,0.7993920315018553,0.0999987246362025,8.528328491070666e-06,0.038071799508949324,147789.99999999994,39203.99999999997,0.038071745394423644,0.0008536438286523009,0.00017583660788354901,0.00011414806865035749
0.6651657025060247,169.92514999999997,19907349.999999996,147761,39162,0.7992351713021562,0.09989159407721056,8.535799591608125e-06,0.038084734815591784,147760.99999999997,39161.99999999998,0.038084680634820484,0.000851837448653061,0.00020429560252669537,0.00012510433313155634
0.6675444791787517,169.59739999999996,19758916.66666666,147476,38870,0.7976936141671807,0.09914678161945698,8.583334950043652e-06,0.038153784751404844,147475.99999999994,38869.99999999996,0.03815373017018327,0.0008576615665730041,0.0001576880170019842,0.00012350040463012023
0.6679785077530632,169.52495,19729433.33333333,147413,38812,0.7973528489057652,0.09899883941894427,8.592489562971063e-06,0.03816597127728038,147413.0,38811.99999999997,0.03816591662140568,0.0008634137148216388,0.00017812234637843924,0.00011165952766234014
0.669691986393839,169.26045,19614549.999999996,147183,38586,0.7961087852529779,0.09842237498246378,8.629331287233203e-06,0.038217855733624975,147183.0,38585.99999999998,0.03821780076895683,0.0008630735791935781,0.00016752786559887345,8.217513446534296e-05
0.6710196039651212,169.07184999999998,19530166.66666666,147019,38420,0.7952217137788166,0.09799895420168604,8.656958892653248e-06,0.03825765355265317,147018.99999999997,38419.99999999996,0.03825759835394896,0.0008678037971123923,0.00018406333802285834,7.567401291833674e-05
0.671920139810069,168.93269999999998,19466116.666666664,146898,38294,0.7945672281180024,0.09767756252471022,8.67829484908392e-06,0.03828900338546094,146898.0,38293.99999999998,0.038288948004925535,0.0008659450657403815,0.00016901624576910943,4.478438828635392e-05
0.6738911584156981,168.67049999999998,19330899.999999996,146670,38028,0.793333982410022,0.09699906898442784,8.725434408123782e-06,0.03836304712005346,146670.0,38027.99999999998,0.03836299133154216,0.0008702294676778558,0.00016748182452671828,7.540176410352221e-05
0.6741858536015747,168.6291,19307516.666666664,146634,37982,0.7931392594034988,0.0968817355150557,8.733857539075888e-06,0.03837684896317807,146634.00000000003,37981.99999999998,0.03837679309981656,0.0008684407175923315,0.0001778457080795632,9.291725590443937e-05
0.6765507384137347,168.31284999999997,19153999.999999996,146359,37680,0.7916517919925574,0.09611141578135166,8.78734729038321e-06,0.0384580741377435,146358.99999999997,37679.99999999998,0.038458017813423714,0.0008776453381633711,0.00016797806557111668,7.104455093909578e-05
0.6768735282375916,168.26109999999997,19131633.33333333,146314,37636,0.7914083882344034,0.09599918376716961,8.794915576122617e-06,0.038468716761097255,146313.99999999997,37635.99999999997,0.038468660373267044,0.0008795528087809064,0.0001970814276960813,8.727938032870862e-05
0.6788324097863326,167.9759,19009633.33333333,146066,37396,0.7900669630783547,0.09538700914435845,8.836356654257756e-06,0.038526548790670766,146066.0,37395.99999999996,0.03852649205176768,0.0008862579145930567,0.00016236047292988434,0.00011166631950232442
0.679901864160125,167.831,18932366.666666664,145940,37244,0.7893854325555234,0.0949992985499114,8.864765982770248e-06,0.03857178424255628,145940.0,37243.99999999997,0.03857172725491991,0.0008837784841771285,0.00017806426355647693,5.43608524011252e-05
0.6810506015310885,167.62974999999997,18869333.33333333,145765,37120,0.7884388623849243,0.09468300832812562,8.883713432730357e-06,0.038589825884554486,145764.99999999994,37119.99999999996,0.03858976874769204,0.0008938815167716935,0.00019222866462543226,0.00012045724703418266
0.6831563556887323,167.33534999999998,18733099.999999996,145509,36852,0.7870541654496481,0.09399941333265317,8.93260325306543e-06,0.038661871291530134,145508.99999999997,36851.99999999998,0.03866181373275672,0.0008953268278945953,0.00017659493645470317,6.438299740925753e-05
0.6833735243765612,167.3089,18717849.999999996,145486,36822,0.7869297590843695,0.09392289150480178,8.938467826165934e-06,0.038671503974906554,145486.0,36821.99999999998,0.03867144636467034,0.0008961564635760955,0.00017184684779283457,6.057347832788318e-05
0.6855871084991177,166.96849999999998,18575008.33333333,145190,36541,0.7853287032529562,0.0932061370505937,8.988878874437473e-06,0.03874092954933468,145189.99999999997,36540.99999999996,0.038740871509304026,0.0009009285941687069,0.00017827369519671883,0.0001091204261571358
0.6862085417082406,166.87879999999998,18533833.33333333,145112,36460,0.7849068034054892,0.09299952811539494,9.004008884652393e-06,0.038763103563313014,145112.0,36459.99999999996,0.03876304539285388,0.00089962163882826,0.00017513195267872324,7.259523427999374e-05
0.6878968280278897,166.6281,18432166.66666666,144894,36260,0.7837276474215431,0.09248938259638563,9.04007125224924e-06,0.03881146604583382,144894.0,36259.99999999996,0.03881140756875594,0.0009084312059674896,0.00016929292003462783,7.992987008853249e-05
0.6894078123206524,166.38889999999998,18334566.66666666,144686,36068,0.7826025811616311,0.09199964289813671,9.075147671883894e-06,0.03885876784539522,144685.99999999997,36067.999999999956,0.038858709071391724,0.0009092391693898041,0.00018795288713906473,0.00010818196760463601
0.6900513982600052,166.27964999999998,18292883.33333333,144591,35986,0.7820887287833059,0.0917904832353429,9.089854615592768e-06,0.03887747219189604,144590.99999999997,35985.99999999996,0.0388774132937542,0.0009082520483776661,0.00018930203900017692,0.00010789176031881682
0.6923278823256488,165.97259999999997,18135299.999999996,144324,35676,0.780644533151592,0.09099975768087849,9.151908157019735e-06,0.03897391424763201,144323.99999999997,35675.99999999997,0.03897385480093847,0.0009134906074439852,0.00017860351222908117,8.887563892533583e-05
0.6923291825729813,165.97259999999997,18135299.999999996,144324,35676,0.780644533151592,0.09099975768087849,9.151908157019735e-06,0.03897391424763201,144323.99999999997,35675.99999999997,0.03897385480093847,0.0009134906074439852,0.00017860351222908117,8.887563892533583e-05
0.6944704173075471,165.6529,17983308.33333333,144046,35377,0.7791408388234405,0.09023709012995959,9.211480831530352e-06,0.03906287896504063,144046.0,35376.99999999997,0.03906281899414161,0.0009206974203358192,0.00019325897754898856,0.00010271384175801548
0.6951932029981254,165.54019999999997,17936033.33333333,143948,35284,0.778610759527905,0.08999987246362026,9.229476602964982e-06,0.039087714217515244,143947.99999999997,35283.99999999996,0.039087654090636685,0.0009236306025167017,0.00018615201357283383,6.063755677851838e-05
0.6966069955211796,165.3217,17836399.999999996,143758,35088,0.7775830547712548,0.08949992985499117,9.268781816958581e-06,0.039144996703393414,143758.0,35087.99999999997,0.03914493623248625,0.000927000789199526,0.00019974730380378306,6.73800961150817e-05
0.6983084814045936,165.07099999999997,17736766.666666664,143540,34892,0.7764038987873085,0.08899998724636206,9.306713173953163e-06,0.03919526055963428,143539.99999999997,34891.99999999998,0.03919519976276341,0.0009336030887280081,0.00018803215697501069,8.30391698359218e-05
0.6988898473910785,164.97439999999997,17696608.33333333,143456,34813,0.775949545105421,0.08879847976635337,9.322373920049652e-06,0.03921674443443565,143455.99999999997,34812.99999999997,0.03921668350218995,0.0009321760120277187,0.00018802311992367526,9.310205842743968e-05
0.7011636406715989,164.62134999999998,17559358.33333333,143149,34543,0.7742889905775703,0.08810978331569082,9.375134721608565e-06,0.03928545957861605,143148.99999999997,34542.99999999997,0.03928539819518494,0.0009366056617927803,0.00019479952067702223,0.00011200172493867254
0.7015545515174165,164.55925,17537499.999999996,143095,34500,0.7739969060677855,0.08800010202910383,9.383278688524592e-06,0.039295105338000944,143095.00000000003,34499.99999999998,0.03929504388605365,0.0009405468653486583,0.00016887660417141801,7.862482566042853e-05
0.7033912230940048,164.2959,17410416.66666666,142866,34250,0.7727582513874016,0.08736242013034219,9.436643771688407e-06,0.039375142938774726,142866.0,34249.99999999997,0.039375081010256656,0.0009450117939333815,0.00018386986926932988,0.00011251231389218936
0.7045270969040491,164.105,17338233.33333333,142700,34108,0.7718603619684334,0.0870002168118456,9.464920493629688e-06,0.03941117579579553,142700.0,34107.99999999997,0.03941111362578808,0.0009435674255314034,0.00019272631850892643,0.00012260627730767233
0.7055455290232578,163.93249999999998,17277741.666666664,142550,33989,0.77104901610792,0.08669668022803508,9.488074492760194e-06,0.03943860762988991,142549.99999999997,33988.999999999985,0.039438545264601756,0.0009481985312232049,0.0001960542395042573,7.372403774908846e-05
0.707729645521069,163.57139999999998,17144049.999999996,142236,33726,0.7693505987732453,0.08602583887053784,9.541001105339755e-06,0.039504871955266106,142236.0,33725.99999999998,0.039504809136956004,0.0009526312338552778,0.00017494912123923952,8.136143917503215e-05
0.7078113014822134,163.5553,17138966.66666666,142222,33716,0.7692748731595974,0.08600033159458736,9.542891539552173e-06,0.03950684103568542,142222.0,33715.999999999956,0.03950677820062184,0.0009550335058527163,0.00017452065432478557,0.00011902704956391232
0.7099281755247991,163.22525,17003749.999999996,141935,33450,0.7677224980798151,0.08532183805430502,9.599367786517681e-06,0.03958357243600298,141935.0,33449.99999999997,0.039583509106519574,0.0009584760673865583,0.00019846586231447462,8.982668006425754e-05
0.7110062465500527,163.03664999999998,16939699.999999996,141771,33324,0.7668354266056536,0.08500044637732916,9.624529950353313e-06,0.03961251217646099,141770.99999999997,33323.99999999997,0.0396124486343417,0.000960497297663442,0.00018263006731733923,0.00011723848083078138
0.7121621983626312,162.86184999999998,16871074.999999996,141619,33189,0.7660132628003333,0.08465609815199789,9.65331788282608e-06,0.039650437690334994,141618.99999999997,33188.99999999997,0.03965037389846753,0.0009653659007805742,0.0001878904468282286,0.00010935265548408077
0.7141984806266258,162.5134,16739924.999999996,141316,32931,0.7643743441620964,0.08399801043247589,9.708131906206272e-06,0.039720291083098345,141316.0,32930.99999999997,0.03972022681485713,0.0009701074569819177,0.00019891195368815202,9.246670155793777e-05
0.7142527145085492,162.50419999999997,16735858.333333328,141308,32923,0.7643310723828689,0.08397760461171551,9.709941179194574e-06,0.03972286776369589,141307.99999999997,32922.99999999997,0.03972280347869097,0.000968117404027443,0.00020654839060581988,8.627305186907001e-05
0.7164591930091521,162.17184999999998,16589458.333333328,141019,32635,0.7627678793582797,0.08324299506434212,9.775596450557208e-06,0.03981615954911141,141018.99999999997,32634.99999999997,0.03981609467857019,0.000976977819666693,0.00018602679732908519,8.031100630034201e-05
0.7171486911339788,162.06605,16540658.333333328,140927,32539,0.7622702538971649,0.08299812521521766,9.798041089658365e-06,0.039848837086402245,140927.0,32538.999999999967,0.03984877201365734,0.0009777399608476812,0.0002056313092040157,7.905559991946656e-05
0.7187397520164718,161.82914999999997,16447633.333333328,140721,32356,0.7611560055820596,0.08253134206532416,9.839053845639394e-06,0.03990295378344884,140720.99999999997,32355.99999999997,0.039902888349215446,0.0009858984454561887,0.00021064757508050368,0.00012400005948828824
0.7202841596104738,161.56234999999998,16341391.666666662,140489,32147,0.7599011239844656,0.08199823999795944,9.886694676656978e-06,0.03996645625638069,140489.0,32146.99999999997,0.039966390400423574,0.0009882107862205047,0.0001884652630245834,0.0
0.7207759284135439,161.46804999999998,16313941.666666662,140407,32093,0.759457588247385,0.08186050070782692,9.897549795088354e-06,0.03997671903984638,140406.99999999997,32092.99999999997,0.039976653094663715,0.0009879837872217214,0.00018179523031160353,6.681737406561081e-05
0.7226811789543114,161.11499999999998,16176691.666666662,140100,31823,0.7577970337195341,0.08117180425716437,9.95970024773298e-06,0.040058171518599035,140099.99999999997,31822.99999999997,0.04005810502465193,0.0009956536963950534,0.00020127176487816188,9.543653680201012e-05
0.7231527920950551,161.03105,16142124.999999996,140027,31755,0.7574021787340843,0.08099835478070122,9.975827222252339e-06,0.04008014386473528,140027.0,31754.999999999975,0.040080077226602694,0.0009963150339720645,0.00019100739224126018,0.00010709838778163436
0.7246859623406461,160.73549999999997,16051133.333333328,139770,31576,0.7560120728264046,0.08054177454118788,1.0013965784347524e-05,0.040119818012174374,139769.99999999997,31575.99999999997,0.040119751052418454,0.0010022162753166382,0.00021205405159131912,0.00011408706865443233
0.7263082704509044,160.4756,15942858.333333328,139544,31363,0.7547896450632311,0.07999846956344299,1.006567308350709e-05,0.04019073186046318,139544.0,31362.99999999997,0.04019066443604482,0.0010064490186396876,0.00020206629324163035,0.00012169075099468435
0.7267857595473791,160.39624999999998,15907783.333333328,139475,31294,0.7544164259673949,0.07982246935938478,1.008287871660309e-05,0.0402151207302421,139475.0,31293.99999999997,0.040215053150060194,0.0010074698873940354,0.0002037403251773693,0.00012139440682925327
0.7289126849538545,160.0432,15770533.333333328,139168,31024,0.7527558714395443,0.07913377290872223,1.0148242714260355e-05,0.04030083421428039,139168.00000000006,31023.99999999997,0.040300766050969515,0.0010091264842175796,0.000194642084219224,9.686763520443303e-05
0.7294025358421572,159.96845,15743591.666666662,139103,30971,0.7524042882333217,0.07899858434618477,1.0160861218135847e-05,0.04031646338321732,139103.0,30970.99999999997,0.04031639510917447,0.00101773571043488,0.00020523729124861796,0.00010130430457814437
0.7309772543600577,159.6752,15640399.999999996,138848,30768,0.7510250002704488,0.07848078664439033,1.0209150661108413e-05,0.04037509348153411,138848.0,30767.999999999975,0.04037502478192052,0.0010220959738863678,0.00020562479941604964,9.802864507161748e-05
0.7323901279834714,159.37619999999998,15544324.999999996,138588,30579,0.7496186674455589,0.07799869912892654,1.025301516791498e-05,0.04042383697776167,138588.0,30578.999999999975,0.04042376790052057,0.0010237646359196502,0.0002138832640693111,6.820829196639618e-05
0.7328363280060527,159.29455,15515349.999999996,138517,30522,0.7492346304049159,0.0778533076560089,1.0266900198835348e-05,0.0404408363794369,138517.0,30521.999999999975,0.040440767179245864,0.0010234642458821733,0.00019812958783959302,0.00011478846828822357
0.7347672903385908,158.9231,15386233.333333328,138194,30268,0.7474875323186104,0.07720542284686709,1.0328915242413677e-05,0.040515469020630045,138194.00000000003,30267.99999999997,0.040515399274372824,0.0010285600034101435,0.0002121095989948395,8.272803216274396e-05
0.7353630352400682,158.8311,15345058.333333328,138114,30187,0.7470548145263365,0.07699881391166832,1.035063513932553e-05,0.040546303960752414,138114.0,30186.99999999997,0.04054623401429794,0.0010344786259344934,0.0002053531834148689,0.00012677445347894
0.7367433596514545,158.5735,15247458.333333328,137890,29995,0.7458432047079698,0.07650907421341939,1.0399995627686584e-05,0.040609896659151434,137890.00000000003,29994.999999999975,0.040609826269245336,0.0010384040829275886,0.00020513240149577008,0.00011666379488795352
0.7380219211581726,158.34465,15145791.666666662,137691,29795,0.7447668191996888,0.07599892869441009,1.0454696161475e-05,0.04068716265046141,137691.00000000003,29794.999999999975,0.04068709175554246,0.0010474075735778657,0.000204181285924778,0.00010510344132266102
0.7385978589945339,158.2308,15105633.33333333,137592,29716,0.7442313309317499,0.07579742121440143,1.0474953052834595e-05,0.040711917192788404,137591.99999999997,29715.99999999998,0.04071184611651133,0.0010474697758216037,0.0002168588550941355,9.340770164701484e-05
0.7405221146577233,157.8398,14985158.333333328,137252,29479,0.7423922803145862,0.0751928987743754,1.0533075226098715e-05,0.04077423803178149,137252.00000000003,29478.99999999997,0.040774166452577046,0.0010547217062169044,0.00022839741047882004,0.00011163331596628016
0.7411458449064676,157.70985,14946524.999999996,137139,29403,0.7417810664329992,0.07499904347715187,1.055160647709083e-05,0.04079328712865664,137139.0,29402.999999999975,0.04079321538981989,0.0010543315293024174,0.000195924974367783,9.341663491966604e-05
0.7424197629580768,157.4511,14863666.666666662,136914,29240,0.7405640476422292,0.07458327487915929,1.0593018770603937e-05,0.040839716670812466,136914.00000000003,29239.999999999975,0.040839644568606386,0.0010591342810125758,0.00020099597175130113,9.271818157011528e-05
0.7443887400255129,157.0486,14748274.999999996,136564,29013,0.7386709073010312,0.07400425971508375,1.0648608057552496e-05,0.040894363760637466,136564.0,29012.999999999975,0.040894291182575135,0.0010617306512186332,0.000218638240665178,0.00010584856700730552
0.7443956489526189,157.0463,14747258.33333333,136562,29011,0.7386600893562244,0.07399915825989366,1.0649186204667424e-05,0.04089517442748058,136562.00000000003,29010.99999999998,0.040895101844270344,0.0010618222949295634,0.00019852147297415155,0.00010360949200390076
0.746243148980229,156.69555,14611024.999999996,136257,28743,0.7370103527731804,0.0733155632644212,1.0724473471231488e-05,0.04099362473647612,136257.00000000003,28742.999999999978,0.04099355146475026,0.0010712772579469412,0.00021227229433270012,7.848045357092331e-05
0.7473066301692916,156.50235,14547991.666666662,136089,28619,0.7361016454094055,0.07299927304263543,1.0757660135219126e-05,0.04103168399740755,136089.00000000003,28618.99999999997,0.041031610430355914,0.0010775581953148075,0.00021466347137413648,0.0001249392579868719
0.748271946299177,156.31029999999998,14488008.333333328,135922,28501,0.7351983470180338,0.07269828718641994,1.07889432697501e-05,0.04106608039705785,135922.0,28500.99999999997,0.04106600655410264,0.0010784276455895346,0.00021028328735459083,9.053977085165776e-05
0.7502256475790011,155.9354,14360416.666666662,135596,28250,0.7334350220145179,0.07205805456006327,1.0858696068475267e-05,0.041149181218052416,135596.0,28249.99999999997,0.04114910674729855,0.001085381384233205,0.00022556407073757198,0.00011657114763790771
0.7505043733689505,155.8733,14348724.999999996,135542,28227,0.7331429375047331,0.07199938782537721,1.0863216069720483e-05,0.0411495484471016,135542.00000000003,28226.999999999978,0.04114947394415907,0.0010863397323685841,0.00022143444000138494,0.000106961437546169
0.7520676675904943,155.53289999999998,14245024.999999996,135246,28023,0.7315418816733199,0.07147903939598772,1.0918401336606993e-05,0.041208865833050556,135246.0,28022.999999999978,0.04120879084387495,0.0010904242059603915,0.00021965600492376082,0.00011628518552984594
0.753613257679089,155.23505,14149458.333333328,134987,27835,0.7301409578208334,0.07099950260811898,1.0971094888791388e-05,0.0412686135412407,134987.00000000003,27834.99999999997,0.04126853808103206,0.0010976658901715095,0.0002143610418046209,0.00010258893140502765
0.7541095948607796,155.1649,14114891.666666662,134926,27767,0.7298110105042246,0.07082605313165583,1.0992992625400953e-05,0.041300443114100804,134926.0,27766.999999999975,0.04130036744489174,0.001099364164058866,0.00022856016107610197,0.0001343384675555156
0.7559780556769305,154.76815,13996958.333333328,134581,27535,0.7279449150250438,0.07023428432960503,1.1057270180723791e-05,0.04136802206923588,134581.0,27534.99999999997,0.041367945833315524,0.001106418575527717,0.00022104112602647655,0.0001268874360574631
0.7567320580441469,154.60485,13950191.666666662,134439,27443,0.7271768409437578,0.06999961739086076,1.1082632675895138e-05,0.04139358359047772,134439.00000000003,27442.999999999975,0.04139350713234029,0.0011082260895397562,0.00021516408974192695,8.530054071416204e-05
0.757771212140057,154.37715,13876483.33333333,134241,27298,0.72610586440788,0.06962976188957902,1.1125091731934966e-05,0.04144224843157866,134241.0,27297.999999999978,0.04144217158984039,0.0011107673002372705,0.0002150264957471524,0.00010591219901631791
0.7598527609336948,153.97005,13763124.999999996,133887,27075,0.7241910881770683,0.06906094963588365,1.1187143181508562e-05,0.04150283116865682,133887.0,27074.999999999978,0.04150275378599936,0.0011201954986321792,0.00022951333239121252,0.00012788543221592993
0.7601426547275005,153.89875,13750924.999999996,133825,27051,0.7238557318880562,0.06899973217360253,1.1191883455113024e-05,0.04150201048006681,133825.00000000003,27050.999999999978,0.041501933066109754,0.0011182846984675756,0.00022961220452759527,0.00012749897371725324
0.7616396037322642,153.55835,13651799.999999996,133529,26856,0.722254676056643,0.06850234029256846,1.12482126899017e-05,0.04156028129248365,133529.0,26855.999999999978,0.041560203379971176,0.0011231950265651789,0.00021970261904316824,0.0001124763530769709
0.7633244780352494,153.20069999999998,13551658.33333333,133218,26659,0.7205724856391784,0.06799984695634431,1.1304941154188389e-05,0.04161640179400988,133218.0,26658.999999999975,0.041616323382637266,0.0011291566615489745,0.00022038196114975488,0.00010836213585699204
0.7634998704998495,153.1501,13538949.999999996,133174,26634,0.7203344908534279,0.06793607876646815,1.1311815170304939e-05,0.04162217707561341,133174.00000000003,26633.999999999978,0.04162209860592624,0.0011310001218254363,0.00021960320183777159,0.00010014760084592244
0.7653557032720071,152.7476,13423558.33333333,132824,26407,0.71844135051223,0.0673570636023926,1.1379069260696527e-05,0.04169083256310875,132824.00000000003,26406.999999999975,0.04169075349652168,0.0011371580111254561,0.00021691961310863834,0.00010759136333748745
0.7663630950557253,152.53715,13352391.666666662,132641,26267,0.7174515085624036,0.06699996173908608,1.1423957131275487e-05,0.041744195554914446,132641.00000000003,26266.999999999975,0.04174411607433734,0.0011438231924742182,0.00024048297399013383,0.00011631434917605001
0.7671128092719112,152.36005,13301558.33333333,132487,26167,0.7166185268122764,0.06674488897958145,1.1454300780547645e-05,0.04177532572750664,132487.00000000003,26166.99999999998,0.04177524597681993,0.0011433456900711992,0.0002160268196436603,9.346753296898155e-05
0.768782800493765,151.96445,13183116.666666662,132143,25934,0.714757840305499,0.06615056944993561,1.1527202090552693e-05,0.041853613054665784,132143.00000000003,25933.999999999975,0.04185353264603719,0.0011537496668268758,0.00022635453701282219,0.00010759083917508903
0.7692504576303949,151.86554999999998,13153124.999999996,132057,25875,0.7142926686788046,0.06600007652182786,1.1545967213114756e-05,0.04187403325572591,132056.99999999997,25874.999999999978,0.04187395267674693,0.0011538071886986981,0.00023517493957716314,0.00012325751976581894
0.7706506045016145,151.56885,13064674.999999996,131799,25701,0.7128971537987215,0.06555624992028977,1.1601425217236558e-05,0.041933455361292914,131799.0,25700.999999999978,0.041933374280234276,0.0011602032739345819,0.00022948134972138444,0.0001225028366772375
0.7722300214841831,151.19855,12953858.33333333,131477,25483,0.7111554646848195,0.06500019130456965,1.1672086115912701e-05,0.042009552439905055,131477.00000000003,25482.99999999998,0.04200947071702124,0.0011685408204403624,0.00022089912279042452,0.00010654520565105097
0.7723125803501146,151.17555,12945216.666666662,131457,25466,0.711047285236751,0.06495682893545385,1.167810117765507e-05,0.042017179444694436,131457.0,25465.999999999975,0.04201709766460834,0.0011673379658663466,0.0002275180396181798,0.00010274833084065961
0.7740404796691815,150.77075,12830841.666666662,131105,25241,0.7091433269507461,0.06438291522656839,1.1750651587548495e-05,0.04209102698727339,131105.0,25240.999999999975,0.042090944554728525,0.001174347562252368,0.00023235278456877072,0.00013021840267009462
0.7753352620776643,150.46370000000002,12754591.666666662,130838,25091,0.7076991313190324,0.06400030608731141,1.1796826110335433e-05,0.042130678902881184,130838.00000000004,25090.999999999975,0.04213059606851653,0.0011793140957772317,0.000229349112741948,0.00010709447142981706
0.7758203748878144,150.34985,12723583.33333333,130739,25030,0.7071636430510935,0.06384471170401358,1.1816627915354037e-05,0.04215006802579674,130739.00000000001,25029.999999999978,0.042149985014578235,0.0011810361078306605,0.000220868504216675,0.00010755409264735942
0.777662109820711,149.9301,12616324.999999996,130374,24819,0.7051893681238441,0.06330650818145878,1.1883817197163203e-05,0.042210684675238315,130374.00000000003,24818.999999999978,0.04221060107172857,0.001189304536815193,0.00024088445947325414,0.00010592542185785879
0.7786776439499282,149.6955,12555324.999999996,130170,24699,0.7040859377535459,0.0630004208700532,1.1922869380123578e-05,0.042246892114003946,130170.00000000004,24698.999999999975,0.04224680816323294,0.0011928536480587664,0.00024838471091129287,0.0001356051924423917
0.779404180071856,149.5207,12503983.33333333,130018,24598,0.7032637739482256,0.0627427973829535,1.1957845433255273e-05,0.04228410362857574,130018.00000000001,24597.999999999978,0.042284019357608206,0.0011950592165514138,0.00023386779668184605,0.00012084479660190359
0.7810106551410931,149.09635,12398249.999999996,129649,24390,0.7012678631313626,0.06221224604318383,1.2025596354324203e-05,0.04234350626723117,129649.00000000003,24389.999999999978,0.04234342139959568,0.0012029541354478136,0.00024422331268635745,0.0001261251375367385
0.7817471425328777,148.9181,12356058.33333333,129494,24307,0.7004294724088321,0.06200053565279497,1.2052233486002484e-05,0.042365029346052234,129494.00000000004,24306.999999999978,0.04236494424708381,0.0012052831193047997,0.00023013120561561612,0.00011707638387867039
0.7827873286219613,148.66510000000002,12295566.666666664,129274,24188,0.6992394984800792,0.061696999068984446,1.209095148115717e-05,0.04239696346486832,129274.00000000006,24187.999999999978,0.04239687802894088,0.0012095618293712024,0.0002489006598118721,0.00013386290037501155
0.7843563619552177,148.24650000000003,12187291.666666664,128910,23975,0.6972706325252332,0.061153694091239545,1.2164023316637896e-05,0.042464972419748025,128910.00000000004,23974.99999999998,0.04246488632929269,0.0012140093149622284,0.000247605218197342,0.00012239529124292257
0.7847672462660096,148.14415000000002,12156283.33333333,128821,23914,0.6967892339813286,0.060998099707941705,1.218663187898714e-05,0.04248974253952891,128821.00000000006,23913.999999999978,0.04248965623919959,0.0012197114083575082,0.00024621933792710795,0.00011997365051784625
0.7859712247143301,147.8394,12073933.33333333,128556,23752,0.6953558562944215,0.06058488183754417,1.224451021208223e-05,0.04254669250421365,128556.00000000004,23751.999999999975,0.04254660567735685,0.0012238110328163562,0.00024313468025044196,9.431208034270695e-05
0.7876353648841152,147.42195,11965149.999999996,128193,23538,0.693392399311979,0.06003902613220422,1.2320944576541042e-05,0.04261898257016004,128193.00000000003,23537.999999999975,0.0426188950521387,0.0012319561746928118,0.0002524647033745392,0.00011803734767469349
0.787708554947368,147.40815,11957016.666666664,128181,23522,0.6933274916431379,0.05999821449068349,1.2328171324786983e-05,0.04262948425526514,128181.00000000003,23521.999999999978,0.04262939666513553,0.00123254810140341,0.0002481632679310124,0.00012621649599151334
0.7893092161465025,146.99300000000002,11861449.999999996,127820,23334,0.6913748526055024,0.059518677702814736,1.2392498387633896e-05,0.04268032937423831,127820.00000000007,23333.999999999975,0.042680241222228306,0.0012372835796466302,0.00024532584224194786,0.00011940731278539457
0.7906739766455018,146.6549,11757749.999999996,127526,23130,0.689784614718896,0.05899832927342526,1.247304118560099e-05,0.04276952896362309,127526.00000000001,23129.999999999978,0.04276944005290181,0.0012473571644035673,0.00025054823504428293,0.00012653616714282867
0.7908902845706755,146.59740000000002,11743008.33333333,127476,23101,0.689514166098725,0.05892435817316891,1.248380277342334e-05,0.042779586588659914,127476.00000000004,23100.999999999978,0.042779497581237384,0.0012485397732941465,0.0002546720954923354,0.00011708842489665992
0.7925215589174804,146.16385000000002,11641341.666666664,127099,22901,0.6874749835026346,0.058414212654159615,1.2555584586828127e-05,0.04283891434445391,127099.00000000006,22900.99999999998,0.04283882470033837,0.0012556394875933808,0.0002484518724857696,0.00011855300955814493
0.7938453368442359,145.8108,11558483.33333333,126792,22738,0.6858144289747836,0.05799844405616703,1.261504609168735e-05,0.0428883429694574,126792.00000000003,22737.99999999998,0.04288825279691616,0.0012625494318937286,0.0002428706102858337,0.00012647445153728592
0.7941743274105993,145.72915,11540183.33333333,126721,22702,0.6854303919341407,0.05790661786274536,1.2627975292131411e-05,0.04289829956470667,126721.00000000003,22701.99999999998,0.04289820927832764,0.0012626814786264261,0.00024654358761613734,0.0001271555156704928
0.7956970129479032,145.27835000000002,11446141.666666664,126329,22517,0.683310074751999,0.05743473325766176,1.269234247057051e-05,0.04294091954953232,126329.00000000004,22516.99999999998,0.04294082871318256,0.0012660876757649125,0.00025590635802134177,0.00014048958312621755
0.7969974257820416,144.91840000000002,11359216.666666664,126016,22346,0.6816170663897276,0.056998558838908815,1.2757781126339409e-05,0.042998107265079764,126016.00000000006,22345.999999999985,0.04299801583923087,0.001273579270048791,0.0002563332158597783,0.0001260325347576613
0.7972593485891775,144.85515,11339899.999999996,125961,22308,0.6813195729075393,0.05690163119029704,1.2773935396255705e-05,0.043015931094362345,125961.00000000004,22307.99999999998,0.043015839514616815,0.001277253582690168,0.0002543772900029614,0.00012377630765074218
0.7989517338938618,144.417,11240774.999999996,125580,22113,0.6792587544218353,0.05640423930926298,1.2847601700060722e-05,0.0430744947122734,125580.0,22112.999999999978,0.04307440247871452,0.00128433116822864,0.0002548194777450494,0.00012767317686248394
0.8001742799379908,144.07085,11159949.999999998,125279,21954,0.6776306537284049,0.05599867362165059,1.2909632211613853e-05,0.043126577488998445,125279.00000000003,21953.999999999985,0.043126484697515684,0.0012900819650838449,0.0002574322956093342,0.0001286485817877114
0.8005147367908584,143.97885000000002,11141141.666666664,125199,21917,0.6771979359361312,0.05590429670063387,1.2923168406589095e-05,0.0431354022299205,125199.00000000004,21916.999999999985,0.04313530932230636,0.0012902259078371805,0.00025540800038771253,0.00011623277694216956
0.8021489585738277,143.53955000000002,11042016.666666664,124817,21722,0.6751317084780237,0.055406904819599805,1.2999396245552976e-05,0.04319638280410021,124817.00000000004,21721.99999999998,0.04319628921702775,0.0012995551271800703,0.00026569263250576867,0.00014764220777423702
0.803377901670911,143.18305,10960683.333333332,124507,21562,0.6734549270329626,0.054998788404392374,1.3063332426050081e-05,0.04324867373603207,124507.00000000004,21561.999999999985,0.04324857957483081,0.0013062228969066337,0.0002638374818657128,0.0001283629441766301
0.8036722055809563,143.0968,10944416.666666664,124432,21530,0.6730492541027059,0.05491716512135088,1.307486770270991e-05,0.04325473070868826,124432.00000000001,21529.999999999985,0.04325463645095174,0.0013053566315018874,0.0002602318391534873,0.00013919665279702283
0.8052146223346179,142.65290000000002,10847324.999999998,124046,21339,0.6709613907549847,0.054429976150697,1.3150975009967899e-05,0.04331310105498624,124046.00000000004,21338.999999999985,0.04331300612035359,0.001314264869014418,0.00027222025990266817,0.00013433992407371764
0.8065487923860374,142.30790000000002,10761416.666666664,123746,21170,0.6693386990339578,0.05399890318713414,1.3223900199013456e-05,0.04338047333917862,123746.00000000006,21169.999999999985,0.043380377730132196,0.0013207440613322526,0.00026291507242412953,0.00012820924563321646
0.8068199046662362,142.22165,10744641.666666664,123671,21137,0.6689330261037011,0.05391472917649761,1.323651866783211e-05,0.043388011307213474,123671.00000000003,21136.999999999985,0.043387915590224146,0.0013215340550871695,0.0002701444695652512,0.00013077403685843786
0.8084309281496026,141.80075000000002,10637383.333333332,123305,20926,0.6669533422040484,0.05337652565394281,1.3330416471469334e-05,0.04347715553559944,123305.00000000006,20925.99999999999,0.04347705894146305,0.0013326199720167325,0.00026855785756357153,0.00012675966165709714
0.8096067883569716,141.473,10562149.999999998,123020,20778,0.665411785069073,0.052999017969875925,1.3394337327154039e-05,0.043530875073727424,123020.00000000004,20777.999999999985,0.04353077789576565,0.0013388101454920003,0.0002699299031640069,0.00013973856875656976
0.8099973834820257,141.36260000000001,10537749.999999998,122924,20730,0.6648925237183443,0.052876583045313695,1.3414875091931394e-05,0.043547234374534755,122924.00000000003,20729.999999999985,0.043547137012029544,0.0013416864581845657,0.00027077719189136547,0.00013845403422670208
0.8115068977637947,140.91985,10440149.999999998,122539,20538,0.6628100693430264,0.05238684334706477,1.3497875988371818e-05,0.043613285356642856,122539.0,20537.999999999985,0.04361318724272143,0.0013500316626644494,0.0002746105742715876,0.000124369972074005
0.8127927208430579,140.55644999999998,10362883.33333333,122223,20386,0.6611008340635448,0.051999132752617694,1.356345000506616e-05,0.04366268867654145,122222.99999999999,20385.99999999998,0.04366258997465078,0.001356324497442567,0.000272499926306928,0.00014344122064001744
0.8130725159518365,140.4702,10345599.999999996,122148,20352,0.6606951611332882,0.05191240801438611,1.3577772193009594e-05,0.043672329632233914,122148.00000000001,20351.999999999978,0.04367223080359377,0.001358694277842308,0.0002702252006955073,0.00014113186867242692
0.8145260032251499,140.02859999999998,10247491.666666664,121764,20159,0.6586181157303738,0.05142011758854215,1.3664670785289735e-05,0.04374293908192523,121763.99999999999,20158.999999999985,0.04374283946008941,0.0013652432086199296,0.0002623618943277791,0.00013410419049555132
0.8156927156946601,139.66635,10163616.666666664,121449,19994,0.6569142894232955,0.050999247535359477,1.3741796309384622e-05,0.04380943429188764,121449.0,19993.999999999985,0.043809333955600986,0.001373653214305385,0.00027215079073326275,0.00014842166543180298
0.8159336931203406,139.5824,10151416.666666664,121376,19970,0.6565194344378458,0.05093803007307836,1.3750041455626066e-05,0.043809402945894846,121376.00000000003,19969.999999999985,0.04380930254915577,0.0013738538186668253,0.0002726371072064405,0.0001228214559785621
0.8174178658282484,139.1385,10054324.999999998,120990,19779,0.6544315710901245,0.05045084110242448,1.38386714175243e-05,0.04388042824571343,120990.00000000001,19778.99999999999,0.043880327038324105,0.0013822692898329504,0.0002793864746853417,0.00015129231612845677
0.8188066448617444,138.7337,9964349.999999998,120638,19602,0.6525276128041197,0.04999936231810125,1.3923005514659764e-05,0.04394985859100292,120638.00000000003,19601.999999999985,0.04394975660546853,0.0013923676979287897,0.00026920580764332023,0.00014344649143063328
0.8189197204615491,138.7038,9953674.999999998,120612,19581,0.6523869795216307,0.04994579703860528,1.3934933579808465e-05,0.043963942501407186,120612.00000000001,19580.99999999999,0.043963840396158194,0.0013910641542381151,0.00027029212554589935,0.00013512571048329377
0.8203049905293905,138.25185,9860141.666666664,120219,19397,0.6502612533670855,0.04947646316111672,1.4021284345982185e-05,0.044028042202760694,120218.99999999999,19396.999999999985,0.044027939315156486,0.0014012605453188295,0.0002772925862476764,0.00012653564599092383
0.8217485662885669,137.85165,9765083.333333332,119871,19210,0.6483789309706944,0.048999477100843035,1.4116791971394682e-05,0.044113751438338476,119871.00000000004,19209.99999999999,0.04411364764810304,0.0014120025731107534,0.0002784334025391185,0.0001352687966540748
0.8218643046298393,137.82405,9755933.333333332,119847,19192,0.6482491156330122,0.0489535640041322,1.412720293291604e-05,0.04412559714481343,119847.00000000003,19191.99999999999,0.04412549325036786,0.0014121523949706762,0.0002824350827455839,0.000147927457865533
0.8231920240817407,137.34335,9675108.333333332,119429,19033,0.6459881651683815,0.048547998316519805,1.4195536139560884e-05,0.044154982600532855,119428.99999999999,19032.99999999999,0.04415487813380806,0.0014196358414837764,0.0002823696437003236,0.00014137900922259035
0.8245804644808559,136.90404999999998,9575983.333333332,119047,18838,0.643921937710274,0.04805060643548574,1.4296604874347107e-05,0.044240966406124765,119046.99999999999,18837.99999999999,0.04424086099071307,0.001429915922298234,0.00028381932175422216,0.00014469252682060922
0.8247580163054724,136.8569,9565816.666666664,119006,18818,0.6437001698417337,0.047999591883584804,1.4306870471069733e-05,0.044249225319457776,119006.00000000001,18817.999999999985,0.0442491198087399,0.0014293470045987917,0.0002823368555399744,0.0001314703572477318
0.8260636092030085,136.44635,9484991.666666664,118649,18659,0.6417691666937118,0.04759402619597241,1.4385500250834875e-05,0.04430405175771741,118649.0,18658.99999999998,0.0443039455362403,0.0014374653742565203,0.00028119249600980646,0.00013522080416344799
0.8274714840757047,135.98175,9397049.999999998,118245,18486,0.639583941842729,0.047152750322029376,1.4470684948999956e-05,0.04435931765777822,118245.0,18485.999999999985,0.044359210673420774,0.0014468885603001512,0.000288322738949718,0.00014576631557607382
0.8278885978203212,135.84145,9366549.999999998,118123,18426,0.6389240472095115,0.046999706666326586,1.450282654766163e-05,0.044385639426878266,118123.00000000001,18425.99999999999,0.04438553214140274,0.0014485971679272325,0.00028560247595776407,0.00015221426747523875
0.8288389231140274,135.53785,9299958.33333333,117859,18295,0.6374960784950078,0.046665561351375485,1.4574027661414258e-05,0.044444711440942176,117859.0,18294.999999999978,0.04444460348508601,0.0014579561839081197,0.000291262530952724,0.00015571072146361147
0.8302400571371862,135.0813,9208458.33333333,117462,18115,0.6353487164508489,0.04620643038426712,1.4669263313167699e-05,0.044514527498166256,117462.00000000001,18114.99999999998,0.044514418666057695,0.001466765867352102,0.00029372724586758603,0.00014160522974583057
0.830779834753404,134.88235,9167283.33333333,117289,18034,0.6344129642250568,0.045999821449068355,1.4713448368018883e-05,0.0445486755412779,117289.00000000001,18033.99999999998,0.04454856629734483,0.0014691007508542287,0.00029328923079444716,0.0001445141701725487
0.8316023332803479,134.6351,9112383.333333332,117074,17926,0.6332500351583208,0.04572434286880334,1.4774960081793458e-05,0.04460076488254736,117074.00000000001,17925.999999999993,0.044600655053707416,0.0014749649024182363,0.0002938827343211016,0.00014982826523652165
0.8329109744776378,134.16819999999998,9025458.333333332,116668,17755,0.6310539923625311,0.045288168450050396,1.4865527604784615e-05,0.04465961353151483,116667.99999999999,17754.999999999993,0.04465950288416792,0.0014850586852842168,0.0002963376538702776,0.00015602545893270877
0.8338276919757333,133.84045,8968016.666666664,116383,17642,0.6295124352275557,0.04499993623181013,1.4924197286282181e-05,0.0446929667921563,116383.00000000001,17641.99999999998,0.04469285562509012,0.0014913833879199756,0.00029702727587841966,0.00014067610718659958
0.8342920355556861,133.7013,8938533.333333332,116262,17584,0.6288579495667416,0.04485199403129744,1.4957856620772985e-05,0.04472007239943777,116262.00000000001,17583.999999999993,0.0447199609144068,0.001494470970367059,0.0003015978301699166,0.00015671542154516299
0.8356724177627172,133.2528,8843474.999999998,115872,17397,0.6267484503294067,0.04437500797102375,1.5067922960148589e-05,0.04480896031625916,115872.00000000001,17396.999999999985,0.044808847788051415,0.0015064870970269643,0.0002966284478115129,0.00015121970478811515
0.8368345157206547,132.88595,8768749.999999998,115553,17250,0.6250229881327148,0.044000051014551914,1.5154491803278692e-05,0.04487559514976824,115553.00000000001,17249.99999999999,0.044875481805493764,0.0015151547297637669,0.0003055666541268935,0.00015435547960637494
0.8371159832306421,132.7928,8754008.33333333,115472,17221,0.6245848613680376,0.043926079914295556,1.5169370983387615e-05,0.0448818810559762,115471.99999999999,17220.99999999998,0.04488176758517918,0.0015150285268218007,0.00030641408224941244,0.00015330875151811594
0.8385054209499385,132.33165,8664541.666666664,115071,17045,0.622415863434265,0.043477151857567384,1.5272781306955076e-05,0.04495633826768503,115071.00000000001,17044.999999999985,0.04495622383356801,0.0015274388032403157,0.0003050654963449405,0.00015891840819034147
0.8398232159768434,131.8429,8587274.999999998,114646,16893,0.6201170501628103,0.043089441263120316,1.535328727681366e-05,0.04499135382613214,114645.99999999999,16892.999999999985,0.044991238699644935,0.0015345299712632673,0.00031035087624498215,0.00015360196164991102
0.840168530167742,131.7233,8569483.33333333,114542,16858,0.6195545170328544,0.04300016579729368,1.5371206743308138e-05,0.0449971785472245,114542.00000000001,16857.999999999978,0.044997063271505086,0.0015361034697015461,0.000311429947442649,0.0001613881125868641
0.8411988129267883,131.37485,8500858.333333332,114239,16723,0.6179155983946173,0.04265581757196242,1.5454304124191384e-05,0.04505892681999899,114239.00000000001,16722.999999999985,0.04505881076129125,0.001545270120629934,0.0003113256697441149,0.00015995689529269203
0.8425114191414529,130.89645,8419016.666666664,113823,16562,0.6156654658747933,0.042245150429159925,1.5547712420888428e-05,0.045112529983533406,113823.0,16561.99999999998,0.04511241308461409,0.001554833078132037,0.00031416174064105633,0.00015846201577092949
0.8431774846649835,130.6653,8370216.666666664,113622,16466,0.6145782624217053,0.042000280580035465,1.561074285213645e-05,0.04516395020364433,113622.00000000003,16465.999999999985,0.04516383269749519,0.0015611126935543356,0.0003093410768181057,0.00015938705111333525
0.8437318091182059,130.4399,8327516.666666664,113426,16382,0.6135181038306344,0.04178601946205156,1.5663721277451664e-05,0.04520148489882459,113426.00000000001,16381.999999999984,0.04520136689555063,0.001565867431010265,0.00031021397375783906,0.000151924766286538
0.8450480036329062,129.95575,8248216.666666664,113005,16226,0.6112409264487935,0.04138810595722431,1.5755617881036914e-05,0.0452496755617492,113005.00000000001,16225.999999999985,0.04524955673940009,0.0015749253760439352,0.0003098625720343368,0.00014845728899025483
0.8462962929631495,129.46125,8173491.666666664,112575,16079,0.6089150683153217,0.04101314900075247,1.583916094610729e-05,0.04528308265825365,112575.00000000001,16078.999999999985,0.045282963118179136,0.001582456631739148,0.00031456799793650657,0.00015402149248514138
0.8463345182708208,129.44514999999998,8170949.999999998,112561,16074,0.6088393427016737,0.04100039536277724,1.5842117501636898e-05,0.045284492669312455,112560.99999999997,16073.999999999987,0.045284373103006655,0.0015838251400065225,0.0003171918458388657,0.00016080321656001544
0.8475737360288291,129.0162,8076908.333333331,112188,15889,0.606821795995197,0.04052851075769364,1.597346344362375e-05,0.04539642666923522,112188.00000000001,15888.999999999985,0.04539630581357565,0.0015961302714124865,0.00031864915991256735,0.000155582945711361
0.8488760852473488,128.5263,8000149.999999998,111762,15738,0.604517573751339,0.040143350890841624,1.60654862721324e-05,0.0454404831428757,111762.0,15737.999999999987,0.04544036147309364,0.0016055179305446336,0.0003207818186961169,0.0001529007237659471
0.8493345258321616,128.35954999999998,7971683.333333332,111617,15682,0.6037332727528426,0.04000051014551902,1.6101937901028852e-05,0.04546248456809205,111617.0,15681.999999999989,0.04546236256369769,0.0016098883111991618,0.000325036514374206,0.00015719670796246075
0.8501487984410282,128.0502,7917291.666666665,111348,15575,0.6022782591763218,0.03972758229284905,1.6173485251164384e-05,0.04550843900979959,111348.00000000001,15574.999999999989,0.045508316338876545,0.0016157814208118142,0.00032115482048863215,0.00017007629982976233
0.8514660362379599,127.57294999999999,7834941.666666664,110933,15413,0.6000335356289014,0.03931436442245151,1.6282565388170307e-05,0.045576473098922224,110932.99999999999,15412.999999999985,0.045576349416437206,0.0016270477563066715,0.000321127694935514,0.00014836244298768844
0.8523247728818024,127.20264999999999,7772416.666666664,110611,15290,0.5982918465149992,0.03900062492826079,1.636590721461579e-05,0.04562660153192705,110611.0,15289.999999999985,0.045626477079511785,0.0016347387031805899,0.00032963662269646016,0.000163783687412207
0.8525803998907209,127.098,7751574.999999998,110520,15249,0.5977996300262878,0.03889604509686389,1.6396409761887104e-05,0.04565031092902136,110520.00000000001,15248.999999999987,0.04565018617978255,0.001638199543970273,0.00033227763120366926,0.00016754037977328534
0.853681793171348,126.59545,7680916.666666664,110083,15110,0.5954359090859921,0.038541493961152425,1.648181532152196e-05,0.045678472253841494,110083.0,15109.999999999987,0.04567834677718688,0.0016473825437971165,0.0003238685780474227,0.00016463930551435853
0.8548529701602158,126.13544999999999,7590941.666666664,109683,14933,0.5932723201246229,0.038090015176829195,1.661657479913011e-05,0.0457814278910885,109683.0,14932.999999999985,0.04578130110368388,0.0016602662591392338,0.0003304718224352195,0.00015786019474032902
0.8551033277699153,126.03654999999999,7572641.666666664,109597,14897,0.5928071484979286,0.037998188983407524,1.6643670141529216e-05,0.0458007725259777,109597.0,14896.999999999985,0.04580064547809641,0.0016635704250781804,0.00033396546035540525,0.0001622922100119357
0.8560473834052716,125.6766,7500458.333333332,109284,14755,0.5911141401356572,0.03763598566491093,1.6755856031020328e-05,0.045889203698344226,109283.99999999999,14754.99999999999,0.04588907554677082,0.0016742051156359698,0.0003337501891741453,0.00016948022384372034
0.8572316771291388,125.19935,7418108.333333332,108869,14593,0.5888694165882368,0.037222767794513396,1.6877530547432916e-05,0.04596798727531744,108869.0,14592.999999999993,0.04596785797181684,0.0016856477125513731,0.000340081944951245,0.00017067998458586447
0.8580292540028117,124.89574999999999,7373374.999999998,108605,14505,0.5874414478737331,0.0369983037661493,1.6938749215928937e-05,0.04599541050349868,108605.0,14504.999999999987,0.04599528065374039,0.0016929375798483692,0.00033639033337756963,0.0001697427415948612
0.8584752627955105,124.6968,7346941.666666665,108432,14453,0.586505695647941,0.03686566593120689,1.6972613320962352e-05,0.04600467985717734,108431.99999999999,14452.99999999999,0.04600454972120772,0.001696222973767375,0.00033593942799679794,0.0001705867566165647
0.859644777679305,124.21724999999999,7265608.333333332,108015,14293,0.5842501541557137,0.03645754951599945,1.709660695995862e-05,0.046083549135205716,108014.99999999999,14292.999999999989,0.04608341782357645,0.001708546003575162,0.0003396066258323089,0.0001673912293131706
0.8607894082935369,123.72274999999999,7190883.333333332,107585,14146,0.5819242960222418,0.036082592559527615,1.7205500946800696e-05,0.04613796584447331,107585.0,14145.99999999999,0.04613783354093698,0.0017194604659593559,0.0003405329316378822,0.00017305194616431792
0.8610771568850542,123.58475,7174108.333333332,107465,14113,0.5812752193338312,0.03599841854889108,1.722649620800727e-05,0.04614035356650972,107465.00000000001,14112.99999999999,0.04614022109493991,0.0017211661853359349,0.00034197691682452447,0.0001689631470728168
0.8619021312357926,123.22019999999999,7119716.666666665,107148,14006,0.5795605750819461,0.03572549069622111,1.7306896575940524e-05,0.04617964115783822,107148.0,14005.999999999989,0.04617950795456112,0.001729956699732902,0.0003442753424707041,0.00017329243354385746
0.8631242172449672,122.751,7033808.333333332,106740,13837,0.5773537143413496,0.035294417732658255,1.7451570213859968e-05,0.046283881593072174,106740.00000000003,13836.999999999993,0.04628374697319773,0.0017435651703137,0.00034775809842832787,0.00016557516429158188
0.8640877409828602,122.3324,6974841.666666666,106376,13721,0.5753848483865038,0.034998533331632865,1.7539093480019264e-05,0.046320615272631135,106376.00000000001,13720.999999999995,0.046320479870047296,0.0017532821890891782,0.00035126084656489826,0.00018251042317020354
0.8642979402455684,122.24844999999999,6962641.666666666,106303,13697,0.5749899934010538,0.03493731586935175,1.7557768423622738e-05,0.046329364071254237,106303.0,13696.999999999993,0.0463292284985413,0.0017544950610132203,0.0003531237250333771,0.00018150666257034403
0.8653676033560688,121.74015,6894016.666666666,105861,13562,0.572599227598741,0.03459296764402047,1.7658812835284706e-05,0.04636579044284143,105861.0,13561.999999999993,0.046365653983524435,0.0017644730058653216,0.00035362552609307247,0.00018366282487089906
0.8665197361310529,121.25829999999999,6813699.999999998,105442,13404,0.5703328681617068,0.03418995268400312,1.779624873416793e-05,0.04645366366479994,105441.99999999999,13403.99999999999,0.046453525882177535,0.0017788016781950552,0.000357096467489378,0.00017826318027751043
0.8670764643420936,120.9823,6775574.999999998,105202,13329,0.5690347147848853,0.033998648114374634,1.7855650627437527e-05,0.046478141969143245,105201.99999999999,13328.999999999989,0.04647800365406522,0.0017846048435932274,0.00035901249464877834,0.000183298365935206
0.8675976716382416,120.7569,6742533.333333332,105006,13264,0.5679745561938145,0.03383285082069661,1.7909722359548345e-05,0.046505080926708894,105006.00000000001,13263.99999999999,0.046504942112478125,0.0017892757061501942,0.00035462638681110195,0.00018173603349274335
0.8686954077636347,120.25319999999999,6671874.999999998,104568,13125,0.5656054262811153,0.03347829968498515,1.8023898829039816e-05,0.04655568183012994,104568.0,13124.99999999999,0.046555541978777946,0.0018009188163979424,0.000360437045676772,0.00018267361638330494
0.8697910664624617,119.7656,6594099.999999998,104144,12972,0.5633120219820641,0.03308803836294304,1.8162539239623304e-05,0.046639547698889935,104144.00000000003,12971.99999999999,0.046639406517425167,0.0018148780195372518,0.00036077470597549444,0.0001809716579368157
0.8700675258652165,119.6138,6576308.333333332,104012,12937,0.5625980376248122,0.03299876289711641,1.8188593651199955e-05,0.04664340042573978,104012.0,12936.999999999993,0.046643259030683705,0.0018176448456316034,0.0003601810130660305,0.0001733561155717513
0.8708075289115358,119.2734,6518358.333333332,103716,12823,0.5609969817933991,0.032707979951281115,1.8298073517999807e-05,0.04671695026370833,103716.0,12822.999999999993,0.04671680779333089,0.0018291938321613763,0.00036703682978903306,0.00018408756579397757
0.8718375392337778,118.77544999999999,6445158.333333332,103283,12679,0.558654896742717,0.03234067517759442,1.842863182828454e-05,0.0467853506804087,103282.99999999999,12678.999999999993,0.04678520698293759,0.0018415538475333505,0.0003655274588832059,0.00018524300886121209
0.8729053575712283,118.2591,6380091.666666666,102834,12551,0.5562262681335802,0.03201418204542847,1.853564277420257e-05,0.046818889696346906,102834.0,12550.999999999996,0.04681874506116635,0.0018518260430478394,0.0003761528043249424,0.0001916951318954744
0.8729278353276141,118.2476,6377041.666666666,102824,12545,0.556172178409546,0.03199887767985819,1.8542704624009307e-05,0.046825530635519794,102824.00000000001,12544.999999999996,0.046825385924931386,0.0018530375420128297,0.00037080258461064764,0.00018078214338458246
0.8739510779254559,117.7439,6314516.666666666,102386,12422,0.5538030484968468,0.031685138185667476,1.8646541962831676e-05,0.04685633972278945,102386.0,12421.999999999995,0.046856194105699175,0.0018627692459907853,0.0003716199554677142,0.0001863758894750531
0.8750448700874911,117.2218,6251991.666666665,101932,12299,0.5513473750256929,0.03137139869147675,1.8749513155141233e-05,0.046881250849026355,101932.00000000001,12298.999999999987,0.04688110435015355,0.0018730951838139625,0.0003759277238975086,0.0001838522009469603
0.8761057185352988,116.71005,6184891.666666665,101487,12167,0.5489403823061697,0.031034702648930615,1.8870185007282535e-05,0.04692909796394125,101486.99999999999,12166.999999999989,0.04692895037165353,0.001885334839957282,0.000379912169271452,0.00018893852471527358
0.8762447535896372,116.6514,6177774.999999998,101436,12153,0.5486645247135951,0.03099899246259996,1.8882429353610326e-05,0.046932524111747274,101436.0,12152.999999999989,0.04693237641282732,0.0018865811560455999,0.0003777142263500236,0.00017887993743691792
0.8771645373104324,116.2075,6113724.999999998,101050,12027,0.5465766613658739,0.030677600785624107,1.9007642640125298e-05,0.046998198179317045,101050.00000000001,12026.999999999987,0.04699804929317277,0.001899346093201693,0.0003810374735406437,0.00018364273539108833
0.8782399428982077,115.68655,6050691.666666665,100597,11903,0.5441263968671234,0.030361310563838343,1.9119557956872705e-05,0.04703058257725128,100597.0,11902.999999999989,0.047030432710994816,0.0019106562777045143,0.00038259162636311935,0.00019094978612303805
0.8792825347381015,115.1909,5978508.333333332,100166,11761,0.5417951297612482,0.029999107245341744,1.926749844233721e-05,0.04711093807515852,100166.0,11760.999999999989,0.04711078679107184,0.0019253202049053506,0.0003867672423544351,0.0001858780957607721
0.8792898130344973,115.18745,5977999.999999998,100163,11760,0.5417789028440378,0.029996556517746693,1.926855971896956e-05,0.04711153000275857,100163.0,11759.999999999987,0.04711137870858498,0.0019253156150065044,0.0003854809099574595,0.0001903946080326192
0.8803078056881286,114.6435,5925133.333333332,99690,11656,0.5392204588972189,0.029731280847861863,1.9348678510750818e-05,0.04709777303490327,99690.0,11655.99999999999,0.0470976211564179,0.0019336024848191542,0.0003861577572364559,0.00019340323058861334
0.8813360024480188,114.1053,5870233.333333332,99222,11548,0.536689059812417,0.02945580226759684,1.9437949655607106e-05,0.047095361521469876,99222.00000000001,11547.99999999999,0.04709520894966141,0.0019422177614342772,0.00038820351831125703,0.00018933336090711745
0.8823810628056357,113.5809,5808724.999999998,98766,11427,0.5342225683964562,0.02914716422859621,1.955349926188622e-05,0.04712646861705609,98766.00000000001,11426.999999999989,0.04712631503738429,0.001953385776388117,0.00039045842630956355,0.00019498983128697164
0.8829210346642105,113.29225,5779241.666666665,98515,11369,0.5328649163231971,0.028999222028083516,1.9603307238983206e-05,0.04712645525122481,98515.00000000001,11368.99999999999,0.04712630128015104,0.0019583771203740075,0.00039349353352076204,0.0001964958974260758
0.8833765477157923,113.05075,5749758.333333332,98305,11311,0.5317290321184783,0.02885127982757082,1.9661826366615412e-05,0.04714641255828111,98304.99999999999,11310.99999999999,0.047146258062322866,0.0019651497900338597,0.0003955110752264603,0.00019553030811805258
0.8844002072077237,112.5321,5685708.333333332,97854,11185,0.5292895855645346,0.028529888150594967,1.979209860981848e-05,0.04719371165706247,97854.0,11184.999999999993,0.04719355598121917,0.0019776246325680304,0.00039661312737792606,0.00019698210164353276
0.8853606144809111,112.01575,5620641.666666665,97405,11057,0.5268609569553978,0.028203395018429014,1.9929352668808577e-05,0.04724829506142094,97405.00000000001,11056.999999999989,0.04724813812463023,0.001991065265046023,0.0003969671801663523,0.0002078808766542156
0.8859781680856436,111.711,5579974.999999999,97140,10977,0.5254275792684908,0.027999336810825295,2.0019982168378893e-05,0.04729114323012053,97140.0,10976.999999999993,0.047290985436911015,0.002000169349706915,0.00040045739862002566,0.00019954716958787058
0.8863821953113213,111.4994,5555574.999999999,96956,10929,0.524432328346261,0.027876901886263065,2.006982175562386e-05,0.047305106319075176,96956.0,10928.999999999993,0.047304948086497996,0.002005497619098995,0.0004016385771380818,0.00020481731428049203
0.887370762763385,110.9842,5489999.999999999,96508,10800,0.5220091087095275,0.02754785802650207,2.021570127504554e-05,0.04736690229949505,96508.00000000003,10799.999999999993,0.04736674270790408,0.002019546395070163,0.0004032107967568303,0.00020545434577554864
0.8883547530476642,110.45635,5430016.666666666,96049,10682,0.5195263903763565,0.027246872170286585,2.034180680845056e-05,0.04740128408035586,96049.00000000001,10681.999999999995,0.047401123376847785,0.0020321350280388356,0.000406002922082712,0.00020331065856913288
0.8890986023311845,110.01705,5380708.333333332,95667,10585,0.517460162918249,0.02699945159356707,2.044657379372295e-05,0.04742859613558794,95667.00000000001,10584.999999999993,0.04742843451160455,0.0020428891858084385,0.00040839013486288633,0.00020330033063277778
0.8892763116426171,109.91929999999999,5374099.999999999,95582,10572,0.517000400263958,0.026966292134831468,2.0453527102212466e-05,0.047415581633111104,95582.00000000001,10571.999999999993,0.0474154199986852,0.0020435240309015054,0.00040944620236724465,0.00020373057780236114
0.8902355491828432,109.38685,5316149.999999999,95119,10458,0.5144960460411733,0.02667550918899617,2.057632873414031e-05,0.047442383843901606,95119.0,10457.999999999993,0.047442221147053494,0.0020558495962308128,0.00041274455324106894,0.00020577752345675562
0.8911284912216528,108.8659,5253116.666666666,94666,10334,0.5120457815424228,0.026359218967210406,2.0724059050658816e-05,0.047498877252026894,94666.00000000001,10333.999999999995,0.047498713191641694,0.002069931237378842,0.0004171589547868928,0.0002102428826046106
0.8919872625302012,108.33575,5194149.999999999,94205,10218,0.5095522452644449,0.026063334566185013,2.0857262497232467e-05,0.04753511518429878,94205.00000000003,10217.999999999995,0.04753494994330193,0.0020834855138957267,0.00041443452891736524,0.00020194765758812776
0.892201795575248,108.2219,5181441.666666665,94106,10193,0.5090167569965061,0.025999566376308847,2.0886445696419763e-05,0.04754335744889469,94106.00000000001,10192.99999999999,0.04754319194843236,0.0020865142683994956,0.00041841367360842205,0.00021006053895484498
0.8929722573275448,107.801,5137216.666666665,93740,10106,0.5070370730968533,0.0257776530755398,2.09843203031473e-05,0.04756186195892232,93740.00000000001,10105.999999999989,0.04756169561813953,0.0020958191635216776,0.0004189302637176604,0.00020994071413702088
0.8939147653189173,107.25935,5083841.666666665,93269,10001,0.5044894470948411,0.02550982667805992,2.1098090190980908e-05,0.047570657343849986,93269.00000000001,10000.99999999999,0.04757049007024469,0.002107457261777856,0.00042008331218591153,0.0002072043924450385
0.8948588772972275,106.72345,5027416.666666665,92803,9890,0.5019688659548461,0.025226695915009763,2.122828821959589e-05,0.04759785873744355,92803.0,9889.999999999989,0.04759769033555232,0.0021205384544750795,0.0004250376210078328,0.00021404052651352102
0.8955385264657253,106.2968,4982174.999999999,92432,9801,0.4999621371931763,0.024999681159050626,2.1335420775063106e-05,0.04762233672388125,92432.00000000003,9800.999999999993,0.04762216738468777,0.002131333038620669,0.0004282401035165994,0.00021093367316115164
0.8957345380483067,106.18525,4972008.333333332,92335,9781,0.4994374668700442,0.024948666607149696,2.1356611429653683e-05,0.04762097357058793,92335.00000000001,9780.999999999993,0.04762080406820072,0.002133667802247515,0.00042567639237057087,0.00021308077928271086
0.8966552407755392,105.64015,4919649.999999999,91861,9678,0.49687361395082186,0.02468594166485991,2.1473102761375306e-05,0.047627951842138895,91861.00000000003,9677.999999999995,0.047627781390263454,0.0021452283186567896,0.00043031578025897686,0.00021464688197072486
0.8975044197292106,105.1077,4861699.999999999,91398,9564,0.494369259728037,0.02439515871902461,2.161953637616472e-05,0.04766948440632653,91398.00000000001,9563.999999999995,0.04766931264220114,0.0021599946173411614,0.0004336829618160512,0.0002152854256027248
0.8984179399662451,104.57755,4802733.333333332,90937,9448,0.49187572345005914,0.024099274317999214,2.1774590163934434e-05,0.04771931780315349,90937.00000000001,9447.999999999993,0.04771914462672614,0.0021751569239945485,0.0004350219151535313,0.0002174028609940706
0.8986838152587328,104.4131,4782908.333333332,90794,9409,0.4911022403963697,0.023999795941792402,2.1830462288461176e-05,0.04774291823895273,90794.00000000001,9408.999999999993,0.047742744531920005,0.0021805984055220866,0.00043836635693613894,0.0002208186178725911
0.8992958088156774,104.0497,4742749.999999999,90478,9330,0.4893930051168881,0.02379828846178373,2.1938685361868118e-05,0.04777775246175535,90478.00000000001,9329.999999999995,0.047777577766298734,0.0021915936063053674,0.00043990935197990165,0.00021753140107482792
0.9001897553323044,103.5115,4687341.666666665,90010,9221,0.4868616060320862,0.02352025915392366,2.208319925473039e-05,0.047810721388157534,90010.00000000001,9220.99999999999,0.04781054542096586,0.0022059687871637174,0.00044194726975209836,0.00021848726277032466
0.9010453951745676,102.96755,4634474.999999999,89537,9117,0.48430316208526725,0.02325498348403883,2.2217737715706747e-05,0.04782996988425688,89537.00000000003,9116.999999999993,0.04782979277405323,0.0022197620061850847,0.00044528646706339326,0.00022500573755804574
0.901807357318953,102.5409,4583641.666666665,89166,9017,0.48229643332359734,0.022999910724534178,2.2371055038115622e-05,0.04789517843747855,89166.0,9016.99999999999,0.04789499986152145,0.002234939425106307,0.00044748137758188314,0.0002244750539635373
0.901952480201207,102.44315,4572966.666666666,89081,8996,0.48183667066930647,0.022946345445038204,2.2401901755971694e-05,0.04790533771796491,89081.00000000001,8995.999999999993,0.04790515885778749,0.0022374822356433337,0.0004480249586952731,0.0002230593033184285
0.9028030476701503,101.9015,4519083.333333332,88610,8890,0.4792890446672943,0.022675968319963276,2.254915266739199e-05,0.0479352947267068,88610.00000000001,8889.999999999993,0.047935114578216115,0.002251922630208111,0.00045127982873524586,0.00022606167874117535
0.90358830358137,101.35525,4467233.333333332,88135,8788,0.47671978277566845,0.022415794105268533,2.268859547669326e-05,0.04795423095712322,88135.00000000003,8787.999999999993,0.04795404962308651,0.0022662830111130476,0.0004566375241010139,0.00022905082665644825
0.9044614271900241,100.79865,4419958.333333332,87651,8695,0.4741018401324118,0.02217857643892921,2.280533941684971e-05,0.04794525446809349,87651.0,8694.99999999999,0.04794507223514268,0.0022777517839614146,0.00045623732970932773,0.00022729472991738737
0.9050223763494223,100.4479,4384374.999999999,87346,8625,0.4724521035493679,0.022000025507275957,2.2910426229508203e-05,0.0479719105608586,87346.00000000003,8624.999999999995,0.04797172738642562,0.002288502226421651,0.0004579886223865717,0.00022686090166803918
0.9053430115590244,100.26505,4363024.999999999,87187,8583,0.47159207693722366,0.021892894948284003,2.2980626973258237e-05,0.04800160114522312,87187.00000000001,8582.999999999993,0.04800141729551215,0.0022954904732633047,0.0004595946389328825,0.0002284144583517264
0.9061337616089189,99.71995,4310666.666666666,86713,8480,0.4690282240180012,0.021630170005994216,2.313330111351686e-05,0.04802969529754322,86713.00000000001,8479.999999999995,0.048029510118237466,0.002310593568828637,0.0004632711040331189,0.00022673978702694836
0.9069896604717613,99.16565,4262374.999999999,86231,8385,0.46642109931955145,0.0213878508844648,2.326535089005543e-05,0.04803252693217821,86231.00000000001,8384.999999999993,0.04803234068488454,0.0023235284438662736,0.0004648900725565375,0.00023250173429656312
0.9078372349268623,98.6148,4212558.333333332,85752,8287,0.46383020153831195,0.021137879580150242,2.340971737285538e-05,0.04804731622869958,85752.00000000001,8286.999999999993,0.0480471287680263,0.0023381941493242804,0.00046732089731293675,0.00023385941080722355
0.9082804618728809,98.32155,4185108.333333332,85497,8233,0.4624509135754391,0.021000140290017733,2.349319113603193e-05,0.048061283450828905,85497.00000000003,8232.999999999993,0.04806109526722435,0.00234661153532088,0.0004689174663988335,0.00023469965991098756
0.9086647798790018,98.0697,4160199.999999999,85278,8184,0.4612663486190895,0.020875154637860455,2.3573313782991208e-05,0.048081470554713825,85278.0,8183.999999999994,0.04808128165000526,0.002354097179225713,0.0004714482355499202,0.00023771228987330418
0.9094546110285204,97.5223,4108858.333333332,84802,8083,0.45869167775506026,0.02061753115076076,2.373464648533758e-05,0.04811088561788317,84802.00000000001,8082.999999999993,0.04811069530370191,0.002370208536232024,0.0004740887344042275,0.0002364361723129973
0.9102417938690395,96.9703,4059549.999999999,84322,7986,0.4560953710014173,0.020370110574041252,2.3886957914054516e-05,0.04812821911325247,84321.99999999999,7985.999999999994,0.048128027509119264,0.002385999553876345,0.00047650949146920487,0.00023807580958631297
0.9110155926975737,96.4252,4007191.666666666,83848,7883,0.45353151808219494,0.020107385631751466,2.40630366653288e-05,0.04816931723682268,83848.00000000003,7882.9999999999945,0.04816912405568706,0.002403157839969186,0.0004807968054546879,0.00023973809473422974
0.911428824129696,96.14805,3985841.6666666656,83607,7841,0.45222795573297003,0.020000255072759508,2.412239572988558e-05,0.048159332540607586,83607.00000000001,7840.999999999993,0.048159138922835035,0.0024092883371071615,0.00048041175654492136,0.00023888642468251748
0.9118309974085551,95.86055,3963474.999999999,83357,7797,0.45087571263211434,0.019888023058577464,2.4185985782678085e-05,0.048150616812453216,83357.00000000001,7796.999999999994,0.048150422719240187,0.0024158350573191636,0.00048305816175095277,0.00023979132640882913
0.9125890775269696,95.31775,3910099.999999999,82885,7692,0.4483226776576988,0.019620196661097582,2.4377317715659453e-05,0.04820364172644842,82885.00000000003,7691.999999999994,0.04820344588241655,0.0024346841608769727,0.0004879660135173334,0.000244402906901902
0.9133945681259736,94.76344999999999,3861808.3333333326,82403,7597,0.4457155529592489,0.019377877539568166,2.4538620723883675e-05,0.04822203187378892,82403.0,7596.999999999994,0.04822183465870579,0.002450561323196433,0.0004914010151170381,0.0002473948412556404
0.9141893834573315,94.2218,3807924.999999999,81932,7491,0.44316792695723684,0.019107500414493238,2.4743607082597483e-05,0.04828444053538452,81932.00000000001,7490.999999999994,0.048284241415278234,0.002471004841219873,0.0004946442547109755,0.00024900320662418144
0.9145481867818467,93.9619,3786574.999999999,81706,7449,0.4419454991940633,0.019000369855501287,2.481448274496082e-05,0.04828680923641294,81706.00000000001,7448.999999999994,0.04828660953615268,0.0024782018810608313,0.000495785361503095,0.0002469383712665927
0.9149850735992108,93.67095,3758108.3333333326,81453,7393,0.44057702917599734,0.018857529110178683,2.4925026553696124e-05,0.048319260301249875,81453.00000000001,7392.999999999995,0.04831905957696794,0.0024892421807226873,0.000498457228834311,0.0002512532846089781
0.915718591510556,93.1063,3714899.999999999,80962,7308,0.43792122372591674,0.018640717264599732,2.506293574524214e-05,0.048306492466098576,80962.00000000003,7307.999999999994,0.04830629068473406,0.002502874196943183,0.0005013782759060132,0.0002520999690564115
0.9164754499167154,92.54625,3669149.999999999,80475,7218,0.4352870541654498,0.01841115178104555,2.5222803646621157e-05,0.048314344577786765,80475.00000000001,7217.999999999995,0.04831414147587105,0.002518733040633267,0.0005043849883928356,0.0002527428881554459
0.9172016976641492,91.99885,3617808.3333333326,79999,7117,0.4327123833014206,0.018153528293945852,2.542944277958341e-05,0.04836816609984792,79999.00000000003,7116.9999999999945,0.048367961106340236,0.002539295628012363,0.0005081848007760013,0.0002518838983678936
0.9175597608848127,91.65385,3587308.3333333326,79699,7057,0.43108969158039373,0.018000484638243063,2.5549476510940195e-05,0.048391196386452735,79699.00000000001,7056.999999999995,0.04839099032677861,0.002551314259161572,0.0005107045353509827,0.0002555494213126696
0.9178282310893369,91.43765,3572566.666666666,79511,7028,0.43007280476855025,0.017926513537986716,2.559438592235275e-05,0.04837654909078384,79511.00000000003,7027.999999999995,0.048376342731555055,0.002555850189813336,0.0005127921248446665,0.0002552184852878771
0.9185405673254744,90.88335,3524274.999999999,79029,6933,0.42746568007010044,0.0176841944164573,2.5787814515042106e-05,0.048411599563592735,79029.0,6932.9999999999945,0.04841139149420392,0.0025752189731598767,0.0005163946682851392,0.0002575689300511667
0.9193002213491829,90.33365,3473949.999999999,78551,6834,0.42488019126126436,0.017431672384547695,2.6003152031549108e-05,0.0484660668356196,78551.00000000001,6833.9999999999945,0.04846585679259019,0.0025965712913567024,0.0005196203572829593,0.00025965858286024326
0.9200717372037844,89.792,3420066.666666666,78080,6728,0.4223325652592522,0.01716129525947277,2.6254458977407855e-05,0.048553479592089034,78080.00000000001,6727.999999999995,0.04855326713665092,0.002621709434147089,0.0005251610352747005,0.00026489661514505385
0.9206220695897833,89.33775,3388041.666666666,77685,6665,0.4201960211599002,0.017000599420984842,2.636855115418199e-05,0.04853562640859312,77685.00000000001,6664.999999999995,0.04853541310851974,0.002632947014944782,0.0005275899029873048,0.00026649992265741804
0.9207572189635829,89.2216,3378891.666666666,77584,6647,0.4196497149471545,0.016954686324274004,2.6405581711951902e-05,0.0485381113072098,77584.0,6646.999999999995,0.04853789769663835,0.002636650250397175,0.0005281588686214026,0.0002664343204546045
0.921527103409806,88.6604,3333649.9999999995,77096,6558,0.41701013641428414,0.016727671568314867,2.6595593418625232e-05,0.0485589945399684,77096.0,6557.999999999996,0.04855877929967202,0.0026556556790686653,0.000532047869725476,0.0002673741737710962
0.9222126494481913,88.08425,3295016.666666666,76595,6482,0.41430024124016934,0.016533816271091333,2.6732565844381165e-05,0.04852543676236137,76595.0,6481.999999999996,0.048525220562945136,0.0026694340479260985,0.0005343375267275964,0.00026760170560221214
0.9228950672000046,87.5196,3251300.0,76104,6396,0.41164443579008875,0.016314453697917338,2.6918340356165224e-05,0.048537432777552604,76104.00000000001,6395.999999999999,0.0485372150221704,0.002687607699508711,0.0005382531481168761,0.00026987954541823195
0.9236406568341683,86.94575,3211649.9999999995,75605,6318,0.4089453585607808,0.01611549694550371,2.707198791898246e-05,0.04851591794047465,75605.00000000001,6317.999999999995,0.04851569903930412,0.002702849344004318,0.0005415609161103478,0.00027333434476187115
0.9239628524505916,86.69735,3188774.9999999995,75389,6273,0.40777702052164144,0.016000714203726618,2.7188293310126934e-05,0.04855051988404175,75389.00000000001,6272.999999999995,0.04855029988542356,0.0027143641405912144,0.0005439199240003817,0.0002721553153977918
0.924336801959551,86.39489999999999,3162341.666666666,75126,6221,0.40635446077954124,0.0158680763687842,2.7319913249938736e-05,0.048582930883563746,75126.0,6220.999999999996,0.04858270967280643,0.0027275239223656282,0.0005460634130394473,0.00027170307773410446
0.9250106956692752,85.82565,3120658.333333333,74631,6139,0.40367701943984696,0.01565891670599039,2.7502418026110945e-05,0.04858408076379225,74631.0,6138.999999999997,0.048583858069769156,0.00274576947675983,0.0005492606322813001,0.0002747067942876365
0.9257153569683828,85.26445,3075416.666666666,74143,6050,0.4010374409069766,0.015431901950031251,2.772451971277605e-05,0.04862011851923037,74143.0,6049.999999999996,0.04861989386039946,0.0027678401961748846,0.0005551328081321769,0.00027831231480416094
0.926420977815771,84.6883,3036783.333333333,73642,5974,0.39832754573286183,0.01523804665280772,2.7887501577875716e-05,0.0485977890430996,73642.0,5973.999999999998,0.048597563167409964,0.002784161964466522,0.0005571642965511365,0.0002792566658344261
0.9270995757342134,84.13055,2990016.666666666,73157,5882,0.39570419411720176,0.015003379714063441,2.8137150852001946e-05,0.04865381769822274,73157.00000000001,5881.999999999996,0.0486535895375926,0.0028089856772219248,0.0005630027845865451,0.00028357112013769166
0.9271115415261505,84.1179,2989508.333333333,73146,5881,0.39564469542076414,0.015000828986468396,2.8137703803022242e-05,0.04865063776285204,73146.00000000003,5880.999999999998,0.04865040961258884,0.0028091361687401658,0.0005620412848150923,0.00028155832444384744
0.9277651238734472,83.54175,2956974.9999999995,72645,5817,0.3929348002466493,0.01483758242038542,2.825243703446935e-05,0.04858248688184231,72645.0,5816.999999999996,0.04858225812214489,0.0028205949870809296,0.0005652978109230149,0.00028217682906136
0.9284385528417597,82.96445,2918850.0,72143,5742,0.39021949610013107,0.014646277850756936,2.8423677133117493e-05,0.048560835457461704,72143.0,5742.0,0.04856060541368073,0.002837248159515435,0.0005682314374235877,0.0002854974444691594
0.9290562855137425,82.38485,2881741.666666666,71639,5669,0.38749337400880596,0.014460074736318539,2.858856189399351e-05,0.048531066167480506,71639.0,5668.999999999997,0.04853083493114186,0.0028536914051351513,0.0005713541962560882,0.0002851071791295423
0.9296835201432838,81.80295,2845650.0,71133,5598,0.384756433972674,0.014278973077070241,2.8746665963839544e-05,0.04849290750724963,71133.0,5597.999999999999,0.048492675175298726,0.002869606733155846,0.000575379475624118,0.0002865664515396571
0.9304053452802921,81.22565,2807525.0,70631,5523,0.3820411298261558,0.014087668507441755,2.893140755647768e-05,0.04847651373799287,70631.0,5523.0,0.04847627999168712,0.0028878957675149306,0.0005785733882468883,0.0002897467020011994
0.9306638285470412,81.0037,2789733.333333333,70438,5488,0.38099719815229516,0.013998393041615126,2.9036359508674666e-05,0.04849796443906517,70438.0,5487.999999999998,0.04849772974115507,0.002898480235778455,0.0005807420659724733,0.000290475206796359
0.9310932879893786,80.6518,2767875.0,70132,5445,0.3793420525968478,0.013888711755028128,2.913852684821388e-05,0.04847756841732861,70132.0,5445.0,0.04847733299275701,0.002908630098552045,0.0005827979888861062,0.0002914145103441368
0.9317413843209605,80.06875,2732291.666666667,69625,5375,0.3765997035883124,0.013710160823374876,2.930461303850552e-05,0.048439485290688616,69625.0,5375.000000000001,0.04843924871019157,0.0029250518296888867,0.0005862775344272243,0.00029372906297866407
0.9323595695673793,79.49719999999999,2691625.0,69128,5295,0.3739114443038113,0.013506102615771155,2.9535020665954578e-05,0.04845566473473999,69127.99999999999,5294.999999999999,0.0484554262146257,0.0029479470370471082,0.0005907056785769456,0.00029504706404145925
0.9329486529970722,78.91069999999999,2658075.0,68618,5229,0.37115286837806566,0.013337754594498086,2.968716082127103e-05,0.04840077108289775,68617.99999999999,5229.0,0.04840053160565535,0.0029631774234669525,0.0005939666597062801,0.0002948965597570218
0.9336125046311009,78.3242,2624016.6666666665,68108,5162,0.3683942924523201,0.013166855845629972,2.984897199585877e-05,0.04835180299014755,68108.00000000001,5161.999999999999,0.04835156245119553,0.0029790751097879048,0.000597204353687216,0.00029899724202156
0.9340790512693995,77.86765,2590466.6666666665,67711,5096,0.3662469304081612,0.012998507824356903,3.005931363718249e-05,0.04838024507524071,67711.00000000001,5095.999999999998,0.0483800026985939,0.0030000919122045062,0.0006005148474059616,0.0003006501030422848
0.9342070580790588,77.74804999999999,2585383.333333333,67607,5086,0.3656843972782052,0.012973000548406438,3.007215564423071e-05,0.0483534017483303,67606.99999999999,5085.999999999998,0.048353159402883455,0.003001462119199927,0.000601320483259725,0.00030125969506965137
0.934816487195431,77.188,2539633.333333333,67120,4996,0.3630502277177383,0.012743435064852255,3.0393363871425014e-05,0.048435554817794275,67120.00000000001,4995.999999999999,0.048435309467649616,0.003033435089170572,0.0006082636839965461,0.00030320092142216464
0.9354183403454754,76.60955,2502016.6666666665,66617,4922,0.3603295145988166,0.012554681222818815,3.061912057606864e-05,0.04843260315870249,66617.0,4921.999999999999,0.04843235600149548,0.003055837074131388,0.0006119060882434774,0.0003052206122828715
0.9359943292448687,76.03455,2462875.0,66117,4845,0.35762502839710525,0.012358275198000236,3.087227325787951e-05,0.048449555257400474,66117.0,4844.999999999999,0.04844930596936757,0.003080909417049542,0.0006177078554681787,0.0003080501661985298
0.936572213504248,75.43885,2432883.333333333,65599,4786,0.35482318069213226,0.01220778226989249,3.100800147972571e-05,0.048365359219474484,65599.00000000001,4785.999999999998,0.04836510927062966,0.0030944978917370317,0.0006202691926619936,0.0003099560521230639
0.9371383796151961,74.85005,2399841.6666666665,65087,4721,0.35205378682157973,0.01204198497621447,3.118957847913578e-05,0.04831709333809554,65087.00000000001,4720.999999999999,0.04831684217668356,0.003112240331470179,0.0006240733658680474,0.00031250160071786865
0.9372839479999987,74.7178,2391200.0,64972,4704,0.35143175499518614,0.01199862260709868,3.124698895951823e-05,0.04831879832611207,64972.00000000001,4704.000000000001,0.04831854669328216,0.0031182720168556268,0.0006249182382024453,0.00031308775363465916
0.9377324022963158,74.26585,2364766.6666666665,64579,4652,0.349306028840641,0.011865984772156262,3.140514920429077e-05,0.04829420358628432,64579.00000000001,4652.0,0.048293950808451336,0.003133843611632687,0.0006285689727483364,0.00031379699182540265
0.9383509430261665,73.67014999999999,2334775.0,64061,4593,0.34650418113566794,0.01171549184404852,3.1553425918985764e-05,0.04821354187845536,64061.0,4592.999999999999,0.048213288331576745,0.0031486369334956057,0.000631042105048959,0.00031539578704242716
0.9389344475436121,73.0963,2295125.0,63562,4515,0.34380510390636,0.011516535091634894,3.184850498338871e-05,0.048249433932609775,63562.0,4515.0,0.04824917782390529,0.0031778906575717428,0.0006364295799347324,0.00031759691590294557
0.9395472487831116,72.5121,2260050.0,63054,4446,0.34105734592542125,0.011340534887576687,3.208429017057145e-05,0.04823379787324956,63054.00000000001,4446.0,0.048233539952319944,0.003201357768712692,0.00064163259858463,0.00032134558180928446
0.9401284473372151,71.91755,2229550.0,62537,4386,0.3382609071928517,0.011187491231873898,3.225653158709157e-05,0.04816441345268556,62537.000000000015,4386.0,0.04816415452001707,0.003218452933128729,0.0006448064324541649,0.0003228489597672878
0.9407069882423351,71.33565,2193966.666666667,62031,4316,0.3355239671567197,0.011008940300220645,3.2514463908597816e-05,0.04816056911334589,62031.000000000015,4316.000000000002,0.04816030813086466,0.003244077537722917,0.0006501203364119899,0.00032452936714068775
0.9407417672690235,71.2954,2191933.3333333335,61996,4312,0.3353346531225999,0.010998737389840458,3.252626296420207e-05,0.04815571542961409,61996.00000000001,4312.000000000001,0.04815545437871729,0.0032451196349419166,0.0006508488775949821,0.00032523176757032256
0.9412910976419154,70.7572,2156350.0,61528,4242,0.33280325403779804,0.010820186458187202,3.281341155192803e-05,0.04818490556037317,61528.00000000001,4241.999999999999,0.04818464204553972,0.003273785888511065,0.0006560922944239124,0.0003285683725452885
0.9418845814159489,70.1638,2125341.6666666665,61012,4181,0.3300122242776318,0.010664592074889366,3.3012950858881516e-05,0.04812810074657414,61012.0,4180.999999999997,0.04812783594193151,0.0032935101754678745,0.0006599081772177783,0.00032978274694667393
0.9424302948428418,69.58879999999999,2086199.9999999995,60512,4104,0.32730773807592045,0.010468186050070785,3.3356725146198836e-05,0.04817939886355786,60511.99999999999,4103.999999999996,0.04817913101638396,0.0033275829740765095,0.0006667303251311414,0.00033312693539899
0.9429898848786408,68.9885,2058241.666666666,59990,4049,0.3244842544813338,0.010327896032343228,3.351817287409562e-05,0.048087092543889,59990.00000000001,4048.9999999999964,0.048086823915976344,0.0033437200886689677,0.0006704043726507787,0.000335367806680703
0.943513130442004,68.3951,2027233.3333333328,59474,3988,0.32169322472116757,0.010172301649045392,3.373814887284806e-05,0.04803669499427839,59474.00000000001,3987.9999999999964,0.048036424886419384,0.0033655554172792707,0.0006756550929904637,0.00033743486586305005
0.9440863906001108,67.8109,1992666.666666666,58966,3920,0.31894546674022883,0.00999885217258223,3.403022750083641e-05,0.048037697218293755,58966.000000000015,3919.999999999996,0.04803742476658551,0.003394476431228323,0.0006802695408154813,0.0003401012685810198
0.9440872040058162,67.8109,1992158.333333333,58966,3919,0.31894546674022883,0.009996301444987187,3.403891089647326e-05,0.04804382564814816,58966.000000000015,3918.9999999999977,0.04804355309182564,0.0033953221470565073,0.0006813159098971172,0.0003401225869498475
0.9446658555841776,67.2106,1964199.9999999995,58444,3864,0.3161219831456421,0.009856011427259628,3.4217798594847784e-05,0.04795621726365494,58444.0,3863.999999999997,0.047955943775017856,0.003413042963382876,0.0006842877960064656,0.00034133747833424926
0.9452244372131067,66.61375,1934716.6666666663,57925,3806,0.31331472646826564,0.009708069226746932,3.443075213424878e-05,0.04789114234368203,57925.0,3805.9999999999973,0.04789086752630207,0.003434146773959082,0.0006891427825735054,0.0003441375316638041
0.9457180553841975,66.02725,1900658.333333333,57415,3739,0.31055615054252,0.009537170477878817,3.473914740068135e-05,0.04789290521790923,57415.00000000001,3738.9999999999977,0.04789262792908941,0.003464729010649137,0.0006950074485489922,0.0003483606289341337
0.9462176532769282,65.4373,1868124.9999999995,56902,3675,0.3077813476995641,0.009373923911795841,3.502833054533289e-05,0.04787650127561653,56901.99999999999,3674.9999999999964,0.04787622177376306,0.00349355501945732,0.0007009538857808657,0.00034975578311028873
0.9467284676313672,64.837,1840166.6666666665,56380,3620,0.3049578641049775,0.009233633894068286,3.5234308486550136e-05,0.04779630591732431,56380.00000000001,3619.999999999998,0.0477960252431672,0.003513810665041056,0.000704688265495134,0.00035254909759433275
0.9472721449867537,64.24245,1809666.6666666663,55863,3560,0.30216142537240787,0.009080590238365497,3.5499603978633274e-05,0.047755434597720386,55863.000000000015,3559.9999999999973,0.04775515205186399,0.0035401883080147137,0.0007103425592043188,0.0003542920146189282
0.9475814107791972,63.905499999999996,1793399.9999999995,55570,3528,0.30057659645820495,0.008998966955324008,3.563371250139401e-05,0.04771991423145933,55570.0,3527.9999999999973,0.047719630829574027,0.0035535139576404577,0.0007127145826911727,0.0003562654261403562
0.9478038871094331,63.64445,1781199.9999999995,55343,3504,0.29934875972262803,0.008937749493042893,3.573122052548844e-05,0.04768746038712298,55343.0,3503.9999999999977,0.047687176402850424,0.00356314189525668,0.0007146131581621618,0.00035725387284105803
0.9483270846986335,63.069449999999996,1742058.333333333,54843,3427,0.2966442735209166,0.008741343468224314,3.620398283639565e-05,0.04778457162412271,54842.99999999999,3426.9999999999977,0.04778428329652246,0.003609933614100366,0.000723753637543766,0.00036113331701514593
0.9488697649885768,62.4657,1715624.9999999995,54318,3375,0.2938045630091196,0.008608705633281895,3.640987978142077e-05,0.04769034102899973,54318.0,3374.9999999999973,0.04769005163359949,0.003630388166940533,0.0007280871455535023,0.0003633466503059237
0.9493745499809046,61.8677,1686649.9999999998,53798,3318,0.2909918973593398,0.008463314160364247,3.66808170041206e-05,0.047637776839036396,53798.0,3317.999999999998,0.047637485611387025,0.0036571655987204157,0.0007335228111679767,0.0003676161306297365
0.9498613235203102,61.2743,1655641.6666666665,53282,3257,0.2882008675991736,0.008307719777066411,3.700939716222814e-05,0.04762063528070069,53282.00000000001,3256.999999999999,0.04762034154983496,0.0036898405570434155,0.0007401517316737217,0.00037014568845428425
0.9503611722576732,60.6671,1630733.333333333,52754,3208,0.2853449301701664,0.008182734124909132,3.720234250439475e-05,0.04750745449872438,52754.0,3207.999999999998,0.04750715993835813,0.0037088615580542898,0.0007437495893270278,0.0003715361312241489
0.9508665020317798,60.06565,1603283.333333333,52231,3154,0.28251603760317623,0.008044994834776623,3.746415168872211e-05,0.04743741796179142,52230.99999999999,3153.999999999998,0.04743712176594693,0.003734763086625097,0.0007492644305961365,0.0003743082396848171
0.951029351035411,59.88625,1594133.333333333,52075,3136,0.2816722379082423,0.007999081738065785,3.7566650635664106e-05,0.04743127482611067,52075.0,3135.999999999998,0.047430977858379894,0.0037448818743689724,0.0007515612090036636,0.00037559734085122244
0.9514059775011673,59.46535,1575324.9999999998,51709,3099,0.27969255400858956,0.007904704817049066,3.7747988510307405e-05,0.04737823707739038,51709.000000000015,3098.999999999998,0.04737793900990104,0.003762841076009904,0.0007546079975787226,0.0003768295749190402
0.9519029496042481,58.8685,1545841.6666666665,51190,3041,0.2768852973312131,0.00775676261653637,3.808184322456483e-05,0.047347872052134456,51190.00000000001,3040.9999999999986,0.047347571541242785,0.003795919811916024,0.0007621391777605549,0.00038131943285131786
0.9523841142311329,58.25785,1522458.333333333,50659,2995,0.2740131329849956,0.007639429147164231,3.826564492733792e-05,0.04721519037693392,50659.0,2994.9999999999986,0.04721488926182766,0.003814026601505591,0.000764997512757633,0.00038246423812239214
0.9529098154443537,57.6564,1495008.333333333,50136,2941,0.2711842404180055,0.0075016898570317205,3.856593887436526e-05,0.047154779165170024,50136.0,2940.999999999998,0.047154476075347035,0.00384368822444177,0.0007711371532321353,0.0003851003774480981
0.9534541106336849,57.05495,1467558.333333333,49613,2887,0.26835534785101534,0.00736395056689921,3.887746654022839e-05,0.04709726010692558,49613.0,2886.9999999999977,0.04709695494155051,0.003874494350392587,0.0007774355986910349,0.0003884660978159579
0.9539271363815495,56.4627,1436041.6666666665,49098,2825,0.2655697270632526,0.007205805456006328,3.931828811838097e-05,0.04711705324552575,49098.00000000001,2824.999999999999,0.047116744490349485,0.0039181750137182335,0.0007862374564641925,0.0003928552427551055
0.9543762932827053,55.85665,1411133.3333333333,48571,2776,0.26271919860664883,0.007080819803849051,3.958282940426135e-05,0.047020891612596365,48571.00000000001,2775.999999999999,0.047020581414242,0.003944362692290373,0.0007915411058822749,0.0003958120439464523
0.9546933656177429,55.476,1394866.6666666665,48240,2744,0.26092882874111584,0.006999196520807563,3.9771543277732645e-05,0.046971971801016574,48240.0,2743.999999999999,0.04697166044824915,0.003962905564528151,0.0007952507649266209,0.0003985905122617177
0.9548618815730732,55.2552,1383683.3333333333,48048,2722,0.2598903060396587,0.006943080513716541,3.993341443731105e-05,0.046973703296807556,48048.000000000015,2721.9999999999995,0.04697339066534639,0.003979003933227064,0.0007984585927896298,0.00039905937412466723
0.9553445075482766,54.6618,1352675.0,47532,2661,0.25709927627949253,0.006787486130418705,4.041015025782246e-05,0.04699884627693578,47532.00000000001,2660.9999999999995,0.046998529743826345,0.004026126278973335,0.0008082530274333649,0.0004043136088144018
0.9558028287152477,54.06955,1321158.3333333335,47017,2599,0.2543136554917298,0.006629341019525824,4.092586682141302e-05,0.04704086736438575,47017.00000000001,2599.000000000001,0.047040546505006726,0.00407710338088787,0.0008182906110971868,0.00040888647569746803
0.9563049966690891,53.46465,1295233.3333333333,46491,2548,0.2514685360075294,0.006499253912178452,4.127800653678874e-05,0.046977805101847,46491.00000000001,2547.999999999999,0.04697748191578194,0.00411190185164984,0.000825508721966667,0.0004133106607612811
0.9567638082776206,52.8517,1272866.6666666665,45958,2504,0.24858555371650504,0.006387021897996406,4.1521788089875874e-05,0.046845459626197426,45958.000000000015,2503.999999999999,0.04684513544721301,0.004135883937392894,0.0008301463784650572,0.00041555448615466205
0.9572208604160433,52.2399,1249991.6666666665,45426,2459,0.2457079803978841,0.006272239156219314,4.179219861465744e-05,0.04672494276518531,45426.00000000001,2458.9999999999995,0.046724617314524604,0.004162459966774348,0.0008355584089151615,0.0004171407831545966
0.9576842309715377,51.63155,1225591.6666666665,44897,2411,0.24284663399647344,0.0061498042316570824,4.212785661347241e-05,0.046638251844717885,44897.00000000001,2410.999999999999,0.04663792438890203,0.004195655327069432,0.0008421985431236592,0.00042103200432037544
0.9581643007955706,51.0278,1199158.3333333333,44372,2359,0.24000692348467648,0.0060171663967146655,4.25530128770874e-05,0.046598139774989306,44372.00000000001,2359.0,0.04659780929898356,0.004237592672429128,0.0008510269436502388,0.0004261068536257974
0.9582407532456773,50.9128,1195600.0,44272,2352,0.2394660262443342,0.00599931130354934,4.258347273335564e-05,0.0465622575760539,44272.0,2352.0000000000005,0.04656192711818573,0.004240587889681272,0.0008515002269194329,0.0004255975074886336
0.9585930186723832,50.4183,1175266.6666666665,43842,2312,0.2371401681108624,0.00589728219974748,4.2899455442736405e-05,0.046507178094876034,43842.00000000001,2311.9999999999995,0.04650684557855253,0.004271753709623716,0.0008577022071543019,0.0004293058517590572
0.9590210634270069,49.8042,1153408.3333333335,43308,2269,0.23425177684743462,0.0057876009131604825,4.3180024420377284e-05,0.04637398594295464,43308.00000000001,2269.0000000000005,0.046373652210586404,0.004299335640751541,0.0008634278416766606,0.0004316185066738619
0.9594479075286748,49.1901,1131550.0,42774,2226,0.23136338558400685,0.005677919626573483,4.347143299014626e-05,0.04624244950182239,42774.00000000001,2226.0000000000005,0.04624211447028098,0.0043280161651951836,0.0008693045806477717,0.0004346129437092394
0.9598670162705487,48.577149999999996,1109183.3333333335,42241,2182,0.22848040329298247,0.0055656876123914385,4.379542005379332e-05,0.046124361125831605,42241.0,2182.000000000001,0.046124024459318604,0.0043598488419927936,0.0008758760230361347,0.0004385893038217473
0.9603163669383692,47.9619,1088341.6666666667,41706,2141,0.22558660305715128,0.005461107780994532,4.406878967236085e-05,0.04597415451519259,41706.00000000001,2140.9999999999995,0.045973816850555196,0.004386717599841983,0.0008810080662258265,0.0004408753908935126
0.9607189232509181,47.34205,1069025.0,41167,2103,0.2226711669317064,0.005364180132382765,4.428525993311662e-05,0.04578815338072288,41167.00000000001,2102.9999999999995,0.045787815430250206,0.004407886321732386,0.0008854138352175857,0.0004426803932792821
0.9611596801175002,46.7268,1047674.9999999998,40632,2061,0.2197773666958752,0.005257049573390811,4.460047247476556e-05,0.045651258002752514,40632.0,2060.999999999998,0.04565091866436624,0.004438836395016878,0.0008918397797935234,0.00044581243077922454
0.9616040413355498,46.1035,1029883.3333333331,40090,2026,0.21684570365322003,0.005167774107564184,4.47657501658764e-05,0.0454297013282333,40090.0,2025.9999999999986,0.04542936238543557,0.004454916175045091,0.00089511777637554,0.0004474795937877654
0.9620160879900291,45.48365,1010566.6666666664,39551,1988,0.21393026752777514,0.005070846458952417,4.5008064782135446e-05,0.045245232519327105,39551.00000000001,1987.9999999999982,0.04524489312561578,0.004478641299939843,0.0008997143184280267,0.00044994061662549775
0.962173464728154,45.2479,996333.333333333,39346,1960,0.2128214281850735,0.004999426086291115,4.541441953830714e-05,0.04533108330745436,39346.00000000001,1959.999999999998,0.045330740199682605,0.004518757093846839,0.0009082114910408799,0.0004537187847654884
0.962415243609366,44.8891,980066.6666666664,39034,1928,0.21113382879520556,0.004917802803249628,4.5802088293313395e-05,0.04534329632489652,39034.00000000001,1927.9999999999984,0.04534295019539484,0.004556961658120072,0.0009160959548803348,0.00045805411498990773
0.9628392476495639,44.27845,956683.3333333331,38503,1882,0.20826166444898805,0.00480046933387749,4.6283287747600226e-05,0.04526977183913929,38503.00000000001,1881.9999999999989,0.045269422640127295,0.004604250762987056,0.0009256305796724472,0.00046305826211672006
0.9632297301689572,43.66205,935841.6666666665,37967,1841,0.20536245524075344,0.004695889502480584,4.665538151930972e-05,0.04513390743847886,37967.00000000001,1840.9999999999989,0.045133556488782776,0.004640754477166903,0.000932803195488393,0.000466398474228647
0.9636277491643903,43.05715,909916.6666666665,37441,1790,0.20251733575655304,0.004565802395133213,4.731988277314773e-05,0.045138224273290124,37441.00000000001,1789.9999999999989,0.04513786829095352,0.004706135782429433,0.000946142928898345,0.00047352071785274915
0.9640406764903579,42.44075,889074.9999999998,36905,1749,0.19961812654831843,0.004461222563736307,4.773584905660379e-05,0.045010501395219504,36905.00000000001,1748.9999999999989,0.0450101432998075,0.004746913641870355,0.0009544521098312521,0.00047757130160779287
0.9644485801407925,41.82665,867216.6666666665,36371,1706,0.19672973528489066,0.004351541277149308,4.823091115253782e-05,0.04491477974963582,36371.00000000001,1705.9999999999993,0.044914418709952955,0.004795433776351669,0.0009644187859383065,0.00048246184142196444
0.964816640937948,41.21715,843324.9999999999,35841,1659,0.19386297991107654,0.004231657080182124,4.8874573859425494e-05,0.044882854654645345,35841.0,1658.999999999999,0.04488248905708405,0.004858652874387386,0.000977252885409597,0.0004885510518478339
0.965215639214538,40.59615,825024.9999999999,35301,1623,0.19094213481322828,0.0041398308867604495,4.9205963455652865e-05,0.04469421297371956,35301.00000000001,1622.9999999999993,0.04469384644421641,0.004890947773747298,0.0009837479626496183,0.0004918892155299007
0.9655945401883258,39.9786,804691.6666666665,34764,1583,0.18803751663259022,0.00403780178295859,4.968188643683399e-05,0.044566941392736516,34764.00000000001,1582.999999999999,0.04456657237203254,0.004937513100317497,0.000993454006806182,0.0004968211789393947
0.9657248472873744,39.7739,797066.6666666665,34586,1568,0.18707471954478094,0.003999540869032893,4.9900342924054875e-05,0.04455032266355729,34586.0,1567.999999999999,0.04454995215847477,0.004958915581148462,0.0009977736111382528,0.0004988954048186873
0.9659949432461254,39.35645,786391.6666666665,34223,1547,0.18511126256233848,0.003945975589536917,5.0046880795193246e-05,0.044380936917464725,34223.00000000001,1546.999999999999,0.04438056673716029,0.004973067428747374,0.001000711548308056,0.0005004554489159923
0.966370230717519,38.74465,763516.6666666665,33691,1502,0.18223368924371755,0.0038311928477598248,5.0744995743380424e-05,0.04434069349174372,33691.00000000001,1501.9999999999993,0.044340318488246974,0.005041500633011419,0.001014556442743159,0.0005074883283754375
0.9667354011431212,38.1156,748266.6666666665,33144,1472,0.1792749813390453,0.00375467101990843,5.0938524590163944e-05,0.04406305059649017,33144.00000000001,1471.999999999999,0.0440626765198542,0.005060085143662173,0.0010184800565114828,0.0005094024384017449
0.967118417684827,37.4969,728441.6666666665,32606,1433,0.1763649541860038,0.003655192643701617,5.147550135563361e-05,0.043933719701182344,32605.999999999993,1432.9999999999993,0.043933342790922016,0.005112492005826876,0.0010292388702375192,0.000514859965729348
0.9674833253719302,36.87935,708108.3333333333,32069,1393,0.17346033600536578,0.003553163539899758,5.20815082437951e-05,0.043826158524913006,32069.000000000004,1392.9999999999993,0.04382577811101012,0.00517168124143931,0.0010412213905663086,0.0005205368037132028
0.9678849364039414,36.25375,691333.3333333333,31525,1360,0.17051785501790376,0.0034689895292632235,5.244033269045323e-05,0.04360227873949386,31524.999999999996,1359.9999999999995,0.04360189766141584,0.005206443258924825,0.0010483821752219895,0.0005243226228777698
0.9682232959502916,35.62815,674558.3333333333,30981,1327,0.16757537403044176,0.0033848155186266896,5.2817003718482464e-05,0.04337939754114447,30981.000000000004,1326.9999999999995,0.04337901568782387,0.0052428942673074545,0.0010558842115240697,0.0005279899293493177
0.9686143204760422,34.99795,659816.6666666666,30433,1298,0.16461125715336608,0.0033108444183703417,5.3041930839374583e-05,0.043085482977679265,30433.000000000007,1297.9999999999998,0.043085102096613426,0.005264375006584156,0.0010605077715222636,0.0005304577947913128
0.968989047250592,34.3758,641516.6666666667,29892,1262,0.16168500308311431,0.0032190182249486688,5.358520173547062e-05,0.04291892563681191,29892.0,1262.0000000000002,0.04291854234226507,0.005317142724218314,0.001071355166682279,0.0005356820627912526
0.9693557774961453,33.7479,625758.3333333333,29346,1231,0.15873170415084548,0.0031399456695022266,5.393120347311929e-05,0.042662218199367954,29346.00000000001,1230.9999999999998,0.042661834737193795,0.005350450424990881,0.0010782562909102326,0.0005393896779234055
0.9697684706411066,33.12115,609491.6666666667,28801,1199,0.15578381419098006,0.0030583223864607397,5.4342252423467636e-05,0.04242496781207424,28801.000000000004,1199.0000000000002,0.0424245835760397,0.005390087052124754,0.001086436177573901,0.0005434068510763363
0.9700977899731774,32.57375,597800.0,28325,1176,0.1532091433269508,0.00299965565177467,5.448937771830043e-05,0.042129839395035534,28325.0,1176.0000000000002,0.042129456798872256,0.00540383758849759,0.0010894194867150063,0.0005447377256482797
0.9701404711075485,32.4898,595766.6666666666,28252,1172,0.15281428834150096,0.002989452741394484,5.4534437419571427e-05,0.04209290872432543,28252.000000000007,1172.0,0.042092526147521084,0.00540815918554636,0.0010902949984598544,0.0005453462122468914
0.9705182882341713,31.8688,576958.3333333334,27712,1135,0.14989344324365264,0.0028950758203777644,5.523587780746732e-05,0.0419559428766726,27712.000000000004,1135.0000000000002,0.041955556640090624,0.005476248249715068,0.0011043143140737031,0.0005522507259898649
0.9708825028962267,31.2524,556116.6666666667,27176,1094,0.146994234035418,0.0027904959889808586,5.619756046393143e-05,0.041908336147394004,27176.000000000007,1094.0000000000005,0.04190794363222012,0.005569793631385279,0.001123551411312295,0.0005616973755423751
0.9712394750449428,30.63025,537816.6666666666,26635,1058,0.14406797996516627,0.0026986697955591844,5.695295794725588e-05,0.04176701258366385,26635.0,1057.9999999999995,0.041766616133999214,0.005642964462902508,0.0011386301156968614,0.0005694422816131401
0.9716011677327402,30.0035,521549.9999999999,26090,1026,0.14112009000530085,0.0026170465125176963,5.752756207458538e-05,0.041545495648804366,26090.0,1025.9999999999993,0.04154509732317126,0.005698275659621052,0.001150142619048666,0.0005753462230066602
0.9719698270712434,29.37445,506299.9999999999,25543,996,0.13816138210062856,0.0025405246846663017,5.8017874777799735e-05,0.04128248008255729,25543.0,995.9999999999992,0.041282080905263044,0.005745212093664504,0.0011598155471097664,0.0005800708214868215
0.9723422247862824,28.7431,492066.6666666665,24994,968,0.13519185625114946,0.0024691043120049997,5.8413019916000555e-05,0.04097525195465668,24994.000000000004,967.9999999999992,0.040974853049691756,0.005782736706497038,0.0011677703808792971,0.0005840178260291671
0.9726842365860199,28.12325,472749.9999999999,24455,930,0.13227642012570456,0.0023721766633932337,5.94886303543099e-05,0.0409024892104606,24455.000000000004,929.9999999999992,0.040902083681624284,0.005886811558789219,0.001189217019321879,0.0005948154270306203
0.9730173637830869,27.496499999999997,456483.33333333326,23910,898,0.12932853016583915,0.002290553380351746,6.023549600204462e-05,0.040697239658485686,23909.999999999996,897.9999999999995,0.04069683109907401,0.0059585187463268175,0.0012041761227050691,0.0006022949853423289
0.9733741960174195,26.87205,439199.9999999999,23367,864,0.12639145815078057,0.0022038286421201653,6.118408469945358e-05,0.040548018240697675,23367.000000000004,863.9999999999993,0.04054760476912757,0.0060498011223188,0.0012230862944343417,0.0006117730608766858
0.9736958173316849,26.23725,426491.6666666666,22815,839,0.12340570538409118,0.0021400604522440036,6.15187870024815e-05,0.04017566171553192,22815.0,838.9999999999998,0.04017524979986663,0.006080875367391999,0.0012297358609032218,0.0006151200912426956
0.9740305024742051,25.61395,408700.0,22273,804,0.12047404234143602,0.0020507849864173765,6.267176413016883e-05,0.04006583872630071,22273.000000000004,803.9999999999999,0.04006542023785929,0.006191741171544476,0.0012528158060139975,0.0006266810033734789
0.9743388702572138,25.02055,398533.33333333326,21757,784,0.11768301258126986,0.0019997704345164464,6.278157410505186e-05,0.03963369165210522,21757.0,783.9999999999995,0.03963327695203763,0.006200718966246956,0.0012549958950205755,0.0006276462327668977
0.9743629568498472,24.973399999999998,398533.33333333326,21716,784,0.1174612447127295,0.0019997704345164464,6.266326530612246e-05,0.03955900390297913,21715.999999999996,783.9999999999995,0.03955859076433196,0.006189035401689162,0.0012525716395822776,0.0006265730771712483
0.9747084564779168,24.3478,382266.6666666666,21172,752,0.11451876372526751,0.001918147151474959,6.369323334495989e-05,0.03938007245849625,21172.0,751.9999999999998,0.039379654428818724,0.006287474641652161,0.001273208747522208,0.0006368461810037248
0.9750285092127388,23.713,369558.33333333326,20620,727,0.11153301095857814,0.0018543789615987965,6.416578348028054e-05,0.03900722014791483,20620.000000000004,726.9999999999995,0.039006803004253895,0.00633135007208445,0.0012826042822577384,0.0006415753227166456
0.9753833784176117,23.0897,351766.6666666666,20078,692,0.10860134791592298,0.0017651034957721697,6.563924950251114e-05,0.0389305866798605,20078.000000000004,691.9999999999998,0.038930160795805996,0.006472434242218211,0.0013120615733073597,0.0006564281223217963
0.9757436583016389,22.46295,335500.0,19533,660,0.10565345795605754,0.0016834802127306822,6.695365126676601e-05,0.03878113614533233,19533.000000000004,660.0,0.038780703400906745,0.006597610438070516,0.0013382814397688342,0.0006694671511438809
0.9760973392814314,21.8293,322283.3333333333,18982,634,0.10267311416177159,0.0016171612952594735,6.773325748564928e-05,0.03845217285969004,18982.000000000004,633.9999999999999,0.0384517387901269,0.006670482377305578,0.0013538216890792078,0.000677336819983392
0.9764257927088477,21.1968,308558.3333333334,18432,607,0.09969817933988905,0.0015482916501932185,6.86962486833932e-05,0.03815941095053943,18432.000000000004,607.0000000000002,0.03815897406163201,0.0067607893080255665,0.001373017019363193,0.0006868154815334018
0.9767633738053684,20.5574,297883.3333333334,17876,586,0.09669079068358598,0.0014947263706972423,6.901158171543669e-05,0.03766561681370582,17876.000000000004,586.0000000000001,0.03766518359885308,0.006788002047766296,0.0013792631846148496,0.0006900391036688181
0.9771184170361081,19.91455,288733.3333333334,17317,568,0.09366717511007262,0.0014488132739864056,6.897211960286307e-05,0.03706141827341739,17317.0,568.0000000000001,0.03706099225162334,0.0067806355767423,0.00137846005198698,0.0006895671694621231
0.9774707719518357,19.282049999999998,275008.3333333334,16767,541,0.09069224028819008,0.0013799436289201503,7.011442077512801e-05,0.03676886953806245,16766.999999999996,541.0000000000001,0.03676843987923595,0.006887177283790762,0.0014012163745512785,0.0007010063095399343
0.9778010152058907,18.6415,264841.6666666666,16210,521,0.08767944265948359,0.0013289290770192202,7.0387338346811e-05,0.03622327384144174,16210.000000000002,520.9999999999997,0.036222848910725684,0.006909335102957015,0.001406617266633193,0.0007037116786370089
0.9781597257079555,18.009,251116.66666666663,15660,494,0.08470450783760104,0.001260059431952965,7.171567000730074e-05,0.03593782827552994,15660.000000000005,493.9999999999998,0.035937398737436926,0.007032735301053623,0.0014330840428452398,0.0007169776248912061
0.9785293585470669,17.3696,240441.66666666663,15104,473,0.08169711918129796,0.0012064941524569887,7.224039094721519e-05,0.035422968461109365,15103.999999999996,472.9999999999997,0.03542254197904793,0.007078185748268343,0.0014435526579161199,0.0007222354382839801
0.978870566774958,16.73365,228241.66666666663,14551,449,0.07870595744220517,0.001145276690175873,7.331549162072366e-05,0.03502621555862298,14551.000000000005,448.9999999999998,0.035025787577727646,0.007175860118456053,0.0014649871560413624,0.0007329874640232322
0.9792305593040552,16.0931,218583.3333333333,13994,430,0.07569315981349865,0.0010968128658699898,7.362455203964926e-05,0.034421610630957986,13994.000000000002,429.99999999999983,0.03442118826466123,0.007199433975060599,0.0014711391522769205,0.0007360212869379417
0.9795707850378161,15.45485,207399.99999999997,13439,408,0.072691180129599,0.001040696858778967,7.451711668273869e-05,0.033935981800505256,13439.000000000002,407.9999999999998,0.033935560345045704,0.007278137374517233,0.0014888707733845274,0.0007449880649367877
0.9797701033843018,15.10525,199266.66666666663,13135,392,0.07104685251895848,0.0009998852172582232,7.58041987286718e-05,0.03383845996564072,13135.0,391.9999999999998,0.033838032462810516,0.0073968981178258895,0.0015145517775804502,0.000757856577623808
0.9799255487631875,14.8212,194183.3333333333,12888,382,0.06971083633531304,0.0009743779413077584,7.632580894343833e-05,0.03363391264055504,12888.0,381.9999999999999,0.03363348479827102,0.007443143620612243,0.0015248722919160515,0.00076301759638786
0.980288709625057,14.19445,177916.6666666667,12343,350,0.06676294637544762,0.000892754658266271,7.978145199063231e-05,0.03365195137296544,12343.000000000002,350.0000000000001,0.033651503920919215,0.007762757913414917,0.0015938023320365515,0.0007975738493703882
0.9806469725777788,13.5562,166733.3333333333,11788,328,0.06376096669154796,0.0008366386511752481,8.130467812874851e-05,0.03319913368822959,11788.000000000002,327.9999999999999,0.03319868382931195,0.007896888571255386,0.0016240883333643642,0.0008127528945271953
0.98100301075404,12.91565,156566.66666666666,11231,308,0.06074816906284146,0.0007856240992743183,8.249297423887587e-05,0.032641237457062454,11230.999999999998,307.99999999999994,0.03264078869371116,0.007997624170972514,0.0016476975983451007,0.0008246708923623504
0.9813333640842367,12.2797,144366.6666666667,10678,284,0.05775700732374866,0.0007244066369932028,8.505910875086584e-05,0.032318730447342875,10678.0,284.0000000000001,0.03231827229656575,0.008225558609359994,0.0016987869402764046,0.00085023420901215
0.9816946824543807,11.6449,131658.33333333334,10126,259,0.05477125455705927,0.0006606384471170405,8.844787644787643e-05,0.03209309390582148,10126.0,259.00000000000006,0.03209262082889549,0.008526645890449434,0.001766220706434233,0.0008841263497865142
0.9820427321074732,11.00205,122508.33333333331,9567,241,0.05174763898354593,0.0006147253504062036,8.98065437725325e-05,0.03143335942772568,9567.000000000002,240.99999999999986,0.031432888958393225,0.008634887734835282,0.0017931473517162877,0.0008976654352402135
0.9824169309450876,10.3592,113358.33333333333,9008,223,0.048724023410032576,0.0005688122536953668,9.138454752628096e-05,0.030768015937564935,9008.0,222.99999999999997,0.03076754733524065,0.008759966592320378,0.0018244206140184502,0.0009134034490525818
0.9827995147324255,9.71635,104208.33333333333,8449,205,0.045700407836519234,0.00052289915698453,9.323966413434627e-05,0.030098990192558878,8449.000000000002,204.99999999999997,0.03009852247411809,0.008906150044682145,0.0018611653163645118,0.0009319283513676441
0.9831811555057659,9.071200000000001,96075.0,7888,189,0.04266597431819905,0.00048208751546378626,9.441790268019778e-05,0.029265742409728995,7888.000000000005,189.0,0.029265281892849226,0.008985454260794355,0.001884385653423452,0.0009436649233074167
0.9835610861314645,8.4272,87433.33333333334,7328,172,0.03963694977228227,0.00043872514634799606,9.638429279451008e-05,0.028499994951541575,7328.0,172.00000000000006,0.02849953714463772,0.009130147882007852,0.0019232262603312573,0.0009632630929915909
0.983936042036871,7.795850000000001,73708.33333333334,6779,145,0.036667423922803165,0.0003698555012817408,0.00010576619559072922,0.028714759199686607,6779.000000000002,145.00000000000006,0.028714253046825972,0.009924448753535698,0.0021095335553976305,0.0010569224993375224
0.984317608554709,7.14725,67100.00000000001,6215,132,0.0336167634872727,0.0003366960425461365,0.00010651639344262292,0.027591652596986406,6215.0,132.00000000000009,0.02759116279146656,0.009936560320051307,0.002123930801130797,0.0010643285195366312
0.9847182186726529,6.492900000000001,63033.33333333333,5646,124,0.03053905818972513,0.0003162902217857645,0.00010300740349021684,0.025861492032008302,5646.000000000002,123.99999999999997,0.025861048063540157,0.009569275794725338,0.0020535774877111384,0.0010292248217228892
0.9851487025961936,5.8420000000000005,57441.66666666666,5080,113,0.027477579809387826,0.0002882322182402531,0.00010170317713622519,0.02437519150344931,5080.000000000001,112.99999999999993,0.024374778348557807,0.009385776158814902,0.002026953284962744,0.0010161277439792798
0.9856167296534374,5.2026,46766.66666666667,4524,92,0.02447019115308475,0.00023466693874427694,0.00011124590163934426,0.02405759605340593,4524.000000000001,92.00000000000003,0.024057150022579597,0.010096965361575514,0.0022153827807750584,0.0011112336340582951
0.986052374322816,4.554,40158.33333333335,3960,79,0.02141953071755429,0.00020150748000867267,0.00011340112056443241,0.022725067723780832,3960.000000000001,79.0000000000001,0.02272463823603822,0.010146560074498845,0.0022567276712652275,0.001132560078301225
0.9865511883751706,3.90425,34058.33333333334,3395,67,0.018363461309620407,0.00017089874886811477,0.00011463420601908488,0.021155628065600233,3395.000000000001,67.00000000000007,0.021155223891792616,0.010078529745750384,0.0022792535908856457,0.0011446187628287193
0.9871048615564042,3.25795,26433.33333333333,2833,52,0.015323618818896793,0.00013263783494241735,0.00012325157629255993,0.02003864948000103,2833.000000000001,51.99999999999998,0.02003823786862132,0.01049792797364135,0.0024464881744584444,0.00123014078974527
0.9877508616415037,2.6082,20333.333333333332,2268,40,0.01226754941096291,0.00010202910380185953,0.00012827213114754098,0.018290964229887293,2268.0,40.0,0.01829057321394932,0.01050173387874504,0.002540467828627756,0.0012795263242303726
0.9885042912932663,1.96075,13216.666666666668,1705,26,0.009222297947835873,6.63189174712087e-05,0.0001483543505674653,0.017055374310614164,1705.0000000000002,26.000000000000007,0.01705495263018331,0.01119294761818865,0.0029230405112800942,0.0014778900264020688
0.9893857148660722,1.3064,9150.0,1136,18,0.006144592650288301,4.5913096710836787e-05,0.000142775956284153,0.013657324382528866,1136.0,18.0,0.01365699941226618,0.009868836817774384,0.002794947919667332,0.0014199536884153745
0.9906390513667885,0.6589499999999999,2033.3333333333333,573,4,0.0030993411871612637,1.0202910380185954e-05,0.00032407377049180325,0.014613295694865473,572.9999999999999,4.0,0.014612506503783977,0.013320722499053576,0.00592426281454095,0.003163537757832685
0.9942205146541533,0.00115,0.0,1,0,5.4089724034228e-06,0.0,inf,inf,1.0,0.0,0.0,0.0,0.0,0.0
