threshold,signal_yield,background_yield,signal_efficiency,background_efficiency,signal_over_background,signal_over_sqrt_background,asimov_significance,background_neff
0.0001582213872739485,184878.0,392045.0,1.0,1.0,0.47157341631700445,295.2686066310727,8.25417298771364,392045.0
0.000438520090283852,184878.0,391468.0,1.0,0.9985282301776581,0.47226848682395495,295.4861304816846,8.264950607455582,391468.0
0.0005302469352725284,184878.0,390891.0,1.0,0.9970564603553164,0.4729656093386647,295.7041357900049,8.275756733123886,390891.0
0.0006419093989610929,184878.0,390314.0,1.0,0.9955846905329745,0.4736647929615643,295.92262433472047,8.286591479136902,390314.0
0.0007278663199469033,184878.0,389737.0,1.0,0.9941129207106327,0.4743660468469763,296.14159790373134,8.297454960552589,389737.0
0.0007912023508176742,184878.0,389160.0,1.0,0.9926411508882909,0.47506938020351525,296.3610582942123,8.308347293049385,389160.0
0.0008317180182686346,184878.0,388583.0,1.0,0.9911693810659491,0.4757748022944905,296.5810073126747,8.319268592937673,388583.0
0.0008637309030624209,184878.0,388006.0,1.0,0.9896976112436072,0.4764823224383128,296.80144677502904,8.330218977139895,388006.0
0.0008916390004289642,184878.0,387429.0,1.0,0.9882258414212655,0.47719195000890485,297.0223785066477,8.341198563246955,387429.0
0.0009190400391625406,184878.0,386852.0,1.0,0.9867540715989236,0.4779036944361151,297.2438043424288,8.35220746945169,386852.0
0.000945040085954761,184878.0,386275.0,1.0,0.9852823017765817,0.4786175652061355,297.46572612685975,8.363245814634498,386275.0
0.0009702722942182979,184878.0,385698.0,1.0,0.98381053195424,0.47933357186192305,297.6881457140821,8.374313718296177,385698.0
0.000993380231356271,184878.0,385121.0,1.0,0.9823387621318981,0.48005172400362484,297.91106496795675,8.385411300596779,385121.0
0.0010139520930198423,184878.0,384547.0,1.0,0.9808746444923414,0.48076828060029075,298.1333228285972,8.396480750412993,384547.0
0.0010336991211776583,184878.0,383968.0,1.0,0.9793977732148095,0.48149324943745314,298.35802145995245,8.407676622352593,383968.0
0.0010510096846963668,184878.0,383391.0,1.0,0.9779260033924677,0.48221789243878965,298.58245011771635,8.418863915988481,383391.0
0.0010677373412507866,184878.0,382815.0,1.0,0.9764567842977209,0.4829434583284354,298.8069957160382,8.430061908144586,382815.0
0.0010827616783424638,184878.0,382239.0,1.0,0.9749875652029741,0.4836712109439382,299.03204867855453,8.441290084405292,382239.0
0.001099839702607014,184878.0,381660.0,1.0,0.9735106939254422,0.48440496777236286,299.25878705865745,8.452607285777658,381660.0
0.0011168738494650888,184878.0,381084.0,1.0,0.9720414748306955,0.4851371351198161,299.484863167876,8.463896360342819,381084.0
0.0011317244927748092,184878.0,380506.0,1.0,0.9705671542807586,0.48587407294497326,299.71224008692195,8.47525534995906,380506.0
0.0011480504462053121,184878.0,379929.0,1.0,0.9690953844584168,0.48661197223691793,299.9397409534404,8.486625504016413,379929.0
0.00116458798797786,184877.0,379353.0,0.9999945910275966,0.96762616536367,0.4873481954801992,300.16574144261165,8.497966168582206,379353.0
0.0011795433633912575,184877.0,378782.0,0.9999945910275966,0.9661696999068985,0.4880828550459103,300.39190067697024,8.509279144427051,378782.0
0.0011942919120642582,184877.0,378199.0,0.9999945910275966,0.9646826257189863,0.48883524282190066,300.62334105518903,8.520861367496483,378199.0
0.0012112940566477571,184877.0,377622.0,0.9999945910275966,0.9632108558966446,0.48958217476735993,300.85292706647414,8.532355855124875,377622.0
0.0012259965537696014,184877.0,377047.0,0.9999945910275966,0.9617441875294928,0.49032879190127493,301.08224135663005,8.543841768721569,377047.0
0.0012420888048536667,184877.0,376469.0,0.9999945910275966,0.960269866979556,0.4910816030005127,301.3132813500357,8.555419198060518,376469.0
0.001257895252781827,184877.0,375892.0,0.9999945910275966,0.9587980971572141,0.491835420812361,301.54445293111735,8.567008317808632,375892.0
0.00127379042852318,184877.0,375315.0,0.9999945910275966,0.9573263273348722,0.49259155642593555,301.77615740372477,8.578629262735397,375315.0
0.0012903534871565592,184877.0,374738.0,0.9999945910275966,0.9558545575125305,0.49335002054768934,302.0083968183586,8.590282165581312,374738.0
0.001307595861704369,184877.0,374161.0,0.9999945910275966,0.9543827876901886,0.49411082395011774,302.2411732365826,8.601967159851426,374161.0
0.001327354694101191,184877.0,373586.0,0.9999945910275966,0.9529161193230369,0.4948713281546953,302.47367907845404,8.613643709677778,373586.0
0.0013474026981515944,184877.0,373007.0,0.9999945910275966,0.951439248045505,0.495639492020257,302.70834538583347,8.625433960321192,373007.0
0.0013678591689684628,184877.0,372430.0,0.9999945910275966,0.9499674782231632,0.49640737856778455,302.94274529599863,8.637216037288928,372430.0
0.0013901585966475888,184877.0,371854.0,0.9999945910275966,0.9484982591284163,0.497176311132864,303.17728291102304,8.649010242785115,371854.0
0.0014119720418197088,184877.0,371276.0,0.9999945910275966,0.9470239385784796,0.4979503118973486,303.4131833204452,8.660878227325892,371276.0
0.0014338707537434841,184877.0,370699.0,0.9999945910275966,0.9455521687561377,0.4987253809694658,303.649225682352,8.672758615780406,370699.0
0.0014563648259215097,184877.0,370122.0,0.9999945910275966,0.9440803989337959,0.49950286662235693,303.88581979510246,8.684672051411459,370122.0
0.0014787220600358704,184877.0,369546.0,0.9999945910275966,0.9426111798390491,0.5002814263988786,304.12255632942697,8.696597940373056,369546.0
0.0015010694792354316,184877.0,368969.0,0.9999945910275966,0.9411394100167073,0.5010637750054883,304.36025944871585,8.708577832262685,368969.0
0.001527027206691702,184876.0,368393.0,0.9999891820551932,0.9396701909219605,0.5018444975881735,304.59645982202613,8.720528775215579,368393.0
0.0015524454586003055,184875.0,367817.0,0.9999837730827897,0.9382009718272137,0.5026276653879511,304.83321610119435,8.732513109749652,367817.0
0.0015762673648167973,184875.0,367240.0,0.9999837730827897,0.9367292020048719,0.5034173837272629,305.07259597770775,8.744593613771704,367240.0
0.0016053285529693145,184875.0,366663.0,0.9999837730827897,0.9352574321825301,0.504209587550421,305.3125406831237,8.756708013944996,366663.0
0.0016326896545450242,184873.0,366088.0,0.9999729551379829,0.9337907638153783,0.5049960665195253,305.54891229664725,8.76873074095965,366088.0
0.0016593741939083442,184873.0,365511.0,0.9999729551379829,0.9323189939930365,0.5057932592999937,305.78998876118845,8.780913145812294,365511.0
0.001689230161979263,184872.0,364935.0,0.9999675461655795,0.9308497748982897,0.5065888445887624,306.0295620962355,8.793066803088502,364935.0
0.001719234114340585,184871.0,364359.0,0.9999621371931761,0.929380555803543,0.5073869452929666,306.2697046122192,8.805254715491383,364359.0
0.0017490377174758844,184871.0,363782.0,0.9999621371931761,0.9279087859812012,0.5081917192164538,306.5124978255618,8.817540332201213,363782.0
0.0017815794847184118,184871.0,363205.0,0.9999621371931761,0.9264370161588593,0.5089990501232087,306.75586937388454,8.829860723183916,363205.0
0.0018171988692308682,184871.0,362628.0,0.9999621371931761,0.9249652463365174,0.5098089502189571,306.9998215568355,8.842216038035506,362628.0
0.0018521467974327683,184871.0,362052.0,0.9999621371931761,0.9234960272417707,0.5106200214333853,307.2439323768841,8.854584922961658,362052.0
0.0018931155801726553,184870.0,361476.0,0.9999567282207726,0.922026808147024,0.5114309110425035,307.4869631779982,8.86694672162827,361476.0
0.0019326125233850829,184870.0,360899.0,0.9999567282207726,0.9205550383246821,0.5122485792423919,307.7326678215054,8.879407538678818,360899.0
0.0019705684531467977,184869.0,360323.0,0.9999513192483692,0.9190858192299354,0.513064666979349,307.9768691311172,8.891839902600196,360323.0
0.002011780110342508,184869.0,359746.0,0.9999513192483692,0.9176140494075935,0.5138875762343431,308.2237536772057,8.904371819237499,359746.0
0.002057773647293194,184869.0,359169.0,0.9999513192483692,0.9161422795852517,0.5147131294738688,308.47123290949617,8.916939574625896,359169.0
0.002101377631331616,184868.0,358595.0,0.9999459102759658,0.914678161945695,0.5155342377891493,308.7163479176386,8.929435246155892,358595.0
0.0021440303080771206,184867.0,358017.0,0.9999405013035624,0.9132038413957582,0.5163637480901745,308.9637794599656,8.94205433506366,358017.0
0.002187329010507899,184866.0,357441.0,0.999935092331159,0.9117346223010113,0.5171930472441606,309.21094720568834,8.954665750357037,357441.0
0.002233105190660328,184864.0,356866.0,0.9999242743863521,0.9102679539338596,0.518020769700672,309.4566069256642,8.967248720414858,356866.0
0.0022826308623463526,184864.0,356289.0,0.9999242743863521,0.9087961841115179,0.5188596897462453,309.7070836859401,8.979997437702442,356289.0
0.0023337159976328584,184864.0,355712.0,0.9999242743863521,0.907324414289176,0.5197013314141777,309.95816964640653,8.992782940235367,355712.0
0.0023804624083717547,184864.0,355135.0,0.9999242743863521,0.9058526444668341,0.5205457079702085,310.20986728053094,9.00560538939454,355135.0
0.002424145409127033,184864.0,354559.0,0.9999242743863521,0.9043834253720874,0.5213913622274431,310.4617412610031,9.018442628366586,354559.0
0.002468708122190833,184863.0,353983.0,0.9999188654139487,0.9029142062773406,0.5222369435820364,310.71254899248277,9.03127412503998,353983.0
0.002516278731791908,184863.0,353407.0,0.9999188654139487,0.9014449871825938,0.5230881108749968,310.96565315269874,9.044185758734358,353407.0
0.0025645035919283276,184860.0,352832.0,0.9999026384967384,0.8999783188154421,0.5239320696535462,311.2138852881641,9.05698336678606,352832.0
0.002611941587773651,184860.0,352255.0,0.9999026384967384,0.8985065489931002,0.5247902797689175,311.4686679556743,9.069992456091954,352255.0
0.002660405053417053,184859.0,351679.0,0.999897229524335,0.8970373298983535,0.5256469678314599,311.72194793815186,9.082973729880417,351679.0
0.002706312223153544,184858.0,351103.0,0.9998918205519316,0.8955681108036068,0.5265064667633145,311.9758523234335,9.09599286269601,351103.0
0.0027523141859703802,184858.0,350526.0,0.9998918205519316,0.8940963409812649,0.5273731477836167,312.23251809025885,9.109116013558856,350526.0
0.0028055081301587522,184857.0,349950.0,0.9998864115795281,0.8926271218865182,0.5282383197599657,312.4876814785952,9.122211491029667,349950.0
0.0028555633684930882,184857.0,349373.0,0.9998864115795281,0.8911553520641763,0.5291107212062752,312.74561642016414,9.135411570254663,349373.0
0.002904901634832981,184857.0,348796.0,0.9998864115795281,0.8896835822418345,0.5299860090138648,313.0041911353201,9.148650432393936,348796.0
0.002955280334146437,184857.0,348219.0,0.9998864115795281,0.8882118124194927,0.5308641975308642,313.2634082732341,9.1619282507417,348219.0
0.0030067116399406686,184857.0,347643.0,0.9998864115795281,0.8867425933247459,0.5317437716277906,313.5228195710776,9.175222086073768,347643.0
0.0030624732518893206,184857.0,347066.0,0.9998864115795281,0.885270823502404,0.5326277998997309,313.7833284386928,9.188578272683262,347066.0
0.0031195717830778133,184857.0,346489.0,0.9998864115795281,0.8837990536800623,0.5335147724747394,314.04448776465244,9.201973941408223,346489.0
0.003172848585140806,184857.0,345912.0,0.9998864115795281,0.8823272838577204,0.5344047040865885,314.3063002603265,9.21540926976756,345912.0
0.0032243504608880404,184857.0,345335.0,0.9998864115795281,0.8808555140353785,0.5352976095675214,314.56876865293435,9.228884436395742,345335.0
0.0032792202811688697,184857.0,344758.0,0.9998864115795281,0.8793837442130368,0.5361935038490767,314.83189568566394,9.24239962096922,344758.0
0.003332239906334379,184856.0,344182.0,0.9998810026071246,0.87791452511829,0.5370879360338425,315.09352183672706,9.255887645291727,344182.0
0.0033823490513916984,184855.0,343606.0,0.9998755936347212,0.8764453060235432,0.537985366960996,315.35580700151206,9.269415796201192,343606.0
0.0034361483458006568,184855.0,343029.0,0.9998755936347212,0.8749735362012014,0.5388902979048419,315.62092139020115,9.283051868512525,343029.0
0.0034861971279001695,184854.0,342453.0,0.9998701846623178,0.8735043171064546,0.5397937819204387,315.88453549219656,9.296660946307332,342453.0
0.0035418762138361326,184854.0,341876.0,0.9998701846623178,0.8720325472841128,0.5407048169511752,316.1509896120721,9.310378568906273,341876.0
0.0035999703884571754,184854.0,341299.0,0.9998701846623178,0.870560777461771,0.5416189323730805,316.41811914758205,9.324137309477885,341299.0
0.0036542791510760044,184854.0,340722.0,0.9998701846623178,0.8690890076394292,0.542536143835737,316.6859269569952,9.337937355524911,340722.0
0.0037063794600017343,184854.0,340146.0,0.9998701846623178,0.8676197885446824,0.5434548693796193,316.9539500058331,9.35175487092869,340146.0
0.003768620477187689,184854.0,339569.0,0.9998701846623178,0.8661480187223406,0.5443783148638421,317.2231218178156,9.365638022759137,339569.0
0.0038286711936693046,184854.0,338992.0,0.9998701846623178,0.8646762488999987,0.5453049039505357,317.49298057574805,9.379563049289128,338992.0
0.003888863477126197,184854.0,338416.0,0.9998701846623178,0.863207029805252,0.5462330386270152,317.763059719594,9.393505899818594,338416.0
0.003954725104316966,184854.0,337838.0,0.9998701846623178,0.8617327092553151,0.5471675773595629,318.0347706544438,9.40753949644903,337838.0
0.0040127732999847635,184854.0,337261.0,0.9998701846623178,0.8602609394329732,0.5481036941715763,318.3067078815534,9.421591305060758,337261.0
0.004077647540232741,184853.0,336685.0,0.9998647756899144,0.8587917203382265,0.5490384186999718,318.5771473473041,9.435616715919727,336685.0
0.004144120145711045,184853.0,336108.0,0.9998647756899144,0.8573199505158846,0.549980958501434,318.85048239239904,9.449753889456915,336108.0
0.004210188321653556,184852.0,335532.0,0.999859366717511,0.8558507314211379,0.5509221177115744,319.1223202836492,9.463864792815528,335532.0
0.004273315851899403,184852.0,334955.0,0.999859366717511,0.854378961598796,0.5518711468704751,319.39706517327465,9.478088122268948,334955.0
0.0043336494950624365,184851.0,334379.0,0.9998539577451075,0.8529097425040493,0.5528188074011825,319.67031355275384,9.492285312047592,334379.0
0.004400651553739004,184850.0,333803.0,0.9998485487727041,0.8514405234093025,0.55376973843854,319.94427038214656,9.506525878230402,333803.0
0.004469625712402791,184849.0,333227.0,0.9998431398003007,0.8499713043145557,0.5547239569422646,320.2189387229004,9.520810022545088,333227.0
0.0045323956217089905,184849.0,332651.0,0.9998431398003007,0.848502085219809,0.555684486143135,320.4960554812998,9.535182948782738,332651.0
0.004602724429006475,184848.0,332075.0,0.9998377308278973,0.8470328661250621,0.5566453361439434,320.77215760650995,9.549554919713264,332075.0
0.004671641185331538,184847.0,331499.0,0.9998323218554939,0.8455636470303154,0.5576095252172706,321.0489805432137,9.563971081718888,331499.0
0.004737842246765515,184847.0,330922.0,0.9998323218554939,0.8440918772079736,0.5585817806008667,321.32875127932203,9.578502045763951,330922.0
0.004804140706670115,184846.0,330346.0,0.9998269128830904,0.8426226581132268,0.5595527113995629,321.6070280503266,9.59300735014664,330346.0
0.004878603337693209,184844.0,329771.0,0.9998160949382836,0.8411559897460751,0.5605223018397615,321.8838056834623,9.60748678921407,329771.0
0.004951308436024992,184843.0,329195.0,0.9998106859658802,0.8396867706513282,0.561500022782849,322.1635434236006,9.622081797107155,329195.0
0.005025915935517981,184841.0,328620.0,0.9997998680210733,0.8382201022841765,0.5624764165297303,322.4417828194291,9.636651082973223,328620.0
0.005099627130017781,184840.0,328044.0,0.9997944590486699,0.8367508831894298,0.5634609991342625,322.72299434650927,9.65133664081567,328044.0
0.005179387732365391,184839.0,327468.0,0.9997890500762665,0.835281664094683,0.5644490454029096,323.0049490382901,9.666067864943244,327468.0
0.005260772933791601,184838.0,326892.0,0.9997836411038631,0.8338124449999362,0.5654405736451182,323.28765016841635,9.68084497156976,326892.0
0.005339336144457272,184836.0,326317.0,0.9997728231590562,0.8323457766327845,0.5664308019502509,323.56885466508754,9.695596652710062,326317.0
0.005414204621991939,184836.0,325740.0,0.9997728231590562,0.8308740068104427,0.5674341499355314,323.85530493954224,9.710537704163999,325740.0
0.0054914290727119605,184834.0,325166.0,0.9997620052142494,0.829409889170886,0.5684296636179674,324.13751471430055,9.725355942280052,325166.0
0.005567699022665252,184832.0,324591.0,0.9997511872694426,0.8279432208037343,0.5694304524771173,324.4209755737914,9.740246588787741,324591.0
0.005646308567986218,184831.0,324015.0,0.9997457782970391,0.8264740017089874,0.5704396401401169,324.707451603344,9.755256029414385,324015.0
0.005736463007445466,184831.0,323438.0,0.9997457782970391,0.8250022318866457,0.5714572808389862,324.9969548699659,9.770384922072203,323438.0
0.005816320002883431,184830.0,322862.0,0.9997403693246357,0.8235330127918989,0.5724736884489349,325.28497019692844,9.785489149909818,322862.0
0.005902645755593046,184830.0,322285.0,0.9997403693246357,0.8220612429695571,0.5734986114774191,325.5760254677414,9.800713576040755,322285.0
0.005986313024999434,184830.0,321708.0,0.9997403693246357,0.8205894731472152,0.5745272110112276,325.8678634219784,9.815986187039481,321708.0
0.006064855709290802,184829.0,321132.0,0.9997349603522323,0.8191202540524685,0.5755546006003762,326.15821509562954,9.831234384375286,321132.0
0.006148562626361504,184829.0,320555.0,0.9997349603522323,0.8176484842301266,0.5765906006769509,326.45162602217215,9.84660391537128,320555.0
0.006227509976004307,184828.0,319979.0,0.9997295513798289,0.8161792651353799,0.5776254066673125,326.7435518315641,9.861949204687713,319979.0
0.006312029035283509,184826.0,319404.0,0.999718733435022,0.8147125967682282,0.578659002391955,327.0339871880222,9.877270042079722,319404.0
0.0063998945834111065,184824.0,318829.0,0.9997079154902152,0.8132459284010765,0.5796963262438486,327.3252110695005,9.8926396414374,318829.0
0.006478055772948398,184824.0,318252.0,0.9997079154902152,0.8117741585787346,0.5807473323027035,327.62180169444594,9.908205390322715,318252.0
0.006558383713737758,184824.0,317676.0,0.9997079154902152,0.8103049394839879,0.5818003248592906,327.91868388640734,9.923793872223365,317676.0
0.006649883835130642,184823.0,317100.0,0.9997025065178118,0.808835720389241,0.5828539892778304,328.2145987921568,9.9393855782425,317100.0
0.006730926053933913,184823.0,316523.0,0.9997025065178118,0.8073639505668992,0.5839164926403453,328.51361907730177,9.955101337459812,316523.0
0.006818423090370136,184820.0,315949.0,0.9996862796006015,0.8058998329273426,0.584967827086017,328.806559852503,9.970645120295844,315949.0
0.006907141837887735,184819.0,315373.0,0.9996808706281981,0.8044306138325957,0.5860330465829351,329.10490977257007,9.986387476547906,315373.0
0.006994983427255829,184816.0,314799.0,0.9996646437109877,0.8029664961930391,0.5870920809786562,329.39946878850816,10.002031614432019,314799.0
0.007083145594229462,184816.0,314222.0,0.9996646437109877,0.8014947263706973,0.5881701472207548,329.70176512835206,10.017950076154806,314222.0
0.007172455753007017,184815.0,313646.0,0.9996592347385843,0.8000255072759505,0.5892471129872532,330.0025836061578,10.033845309038803,313646.0
0.0072608847740535404,184815.0,313069.0,0.9996592347385843,0.7985537374536087,0.5903331214524593,330.30654828694554,10.049867010300241,313069.0
0.007352459674203539,184812.0,312495.0,0.999643007821374,0.7970896198140519,0.5914078625258005,330.60440089193946,10.065715457802476,312495.0
0.0074446965485831604,184810.0,311920.0,0.9996321898765672,0.7956229514469002,0.5924916645293665,330.9054011672705,10.081690570457907,311920.0
0.007536530219933125,184809.0,311344.0,0.9996267809041638,0.7941537323521535,0.5935845881083304,331.2095622769856,10.097793074383137,311344.0
0.007627931874334158,184807.0,310769.0,0.999615962959357,0.7926870639850018,0.5946764316904196,331.51224307921325,10.113872534615627,310769.0
0.007726745581383311,184806.0,310194.0,0.9996105539869535,0.79122039561785,0.595775546915801,331.8175639162603,10.130051954107454,310194.0
0.007821096049855201,184806.0,309617.0,0.9996105539869535,0.7897486257955082,0.5968858299124402,332.1266064060488,10.14638851350612,309617.0
0.007929617081122067,184804.0,309042.0,0.9995997360421467,0.7882819574283564,0.597989917228079,332.43184062814726,10.162626596940147,309042.0
0.008035041507419238,184802.0,308467.0,0.9995889180973399,0.7868152890612047,0.599098120706591,332.7379312654622,10.178917954126785,308467.0
0.008139286319853108,184801.0,307891.0,0.9995835091249364,0.785346069966458,0.600215660737079,333.04722535981733,10.19533923576443,307891.0
0.008242860460608023,184798.0,307317.0,0.9995672822077262,0.7838819523269013,0.6013269685699132,333.3526978108664,10.211661557330576,307317.0
0.008349836620962697,184797.0,306741.0,0.9995618732353228,0.7824127332321544,0.6024528837031894,333.66373124704205,10.2281910504862,306741.0
0.008456256700262071,184796.0,306165.0,0.9995564642629193,0.7809435141374077,0.6035830352914279,333.97564370731396,10.244775220994615,306165.0
0.008561061881651141,184796.0,305588.0,0.9995564642629193,0.7794717443150658,0.6047226985352828,334.2907952644316,10.26149138183469,305588.0
0.008673319070201578,184796.0,305011.0,0.9995564642629193,0.7779999744927241,0.6058666736609499,334.60684067401985,10.278263103868115,305011.0
0.008782492609349811,184794.0,304436.0,0.9995456463181125,0.7765333061255724,0.6070044278600428,334.91905923964487,10.294935931852203,304436.0
0.008887038775131969,184791.0,303862.0,0.9995294194009022,0.7750691884860156,0.6081411956743522,335.2298013152459,10.311586686595902,303862.0
0.009000918070178051,184790.0,303287.0,0.9995240104284988,0.7736025201188639,0.6092908697042735,335.5456150997249,10.32841884527514,303287.0
0.009118550356480081,184790.0,302710.0,0.9995240104284988,0.7721307502965221,0.6104522480261636,335.8652570790179,10.345414540452788,302710.0
0.0092345421285508,184789.0,302134.0,0.9995186014560954,0.7706615312017753,0.6116127281272548,336.1834386431123,10.362389182256289,302134.0
0.009354717964348098,184788.0,301558.0,0.999513192483692,0.7691923121070285,0.6127776414487429,336.50253313761294,10.379420760819682,301558.0
0.009474281271983603,184787.0,300982.0,0.9995077835112886,0.7677230930122817,0.6139470134426643,336.82254492986306,10.396509567448122,300982.0
0.009595090164383308,184782.0,300410.0,0.9994807386492714,0.7662640768279152,0.615099364202257,337.13393587122226,10.41334170948419,300410.0
0.009714396553876944,184776.0,299839.0,0.9994482848148509,0.7648076113711436,0.6162507212203883,337.4438371999383,10.430151587181278,299839.0
0.009832312803821429,184773.0,299265.0,0.9994320578976406,0.7633434937315869,0.6174226855796702,337.7618123509708,10.447254522589395,299265.0
0.009956331522197152,184771.0,298690.0,0.9994212399528337,0.7618768253644352,0.618604573303425,338.08310459685373,10.464494234151932,298690.0
0.010082489564431989,184769.0,298115.0,0.9994104220080269,0.7604101569972834,0.6197910202438657,338.40532947848027,10.481792305929224,298115.0
0.010202990531875202,184768.0,297539.0,0.9994050130356235,0.7589409379025367,0.6209875007982147,338.73089399622904,10.49922844602493,297539.0
0.010324926641258243,184767.0,296963.0,0.99939960406322,0.75747171880779,0.6221886228250657,339.0574070471237,10.516723901046207,296963.0
0.0104565384373319,184764.0,296389.0,0.9993833771460098,0.7560076011682333,0.6233834589002966,339.3800545115378,10.534119464013752,296389.0
0.010591533632993182,184761.0,295816.0,0.9993671502287995,0.7545460342562716,0.6245808205100468,339.7030717821915,10.551543536960331,295816.0
0.010719314370549368,184757.0,295243.0,0.9993455143391858,0.75308446734431,0.6257794426963552,340.0251939110549,10.56897765001101,295243.0
0.010862225839829358,184754.0,294669.0,0.9993292874219756,0.7516203497047533,0.6269882478306167,340.3506820026923,10.586551539628978,294669.0
0.010994567468902046,184750.0,294096.0,0.9993076515323619,0.7501587827927917,0.6281962352429139,340.6747047567934,10.604105121128859,294096.0
0.011130681475366553,184749.0,293520.0,0.9993022425599585,0.7486895636980448,0.6294255928045789,341.00696304482284,10.62196074496691,293520.0
0.011257538125906503,184744.0,292948.0,0.9992751976979414,0.7472305475136782,0.6306375192866993,341.3304818839096,10.639554581396176,292948.0
0.011398337726513058,184743.0,292372.0,0.999269788725538,0.7457613284189315,0.6318765134828233,341.66469342084093,10.657532816216499,292372.0
0.011539505240523537,184742.0,291796.0,0.9992643797531345,0.7442921093241848,0.6331203991829909,341.9998958857504,10.675573203199967,291796.0
0.01168431291753896,184741.0,291220.0,0.9992589707807311,0.7428228902294379,0.6343692054117163,342.3360941778793,10.69367607032908,291220.0
0.011822599156908312,184739.0,290645.0,0.9992481528359243,0.7413562218622862,0.6356173338608956,342.67084883329073,10.711760195725178,290645.0
0.011959608938296704,184732.0,290075.0,0.9992102900291002,0.7399023071331097,0.6368421959837973,342.99436226923444,10.729498420156974,290075.0
0.012101867132157515,184730.0,289500.0,0.9991994720842934,0.738435638765958,0.6381001727115717,343.3311009870918,10.747707503178342,289500.0
0.012253564437347706,184729.0,288924.0,0.99919406311189,0.7369664196712112,0.6393688305575168,343.67130328274357,10.766062129344757,288924.0
0.012400080425010427,184727.0,288350.0,0.9991832451670831,0.7355023020316546,0.6406346453962198,344.0094710034994,10.784366493163624,288350.0
0.012540122471408694,184724.0,287776.0,0.9991670182498729,0.7340381843920979,0.6419020349160458,344.346789585487,10.802684502425913,287776.0
0.01268660449452284,184722.0,287201.0,0.999156200305066,0.7325715160249461,0.6431802117680648,344.68759054863074,10.82114925994246,287201.0
0.012823963796079266,184720.0,286626.0,0.9991453823602592,0.7311048476577944,0.6444635169175162,345.0294202600752,10.83967881940998,286626.0
0.012979592020688952,184717.0,286052.0,0.9991291554430489,0.7296407300182377,0.645746227958553,345.3698104783046,10.858190483059852,286052.0
0.013121502793361328,184713.0,285479.0,0.9991075195534352,0.7281791631062761,0.6470283278279664,345.7087553390674,10.876684029790635,285479.0
0.013278940961047416,184711.0,284904.0,0.9990967016086284,0.7267124947391244,0.6483271558138882,346.05369132193795,10.895409514105284,284904.0
0.013430931176105526,184708.0,284330.0,0.9990804746914181,0.7252483770995677,0.6496254352337073,346.3971923834655,10.914117583574225,284330.0
0.013578239035596703,184705.0,283756.0,0.9990642477742079,0.723784259460011,0.650928967140783,346.7417408904476,10.93289182798882,283756.0
0.013737359233202984,184702.0,283182.0,0.9990480208569976,0.7223201418204542,0.6522377834749383,347.0873421537986,10.951732604816742,283182.0
0.013901744398658726,184701.0,282606.0,0.9990426118845942,0.7208509227257075,0.6535636186068237,347.4389930913036,10.970808673911938,282606.0
0.01405176685261674,184699.0,282031.0,0.9990317939397874,0.7193842543585558,0.6548890015636579,347.78922309324946,10.9898683854269,282031.0
0.014211181591726917,184695.0,281458.0,0.9990101580501737,0.7179226874465942,0.6562080310383788,348.13552288244495,11.00882692735631,281458.0
0.014374132929725933,184694.0,280883.0,0.9990047490777703,0.7164560190794425,0.6575478046019161,348.4897907014584,11.028073813677663,280883.0
0.01454477955542266,184693.0,280307.0,0.9989993401053667,0.7149867999846956,0.6588954253728947,348.8457722237666,11.04742335684785,280307.0
0.014711341604260872,184691.0,279732.0,0.9989885221605599,0.7135201316175439,0.6602426608325112,349.20033973611385,11.066757245369878,279732.0
0.01488024466301953,184686.0,279160.0,0.9989614772985428,0.7120611154331773,0.661577589912595,349.548449818616,11.085904483843535,279160.0
0.015047109696410684,184684.0,278585.0,0.998950659353736,0.7105944470660256,0.6629359082506237,349.9052089914613,11.105377179299495,278585.0
0.01520363732593652,184682.0,278010.0,0.9989398414089291,0.7091277786988739,0.6642998453293048,350.2630783212908,11.124920153097063,278010.0
0.015376162461151909,184680.0,277435.0,0.9989290234641223,0.7076611103317221,0.6656694360841278,350.62206356134624,11.14453379279717,277435.0
0.01555091272677486,184674.0,276864.0,0.9988965696297017,0.7062046448749506,0.6670206310679612,350.9720331049821,11.163873698527208,276864.0
0.015734682847650113,184667.0,276294.0,0.9988587068228778,0.704750730145774,0.6683713725234713,351.32056052811924,11.183197020444398,276294.0
0.015923115501485237,184665.0,275719.0,0.998847888878071,0.7032840617786223,0.6697579782314603,351.6828927458835,11.203023158342218,275719.0
0.01611608642370164,184662.0,275145.0,0.9988316619608607,0.7018199441390657,0.6711443057297062,352.0438179895494,11.222834720636895,275145.0
0.016285766864236665,184658.0,274572.0,0.998810026071247,0.700358377227104,0.6725303381262474,352.4033302591174,11.242631487138858,274572.0
0.016457175886670877,184657.0,273996.0,0.9988046170988436,0.6988891581323573,0.6739404954816859,352.77164012171056,11.262762147054676,273996.0
0.016640552294146824,184652.0,273425.0,0.9987775722368264,0.6974326926755857,0.6753296150681174,353.1302367138193,11.282581694169437,273425.0
0.016835817413954134,184651.0,272849.0,0.998772163264423,0.695963473580839,0.676751609864797,353.50086493974044,11.302859533934033,272849.0
0.017026490930549816,184647.0,272276.0,0.9987505273748093,0.6945019066688773,0.6781611306174616,353.86497182558554,11.322948491908042,272276.0
0.017203911633470303,184642.0,271704.0,0.9987234825127922,0.6930428904845107,0.6795704148632336,354.2276676675287,11.343023221419156,271704.0
0.017392854384088306,184640.0,271129.0,0.9987126645679854,0.691576222117359,0.6810042452116889,354.5992439866253,11.363436633832318,271129.0
0.017579497037749855,184638.0,270554.0,0.9987018466231785,0.6901095537502072,0.6824441701102183,354.9720083060219,11.383925578100037,270554.0
0.01776865900407089,184636.0,269979.0,0.9986910286783717,0.6886428853830555,0.6838902284992536,355.3459669521918,11.404490481562572,269979.0
0.01797254123551002,184633.0,269405.0,0.9986748017611614,0.6871787677434988,0.6853362038566471,355.71853947561453,11.42504284305671,269405.0
0.018171830224562625,184631.0,268830.0,0.9986639838163546,0.6857120993763471,0.6867946285756797,356.09490177276666,11.44576074211431,268830.0
0.01838896780138366,184628.0,268256.0,0.9986477568991443,0.6842479817367905,0.6882530120481928,356.46988247036205,11.466466532920656,268256.0
0.01859409575742027,184624.0,267683.0,0.9986261210095306,0.6827864148248288,0.6897113376643268,356.8434754972251,11.487159997424524,267683.0
0.01881858254965628,184617.0,267113.0,0.9985882582027067,0.6813325000956523,0.6911569260949486,357.2104676865883,11.507661303421525,267113.0
0.01902729442953685,184610.0,266544.0,0.9985503953958826,0.6798811360940709,0.6926060988054505,357.5779801672276,11.52820216687685,266544.0
0.01921263365423072,184605.0,265972.0,0.9985233505338655,0.6784221199097042,0.6940768201164033,357.95258258264965,11.549037023343459,265972.0
0.019433180019854144,184599.0,265401.0,0.998490896699445,0.6769656544529327,0.6955474922852589,358.32578965009833,11.569859551499233,265401.0
0.019649187336188735,184597.0,264826.0,0.9984800787546382,0.675498986085781,0.6970501385815592,358.7106974035484,11.591122997345568,264826.0
0.019846831097360153,184591.0,264255.0,0.9984476249202177,0.6740425206290094,0.6985336133658776,359.0863659689974,11.612103156521087,264255.0
0.02006083952008725,184585.0,263684.0,0.9984151710857971,0.6725860551722379,0.7000235129928247,359.4632667544496,11.63316236262886,263684.0
0.020265058523948526,184580.0,263112.0,0.99838812622378,0.6711270389878713,0.7015263461947764,359.84403980145595,11.654392443074302,263112.0
0.02047867887131613,184576.0,262539.0,0.9983664903341664,0.6696654720759097,0.7030422146804856,360.2287048763123,11.675794541817686,262539.0
0.020708630343687712,184576.0,261962.0,0.9983664903341664,0.6681937022535678,0.7045907421687115,360.62520825163085,11.697645310556023,261962.0
0.020926446013710645,184567.0,261394.0,0.9983178095825355,0.6667448889795814,0.7060873623725105,360.99920527752846,11.718751179261702,261394.0
0.021156128101605227,184564.0,260820.0,0.9983015826653252,0.6652807713400247,0.7076297829921019,361.3903475027443,11.740490790906792,260820.0
0.021372916388643484,184558.0,260249.0,0.9982691288309047,0.6638243058832533,0.709159305127013,361.7748236619448,11.762036060465853,260249.0
0.021621354847990788,184554.0,259676.0,0.998247492941291,0.6623627389712916,0.7107087293396386,362.16589960203,11.783849172148578,259676.0
0.02184633084448156,184548.0,259106.0,0.9982150391068705,0.6609088242421151,0.7122490409330544,362.5522527941501,11.805521369343413,259106.0
0.022091268399203935,184543.0,258534.0,0.9981879942448534,0.6594498080577484,0.7138055342817579,362.94326652103416,11.827408606563477,258534.0
0.022334655118463706,184540.0,257960.0,0.9981717673276431,0.6579856904181918,0.7153822298030702,363.3409372584633,11.849567034639996,257960.0
0.02258623386861136,184540.0,257383.0,0.9981717673276431,0.65651392059585,0.7169859703243804,363.74797726401334,11.872092297944617,257383.0
0.022824676557988442,184536.0,256810.0,0.9981501314380294,0.6550523536838884,0.7185701491374946,364.1456590998123,11.894329415439307,256810.0
0.023060467881456062,184532.0,256237.0,0.9981284955484158,0.6535907867719267,0.7201614130668093,364.544682962246,11.916652777431963,256237.0
0.02331244719530403,184526.0,255666.0,0.9980960417139951,0.6521343213151551,0.721746340929181,364.93967351645676,11.93887402657188,255666.0
0.023564570045258353,184524.0,255091.0,0.9980852237691883,0.6506676529480034,0.7233653872539604,365.3467869266812,11.961560287233663,255091.0
0.02381734769924749,184518.0,254520.0,0.9980527699347678,0.6492111874912319,0.7249646393210749,365.74448091289923,11.983955623990452,254520.0
0.024081172614697933,184515.0,253946.0,0.9980365430175575,0.6477470698516752,0.7265914800784419,366.1516447411833,12.006723803081664,253946.0
0.024344739634995904,184508.0,253376.0,0.9979986802107336,0.6462931551224987,0.7281984086890629,366.54935819122863,12.02919965271064,253376.0
0.02460628301218818,184501.0,252806.0,0.9979608174039096,0.6448392403933222,0.729812583562099,366.94843163555123,12.051763391947567,252806.0
0.024881508821144597,184492.0,252238.0,0.9979121366522788,0.6433904271193358,0.7314203252483765,367.3434341943837,12.074223723578971,252238.0
0.02514173295378072,184484.0,251670.0,0.9978688648730514,0.6419416138453494,0.7330392974927484,367.74178679972204,12.096827509121567,251670.0
0.02541561000797766,184479.0,251098.0,0.9978418200110343,0.6404825976609828,0.7346892448366773,368.15042740464855,12.119850002555152,251098.0
0.025713820549383815,184475.0,250525.0,0.9978201841214206,0.6390210307490212,0.7363536573196288,368.56321158525645,12.14306018868159,250525.0
0.025989453215460687,184469.0,249954.0,0.9977877302870001,0.6375645652922496,0.7380117941701273,368.9719469807552,12.16616862109371,249954.0
0.02626846263828207,184465.0,249381.0,0.9977660943973864,0.6361029983802879,0.7396914760948108,369.38758525135796,12.18956302980619,249381.0
0.02656346138997717,184456.0,248813.0,0.9977174136457556,0.6346541851063016,0.741343900841194,369.7909281926252,12.212563480563372,248813.0
0.02685501172128136,184452.0,248240.0,0.9976957777561419,0.6331926181943399,0.7430389945214309,370.2094388551796,12.23614358085466,248240.0
0.027148271854586417,184447.0,247668.0,0.9976687328941247,0.6317336020099733,0.7447348870261802,370.6266527211958,12.259720074781812,247668.0
0.02744299246380732,184441.0,247097.0,0.9976362790597042,0.6302771365532018,0.7464315633131928,371.0425635544372,12.28329275663792,247097.0
0.027734822113226337,184431.0,246530.0,0.99758218933567,0.6288308740068105,0.7481077353668925,371.4488628888926,12.30656600015348,246530.0
0.028032012865765007,184428.0,245956.0,0.9975659624184597,0.6273667563672538,0.7498414350534242,371.8759957082911,12.330623326406174,245956.0
0.028319883960278437,184422.0,245385.0,0.9975335085840392,0.6259102909104822,0.7515618314077878,372.2963014480362,12.354480851507699,245385.0
0.028622922262969436,184414.0,244816.0,0.9974902368048119,0.6244589269089008,0.7532759296777989,372.71252634651495,12.37823604807053,244816.0
0.02894234983694334,184407.0,244247.0,0.9974523739979879,0.6230075629073193,0.755002108521292,373.1322471002552,12.402143712432679,244247.0
0.029264695707678246,184394.0,243683.0,0.9973820573567433,0.6215689525437131,0.7566961995707538,373.53746669330184,12.42559206070977,243683.0
0.029566357092233264,184389.0,243111.0,0.9973550124947262,0.6201099363593465,0.7584560139195676,373.9665037815755,12.449935193939174,243111.0
0.02988138825561235,184380.0,242543.0,0.9973063317430955,0.6186611230853601,0.7601950994256689,374.3858603527981,12.473976105538032,242543.0
0.0302036140773233,184372.0,241974.0,0.9972630599638681,0.6172097590837786,0.7619496309520858,374.8095214344187,12.498215210769306,241974.0
0.030527108518090873,184359.0,241410.0,0.9971927433226235,0.6157711487201725,0.7636759040636262,375.2206364224469,12.522048627137512,241410.0
0.03083826088995549,184353.0,240839.0,0.997160289488203,0.6143146832634009,0.7654615739145239,375.6529482592466,12.546686761241155,240839.0
0.031185397676318408,184349.0,240266.0,0.9971386535985893,0.6128531163514392,0.7672704419268644,376.09246030567476,12.571628844870647,240266.0
0.031498067105490905,184341.0,239697.0,0.997095381819362,0.6114017523498578,0.7690584362757982,376.5222452943742,12.596266887063313,239697.0
0.031801017257305504,184328.0,239133.0,0.9970250651781175,0.6099631419862516,0.7708179130442055,376.9394172484649,12.620496190939571,239133.0
0.03212341025555176,184318.0,238566.0,0.9969709754540832,0.6085168794398602,0.7726079994634608,377.36661384535086,12.645131386421577,238566.0
0.0324687443040125,184316.0,237991.0,0.9969601575092764,0.6070502110727085,0.7744662613292099,377.81810891373993,12.670688411819386,237991.0
0.03278842585171412,184310.0,237420.0,0.9969277036748558,0.6055937456159369,0.7763035970010951,378.25985243384184,12.695940638353504,237420.0
0.033125146814586795,184303.0,236851.0,0.9968898408680319,0.6041423816143555,0.7781389987798236,378.6995535937662,12.721149584938251,236851.0
0.03345402250104688,184298.0,236279.0,0.9968627960060148,0.6026833654299889,0.7800016082681914,379.14738084366496,12.746715343678307,236279.0
0.03377680328497235,184292.0,235708.0,0.9968303421715943,0.6012268999732173,0.7818656982368015,379.59398475141387,12.772284275453453,235708.0
0.0341379701574079,184285.0,235138.0,0.9967924793647703,0.5997729852440409,0.783731255688149,380.03935908599067,12.797856191529991,235138.0
0.03451456896729729,184272.0,234574.0,0.9967221627235258,0.5983343748804346,0.785560207013565,380.46911893976846,12.822909455345842,234574.0
0.034869501107047104,184266.0,234003.0,0.9966897088891052,0.5968779094236631,0.7874514429302188,380.92063160582376,12.84879904709283,234003.0
0.03522546199696471,184255.0,233437.0,0.9966302101926676,0.5954341976048668,0.7893136049555126,381.3593820546152,12.874273302861592,233437.0
0.03560733086906806,184246.0,232869.0,0.9965815294410368,0.5939853843308803,0.7912002026890655,381.8055428417057,12.900064690832744,232869.0
0.035964889796146794,184238.0,232300.0,0.9965382576618094,0.5925340203292989,0.7931037451571245,382.2562593343087,12.926070213119056,232300.0
0.03635005832032163,184228.0,231733.0,0.9964841679377752,0.5910877577829076,0.7950011435574562,382.7028490556388,12.951974164340815,231733.0
0.03675039324782826,184222.0,231162.0,0.9964517141033546,0.589631292326136,0.7969389432519186,383.1627408866303,12.97841187054009,231162.0
0.037120252160013946,184219.0,230588.0,0.9964354871861444,0.5881671746865793,0.7989097437854529,383.63309827283194,13.005281316983787,230588.0
0.03749561188555781,184208.0,230022.0,0.9963759884897068,0.586723462867783,0.800827746911165,384.0818631529116,13.03141249201933,230022.0
0.037872376873352216,184202.0,229452.0,0.9963435346552861,0.5852695481386065,0.8027909976814323,384.5461056296308,13.058142013049288,229452.0
0.038245246582071735,184189.0,228888.0,0.9962732180140417,0.5838309377750003,0.8047123483974695,384.99241906689736,13.084282723501763,228888.0
0.03863949723148348,184184.0,228316.0,0.9962461731520246,0.5823719215906338,0.8067064945076122,385.46391398468165,13.111395513522936,228316.0
0.039046746130730586,184173.0,227750.0,0.996186674455587,0.5809282097718375,0.8086630076838639,385.919540985113,13.13797777507378,227750.0
0.03944227323645847,184167.0,227179.0,0.9961542206211664,0.5794717443150659,0.8106691199450653,386.3916404542454,13.165215154806475,227179.0
0.03985015860609563,184158.0,226611.0,0.9961055398695355,0.5780229310410795,0.8126613447714365,386.8566762128039,13.192244781542454,226611.0
0.04023969941154601,184142.0,226050.0,0.9960189963110808,0.5765919728602584,0.8146073877460739,387.30276734660384,13.218629164954368,226050.0
0.04064589297179369,184136.0,225479.0,0.9959865424766603,0.5751355074034868,0.8166436785687359,387.78022177121505,13.246218382087184,225479.0
0.041047156945131724,184131.0,224907.0,0.9959594976146432,0.5736764912191202,0.8186983953367392,388.2624811023454,13.274037325341181,224907.0
0.04146275983722038,184124.0,224337.0,0.9959216348078193,0.5722225764899438,0.8207473577697838,388.7406416905797,13.301758306421027,224337.0
0.041864173564713815,184115.0,223769.0,0.9958729540561884,0.5707737632159573,0.8227904669547614,389.2146796093075,13.329380193176089,223769.0
0.042286847334413395,184106.0,223201.0,0.9958242733045576,0.5693249499419709,0.8248439747133749,389.69055006322725,13.357122785720874,223201.0
0.042731257960413854,184096.0,222635.0,0.9957701835805234,0.5678812381231746,0.826896040604577,390.16439290527296,13.384825972364514,222635.0
0.04316926232738825,184078.0,222076.0,0.9956728220772617,0.5664553813975437,0.8288964138403069,390.61694032248016,13.411811765349459,222076.0
0.043587511764027274,184068.0,221509.0,0.9956187323532275,0.5650091188511522,0.8309730078687547,391.0953075816507,13.43980638507977,221509.0
0.04401222841549239,184051.0,220949.0,0.9955267798223694,0.5635807113979262,0.8330021860248292,391.55444747832433,13.46714185257754,220949.0
0.044452255090433074,184043.0,220380.0,0.995483508043142,0.5621293473963448,0.8351166167528814,392.0425582727602,13.495605801096566,220380.0
0.04487916489560456,184030.0,219816.0,0.9954131914018974,0.5606907370327386,0.8372002038068203,392.51745630808466,13.523633821766934,219816.0
0.04533071072011812,184014.0,219255.0,0.9953266478434427,0.5592597788519175,0.8392693439146199,392.9851257377369,13.551447296146144,219255.0
0.04580228536677434,184003.0,218689.0,0.9952671491470051,0.5578160670331211,0.8413911993744542,393.46982712591534,13.579948979055958,218689.0
0.04626616574593529,183991.0,218124.0,0.9952022414781639,0.55637490594192,0.8435156149713007,393.9534001810171,13.608464043714731,218124.0
0.04673195720291291,183978.0,217560.0,0.9951319248369195,0.5549362955783137,0.8456425813568671,394.43583867705746,13.636992329700826,217560.0
0.047201416116705544,183966.0,216995.0,0.9950670171680784,0.5534951344871124,0.8477891195649669,394.9232497206118,13.665761967305992,216995.0
0.04764632667905916,183945.0,216439.0,0.9949534287476065,0.5520769299442666,0.8498699402603043,395.3850353278203,13.693629960809071,216439.0
0.0481171568300082,183933.0,215874.0,0.9948885210787655,0.5506357688530653,0.8520386892353873,395.87628399177,13.722654884166772,215874.0
0.048555059561144545,183923.0,215308.0,0.9948344313547313,0.549192057034269,0.8542320768387612,396.3747296037116,13.751987671931973,215308.0
0.04900866214123988,183907.0,214747.0,0.9947478877962764,0.5477610988534479,0.8563891462977364,396.8576051031123,13.78081287292964,214747.0
0.04947783199419976,183887.0,214190.0,0.994639708348208,0.5463403435830071,0.858522806853728,397.33006856253843,13.809304042871993,214190.0
0.049938330783978975,183863.0,213637.0,0.9945098930105258,0.5449297912229464,0.8606327555620047,397.7920566525894,13.83745786432215,213637.0
0.05040625304987484,183849.0,213074.0,0.994434167396878,0.5434937315869351,0.862841078686278,398.2869185341059,13.866903220297251,213074.0
0.05091882685935729,183843.0,212503.0,0.9944017135624574,0.5420372661301637,0.8651313157931888,398.80864645763035,13.897417844086728,212503.0
0.0514182607811387,183826.0,211943.0,0.9943097610315992,0.5406088586769376,0.8673369726766159,399.2982423443053,13.9267823457338,211943.0
0.05188801211324768,183812.0,211380.0,0.9942340354179513,0.5391727990409264,0.8695808496546504,399.7991935168461,13.956633235138789,211380.0
0.052394651353603085,183792.0,210823.0,0.9941258559698828,0.5377520437704856,0.8717834391883239,400.283426905612,13.985912329074733,210823.0
0.05289435835962146,183776.0,210262.0,0.9940393124114281,0.5363210855896644,0.8740333488695057,400.78217615288514,14.015798089272211,210262.0
0.053389687086977146,183761.0,209700.0,0.9939581778253768,0.5348875766812483,0.8763042441583214,401.28611265626586,14.045939533157673,209700.0
0.0539155664069383,183745.0,209139.0,0.9938716342669219,0.5334566185004272,0.8785783617594041,401.7889758087965,14.076100439763575,209139.0
0.05440332662942946,183726.0,208581.0,0.993768863791257,0.5320333125023913,0.8808376601895667,402.2844515464006,14.10604162539866,208581.0
0.054946616706175094,183716.0,208015.0,0.9937147740672228,0.530589600683595,0.8831863086796625,402.80945357003833,14.13714326899305,208015.0
0.05543896765324563,183703.0,207451.0,0.9936444574259782,0.5291509903199888,0.8855247745250686,403.3281017417193,14.168085387731512,207451.0
0.055993026482858484,183694.0,206883.0,0.9935957766743474,0.5277021770460024,0.8879124916015332,403.86160653403545,14.199654284875157,206883.0
0.05655569105295206,183683.0,206317.0,0.9935362779779098,0.5262584652272061,0.8902950314322136,404.3909769747135,14.231129315910142,206317.0
0.05708387507901327,183669.0,205754.0,0.9934605523642618,0.5248224055911949,0.892663083099235,404.91299782762394,14.262387776647449,205754.0
0.05762460929651292,183649.0,205197.0,0.9933523729161934,0.523401650320754,0.8949887181586476,405.41803499735613,14.293061754684173,205197.0
0.05814360328385341,183636.0,204633.0,0.9932820562749489,0.5219630399571478,0.8973919162598408,405.94760983936357,14.32473409994638,204633.0
0.05869224221861933,183625.0,204067.0,0.9932225575785112,0.5205193281383514,0.8998270175971618,406.48583752238994,14.356801047644089,204067.0
0.059278757883833175,183609.0,203506.0,0.9931360140200565,0.5190883699575304,0.9022289269112459,407.01025913513155,14.388404997716794,203506.0
0.05985380352837623,183591.0,202947.0,0.9930386525167949,0.5176625132318994,0.904625345533563,407.5304550728109,14.419911309322002,202947.0
0.0604082269435298,183568.0,202393.0,0.9929142461515161,0.5162494101442436,0.9069878898973779,408.0367054232767,14.450947281272366,202393.0
0.06101585195954826,183549.0,201835.0,0.9928114756758512,0.5148261041462077,0.9094012435900611,408.5580605736621,14.48262578952552,201835.0
0.06162753324592069,183528.0,201279.0,0.9926978872553792,0.5134078996033619,0.9118089815629052,409.07515051427515,14.514205110963289,201279.0
0.06218213282962682,183511.0,200720.0,0.9926059347245211,0.5119820428777309,0.9142636508569151,409.60644139515597,14.546374258165214,200720.0
0.06277105690449487,183486.0,200168.0,0.9924707104144355,0.5105740412452652,0.9166600055952999,410.1149567946275,14.577753361338948,200168.0
0.06337576894837504,183473.0,199604.0,0.992400393773191,0.509135430881659,0.9191849862728202,410.6648596927099,14.61079067935222,199604.0
0.06396580119792393,183457.0,199043.0,0.9923138502147362,0.507704472700838,0.9216953120682465,411.20731616315425,14.643608697471556,199043.0
0.0645474249248276,183446.0,198477.0,0.9922543515182985,0.5062607608820416,0.9242683031283222,411.76853101673294,14.677218071312714,198477.0
0.06517762090434522,183424.0,197922.0,0.9921353541254232,0.5048451070667908,0.9267489212922262,412.2960030598227,14.709593076113203,197922.0
0.06582328345418013,183406.0,197363.0,0.9920379926221616,0.5034192503411599,0.9292825909618317,412.8389551361956,14.742633454706928,197363.0
0.06645595168586502,183395.0,196797.0,0.991978493925724,0.5019755385223635,0.9318993683846807,413.40740760768733,14.776729208444843,196797.0
0.06710901846416992,183377.0,196238.0,0.9918811324224623,0.5005496817967325,0.9344622346334553,413.9551681044448,14.810093630308547,196238.0
0.06773093028054707,183355.0,195683.0,0.9917621350295871,0.4991340279814817,0.9370001481988727,414.4920532085076,14.843105288919993,195683.0
0.06832593708757434,183337.0,195124.0,0.9916647735263254,0.4977081712558507,0.9395922592812775,415.0446072892064,14.876793894655814,195124.0
0.06894504528050789,183317.0,194567.0,0.991556594078257,0.4962874159854098,0.9421793007036137,415.5929292794625,14.910387998482125,194567.0
0.06965399698680078,183302.0,194005.0,0.9914754594922057,0.4948539070769937,0.9448313187804438,416.16039022844654,14.944796776941558,194005.0
0.0703081155100549,183277.0,193454.0,0.9913402351821201,0.4934484561721231,0.9473931787401656,416.69578785963427,14.97800681202264,193454.0
0.07096011510200222,183252.0,192902.0,0.9912050108720345,0.49204045453965745,0.9499745985007931,417.23464036974127,15.011442391804316,192902.0
0.0716087718383769,183236.0,192341.0,0.9911184673135798,0.4906094963588364,0.9526621989071493,417.8061879376015,15.046224141573086,192341.0
0.07227313951961606,183218.0,191782.0,0.9910211058103181,0.4891836396332054,0.9553451314513354,418.37354636048724,15.080915070142444,191782.0
0.07295052479245809,183190.0,191233.0,0.9908696545830223,0.48778329018352484,0.9579413594933929,418.9096294495922,15.114455415776709,191233.0
0.07361691104201067,183161.0,190685.0,0.990712794383323,0.4863854914614394,0.9605422555523507,419.4447282649099,15.148027725542843,190685.0
0.07426173421477951,183143.0,190126.0,0.9906154328800615,0.4849596347358084,0.9632717250665348,420.0196109038962,15.183230181663726,190126.0
0.07496626253164501,183117.0,189575.0,0.9904747995975725,0.4835541838309378,0.9659343267835949,420.5698468954135,15.217539743202964,189575.0
0.07566362892469616,183089.0,189026.0,0.9903233483702766,0.48215383438125725,0.9685916223165068,421.1157460108882,15.251751420340629,189026.0
0.07637601409434269,183071.0,188467.0,0.990225986867015,0.48072797765562625,0.9713689929802034,421.6983435038355,15.28747855467015,188467.0
0.07706726154234585,183050.0,187911.0,0.9901123984465431,0.47930977311278045,0.9741313707020877,422.273308897232,15.322980970652662,187911.0
0.07777964581545412,183040.0,187344.0,0.9900583087225089,0.47786351056638904,0.9770262191476642,422.8887314090888,15.360153025069728,187344.0
0.07848015168489603,183018.0,186790.0,0.9899393113296336,0.4764504074787333,0.9798061994753466,423.4644861326378,15.395816732823196,186790.0
0.07924095089964693,182983.0,186248.0,0.9897499972955138,0.47506791312221813,0.9824696104119239,423.9990999070695,15.429954220722115,186248.0
0.07996091711784799,182961.0,185693.0,0.9896309999026385,0.4736522593069673,0.9852875444954845,424.58119886358406,15.46604174618961,185693.0
0.08065340109182753,182947.0,185130.0,0.9895552742889906,0.4722161996709561,0.9882082860692486,425.19376913533296,15.50341228832227,185130.0
0.08139190458314785,182923.0,184577.0,0.9894254589513084,0.4708056473108954,0.9910389701858845,425.77437868349074,15.539596612854814,184577.0
0.08210403414642917,182897.0,184026.0,0.9892848256688195,0.4694001964060248,0.9938649973373328,426.3507082414736,15.575688764713096,184026.0
0.08286672276723735,182868.0,183478.0,0.9891279654691202,0.46800239768393936,0.9966753507232474,426.9192289368784,15.611548386517297,183478.0
0.08362342428700775,182842.0,182927.0,0.9889873321866312,0.4665969467790687,0.9995353337670219,427.50092338687386,15.648008737432837,182927.0
0.08440385639166162,182817.0,182375.0,0.9888521078765456,0.4651889451466031,1.0024235777930088,428.08885902506796,15.684795969530681,182375.0
0.08517528846244561,182785.0,181830.0,0.9886790207596361,0.4637987986073027,1.0052521586096903,428.65489127207246,15.720790153345956,181830.0
0.08592801579521162,182754.0,181284.0,0.98851134261513,0.4624061013404073,1.0081088237241014,429.22711933296387,15.757109201541985,181284.0
0.08671821678247214,182727.0,180734.0,0.9883653003602375,0.46100320116313176,1.0110272555246937,429.8162134218074,15.794180138025515,180734.0
0.08753265633779664,182706.0,180178.0,0.9882517119397657,0.45958499662028596,1.0140305697698941,430.4294010408424,15.832294275380326,180178.0
0.08836453085476148,182688.0,179620.0,0.9881543504365041,0.45816169062225,1.0170805032847121,431.0549883530842,15.870963515482547,179620.0
0.08925326823407839,182658.0,179073.0,0.9879920812644014,0.45676644262775956,1.0200197684743093,431.6419475328833,15.908193637627278,179073.0
0.09006453762650331,182637.0,178517.0,0.9878784928439295,0.4553482380849137,1.0230790344897125,432.26390737846435,15.946908167355403,178517.0
0.09087201357669,182603.0,177974.0,0.9876945877822131,0.45396319300080346,1.0260094171058693,432.8422317563099,15.983955880653701,177974.0
0.09164008323995708,182575.0,177425.0,0.9875431365549173,0.452562843551123,1.0290263491616176,433.44490503198017,16.022062961802472,177425.0
0.09245366960499551,182558.0,176865.0,0.9874511840240591,0.45113443609789694,1.032188392276595,434.0901387007434,16.0619654969604,176865.0
0.09329189551259966,182527.0,176319.0,0.987283505879553,0.44974173883100155,1.0352089111213199,434.6879074925378,16.100044265298315,176319.0
0.09416794156141294,182493.0,175776.0,0.9870996008178367,0.4483566937468913,1.0382134079737848,435.2777038413063,16.137885349062618,175776.0
0.09504795923074469,182463.0,175229.0,0.9869373316457339,0.4469614457524009,1.0412831209445925,435.88489546772917,16.176511787901642,175229.0
0.09583190483175147,182428.0,174687.0,0.9867480176116141,0.44557895139588566,1.0443135436523612,436.47683918097295,16.21460738177789,174687.0
0.09671268888061359,182392.0,174146.0,0.9865532946050909,0.4441990077669655,1.0473510732373985,437.06802325257746,16.252756423634867,174146.0
0.09755820541718567,182370.0,173591.0,0.9864342972122156,0.44278335395171475,1.0505728983645466,437.7133530916579,16.293182333854286,173591.0
0.09842124330800264,182336.0,173048.0,0.9862503921504993,0.4413983088676045,1.0536729693495446,438.3178236614598,16.33204158447925,173048.0
0.09935253812051928,182308.0,172500.0,0.9860989409232034,0.440000510145519,1.0568579710144927,438.94608208720825,16.3719274245548,172500.0
0.10025413929038193,182276.0,171955.0,0.9859258538062938,0.4386103636062187,1.060021517257422,439.56396813161774,16.411505608632293,171955.0
0.10115129383366217,182245.0,171409.0,0.9857581756617878,0.4372176663393233,1.063217217298975,440.1886206691987,16.451447197339352,171409.0
0.10200170138029925,182217.0,170860.0,0.9856067244344919,0.43581731688964276,1.066469624253775,440.82751221157935,16.492057730238162,170860.0
0.10284566587301835,182184.0,170316.0,0.985428228345179,0.4344297210779375,1.069682237722821,441.45100384674,16.532131313675144,170316.0
0.10370258037702679,182147.0,169776.0,0.9852280963662523,0.4330523281766124,1.0728666006973895,442.06270224621693,16.57181337745314,169776.0
0.10463972847336836,182126.0,169220.0,0.9851145079457805,0.4316341236337665,1.0762675806642241,442.7372916256914,16.614153927422553,169220.0
0.10558119625529158,182097.0,168672.0,0.9849576477460812,0.43023632491168107,1.07959234490609,443.3853033540515,16.655502585370247,168672.0
0.1064418498147635,182067.0,168125.0,0.9847953785739785,0.42884107691719064,1.0829263940520446,444.03283638248377,16.696924742632607,168125.0
0.10738997833571469,182033.0,167582.0,0.9846114735122622,0.4274560318330804,1.0862324115955173,444.66857835917165,16.737956949005667,167582.0
0.10831710770663984,181994.0,167044.0,0.9844005235885287,0.42608374038694535,1.0894973779363522,445.2886544705001,16.778438903287018,167044.0
0.10931125512438161,181956.0,166505.0,0.9841949826371986,0.42470889821321534,1.092796012131768,445.9156772120128,16.819297891557934,166505.0
0.1102070680822279,181920.0,165964.0,0.9840002596306754,0.42332895458429515,1.0961413318551012,446.5535030554346,16.860693885401073,165964.0
0.11117517994353547,181889.0,165419.0,0.9838325814861693,0.42193880804499484,1.099565346181515,447.2122999779965,16.903021041407953,165419.0
0.11219210563011972,181860.0,164871.0,0.98367572128647,0.4205410093229094,1.1030441981913133,447.883486950649,16.945981736881887,164871.0
0.11318271275222067,181826.0,164328.0,0.9834918162247536,0.41915596423879914,1.1064821576359476,448.53898915736835,16.988392937102894,164328.0
0.11417328138606156,181791.0,163786.0,0.9833025021906339,0.4177734698822839,1.1099300306497504,449.1940451540389,17.030882516469624,163786.0
0.11509486823961289,181750.0,163250.0,0.9830807343220935,0.416406279891339,1.113323124042879,449.8293874290488,17.072653680513586,163250.0
0.11607312659532606,181715.0,162708.0,0.9828914202879737,0.41502378553482383,1.116816628561595,450.4912137423662,17.115617458717725,162708.0
0.11704618544861416,181681.0,162165.0,0.9827075152262573,0.4136387404507136,1.1203465606018561,451.1603744531492,17.158983963151353,162165.0
0.1180237929484135,181647.0,161622.0,0.9825236101645409,0.41225369536660333,1.1239002116048558,451.83304630957133,17.20259592701129,161622.0
0.11897197541837748,181611.0,161081.0,0.9823288871580177,0.4108737517376832,1.1274514064352716,452.5014667093535,17.24613162359583,161081.0
0.11996727479752718,181582.0,160533.0,0.9821720269583185,0.4094759530155977,1.131119458304523,453.2007650896586,17.29105262765047,160533.0
0.12095980608922809,181545.0,159993.0,0.9819718949793919,0.4080985601142726,1.1347058933828356,453.87242856796985,17.334926194385506,159993.0
0.1220285010546487,181500.0,159461.0,0.9817284912212378,0.4067415730337079,1.138209342723299,454.5162216074128,17.37773889548942,159461.0
0.12310063096293568,181463.0,158921.0,0.9815283592423112,0.4053641801323828,1.1418440608855973,455.19495693656705,17.422109948949494,158921.0
0.12407867255736311,181416.0,158392.0,0.9812741375393502,0.4040148452346032,1.1453608768119603,455.8363618972477,17.46499547632054,158392.0
0.1250825359109382,181384.0,157847.0,0.9811010504224408,0.4026246986953028,1.1491127484209394,456.54207556323183,17.510700324536565,157847.0
0.12608880797409172,181354.0,157300.0,0.9809387812503381,0.4012294507008124,1.1529179910998093,457.2595426646827,17.557004268178733,157300.0
0.1271635132635864,181312.0,156765.0,0.9807116044093943,0.39986481143746255,1.156584696839218,457.9330568470814,17.601572404132774,156765.0
0.12821270375342494,181282.0,156218.0,0.9805493352372916,0.39846956344297213,1.1604424586155244,458.6581840354966,17.648412705873533,156218.0
0.12938929214221206,181239.0,155684.0,0.9803167494239444,0.39710747490721726,1.164146604660723,459.33513525758593,17.693336884198423,155684.0
0.13047025781077493,181212.0,155134.0,0.980170707169052,0.3957045747299417,1.168099836270579,460.08010990507313,17.74123050865346,155134.0
0.13145199329833732,181167.0,154602.0,0.979927303410898,0.394347587649377,1.171828307525129,460.7565723778718,17.786348837583333,154602.0
0.13258026610578308,181132.0,154060.0,0.9797379893767783,0.3929650932928618,1.1757237439958457,461.4771859988915,17.833436778196518,154060.0
0.1336985287991291,181097.0,153518.0,0.9795486753426584,0.3915825989363466,1.179646686382053,462.2017697540011,17.880803645484367,153518.0
0.13480633818193138,181057.0,152981.0,0.9793323164465215,0.3902128582178066,1.1835260587916145,462.9100102899411,17.92759115612827,152981.0
0.13591222776082798,181006.0,152455.0,0.9790564588539469,0.3888711755028122,1.1872749335869601,463.57727147568534,17.972753840345593,152455.0
0.13708476013009915,180973.0,151911.0,0.978877962764634,0.38748357969110686,1.1913093851004866,464.3219070319538,18.021304752832787,151911.0
0.13830204663704146,180924.0,151384.0,0.9786129231168662,0.38613934624851737,1.1951329070443375,465.0034688839318,18.06726360391247,151384.0
0.13948083141879722,180874.0,150857.0,0.9783424744966951,0.3847951128059279,1.198976514182305,465.6862441883057,18.11341306559851,150857.0
0.14065426705640555,180829.0,150325.0,0.9780990707385411,0.3834381257253632,1.202920339264926,466.39348411929734,18.16071377482639,150325.0
0.1418000057806205,180794.0,149783.0,0.9779097567044213,0.38205563136884796,1.20703951716817,467.1461253900134,18.210062049544,149783.0
0.14295460235297233,180752.0,149248.0,0.9776825798634775,0.3806909921054981,1.2110849056603774,467.87393480287454,18.258469177433735,149248.0
0.14406756098560583,180706.0,148717.0,0.9774337671329201,0.3793365557525284,1.215099820464372,468.5891891164742,18.306456169782937,148717.0
0.14526079602619618,180655.0,148191.0,0.9771579095403455,0.37799487303753393,1.2190686343975006,469.28759215121005,18.3538378431898,148191.0
0.1464908771291543,180608.0,147661.0,0.9769036878373847,0.3766429874121593,1.2231259438849797,470.0067344976861,18.402221541685794,147661.0
0.14764007717903327,180570.0,147122.0,0.9766981468860546,0.3752681452384293,1.2273487309851687,470.7678412487326,18.452520865982923,147122.0
0.1488434664835246,180526.0,146589.0,0.976460152100304,0.3739086074302695,1.2315112320842627,471.5080027775177,18.50204277384883,146589.0
0.15000645681069258,180489.0,146049.0,0.9762600201213774,0.3725312145289444,1.2358112688207383,472.2820556597362,18.553140995738392,146049.0
0.1512025467003145,180447.0,145514.0,0.9760328432804336,0.3711665752655945,1.2400662479211622,473.03935802280756,18.603642463940925,145514.0
0.1524303386590565,180400.0,144985.0,0.9757786215774727,0.36981724036781494,1.2442666482739593,473.7781161563104,18.653436463821834,144985.0
0.1536736810989812,180352.0,144456.0,0.9755189909021084,0.36846790547003533,1.2484908899595724,474.51852333285035,18.70345401126084,144456.0
0.15496922723987985,180310.0,143921.0,0.9752918140611646,0.36710326620668543,1.2528400997769609,475.28896304330885,18.754890482889806,143921.0
0.15608556870588636,180275.0,143379.0,0.9751025000270449,0.36572077185017027,1.2573319663270075,476.09402456825825,18.807949662810714,143379.0
0.15732354993859854,180219.0,142858.0,0.9747995975724532,0.36439184277315106,1.2615254308474149,476.8132250912198,18.857421569436895,142858.0
0.15850482900852034,180173.0,142327.0,0.9745507848418957,0.36303740642018134,1.2659087875104513,477.57992417198665,18.909073630516605,142327.0
0.1598107082270251,180129.0,141794.0,0.9743127900561451,0.36167786861202156,1.2703569967699622,478.35983889868567,18.961426137636465,141794.0
0.1610360994770821,180083.0,141263.0,0.9740639773255877,0.3603234322590519,1.2748065664752979,479.13567067227535,19.013730070806986,141263.0
0.1622960544563429,180039.0,140730.0,0.9738259825398371,0.3589638944508921,1.2793221061607334,479.9248614846623,19.066744203638024,140730.0
0.16358075504189104,179997.0,140195.0,0.9735988056988933,0.35759925518754226,1.28390456150362,480.72754170836424,19.120476956412627,140195.0
0.16488499667394835,179958.0,139657.0,0.9733878557751598,0.3562269637414072,1.2885712853634261,481.5482440747048,19.17512882732747,139657.0
0.16609873117351007,179907.0,139131.0,0.9731119981825853,0.35488528102641276,1.293076309377493,482.32093007786494,19.227819178185552,139131.0
0.16745740597950978,179871.0,138590.0,0.9729172751760621,0.3535053373974926,1.2978642037665056,483.1647050392703,19.283749052273244,138590.0
0.16871423298890384,179824.0,138061.0,0.9726630534731012,0.352156002499713,1.302496722463259,483.9629847625054,19.3377929325493,138061.0
0.17005449911296128,179768.0,137540.0,0.9723601510185095,0.3508270734226938,1.3070234113712376,484.7277427746267,19.390535137774275,137540.0
0.17140171613181635,179715.0,137016.0,0.9720734754811281,0.34949049216288947,1.3116351375021895,485.5105650098729,19.44420196682611,137016.0
0.17267013641015205,179663.0,136491.0,0.9717922089161501,0.34815136017549003,1.3162992431735425,486.30265362867203,19.49841032481258,136491.0
0.17394873162785635,179604.0,135973.0,0.9714730795443481,0.346830083281256,1.3208798805645239,487.0680753949193,19.551581042518603,135973.0
0.1752993399475557,179556.0,135444.0,0.9712134488689839,0.34548074838347637,1.3256844156994774,487.88788768049506,19.60728182895859,135444.0
0.1767026673301971,179506.0,134917.0,0.9709430002488127,0.3441365149408869,1.3304920803160463,488.70370509053043,19.662946540001943,134917.0
0.17801348153439153,179445.0,134401.0,0.9706130529322039,0.3428203395018429,1.3351463158756258,489.4745454590072,19.716764710172445,134401.0
0.17939222255780007,179394.0,133875.0,0.9703371953396294,0.34147865678684847,1.3400112044817927,490.29579848985725,19.772948575750238,133875.0
0.1808659327266424,179328.0,133364.0,0.9699802031610034,0.3401752349857797,1.3446507303320236,491.05348605725334,19.82645941386653,133364.0
0.18218105655362027,179272.0,132843.0,0.9696773007064118,0.33884630590876047,1.3495027965342548,491.86183562082647,19.882352416204345,132843.0
0.1835846888675864,179222.0,132316.0,0.9694068520862407,0.337502072466171,1.3544998337313703,492.70292185149833,19.9398409182636,132316.0
0.18487972812855338,179169.0,131792.0,0.9691201765488593,0.33616549120636663,1.3594831249241228,493.53544149283766,19.99709486495812,131792.0
0.18637474421798667,179108.0,131277.0,0.9687902292322504,0.33485186649491766,1.3643517143140078,494.3342056214129,20.052956716356288,131277.0
0.18779118794730176,179060.0,130748.0,0.9685305985568862,0.3335025315971381,1.3695046960565362,495.2004754398802,20.112005508929258,130748.0
0.18924541893869345,178992.0,130239.0,0.9681627884334534,0.33220421125125943,1.3743348766498513,495.9787780150581,20.16727928000839,130239.0
0.1907615961102909,178938.0,129716.0,0.9678707039236686,0.3308701807190501,1.3794597428227822,496.82770399930695,20.225850830595157,129716.0
0.1920599117963626,178881.0,129196.0,0.9675623924966735,0.32954380236962594,1.384570729743955,497.6679582887856,20.284184795471266,129196.0
0.19344502332561853,178825.0,128675.0,0.9672594900420818,0.32821487329260673,1.3897415970468234,498.5183457927082,20.343122907282478,128675.0
0.1947774467881193,178764.0,128159.0,0.966929542725473,0.32689869785356274,1.3948610710133507,499.3505226778386,20.401395954749376,128159.0
0.1961561227577239,178711.0,127635.0,0.9666428671880916,0.3255621165937584,1.4001723665138872,500.2261526470436,20.461771598277725,127635.0
0.1974765078959202,178646.0,127123.0,0.9662912839818691,0.32425614406509456,1.405300378373701,501.05018849906463,20.51998265738536,127123.0
0.19897664937459011,178586.0,126606.0,0.9659667456376637,0.32293741789845554,1.4105650601077357,501.90354832816246,20.579665424711802,126606.0
0.20057386632259686,178516.0,126099.0,0.9655881175694242,0.321644199007767,1.4156813297488482,502.7144002924975,20.637586061900592,126099.0
0.2020707945665092,178452.0,125586.0,0.9652419433356051,0.3203356757515081,1.4209545649992834,503.5595138940899,20.697204661322786,125586.0
0.20353283686965615,178383.0,125078.0,0.9648687242397689,0.3190399061332245,1.4261740673819536,504.3859719121806,20.756135092592867,125078.0
0.20505469281795885,178331.0,124554.0,0.9645874576747909,0.3177033248734201,1.431756507217753,505.2984956326796,20.819078797532473,124554.0
0.2066203277231169,178266.0,124042.0,0.9642358744685685,0.31639735234475636,1.437142258267361,506.15570905827923,20.879717150858315,124042.0
0.20806479389024526,178205.0,123526.0,0.9639059271519597,0.31508117690571236,1.4426517494292699,507.0382184875644,20.941662965908566,123526.0
0.2094890161205352,178145.0,123009.0,0.9635813888077543,0.31376245073907333,1.4482273654773228,507.9315544666994,21.004263755591275,123009.0
0.21093899879912473,178057.0,122520.0,0.963105399236253,0.3125151449450956,1.4532892588965067,508.6927614693719,21.061014640644867,122520.0
0.21242144218781245,177991.0,122009.0,0.9627484070576272,0.31121172314402684,1.4588350039751166,509.5679554215855,21.123110823483966,122009.0
0.21405651057189717,177926.0,121497.0,0.9623968238514047,0.309905750615363,1.4644476818357655,510.4540314644507,21.18586778333099,121497.0
0.21561872056495077,177850.0,120996.0,0.9619857419487445,0.30862783609024474,1.4698833019273365,511.2912528567028,21.246558059128297,120996.0
0.21727581865889603,177779.0,120490.0,0.9616017049081016,0.3073371679271512,1.4754668437214706,512.1591744857836,21.308814263858437,120490.0
0.21886589043231072,177706.0,119986.0,0.9612068499226517,0.3060516012192478,1.481056123214375,513.0229618954045,21.37104645026342,119986.0
0.22027964604727243,177618.0,119497.0,0.9607308603511505,0.30480429542527004,1.4863804112237127,513.817006219854,21.430243999518147,119497.0
0.22178816180378427,177548.0,118990.0,0.9603522322829109,0.3035110765345815,1.492125388688125,514.7075660127789,21.49403416726893,118990.0
0.22353398868535163,177464.0,118497.0,0.9598978786010234,0.30225356783022356,1.4976244124323823,515.5331402809137,21.555004824752462,118497.0
0.22510245185568148,177404.0,117981.0,0.9595733402568181,0.30093739239117956,1.5036658445003857,516.4845936499427,21.621898115476185,117981.0
0.22679268562547936,177325.0,117483.0,0.9591460314369477,0.29966713004884643,1.5093673127175846,517.3476188479518,21.684931395761037,117483.0
0.2285061388944359,177261.0,116970.0,0.9587998572031285,0.2983586067925876,1.515439856373429,518.2937240413107,21.751972258837302,116970.0
0.23012671184740707,177185.0,116469.0,0.9583887753004684,0.2970806922674693,1.5213060986185165,519.1845732335678,21.816637555817042,116469.0
0.23174414554553463,177109.0,115968.0,0.9579776933978082,0.29580277774235103,1.5272230270419427,520.0816696408089,21.881766766817048,115968.0
0.2334712824436392,177044.0,115456.0,0.9576261101915858,0.2944968052136872,1.5334326496674058,521.042272783808,21.950018062227958,115456.0
0.2352304154192264,176971.0,114952.0,0.957231255206136,0.2932112385057838,1.539520843482497,521.9679522652142,22.01683209073913,114952.0
0.23689864847237782,176890.0,114456.0,0.9567931284414587,0.2919460776186407,1.545484727755644,522.8582919804331,22.08218365082874,114456.0
0.23863380344785445,176817.0,113952.0,0.9563982734560088,0.2906605109107373,1.5516796545914069,523.7970422653118,22.14996790646592,113952.0
0.24039288500454348,176737.0,113455.0,0.955965555663735,0.2893927992959992,1.557771803798863,524.7055510360069,22.21652633030978,113455.0
0.2420645888676824,176645.0,112970.0,0.9554679302026201,0.28815569641240163,1.5636452155439498,525.5569513380648,22.28059905053461,112970.0
0.24384604876668348,176565.0,112473.0,0.9550352124103463,0.28688798479766353,1.5698434290896481,526.4783044506333,22.348118872875233,112473.0
0.24561101713024355,176479.0,111983.0,0.9545700407836519,0.28563812827609075,1.575944563014029,527.3718996459262,22.414480978205532,111983.0
0.2474271221039238,176402.0,111483.0,0.9541535499085884,0.2843627644785675,1.5823219683718595,528.3225907196594,22.483745831136893,111483.0
0.2491579385056136,176341.0,110967.0,0.9538236025919796,0.2830465890395235,1.5891301017419592,529.3664054993278,22.557575180458244,110967.0
0.2508789470739509,176258.0,110473.0,0.9533746578824955,0.28178652960757056,1.595484869606148,530.2989460172823,22.626374651889222,110473.0
0.2526858645731759,176157.0,109997.0,0.9528283516697498,0.2805723832723284,1.6014709492077057,531.1405821433548,22.69108269266333,109997.0
0.2544484059437649,176064.0,109513.0,0.9523253172362315,0.27933783111632593,1.6076995425200662,532.0319654440444,22.75831610898012,109513.0
0.25628253048973726,175989.0,109011.0,0.9519196443059748,0.27805736586361257,1.61441505903074,533.0284155875378,22.830698271945053,109011.0
0.2580403093309399,175912.0,108511.0,0.9515031534309112,0.2767820020660893,1.6211444001069015,534.0213045484284,22.903113268745187,108511.0
0.2598033063630874,175835.0,108011.0,0.9510866625558476,0.2755066382685661,1.6279360435511199,535.021620327451,22.976081772400015,108011.0
0.261736414743081,175745.0,107524.0,0.9505998550395396,0.27426443392977845,1.6344723038577433,535.9574003980905,23.04619295429535,107524.0
0.2636490365487848,175643.0,107049.0,0.9500481398543905,0.2730528383221314,1.6407719829237077,536.8334130777152,23.113661350075756,107049.0
0.26550712512256336,175582.0,106533.0,0.9497181925377817,0.2717366628830874,1.6481465836876836,537.9450468747258,23.19252592178353,106533.0
0.2673993630201707,175484.0,106054.0,0.9491881132422463,0.2705148643650601,1.6546664906557036,538.8575827120052,23.262128511971685,106054.0
0.2693837709346969,175398.0,105564.0,0.9487229416155519,0.26926500784348734,1.661532340570649,539.8420597465621,23.335312723425545,105564.0
0.27123157725278296,175308.0,105077.0,0.9482361340992438,0.2680228035046997,1.6683765238824861,540.8139713883055,23.408148565700248,105077.0
0.2731073970592946,175210.0,104598.0,0.9477060548037084,0.2668010049866725,1.6750798294422455,541.7478536335663,23.479370902882827,104598.0
0.27504072019062253,175133.0,104098.0,0.9472895639286448,0.26552564118914923,1.6823858287383042,542.8086931363806,23.556876529442686,104098.0
0.2770278191033107,175057.0,103597.0,0.9468784820259847,0.2642477266640309,1.6897883143334267,543.8835104526213,23.63527264799604,103597.0
0.2788685498137513,174952.0,103125.0,0.9463105399236253,0.263043783239169,1.6965042424242425,544.799789115787,23.70627490297342,103125.0
0.2808501684352661,174868.0,102632.0,0.9458561862417378,0.26178627453481107,1.7038350611894926,545.8445103507813,23.78365881080934,102632.0
0.28268844142060945,174786.0,102137.0,0.9454126505046572,0.26052366437526303,1.7112897382926853,546.9090310071916,23.86221750889602,102137.0
0.28468760565189344,174692.0,101654.0,0.9449042070987353,0.2592916629468556,1.7184960749208098,547.9119603732576,23.938028933682865,101654.0
0.2867530795898077,174604.0,101165.0,0.9444282175272342,0.2580443571528779,1.725932881925567,548.9579081457264,24.01613619138751,101165.0
0.2887058021584176,174519.0,100673.0,0.9439684548729432,0.256789399176115,1.7335233876014422,550.0297883576999,24.095722584967927,100673.0
0.29054090645275565,174425.0,100190.0,0.9434600114670215,0.2555573977477075,1.7409422098013774,551.0570251295279,24.17337434645654,100190.0
0.29265931699607145,174336.0,99702.0,0.9429786129231169,0.25431264268132486,1.7485707408076068,552.1221139108947,24.253086958004225,99702.0
0.2948300608236532,174230.0,99232.0,0.942405261848354,0.253113800711653,1.7557844243792324,553.0916020512277,24.32833407998369,99232.0
0.29704299629116765,174130.0,98755.0,0.9418643646080118,0.25189710364881585,1.7632524935446308,554.1075317128675,24.40610827419222,98755.0
0.2989997061886084,174040.0,98268.0,0.9413775570917037,0.2506548993100282,1.77107501933488,555.1917653973647,24.487437478759922,98268.0
0.30107272644112854,173939.0,97792.0,0.940831250878958,0.24944075297478605,1.7786628763089005,556.2183402606335,24.566188167627004,97792.0
0.3030886988134466,173841.0,97313.0,0.9403011715834226,0.2482189544567588,1.786410859802904,557.2714332163426,24.646464508527952,97313.0
0.30524381179454624,173730.0,96847.0,0.9397007756466427,0.24703031539746712,1.7938604190114305,558.2538585579645,24.723514956839708,96847.0
0.30741483279200305,173631.0,96369.0,0.9391652873787038,0.24581106760703492,1.801730847056626,559.3177350176634,24.804784350382977,96369.0
0.3096189577125066,173531.0,95892.0,0.9386243901383615,0.24459437054419772,1.8096504400784215,560.3841990253192,24.886418800124694,95892.0
0.31167159761213986,173439.0,95407.0,0.9381267646772466,0.24335726766060017,1.817885480101041,561.5088955513033,24.971156644649124,95407.0
0.3137792236731315,173347.0,94922.0,0.9376291392161317,0.24212016477700263,1.8262046733107182,562.6429609480538,25.056605216262895,94922.0
0.3159248830328337,173255.0,94437.0,0.9371315137550168,0.24088306189340508,1.8346093162637525,563.7865173000117,25.142773847818596,94437.0
0.3180827804070254,173143.0,93972.0,0.9365257088458334,0.23969697356170847,1.8424956369982548,564.8143253112379,25.22347888083065,93972.0
0.32031123576859655,173028.0,93510.0,0.9359036770194399,0.238518537412797,1.8503689444979146,565.8318104601271,25.303911914339558,93510.0
0.3225186039309457,172913.0,93049.0,0.9352816451930462,0.23734265199148058,1.8583004653462154,566.8547506764058,25.384800980442623,93049.0
0.3247632391234202,172781.0,92604.0,0.9345676608357945,0.2362075782116849,1.865804932832275,567.7813329968618,25.461201539080566,92604.0
0.32692430374644943,172692.0,92116.0,0.9340862622918897,0.2349628231453022,1.8747231751270137,568.9900654308775,25.551850655281935,92116.0
0.32903107391180564,172581.0,91650.0,0.9334858663551099,0.23377418408601053,1.8830441898527004,570.0681093772646,25.636266014863466,91650.0
0.33118139285771486,172465.0,91189.0,0.9328584255563128,0.23259829866469411,1.8912917128162388,571.1231261740787,25.71978588237005,91189.0
0.33334042277154274,172351.0,90726.0,0.9322418027023226,0.23141731178818759,1.8996869695566871,572.2000951503456,25.804651692775682,90726.0
0.3355571054156071,172230.0,90270.0,0.9315873170415084,0.23025418000484638,1.90794283815221,573.2407827562124,25.887958318557715,90270.0
0.33778825061091544,172116.0,89807.0,0.9309706941875182,0.22907319312833985,1.9165098488981929,574.3361464795346,25.974253044922122,89807.0
0.3400321770960829,172002.0,89344.0,0.9303540713335281,0.22789220625183335,1.9251656518624642,575.4409982366981,26.06128359382576,89344.0
0.34231379410219115,171888.0,88881.0,0.9297374484795379,0.22671121937532682,1.9339116346575758,576.555463991125,26.14905977993781,88881.0
0.3446581147572638,171771.0,88421.0,0.9291045987083374,0.22553788468160543,1.9426493706246253,577.6597831263334,26.236591223435646,88421.0
0.3469957531390972,171624.0,87991.0,0.9283094797650342,0.22444107181573544,1.9504722073848462,578.5739729025294,26.314810613118773,87991.0
0.34934605666946716,171504.0,87534.0,0.9276604030766235,0.2232753893047992,1.959284392350401,579.6767292428282,26.40278080275977,87534.0
0.3518631840545465,171378.0,87084.0,0.9269788725537922,0.22212756188702829,1.9679619677552709,580.745543340595,26.489247299542136,87084.0
0.3542041390761041,171253.0,86632.0,0.9263027510033643,0.22097463301406725,1.9767868685935912,581.8338952031398,26.57702273161461,86632.0
0.35652208648636075,171122.0,86186.0,0.925594175618516,0.21983700850667653,1.985496484347806,582.8911814348929,26.66349215467733,86186.0
0.3588284038686308,170995.0,85736.0,0.9249072361232813,0.21868918108890562,1.9944364094429412,583.9851486405247,26.752088345199923,85736.0
0.3613087622183847,170881.0,85273.0,0.9242906132692911,0.2175081942123991,2.003928558863884,585.1780208340189,26.84598440638463,85273.0
0.363411722358715,170752.0,84825.0,0.9235928558292495,0.21636546824981825,2.012991452991453,586.2783610037101,26.935458245873253,84825.0
0.36583365655480343,170628.0,84372.0,0.9229221432512251,0.2152099886492622,2.0223296828331674,587.423245303127,27.027479367020074,84372.0
0.36798871759382235,170492.0,83931.0,0.9221865230043597,0.2140851177798467,2.0313352634902477,588.4950396927568,27.116052047727273,83931.0
0.37030445645681764,170373.0,83473.0,0.9215428552883523,0.2129168845413154,2.041055191499048,589.6954265900891,27.211476477402503,83473.0
0.372722394458331,170241.0,83028.0,0.9208288709311006,0.21178181076151972,2.050404682757624,590.8154903160043,27.30308208591546,83028.0
0.37496845451721056,170124.0,82568.0,0.9201960211599001,0.21060847606779834,2.0604108129057264,592.0517959898219,27.400936856906267,82568.0
0.3773675785436583,169995.0,82120.0,0.9194982637198585,0.2094657501052175,2.0700803701899657,593.2143900230702,27.495308531966767,82120.0
0.37982191152612205,169863.0,81675.0,0.9187842793626066,0.20833067632542182,2.079742883379247,594.3663562142873,27.589427866105,81675.0
0.3822719483739871,169743.0,81219.0,0.9181352026741959,0.20716754454208064,2.089942008643298,595.6114726674926,27.68858276379071,81219.0
0.3847380774367793,169610.0,80775.0,0.9174158093445407,0.20603502148987998,2.0997833488084185,596.7782283155075,27.784063451447423,80775.0
0.3870276535441625,169470.0,80338.0,0.9166585532080616,0.20492035353084467,2.1094625208494113,597.9051876412763,27.87778617700061,80338.0
0.3894913071431807,169336.0,79895.0,0.9159337509060029,0.20379038120623907,2.1194818198886036,599.086449064454,27.974616615690785,79895.0
0.3919509652929798,169196.0,79458.0,0.9151764947695237,0.20267571324720376,2.129376525963402,600.234946239307,28.0700529536581,79458.0
0.3944885427211918,169054.0,79023.0,0.9144084206882377,0.20156614674335854,2.139301216101641,601.3796037336542,28.165591636275025,79023.0
0.39701152186856514,168907.0,78593.0,0.9136133017449345,0.20046933387748855,2.1491354191849146,602.4981462612698,28.260074151695942,78593.0
0.3995689529078642,168777.0,78146.0,0.9129101353324895,0.19932915864250278,2.1597650551531746,603.7538130012823,28.362003901810102,78146.0
0.40219483269265127,168650.0,77696.0,0.9122231958372549,0.19818133122473186,2.1706394151565074,605.0440788621479,28.466064367247114,77696.0
0.4045310862871869,168506.0,77263.0,0.9114443038111619,0.19707686617607673,2.180940424265172,606.2190587000932,28.564428601622794,77263.0
0.40696957382671783,168359.0,76833.0,0.9106491848678588,0.19598005331020674,2.1912329337654395,607.3827339460807,28.66251524732425,76833.0
0.40960323437854773,168228.0,76387.0,0.9099406094830104,0.194842428802816,2.202311911712726,608.6793312439715,28.767888599528135,76387.0
0.41207785966509686,168074.0,75965.0,0.9091076277328833,0.19376602175770638,2.2125189231883104,609.808909000149,28.864759667973345,75965.0
0.41439949849660257,167935.0,75527.0,0.9083557805688075,0.192648803071076,2.223509473433342,611.0687877980909,28.968864570404104,75527.0
0.41700010872076393,167779.0,75106.0,0.9075119808738736,0.19157494675356146,2.2338960935211567,612.2098109920211,29.067040514321224,75106.0
0.41950062231358,167625.0,74683.0,0.9066789991237465,0.1904959889808568,2.2444866971064363,613.3776019732595,29.166946918403266,74683.0
0.4219357222701192,167482.0,74249.0,0.905905516070057,0.18938897320460663,2.2556802111812955,614.6428500593379,29.272330061895207,74249.0
0.42451248850105916,167336.0,73818.0,0.9051158060991573,0.18828960961114158,2.266872578503888,615.8972234038132,29.377479221988743,73818.0
0.42695247626913435,167189.0,73388.0,0.9043206871558541,0.1871927967452716,2.2781517414291166,617.1563104253189,29.483220382894174,73388.0
0.4294100910174715,167048.0,72952.0,0.9035580220469716,0.1860806795138313,2.289834411667946,618.4757544158922,29.59251319358933,72952.0
0.43175577763751916,166891.0,72532.0,0.9027088133796342,0.18500937392391179,2.3009292450228864,619.6808716033718,29.69607836866766,72532.0
0.43417872020473386,166732.0,72114.0,0.9018487867674899,0.18394316978918238,2.312061458246665,620.8821394245311,29.79977743699409,72114.0
0.4367591958651611,166559.0,71710.0,0.9009130345416978,0.18291267584078358,2.3226746618323806,621.9826114933918,29.898435108158623,71710.0
0.43926138799164316,166400.0,71292.0,0.9000530079295536,0.18184647170605414,2.3340627279358133,623.2078609328668,30.004090414882036,71292.0
0.4418615701891875,166260.0,70855.0,0.8992957517930743,0.18073180374701883,2.3464822524874744,624.6007839400839,30.119075542480218,70855.0
0.4443280558332407,166104.0,70435.0,0.8984519520981404,0.1796604981570993,2.3582593880883085,625.8724449910064,30.227863277187865,70435.0
0.44699275037070774,165931.0,70031.0,0.8975161998723482,0.17863000420870054,2.369393554283103,627.0214046232788,30.33048734745352,70031.0
0.44944815626808066,165781.0,69604.0,0.8967048540118349,0.1775408435256157,2.381774035974944,628.3732023709813,30.44437081037058,69604.0
0.45213970260523617,165599.0,69209.0,0.8957204210344119,0.17653330612557233,2.3927379387073935,629.4720088391585,30.544991870582617,69209.0
0.45491731404040414,165430.0,68801.0,0.8948063046982334,0.17549260926679336,2.4044708652490514,630.6913787567978,30.652459821798605,68801.0
0.45740567968614526,165242.0,68412.0,0.89378941788639,0.17450037623232026,2.415394959948547,631.7631628797438,30.752303435676424,68412.0
0.4599016976955626,165075.0,68002.0,0.8928861194950183,0.1734545779183512,2.427502132290227,633.0244185557215,30.862747706154302,68002.0
0.46238696232082,164920.0,67580.0,0.8920477287724878,0.1723781708732416,2.4403669724770642,634.4015456325097,30.97985093911926,67580.0
0.4647761664088625,164751.0,67172.0,0.8911336124363094,0.17133747401446262,2.4526737331030786,635.6732259600567,31.091615344189798,67172.0
0.467186498582121,164591.0,66755.0,0.8902681768517617,0.17027382060732824,2.465598082540634,637.0363050905697,31.208733192001258,66755.0
0.46986264915601145,164408.0,66361.0,0.8892783349019353,0.16926883393487993,2.477479242326065,638.2142330537166,31.316147622973343,66361.0
0.4722974324944698,164232.0,65960.0,0.8883263557589329,0.16824599216926628,2.4898726500909643,639.4659999325526,31.427959998957217,65960.0
0.4746752440565191,164038.0,65577.0,0.8872770151126689,0.16726906350036347,2.5014563032770636,640.573094249956,31.53223494112426,65577.0
0.4771605651965027,163882.0,65157.0,0.8864332154177349,0.16619775791044394,2.51518639593597,642.0231903434475,31.65558970472546,65157.0
0.47959437683727874,163708.0,64754.0,0.8854920542195394,0.16516981468964023,2.5281527009914444,643.334145195098,31.771800949621934,64754.0
0.4820516356227818,163546.0,64339.0,0.8846158006901849,0.16411126273769594,2.541941901490542,644.7669580718077,31.89511108836658,64339.0
0.48446733322193813,163377.0,63931.0,0.8837016843540064,0.16307056587891697,2.5555207958580346,646.1527072332809,32.01625008564456,63931.0
0.48707678385712605,163184.0,63547.0,0.8826577526801458,0.1620910864824191,2.567926101940296,647.3364295472836,32.12665547210761,63547.0
0.4898152225879652,163011.0,63143.0,0.8817220004543537,0.16106059253402033,2.581616331184771,648.7155461084317,32.24824188832727,63143.0
0.4925275443114725,162837.0,62740.0,0.8807808392561581,0.1600326493132166,2.5954255658272234,650.1010020470724,32.37059809125082,62740.0
0.4952975731557745,162645.0,62355.0,0.8797423165547009,0.1590506191891237,2.6083714216983402,651.3359884745556,32.48503079735061,62355.0
0.49788762515528084,162470.0,61953.0,0.878795746384102,0.158025226695915,2.6224718738398463,652.7426792716712,32.60939970602853,61953.0
0.5005913669377877,162308.0,61538.0,0.8779194928547475,0.15696667474397072,2.637524781435861,654.2869188859668,32.74185514143262,61538.0
0.5031824375451918,162124.0,61145.0,0.8769242419325176,0.15596423879911744,2.651467822389402,655.6421045334562,32.86423062230901,61145.0
0.5058437702354263,161937.0,60755.0,0.8759127640930776,0.15496945503704931,2.6654102543000575,656.9844293060441,32.9863143021903,60755.0
0.5086485556271807,161751.0,60364.0,0.8749066952260409,0.15397212054738615,2.6795937976277253,658.3517117469067,33.11022059479376,60364.0
0.5112091262244909,161554.0,59985.0,0.8738411276625667,0.15300539478886352,2.693239976660832,659.6239013176099,33.22914887559225,59985.0
0.5139116652689155,161360.0,59602.0,0.8727917870163027,0.1520284661199607,2.707291701620751,660.9452238828301,33.35133568154389,59602.0
0.5165001262429764,161146.0,59239.0,0.8716342669219702,0.15110255200295886,2.720268741876129,662.087929718078,33.46390948656431,59239.0
0.5192539913762181,160945.0,58863.0,0.8705470634688822,0.15014347842722137,2.734230331447599,663.370711363438,33.58477088112859,58863.0
0.5220566649837464,160749.0,58482.0,0.8694869048778113,0.14917165121350864,2.7486919052016003,664.7175904617329,33.70967606737134,58482.0
0.5248388352348864,160557.0,58097.0,0.8684483821763541,0.14818962108941575,2.7636022514071295,666.1198741061361,33.83815496484576,58097.0
0.5273795966803536,160350.0,57727.0,0.8673287248888456,0.14724585187924855,2.777729658565316,667.3896543631378,33.95958846551092,57727.0
0.5300077822282162,160137.0,57363.0,0.8661766137669166,0.14631738703465164,2.7916426965116887,668.6144527986904,34.0789039408815,57363.0
0.5326935377565167,159950.0,56973.0,0.8651651359274765,0.1453226032725835,2.807470205184912,670.1155566910282,34.214342015402416,56973.0
0.5356254401750973,159753.0,56593.0,0.8640995683640023,0.14435332678646584,2.822840280600074,671.5334715013867,34.34552970089734,56593.0
0.5381197011283962,159542.0,56227.0,0.86295827518688,0.14341976048667882,2.8374624290821138,672.8257061532493,34.47002289393335,56227.0
0.5406749039160881,159341.0,55851.0,0.861871071733792,0.14246068691094135,2.852965927199155,674.2361928922538,34.601716574526975,55851.0
0.543439305481264,159136.0,55479.0,0.8607622323910903,0.14151181624558407,2.8684006561041113,675.6225327871946,34.73250302175679,55479.0
0.5458934530151656,158921.0,55118.0,0.8595993033243544,0.14059100358377227,2.883286766573533,676.9156640458488,34.858330222386314,55118.0
0.548715722345497,158705.0,54757.0,0.8584309652852151,0.13967019092196048,2.8983508957758826,678.2203026407507,34.98536394634071,54757.0
0.5513782143236828,158501.0,54384.0,0.8573275349149169,0.13871876952900816,2.914478523095028,679.6673895289408,35.12105015422201,54384.0
0.5539077425431626,158285.0,54023.0,0.8561591968757776,0.13779795686719637,2.9299557595838808,681.0051742870495,35.25093311806304,54023.0
0.5564870003406849,158067.0,53664.0,0.8549800408918313,0.1368822456605747,2.9454941860465116,682.3382075670495,35.38101572136208,53664.0
0.5590350387486006,157838.0,53316.0,0.8537413862114476,0.1359945924574985,2.9604246380073524,683.5696775119596,35.50570335132688,53316.0
0.5615713159186304,157619.0,52958.0,0.8525568212550979,0.13508143197847186,2.976301975150119,684.9246243355444,35.63799904036605,52958.0
0.564300848678377,157405.0,52595.0,0.8513993011607655,0.13415551786146998,2.992774978610134,686.3510366482506,35.77492628208085,52595.0
0.5668935153221317,157182.0,52241.0,0.8501931003148022,0.13325256029282354,3.0087862024080705,687.6969047966592,35.90767686958321,52241.0
0.5694657617234092,156949.0,51897.0,0.8489328097448047,0.13237511000012753,3.024240322176619,688.9495586218908,36.035491662255566,51897.0
0.5720425666115089,156714.0,51555.0,0.8476617012300003,0.13150276116262163,3.0397439627582195,690.1959398458466,36.16341498194998,51555.0
0.5746438784265039,156495.0,51197.0,0.8464771362736507,0.130589600683595,3.0567220735589977,691.6369863603416,36.30318563475542,51197.0
0.5771929039934904,156292.0,50823.0,0.8453791148757559,0.1296356285630476,3.0752218483757354,693.2766930499974,36.45510125747034,50823.0
0.579911767970894,156047.0,50492.0,0.8440539166369173,0.1287913377290872,3.090529192743405,694.4550445781426,36.58043570583224,50492.0
0.5823872244287789,155786.0,50176.0,0.842642174839624,0.12798530780905254,3.104791135204082,695.4732142857143,36.69693226681964,50176.0
0.5851106264995978,155567.0,49818.0,0.8414576098832743,0.1270721473300259,3.122706652214059,696.9864458976118,36.84299397871919,49818.0
0.5878235675224928,155349.0,49459.0,0.8402784538993282,0.12615643612340421,3.1409652439394247,698.5311801779114,36.99145975874054,49459.0
0.5903722401316278,155117.0,49114.0,0.8390235723017341,0.12527643510311318,3.1583051675693286,699.933441605594,37.132071080384335,49114.0
0.5930230342833237,154868.0,48786.0,0.8376767381732818,0.12443979645193791,3.174435288812364,701.1550786436572,37.262529678632134,48786.0
0.595586917408817,154644.0,48433.0,0.8364651283549152,0.12353938961088651,3.19294695765284,702.6877609004342,37.41191440937997,48433.0
0.5981725322440317,154410.0,48090.0,0.8351994288125142,0.12266449004578556,3.21085464753587,704.122195450487,37.556032406880895,48090.0
0.6006272737822718,154183.0,47740.0,0.8339715920769373,0.12177173538751929,3.2296397151235863,705.6596489788118,37.7068245090647,47740.0
0.6030073620332354,153966.0,47380.0,0.8327978450653944,0.12085347345330255,3.24959898691431,707.338502853654,37.86661442603127,47380.0
0.6055275887082346,153714.0,47055.0,0.8314347840197319,0.12002448698491244,3.2666879183933695,708.6153164361594,38.003016033772774,47055.0
0.6082494426877796,153479.0,46713.0,0.8301636755049275,0.11915213814740655,3.2855736090595764,710.1172804156048,38.153404548379015,46713.0
0.6108665973055621,153258.0,46358.0,0.8289682926037711,0.11824662985116505,3.3059666077052503,711.8046293497192,38.31536875742925,46358.0
0.6135052547958895,153008.0,46031.0,0.8276160495029155,0.11741254192758484,3.3240207686124568,713.1632139726886,38.45832937261934,46031.0
0.6159294799364489,152763.0,45699.0,0.8262908512640769,0.11656570036602941,3.3428083765509093,714.6029918962322,38.60672435200353,45699.0
0.6183808076611291,152516.0,45369.0,0.8249548350804314,0.11572396025966407,3.3616786792743945,716.037558685446,38.755379741471295,45369.0
0.6209744689236669,152251.0,45057.0,0.8235214573935243,0.11492813325000957,3.379075393390594,717.2639735265611,38.89205208428967,45057.0
0.6235023262045433,151993.0,44738.0,0.8221259425134413,0.11411445114718974,3.397402655460682,718.5968423333319,39.03569450130955,44738.0
0.6260893016923715,151732.0,44422.0,0.820714200716148,0.11330842122715505,3.4156949259375984,719.9098710966281,39.17869741287254,44422.0
0.6286028368531901,151476.0,44101.0,0.8193295037808717,0.11248963766914512,3.4347520464388563,721.3061076868628,39.327309757046734,44101.0
0.6310514379940659,151230.0,43770.0,0.8179988965696297,0.11164534683518473,3.455106237148732,722.8524858115954,39.48563130394484,43770.0
0.6333864962364706,150948.0,43475.0,0.8164735663518645,0.11089288219464602,3.472064404830362,723.9483253522543,39.61713968272708,43475.0
0.6358985955208101,150694.0,43152.0,0.815099687361395,0.11006899718144601,3.4921672228401928,725.4299742074903,39.77270775594707,43152.0
0.6383781894960344,150439.0,42830.0,0.8137203993985223,0.10924766289584104,3.512467896334345,726.9196364500292,39.929380000998044,42830.0
0.6407306952928327,150168.0,42524.0,0.8122545678771947,0.10846714025175681,3.5313705201768415,728.2162098401243,40.07485009389529,42524.0
0.6432690395788132,149908.0,42208.0,0.8108482350523047,0.10766111033172213,3.5516489764973467,729.6715663699416,40.23052500477162,42208.0
0.6456920457667995,149652.0,41887.0,0.8094635381170285,0.1068423267737122,3.5727552701315446,731.2113044023088,40.39212135249945,41887.0
0.6480992110442643,149381.0,41581.0,0.8079977065957009,0.10606180412962797,3.5925302421779177,732.5679218385006,40.54308732560341,41581.0
0.6504991682589537,149116.0,41269.0,0.8065643289087939,0.10526597711997347,3.6132690397150404,734.0274014818166,40.701004761187335,41269.0
0.6528049945367483,148848.0,40960.0,0.8051147243046766,0.1044778022931041,3.633984375,735.4667268136608,40.8583110401026,40960.0
0.6551484329317097,148570.0,40661.0,0.8036110299765251,0.1037151347421852,3.6538698015297215,736.7872395836337,41.008895273144866,40661.0
0.6576246870746123,148290.0,40364.0,0.8020965177035667,0.1029575686464564,3.6738182538896047,738.0992540771799,41.159563343399455,40364.0
0.6598777043560053,148007.0,40070.0,0.800565778513398,0.10220765473351273,3.693711005739955,739.388318021426,41.30941845173149,40070.0
0.6622021020168358,147750.0,39750.0,0.7991756726057183,0.10139142190309786,3.7169811320754715,741.0694719553295,41.48429683003009,39750.0
0.6645936090498207,147466.0,39457.0,0.7976395244431463,0.10064405871774924,3.7373850013939225,742.3861640787469,41.637149284095564,39457.0
0.6670037412200849,147186.0,39160.0,0.7961250121701879,0.09988649262202043,3.7585801838610826,743.7811391409285,41.795521241421184,39160.0
0.6693096635624572,146891.0,38878.0,0.7945293653111782,0.09916718744021732,3.778255054272339,744.9776259573962,41.94211596446299,38878.0
0.6716717216162442,146632.0,38560.0,0.7931284414586917,0.09835605606499254,3.8026970954356845,746.7242332333439,42.123826531944395,38560.0
0.67392589295534,146347.0,38269.0,0.7915868843237162,0.09761379433483401,3.824165773863963,748.1010550103972,42.28291307151118,38269.0
0.676117812147863,146080.0,37959.0,0.7901426886920023,0.0968230687803696,3.8483627071313786,749.7791836652655,42.46175736634486,37959.0
0.6784095607926652,145806.0,37656.0,0.7886606302534644,0.09605019831907051,3.8720522625876352,751.3777027559793,42.63631576261229,37656.0
0.6805705461036723,145510.0,37375.0,0.7870595744220513,0.09533344386486245,3.8932441471571906,752.6658992227846,42.79198132011302,37375.0
0.6827081415658777,145241.0,37067.0,0.7856045608455305,0.09454781976558814,3.918337065314161,754.3892852521793,42.975859605377046,37067.0
0.6850550513794652,144955.0,36776.0,0.7840575947381516,0.0938055580354296,3.941565151185556,755.8766939720408,43.14552751410202,36776.0
0.6871721046399443,144665.0,36489.0,0.782488992741159,0.09307349921565126,3.9646194743621366,757.3253437318722,43.31344187271866,36489.0
0.6892601080306312,144380.0,36197.0,0.7809474356061835,0.0923286867578977,3.9887283476531206,758.8758784110597,43.48855182891001,36197.0
0.6915320970579958,144111.0,35889.0,0.7794924220296628,0.09154306265862337,4.0154643484075905,760.7053192356198,43.682197378315635,35889.0
0.6938242261769227,143824.0,35599.0,0.7779400469498805,0.09080335165605989,4.040113486333886,762.2763816743142,43.86013171948332,35599.0
0.6960806093552188,143537.0,35309.0,0.7763876718700982,0.09006364065349641,4.065167521028633,763.8729936749216,44.040454762482135,35309.0
0.6981972540565966,143249.0,35020.0,0.7748298878179124,0.08932648037852797,4.090491147915477,765.4794356791984,44.22217234913242,35020.0
0.7004147476056813,142949.0,34743.0,0.7732071960968855,0.0886199288347001,4.114469101689549,766.9154083844054,44.393697384499475,34743.0
0.7025557067369965,142651.0,34465.0,0.7715953223206655,0.08791082656327717,4.139010590454084,768.3970326197685,44.56875983402628,34465.0
0.7047832969167169,142351.0,34188.0,0.7699726305996387,0.0872042750194493,4.163770913770914,769.8811293610224,44.744870947198656,34188.0
0.7071019704175294,142061.0,33901.0,0.7684040286026461,0.08647221619967095,4.190466357924545,771.5580608568087,44.93421408793623,33901.0
0.7091725283018314,141747.0,33638.0,0.7667056112679713,0.08580137484217373,4.213894999702717,772.8563737997255,45.099827588011,33638.0
0.7112437678877114,141447.0,33361.0,0.7650829195469445,0.08509482329834585,4.239890890560835,774.415810012398,45.28312091793052,33361.0
0.7133932495532439,141142.0,33089.0,0.7634331829639005,0.08440102539249321,4.265526307836441,775.9155328646611,45.463321906120164,33089.0
0.715283033512997,140826.0,32828.0,0.7617239476844189,0.08373528549018608,4.289813573778482,777.2498223485989,45.63352093576927,32828.0
0.7173262874967147,140524.0,32553.0,0.7600904380185852,0.0830338354015483,4.316775719595737,778.8520984246439,45.82197350814692,32553.0
0.7193470710923279,140212.0,32288.0,0.7584028386287173,0.08235789258886098,4.342542120911794,780.3053990953058,46.00149691108644,32288.0
0.7212932284115535,139900.0,32023.0,0.7567152392388494,0.08168194977617366,4.3687349717390624,781.783872017257,46.18346061840315,32023.0
0.7233597182606865,139594.0,31752.0,0.755060093683402,0.08099070259791606,4.396384479717813,783.3957461345628,46.374992211641505,31752.0
0.725500804755989,139283.0,31486.0,0.7533779032659376,0.08031220905763369,4.423648605729531,784.945252072924,46.56325997337565,31486.0
0.7274089778542017,138964.0,31228.0,0.7516524410692457,0.0796541213381117,4.449980786473677,786.37594699452,46.744522095059814,31228.0
0.7292994683929744,138635.0,30981.0,0.7498728891485196,0.07902409162213521,4.474839417707627,787.6352980116476,46.915113615187614,30981.0
0.7311249373677462,138304.0,30735.0,0.7480825192829866,0.07839661263375378,4.4998861233121845,788.8930538409933,47.08652010857912,30735.0
0.7330483967449212,137987.0,30475.0,0.7463678750311016,0.07773342345904169,4.527875307629205,790.4352788646463,47.2775792874823,30475.0
0.7350296495981139,137666.0,30219.0,0.7446315948896028,0.07708043719470979,4.5556107084946555,791.9297341277352,47.46631782891655,30219.0
0.7370044400095764,137354.0,29954.0,0.742943995499735,0.07640449438202247,4.585497763236964,793.6223659724126,47.66911015065045,29954.0
0.7389291636334568,137023.0,29708.0,0.7411536256342021,0.07577701539364104,4.612326646021273,794.9810274577457,47.85051510620383,29708.0
0.7407345973566054,136709.0,29445.0,0.7394552082995273,0.07510617403614381,4.642859568687383,796.69359780011,48.05642156187387,29445.0
0.7426562761086587,136377.0,29200.0,0.7376594294615909,0.07448124577535742,4.670445205479452,798.086026558335,48.24179696723291,29200.0
0.7444806697466947,136038.0,28962.0,0.7358257878168306,0.07387417260773636,4.697120364615703,799.3665368037313,48.42050442934046,28962.0
0.7462767611277081,135707.0,28716.0,0.7340354179512976,0.07324669361935492,4.725832288619585,800.8298960401628,48.61234280160549,28716.0
0.7480821462133453,135375.0,28471.0,0.7322396391133612,0.07262176535856853,4.754838256471498,802.3005851735551,48.805556966014905,28471.0
0.7498431158566302,135018.0,28251.0,0.7303086359653393,0.0720606052876583,4.779229053838802,803.2944344331084,48.96744197662708,28251.0
0.7516942591913424,134686.0,28007.0,0.728512857127403,0.07143822775446697,4.809012032706109,804.8022083947427,49.16472354838915,28007.0
0.7534427031226337,134349.0,27767.0,0.7266900334274494,0.07082605313165581,4.838441315230309,806.2504277579496,49.35904419052999,27767.0
0.7552415526616065,134001.0,27538.0,0.7248077110310583,0.07024193651239016,4.866039654295882,807.4987180889531,49.54067925555455,27538.0
0.7570256464337342,133667.0,27295.0,0.7230011142483151,0.06962210970679386,4.897124015387433,809.0635795565094,49.744735401525084,27295.0
0.7587891448539849,133328.0,27057.0,0.7211674726035547,0.0690150365391728,4.9276712126251985,810.5532354120194,49.944610535792876,27057.0
0.7605822501742218,133008.0,26800.0,0.7194366014344595,0.06835949954724585,4.962985074626865,812.4756727471723,50.17502560109563,26800.0
0.7623575843578426,132672.0,26559.0,0.7176191867069094,0.06774477419683965,4.995368801536203,814.0918680575376,50.38551956645716,26559.0
0.764080552383426,132320.0,26334.0,0.7157152284209046,0.06717086048795419,5.024682919419761,815.3931836222466,50.57537743239868,26334.0
0.7660484322589318,131953.0,26124.0,0.7137301355488485,0.06663520769299443,5.051025876588578,816.3932982904089,50.745416028245565,26124.0
0.767797832336337,131593.0,25907.0,0.7117829054836162,0.06608169980486935,5.079437989732504,817.568641389131,50.928370157904524,25907.0
0.7696067375545457,131256.0,25667.0,0.7099600817836628,0.06546952518205819,5.1138037168348465,819.2785977046359,51.14915459452885,25667.0
0.7712540919102379,130901.0,25445.0,0.7080398965804476,0.06490326365595786,5.144468461387306,820.619318602761,51.34541984080123,25445.0
0.7729247660149281,130531.0,25238.0,0.7060385767911812,0.06437526304378324,5.172002535858626,821.6487467331538,51.52103646301744,25238.0
0.7747107969469492,130194.0,24999.0,0.7042157530912277,0.06376563914856713,5.20796831873275,823.4356242530995,51.75000509788351,24999.0
0.7763029078928896,129841.0,24775.0,0.7023063858328195,0.06319427616727671,5.240807265388496,824.907059095331,51.958272282942,24775.0
0.7779593829807956,129500.0,24539.0,0.7004619262432523,0.06259230445484575,5.277313663963486,826.6874375985592,52.18912357574871,24539.0
0.7795650299158668,129149.0,24313.0,0.6985633769296509,0.062015840018365236,5.311931888290215,828.2696972851253,52.40722452942464,24313.0
0.7813153548618649,128782.0,24103.0,0.6965782840575947,0.06148018722340547,5.342986350246857,829.5061592040717,52.602142038960764,24103.0
0.7829090146183226,128428.0,23880.0,0.6946635078267831,0.06091137496971011,5.378056951423786,831.0794776418522,52.82169784744767,23880.0
0.7846153199471028,128062.0,23669.0,0.6926838239271303,0.0603731714471553,5.410536989310913,832.3966529997186,53.02429598139981,23669.0
0.786305688530232,127707.0,23447.0,0.6907636387239152,0.05980690992105498,5.446624301616412,834.0096220587188,53.24877576537627,23447.0
0.7878444463387623,127333.0,23244.0,0.6887406830450351,0.059289112219260545,5.478101875752882,835.1904849465432,53.44380952896067,23244.0
0.7893880527272481,126965.0,23035.0,0.6867501812005755,0.05875601015189583,5.5118298241805945,836.5461574994468,53.652217531792374,23035.0
0.7909951960230913,126597.0,22826.0,0.6847596793561159,0.058222908084531115,5.546175414001577,837.9314822146007,53.86377978983431,22826.0
0.7925492996588269,126236.0,22610.0,0.6828070403184803,0.05767195092400107,5.583193277310924,839.5236664648722,54.091128572514044,22610.0
0.7941909523396046,125860.0,22409.0,0.6807732666947933,0.05715925467739673,5.616493373198269,840.7686102315749,54.29485444929499,22409.0
0.7957261577771247,125498.0,22195.0,0.6788152186847543,0.05661339897205678,5.654336562288804,842.382294385465,54.52577240468689,22195.0
0.7973806374760005,125112.0,22004.0,0.6767273553370331,0.0561262100014029,5.6858752954008365,843.4282601135615,54.717398422795675,22004.0
0.7989868522157557,124730.0,21809.0,0.6746611278789255,0.055628818120368836,5.719198496033748,844.6038292657033,54.91932668243103,21809.0
0.8005489120118048,124353.0,21609.0,0.6726219452828351,0.05511867260135954,5.754685547688463,845.9387755102041,55.13376701708444,21609.0
0.8021877392631929,123983.0,21402.0,0.6706206254935687,0.054590671989184915,5.793056723670685,847.4907384572782,55.364957127198544,21402.0
0.8036747481565369,123599.0,21209.0,0.6685435800906544,0.054098381563340944,5.827667499646377,848.7012874320343,55.57267255573947,21209.0
0.8050475769756495,123216.0,21015.0,0.6664719436601434,0.05360354040990192,5.863240542469664,849.9676739035092,55.785519485573964,21015.0
0.806630157592427,122840.0,20814.0,0.6644381700364564,0.05309084416329758,5.901796867493034,851.4556519295905,56.015558184338296,20814.0
0.808163404590342,122459.0,20618.0,0.6623773515507524,0.052590901554668466,5.939421864390338,852.8397634323675,56.23924266730521,20618.0
0.8096241180463833,122063.0,20437.0,0.6602353984789969,0.052129219859965055,5.972647648872144,853.8379764125513,56.43598609901196,20437.0
0.8111547107106958,121672.0,20251.0,0.6581204902692587,0.05165478452728641,6.008197126067849,855.0025501265638,56.64593960052453,20251.0
0.8126311912827977,121272.0,20074.0,0.6559569013078895,0.05120330574296318,6.041247384676696,855.9405077658799,56.84043673507663,20074.0
0.8142062984057179,120865.0,19904.0,0.6537554495396964,0.05076968205180528,6.072397508038585,856.7031719382645,57.023143652407114,19904.0
0.8157249481248651,120491.0,19702.0,0.6517324938608163,0.05025443507760589,6.1156735356816565,858.4192565336698,57.276714790627075,19702.0
0.8171867556114658,120095.0,19521.0,0.6495905407890609,0.049792753382902476,6.1520926182060345,859.5554449734198,57.48913013773146,19521.0
0.818630227584326,119697.0,19342.0,0.6474377697724987,0.04933617314338915,6.188450005170096,860.661896605656,57.70050955481508,19342.0
0.8201142806452584,119308.0,19154.0,0.6453336795075671,0.048856636355520414,6.228881695729352,862.0646248130573,57.934967591632905,19154.0
0.8215369095501345,118922.0,18963.0,0.643245816159846,0.04836944738486653,6.271265095185361,863.5921419568577,58.17994650985879,18963.0
0.8230210331414509,118540.0,18768.0,0.6411795887017384,0.047872055503832465,6.316069906223359,865.2785254955292,58.43805257467906,18768.0
0.8243623466135663,118144.0,18587.0,0.6390376356299831,0.047410373809129054,6.356270511647926,866.5767267404153,58.66863461236083,18587.0
0.8256950320829807,117749.0,18405.0,0.636901091530631,0.04694614138683059,6.397663678348275,867.939226249068,58.905286011160975,18405.0
0.8271720979805237,117351.0,18226.0,0.6347483205140687,0.046489561147317275,6.4386590584878745,869.242819454156,59.13883405750749,18226.0
0.828548437143489,116953.0,18047.0,0.6325955494975065,0.04603298090780395,6.480467667756414,870.5803438782177,59.376222292040175,18047.0
0.8298423749372547,116557.0,17866.0,0.630453596425751,0.04557129921310054,6.5239561177655885,872.0164867813014,59.62234147124962,17866.0
0.8312370344640314,116151.0,17695.0,0.6282575536299614,0.045135124794347586,6.564057643402091,873.1677154698267,59.8483675125657,17695.0
0.8326714781020229,115734.0,17535.0,0.6260020121377341,0.04472700837914015,6.600171086398631,873.9932496954764,60.051089864420085,17535.0
0.8341135024106524,115336.0,17357.0,0.6238492411211718,0.044272978867221875,6.644927118741718,875.4423534232251,60.301927051207734,17357.0
0.8354708915240556,114935.0,17181.0,0.6216802431873992,0.043824050810493696,6.689657179442407,876.8556026616999,60.55169928415956,17181.0
0.8367356926978792,114532.0,17007.0,0.6195004273088198,0.043380224208955605,6.734403480919621,878.239545611951,60.800654865161164,17007.0
0.8380073090040759,114111.0,16851.0,0.6172232499269789,0.042982310704128356,6.771764286985936,879.0522137804172,61.00750648034214,16851.0
0.839244241135377,113704.0,16681.0,0.6150217981587858,0.04254868701297045,6.816377914993106,880.3689195140728,61.25407072274429,16681.0
0.8406137781990031,113292.0,16516.0,0.6127933015285756,0.04212781695978778,6.859530152579317,881.549709344865,61.49165174580095,16516.0
0.8418630786069236,112881.0,16350.0,0.6105702138707688,0.04170439617901006,6.904036697247706,882.799278670989,61.735892433958554,16350.0
0.8432047454922224,112460.0,16194.0,0.6082930364889279,0.04130648267418281,6.944547363220946,883.7328761949663,61.95726360139383,16194.0
0.8444576305338524,112044.0,16033.0,0.606042903969104,0.040895815531380324,6.988336555853552,884.8735395885988,62.19591489250283,16033.0
0.8457846107633552,111621.0,15879.0,0.6037549086424561,0.04050300348174317,7.029472888720952,885.7972642269344,62.419222556339676,15879.0
0.8471140552306575,111223.0,15700.0,0.6016021376258939,0.040046423242229845,7.084267515923567,887.6561755114234,62.716276831944676,15700.0
0.8483418468992738,110818.0,15528.0,0.5994115038025076,0.03960769809588185,7.1366563626996395,889.3087117540504,62.99901812056337,15528.0
0.8495684538127082,110403.0,15366.0,0.5971667802550872,0.03919448022548432,7.1848887153455685,890.6364403280929,63.25813778935434,15366.0
0.8508749402487895,109976.0,15217.0,0.5948571490388256,0.03881442181382239,7.227180127488992,891.5247398141734,63.484263947679146,15217.0
0.8520912372440316,109549.0,15067.0,0.5925475178225641,0.03843181267456542,7.270790469237406,892.4728708002774,63.71673151017458,15067.0
0.8533380741230253,109131.0,14908.0,0.5902865673579334,0.038026246986953026,7.320297826670244,893.7960741256087,63.98000986327039,14908.0
0.8545749819056473,108694.0,14768.0,0.5879228464176376,0.03766914512364652,7.36010292524377,894.4266472754746,64.19049064856986,14768.0
0.855755829379017,108278.0,14607.0,0.5856727138978137,0.037258477980844036,7.412747312932156,895.9003591637119,64.46867188015945,14607.0
0.8569436770306882,107870.0,14438.0,0.5834658531572172,0.03682740501728118,7.47125640670453,897.73293834593,64.77683912420652,14438.0
0.8582080598538399,107429.0,14302.0,0.5810804963273077,0.03648050606435486,7.511466927702419,898.3036126923587,64.98704171738507,14302.0
0.8594628426030797,107024.0,14130.0,0.5788898625039215,0.03604178091800686,7.574239207360226,900.3473645924228,65.31538187728668,14130.0
0.860683040057803,106594.0,13983.0,0.5765640043704497,0.035666823961535025,7.62311378101981,901.4311900383888,65.5693892827859,13983.0
0.8618645380739697,106173.0,13827.0,0.5742868269886087,0.035268910456707776,7.678672163159036,902.921735024185,65.8573888687163,13827.0
0.8629999774079131,105736.0,13687.0,0.571923106048313,0.03491180859340127,7.725286768466428,903.792521406637,66.09767265102784,13687.0
0.8641551667818441,105322.0,13524.0,0.569683791473296,0.03449603999540869,7.787784679089027,905.6627727642417,66.41950179195317,13524.0
0.8653003601244432,104894.0,13376.0,0.5673687512846309,0.03411853231134181,7.841955741626794,906.9587121596004,66.6969029659846,13376.0
0.8663921614874676,104464.0,13229.0,0.5650428931511592,0.03374357535486998,7.896590823191473,908.2452662986326,66.97559924873887,13229.0
0.8675335222170053,104035.0,13081.0,0.5627224439900907,0.0333660676708031,7.953138139285987,909.6179012753748,67.26300131914698,13081.0
0.868641286695407,103585.0,12954.0,0.5602884064085505,0.033042125266232195,7.99637177705728,910.1121746941299,67.48122715906098,12954.0
0.8697136600903551,103137.0,12825.0,0.5578651867718171,0.032713081406471195,8.04187134502924,910.7219580707829,67.71030141356633,12825.0
0.8707772902337946,102703.0,12682.0,0.5555176927487316,0.03234832736037955,8.098328339378646,911.9882759329777,67.99425395621556,12682.0
0.8719253928841392,102268.0,12540.0,0.5531647897532427,0.031986124041882946,8.155342902711324,913.2527623689301,68.27989137147395,12540.0
0.8729941407231311,101811.0,12420.0,0.5506928893648785,0.03168003673047737,8.197342995169082,913.5533305073982,68.4887005118976,12420.0
0.8740419578162242,101363.0,12291.0,0.5482696697281451,0.031350992870716375,8.246928646977462,914.2939507858382,68.73500146184666,12291.0
0.8751706349686186,100921.0,12156.0,0.5458789039258322,0.031006644645385096,8.302155314248107,915.3479209946529,69.00868731049587,12156.0
0.876271919915166,100480.0,12020.0,0.5434935470959227,0.030659745692458773,8.359400998336106,916.4892865237498,69.29138841792634,12020.0
0.8774089533665878,100027.0,11896.0,0.5410432825971722,0.03034345547067301,8.408456624075319,917.1001530565688,69.53223663639865,11896.0
0.8784315662423773,99580.0,11766.0,0.5386254719328422,0.030011860883316966,8.463369029406765,918.0317466996039,69.80127994161312,11766.0
0.8795274953686809,99126.0,11644.0,0.5361697984616882,0.029700672116721293,8.513053933356234,918.6212408810663,70.04347827188025,11644.0
0.8805627347838626,98671.0,11522.0,0.5337087160181309,0.029389483350125624,8.563704218017705,919.232973133593,70.28957548856341,11522.0
0.8816914126159834,98216.0,11400.0,0.5312476335745735,0.02907829458352995,8.615438596491227,919.8771207030766,70.54011929039002,11400.0
0.8827010238710986,97767.0,11272.0,0.5288190049654367,0.028751801451364002,8.673438608942513,920.8561627531645,70.82040741831617,11272.0
0.8837492894051757,97293.0,11169.0,0.5262551520462143,0.028489076509074212,8.710985764168681,920.6073744834241,70.99985847072033,11169.0
0.8848786336812909,96834.0,11051.0,0.5237724337130432,0.028188090652858728,8.762464935299972,921.1430559608195,71.24658762706176,11051.0
0.8858710980564457,96375.0,10933.0,0.5212897153798721,0.027887104796643244,8.815055337052959,921.7108864001112,71.49782055514335,10933.0
0.8869393322362411,95921.0,10810.0,0.5188340419087182,0.027573365302452524,8.87335800185014,922.5732344347884,71.77573397550181,10810.0
0.8879940497623269,95467.0,10687.0,0.5163783684375642,0.027259625808261807,8.933002713577244,923.475484275072,72.0590087116708,10687.0
0.8889607836405313,95010.0,10567.0,0.5139064680492,0.02695353849685623,8.991199015803918,924.2585236239535,72.33420215016842,10567.0
0.8899924909542639,94552.0,10448.0,0.5114291586884324,0.026650001913045698,9.049770290964778,925.0264215422723,72.61010774031453,10448.0
0.8910138693766441,94085.0,10338.0,0.5089031685760339,0.026369421877590584,9.100889920680983,925.3416818598794,72.84944404395205,10338.0
0.8920003914705994,93608.0,10238.0,0.5063230887396013,0.026114349118085935,9.1431920296933,925.1356222281846,73.0460598085539,10238.0
0.8929686726000254,93163.0,10107.0,0.5039160960200781,0.025780203803134845,9.217670921143762,926.6854245246961,73.39440144719724,10107.0
0.8940839584833375,92698.0,9995.0,0.5014009238524865,0.025494522312489637,9.274437218609304,927.211831940601,73.65762560975621,9995.0
0.8950251023731253,92236.0,9880.0,0.49890197860210517,0.02520118863905929,9.335627530364372,927.9444708012911,73.94062530725228,9880.0
0.8960344063925755,91782.0,9757.0,0.4964463051309512,0.024887449144868574,9.406784872399303,929.1789543239519,74.26910627969544,9757.0
0.8969834607682676,91322.0,9640.0,0.4939581778253767,0.024589014016248134,9.47323651452282,930.1155331351332,74.57417074181141,9640.0
0.8978743347913334,90854.0,9531.0,0.4914267787405749,0.024310984708388068,9.532472982897913,930.6252201548198,74.84443620497791,9531.0
0.8988072469100541,90383.0,9425.0,0.48887915273856275,0.02404060758331314,9.589708222811671,930.9922654363929,75.1043850816623,9425.0
0.8997322561045294,89920.0,9311.0,0.486374798515778,0.02374982463747784,9.657394479647728,931.8760172951785,75.41152171453666,9311.0
0.9006463743023928,89455.0,9199.0,0.48385962634818636,0.023464143146832633,9.724426568105228,932.6835361739014,75.71432214245037,9199.0
0.9014987397716483,88981.0,9096.0,0.48129577342896396,0.023201418204542846,9.782431838170625,932.9794035198528,75.97452966252361,9096.0
0.9023702996581252,88520.0,8980.0,0.4788022371509861,0.022905533803517453,9.857461024498887,934.1212179843906,76.31133506367775,8980.0
0.9031724515715306,88043.0,8880.0,0.47622215731455336,0.022650461044012804,9.914752252252253,934.3043040385959,76.5660499914096,8880.0
0.9040682455498281,87596.0,8750.0,0.4738043466502234,0.02231886645665676,10.010971428571429,936.4406298624291,76.99581085158222,8750.0
0.9049896214702008,87121.0,8649.0,0.47123508475859754,0.022061242969557065,10.072956411145798,936.7849462365591,77.2691636384441,8649.0
0.9058999636444174,86661.0,8532.0,0.4687469574530231,0.021762807840936628,10.157172995780591,938.2061441854567,77.64106654875799,8532.0
0.906791307213379,86185.0,8431.0,0.46617228658899384,0.021505184353836932,10.222393547621872,938.6250518187712,77.92631694669464,8431.0
0.9076316600441711,85717.0,8322.0,0.46364088750419197,0.021227155045976866,10.300048065368902,939.6218494794733,78.26566437203434,8322.0
0.908457314679712,85254.0,8208.0,0.4611365332814072,0.020936372100141567,10.386695906432749,941.0140130768604,78.64319157933589,8208.0
0.9093058131469983,84778.0,8107.0,0.45856186241737795,0.02067874861304187,10.457382508942889,941.5710139671677,78.94844877194497,8107.0
0.9101565906674687,84298.0,8010.0,0.455965555663735,0.02043132803632236,10.524094881398252,941.8917933139187,79.23491019865213,8010.0
0.9109839501057676,83815.0,7916.0,0.4533530219928818,0.02019155964238799,10.588049519959576,942.0389432053283,79.5080950055129,7916.0
0.9118287909819475,83317.0,7837.0,0.45065935373597726,0.01999005216237932,10.631236442516268,941.1496834622684,79.6895534899169,7837.0
0.9126622027986372,82847.0,7730.0,0.44811713670636855,0.019717124309709344,10.717593790426909,942.2953320246779,80.05821180638016,7730.0
0.9135343515764356,82376.0,7624.0,0.4455695107043564,0.019446747184634416,10.804826862539349,943.4290739788241,80.42876307506766,7624.0
0.9143595962279967,81883.0,7540.0,0.442902887309469,0.01923248606665051,10.859814323607427,942.9921400838646,80.65845869389638,7540.0
0.9151976979614798,81391.0,7455.0,0.44024167288698496,0.01901567422107156,10.917639168343394,942.6545335119526,80.89949492806372,7455.0
0.9159645155353987,80912.0,7358.0,0.4376507751057454,0.018768253644352053,10.996466431095406,943.2635325680684,81.22957442385798,7358.0
0.9168131418551791,80416.0,7277.0,0.4349679247936477,0.018561644709153287,11.050707709220832,942.6843114981295,81.45317636009312,7277.0
0.917551378502214,79934.0,7182.0,0.4323608000951979,0.01831932558762387,11.129768866610972,943.2109756484397,81.78151769298171,7182.0
0.9183712058639925,79440.0,7099.0,0.42968876772790704,0.01810761519723501,11.190308494154106,942.8457491952764,82.0298349053168,7099.0
0.9191141305779148,78951.0,7011.0,0.4270437802226333,0.01788315116887092,11.261018399657681,942.9043767378396,82.3201034359382,7011.0
0.919907039437682,78459.0,6926.0,0.42438256580014927,0.01766633932329197,11.328183655789777,942.7608187921314,82.59416997842942,6926.0
0.9206496724193365,77967.0,6841.0,0.42172135137766525,0.017449527477713018,11.39701797982751,942.6512084717292,82.87405330171306,6841.0
0.9213929663428625,77484.0,6747.0,0.4191088177068121,0.01720975908377865,11.48421520675856,943.3148631716136,83.22938197411366,6747.0
0.9221081565370802,76992.0,6662.0,0.41644760328432806,0.016992947238199697,11.556889822876013,943.2857792010171,83.52251086314828,6662.0
0.9228492724584504,76493.0,6584.0,0.41374852605502005,0.01679399048578607,11.618013365735115,942.7071106049727,83.76643767681352,6584.0
0.9236409374984026,76011.0,6489.0,0.4111414013565703,0.016551671364256653,11.713823393435044,943.5991892527204,84.15256091087825,6489.0
0.92440041738101,75498.0,6425.0,0.4083665985136144,0.01638842479817368,11.750661478599222,941.8871696287639,84.29410248104561,6425.0
0.9250986118883452,75010.0,6337.0,0.40572701998074406,0.01616396076980959,11.836831308189995,942.2742257046679,84.63762125992477,6337.0
0.9258207129387385,74508.0,6262.0,0.4030117158342258,0.015972656200181103,11.898435004790802,941.5564748526522,84.87902751260991,6262.0
0.9265136074863203,74021.0,6172.0,0.40037754627375893,0.01574309071662692,11.99303305249514,942.197590518434,85.25371064992015,6172.0
0.9272312044562278,73535.0,6081.0,0.39774878568569544,0.015510974505477688,12.092583456668311,942.9889312638322,85.64637577881379,6081.0
0.9279215207167881,73031.0,6008.0,0.3950226635943703,0.015324771391039294,12.155625832223702,942.1982329388701,85.88962630517644,6008.0
0.9285895368519042,72533.0,5929.0,0.3923289953374658,0.015123263911030622,12.233597571259908,941.987012987013,86.19184209896926,5929.0
0.9292867647783875,72045.0,5840.0,0.38968941680459546,0.014896249155071484,12.336472602739725,942.7519125752987,86.59222496746797,5840.0
0.9299762152804906,71544.0,5764.0,0.38697952163048066,0.014702393857847952,12.412213740458014,942.3478231774764,86.88221684021954,5764.0
0.9306521186347125,71040.0,5691.0,0.38425339953915555,0.014516190743409558,12.482867685819715,941.6915208286802,87.15060667818572,5691.0
0.9312935317003891,70535.0,5619.0,0.381521868475427,0.014332538356566211,12.552945363943762,940.9686505116807,87.41545490412103,5619.0
0.9319244274817026,70026.0,5551.0,0.37876870152208486,0.01415908888010305,12.615024319942354,939.8828081352925,87.64751177153363,5551.0
0.9325444327563721,69515.0,5485.0,0.3760047166239358,0.01399074085882998,12.673655423883318,938.620880223346,87.8649668450154,5485.0
0.9332080813141171,69020.0,5403.0,0.3733272752842415,0.01378158119603617,12.77438460114751,938.9824413540442,88.24637703484481,5403.0
0.9338740039920669,68521.0,5326.0,0.3706281980549335,0.01358517517121759,12.865377393916635,938.9081554702578,88.58763827211347,5326.0
0.9344761884970788,68021.0,5249.0,0.36792371185322215,0.013388769146399011,12.958849304629453,938.8684085377461,88.9366054780158,5249.0
0.935118754553142,67511.0,5182.0,0.3651651359274765,0.013217870397530895,13.027981474334235,937.8337045093755,89.18953828555689,5182.0
0.9357229748595095,67002.0,5114.0,0.3624119689741343,0.013044420921067735,13.101681658193195,936.9305601069166,89.45883549794664,5114.0
0.9363040389784839,66495.0,5044.0,0.35966961996559893,0.012865869989414481,13.18298969072165,936.2707404829738,89.75597226977196,5044.0
0.9369341891942776,65996.0,4966.0,0.356970542736291,0.012666913237000855,13.289569069673782,936.5139616269428,90.14808775379592,4966.0
0.9375522052972974,65501.0,4884.0,0.3542931013965967,0.012457753574207043,13.411343161343162,937.2600431103091,90.5954933259599,4884.0
0.938118168805539,65004.0,4804.0,0.35160484211209553,0.012253695366603324,13.531223980016653,937.8612283259195,91.0327172845325,4804.0
0.9387368463024511,64491.0,4740.0,0.34883003926913964,0.012090448800520348,13.605696202531645,936.7203178096802,91.29625628637959,4740.0
0.9393435119320984,63985.0,4669.0,0.34609309923300774,0.011909347141272049,13.704219318911973,936.4104191648995,91.648549676552,4669.0
0.9399219702727534,63476.0,4601.0,0.3433399322796655,0.011735897664808887,13.796131275809607,935.8008489327686,91.97404672913441,4601.0
0.9404698266242681,62969.0,4531.0,0.34059758327113016,0.011557346733155633,13.89737364820128,935.4697863926906,92.33227916445462,4531.0
0.9410565654574962,62463.0,4460.0,0.3378606432349982,0.011376245073907332,14.005156950672646,935.3096378258194,92.71245628716098,4460.0
0.9416615434877424,61955.0,4392.0,0.3351128852540594,0.01120279559744417,14.106329690346083,934.8570243440392,93.0658939874839,4392.0
0.9422098443149657,61442.0,4328.0,0.3323380824111035,0.011039549031361196,14.196395563770794,933.9458957719154,93.37638869173117,4328.0
0.9427757999253334,60943.0,4250.0,0.32963900518179556,0.01084059227894757,14.339529411764707,934.822946306506,93.87839811767581,4250.0
0.9433503154272416,60429.0,4187.0,0.32685879336643625,0.01067989644045964,14.432529257224743,933.886133575627,94.19496441120287,4187.0
0.9438865533473053,59902.0,4137.0,0.3240082649098324,0.010552360060707316,14.479574570945129,931.3192127024736,94.34351699721914,4137.0
0.9444307224849376,59390.0,4072.0,0.32123887103927995,0.010386562767029294,14.584970530451866,930.6994143135239,94.70144303072429,4072.0
0.9449588149399595,58879.0,4006.0,0.3184748861411309,0.010218214745756227,14.69770344483275,930.2612972322925,95.08324826579,4006.0
0.9454679945830589,58370.0,3938.0,0.3157217191877887,0.010044765269293066,14.822244794311834,930.1475305799514,95.50446143285394,3938.0
0.9460229893180859,57858.0,3873.0,0.3129523253172362,0.009878967975615044,14.938807126258714,929.693230431994,95.89430176729482,3873.0
0.9465185348576843,57351.0,3803.0,0.3102099763087009,0.00970041704396179,15.080462792532211,929.9890438142348,96.3697589225433,3803.0
0.9470213369481625,56840.0,3737.0,0.30744599141055184,0.009532069022688721,15.21006154669521,929.8063767872081,96.79919987825464,3737.0
0.9475600757577846,56319.0,3681.0,0.30462791678836854,0.009389228277366119,15.299918500407498,928.2651076198275,97.0868141312723,3681.0
0.9480784261041447,55800.0,3623.0,0.3018206601109921,0.009241286076853423,15.401600883245928,927.043326541496,97.41352684072115,3623.0
0.9485934455884338,55280.0,3567.0,0.29900799446121223,0.009098445331530819,15.497617045135968,925.5853662710514,97.71835610438849,3567.0
0.9491381585336566,54754.0,3516.0,0.2961628749770119,0.008968358224183449,15.572810011376564,923.403291830234,97.94923553705614,3516.0
0.9496626568777969,54232.0,3461.0,0.29333939138242515,0.008828068206455892,15.669459693730136,921.8384555389152,98.25210803851871,3461.0
0.9501647722013273,53719.0,3397.0,0.29056458853946926,0.008664821640372916,15.813659110980277,921.6799627759896,98.7150049611594,3397.0
0.9506719393478068,53194.0,3345.0,0.2877248780276723,0.008532183805430499,15.90254110612855,919.7389692730226,98.9862936635668,3345.0
0.9511668471216759,52680.0,3282.0,0.28494466621231296,0.00837148796694257,16.051188299817184,919.5523909133015,99.45742868688447,3282.0
0.9516469272853155,52161.0,3224.0,0.28213740953493655,0.008223545766429875,16.178970223325063,918.6464313427982,99.85440153090002,3224.0
0.9521241963897464,51641.0,3167.0,0.2793247438851567,0.008078154293512224,16.30596779286391,917.6363565112736,100.24540409036896,3167.0
0.9526012733104142,51104.0,3127.0,0.2764201257045187,0.007976125189710364,16.342820594819315,913.8837473539215,100.33330103321192,3127.0
0.9530818455374294,50602.0,3052.0,0.2737048215580004,0.007784820620081879,16.579947575360418,915.9576994645485,101.08332385814451,3052.0
0.9535412497791583,50078.0,2999.0,0.27087052001860684,0.0076496320575444145,16.698232744248084,914.447428432305,101.43527791844946,2999.0
0.9540341540509496,49558.0,2942.0,0.268057854368827,0.007504240584626765,16.845003399048267,913.676462677043,101.87710704280735,2942.0
0.9545027921902476,49030.0,2893.0,0.26520191693981976,0.007379254932469487,16.947805046664364,911.565072519759,102.1720607644492,2893.0
0.9549800446431724,48520.0,2827.0,0.2624433410140741,0.007210906911196419,17.16307039264238,912.5525603772136,102.82727262256306,2827.0
0.9554592662467182,47981.0,2789.0,0.25952790488862926,0.007113979262584652,17.20365722481176,908.5420613838928,102.91551638292518,2789.0
0.9559239090453912,47466.0,2727.0,0.2567422841008665,0.00695583415169177,17.405940594059405,908.9501505790204,103.51912666348541,2727.0
0.956391360289941,46947.0,2669.0,0.2539350274234901,0.006807891951179074,17.58973398276508,908.7272645237801,104.05746261514376,2669.0
0.9568712017714964,46433.0,2606.0,0.25115481560813074,0.006647196112691145,17.81772831926324,909.577142989175,104.72856913883659,2606.0
0.9573249288190513,45908.0,2554.0,0.2483151050963338,0.006514558277748728,17.974941268598275,908.4016753390592,105.1712796494781,2554.0
0.957727408008206,45382.0,2503.0,0.2454699856121334,0.006384471170401357,18.131042748701557,907.0959056359884,105.60573765837928,2503.0
0.9582001616240076,44857.0,2451.0,0.24263027510033644,0.006251833335458939,18.301509587923295,906.0633617940168,106.0795504576687,2451.0
0.958656349941566,44326.0,2405.0,0.23975811075411893,0.006134499866086801,18.43076923076923,903.8596555456365,106.4220417755266,2405.0
0.9591238703333567,43793.0,2361.0,0.23687512846309458,0.0060222678519047555,18.54849639983058,901.2737113872681,106.72554149553814,2361.0
0.9595578184855538,43257.0,2320.0,0.23397591925485997,0.00591768802050785,18.645258620689656,898.0745805083075,106.9619829582861,2320.0
0.9599850660199644,42730.0,2270.0,0.23112539079825614,0.005790151640755525,18.823788546255507,896.8503133642189,107.44145104036748,2270.0
0.9604250118956581,42197.0,2226.0,0.2282424085072318,0.00567791962657348,18.956424079065588,894.3736505870075,107.7778491207758,2226.0
0.9608610172778116,41675.0,2172.0,0.2254189249126451,0.00554018033644097,19.187384898710867,894.2227159124147,108.40172850356521,2172.0
0.9612736191143375,41137.0,2133.0,0.22250889775960364,0.005440701960234157,19.28598218471636,890.711765462137,108.62746456524258,2133.0
0.9616947481226049,40593.0,2100.0,0.21956641677214161,0.005356527949597623,19.33,885.811881834964,108.68949758439166,2100.0
0.9620828430497022,40053.0,2063.0,0.21664557167429332,0.005262151028580903,19.414929714008725,881.831151545006,108.86907727700745,2063.0
0.9625030528665569,39519.0,2020.0,0.21375718041086555,0.005152469741993904,19.563861386138615,879.2862094442355,109.23173983620015,2020.0
0.962933393828715,38985.0,1977.0,0.21086878914743776,0.005042788455406905,19.71927162367223,876.787205796744,109.60778833906701,1977.0
0.9633462952691353,38450.0,1935.0,0.20797498891160657,0.004935657896414952,19.870801033591732,874.0894117546568,109.96702053153213,1935.0
0.9637532471835606,37922.0,1886.0,0.20511905148259935,0.004810672244257674,20.10710498409332,873.2133961448294,110.56198489341838,1886.0
0.9641658269296841,37388.0,1843.0,0.20223066021917155,0.004700990957670676,20.28648941942485,870.9025585066656,110.98687231536341,1843.0
0.9645755510393773,36849.0,1805.0,0.19931522409372668,0.004604063309058909,20.414958448753463,867.3354621356816,111.2620363959199,1805.0
0.96495514920129,36308.0,1769.0,0.19638897002347494,0.004512237115637236,20.524590163934427,863.2536241870816,111.47945334125762,1769.0
0.9653555180132765,35768.0,1732.0,0.19346812492562662,0.004417860194620516,20.651270207852193,859.4501921545292,111.73943482147479,1732.0
0.9657322624297167,35225.0,1699.0,0.19053105291056804,0.0043336861839839815,20.732783990582696,854.5831241419851,111.8695419442186,1699.0
0.9660967023619439,34702.0,1645.0,0.18770216034357792,0.004195946893851471,21.095440729483283,855.6015335391405,112.76449069208341,1645.0
0.9664808258190096,34171.0,1599.0,0.1848299959973604,0.004078613424479333,21.370231394621637,854.542086140651,113.40463286126356,1599.0
0.966883385642731,33628.0,1565.0,0.18189292398230184,0.003991888686247752,21.487539936102237,850.0488179929704,113.61114547957368,1565.0
0.9672490208436709,33096.0,1520.0,0.1790153506636809,0.00387710594447066,21.773684210526316,848.8944885152565,114.26034432281394,1520.0
0.9676131501398174,32562.0,1477.0,0.17612695940025314,0.0037674246578836613,22.046039268788086,847.2680394481298,114.8596751341795,1477.0
0.9679875496557495,32012.0,1450.0,0.1731520245783706,0.003698555012817406,22.077241379310344,840.6763057410876,114.81821194423787,1450.0
0.9683474135760339,31470.0,1415.0,0.17022036153571543,0.003609279546990779,22.24028268551237,836.6012766623503,115.11490430081759,1415.0
0.9687188139278082,30921.0,1387.0,0.16725083568623633,0.0035378591743294775,22.293439077144917,830.2622656151476,115.12004219070452,1387.0
0.969095785230922,30375.0,1356.0,0.1642975367539675,0.0034587866188830366,22.400442477876105,824.8717720139821,115.25821925268939,1356.0
0.9694425274421835,29831.0,1323.0,0.16135505576650547,0.003374612608246502,22.547996976568406,820.139803818844,115.49278264314498,1323.0
0.9698223491516486,29284.0,1293.0,0.1583963478618332,0.0032980907803951075,22.648105181747873,814.3875687547697,115.59869848064179,1293.0
0.9701817297442602,28738.0,1262.0,0.15544304892956437,0.0032190182249486666,22.771790808240887,808.9596555127002,115.75657909712837,1262.0
0.9705306045408744,28183.0,1241.0,0.1524410692456647,0.0031654529454526906,22.709911361804995,800.0208946707269,115.44187228617923,1241.0
0.9708917872059939,27649.0,1198.0,0.14955267798223693,0.0030557716588656913,23.079298831385643,798.8238437784526,116.19586996227378,1198.0
0.9712514097541032,27117.0,1153.0,0.146675104663616,0.0029409889170885994,23.518647007805725,798.595736847291,117.09779314394041,1153.0
0.9715994153258365,26582.0,1111.0,0.1437813044277848,0.0028338583580966473,23.926192619261926,797.4998759907243,117.89545114285049,1111.0
0.9719643322851382,26031.0,1085.0,0.14080096063349884,0.0027675394406254383,23.991705069124425,790.2708868827054,117.8569003115721,1085.0
0.9723229984883393,25485.0,1054.0,0.13784766170123,0.0026884668851789974,24.17931688804554,784.990376305239,118.09797831836103,1054.0
0.9726900006330941,24932.0,1030.0,0.1348564999621372,0.0026272494228978815,24.205825242718447,776.8523894225056,117.94819864441689,1030.0
0.9730568946133501,24397.0,988.0,0.131962699726306,0.002520118863905929,24.69331983805668,776.1719681160025,118.85818217891863,988.0
0.9734009095302197,23856.0,952.0,0.12903644565605427,0.0024282926704842557,25.058823529411764,773.1774014530217,119.45703535829584,952.0
0.9737441884690393,23311.0,920.0,0.12608855569618885,0.002346669387442768,25.338043478260868,768.5409107664595,119.83680912877301,920.0
0.9741006657701244,22765.0,889.0,0.12313525676392,0.002267596831996327,25.607424071991,763.5135945082283,120.17335359863836,889.0
0.9744579874740716,22215.0,862.0,0.12016032194203745,0.002198727186930072,25.771461716937356,756.6459026795582,120.258045240718,862.0
0.9747862068717177,21677.0,823.0,0.11725029478899598,0.0020992488107232587,26.339003645200485,755.6127195971565,121.1937744755423,823.0
0.9751466957256488,21127.0,797.0,0.11427535996711345,0.00203292989325205,26.50815558343789,748.3567351279016,121.24500455541768,797.0
0.9754899688791071,20581.0,766.0,0.1113220610348446,0.0019538573378056093,26.868146214099216,743.6217568309685,121.67441550104199,766.0
0.9758311769954037,20028.0,742.0,0.10833089929575179,0.0018926398755244934,26.99191374663073,735.2510105518525,121.58649937447349,742.0
0.9761604641069735,19489.0,704.0,0.10541546317030691,0.0017957122269127268,27.683238636363637,734.5193243095044,122.62689003033195,704.0
0.9765076156175271,18931.0,685.0,0.10239725656919699,0.0017472484026068436,27.636496350364965,723.3163294221686,122.14551612877146,685.0
0.9768241791936032,18377.0,662.0,0.09940068585770076,0.0016885816679207744,27.759818731117825,714.242388004067,121.98323950401725,662.0
0.9771488687309552,17827.0,635.0,0.09642575103581821,0.0016197120228545192,28.074015748031496,707.442915534644,122.16746580478751,635.0
0.9774894623305483,17276.0,609.0,0.09344540724153226,0.0015533931053833105,28.367816091954023,700.0588481010705,122.27540492663833,609.0
0.9778074087901617,16727.0,581.0,0.09047588139205313,0.001481972732722009,28.790017211703958,693.9528931420144,122.58530446129478,581.0
0.978084611755724,16168.0,563.0,0.08745226581853979,0.0014360596360111723,28.71758436944938,681.3999589706896,121.9346728869915,563.0
0.9784057656264159,15613.0,541.0,0.08445028613464015,0.0013799436289201495,28.859519408502774,671.2552990665725,121.6513095314337,541.0
0.9787213006266381,15073.0,504.0,0.08152944103679183,0.0012855667079034294,29.90674603174603,671.4047832243288,122.94006256764408,504.0
0.9790309223567798,14522.0,478.0,0.07854909724250587,0.0012192477904322209,30.380753138075313,664.2208195104469,123.12585280506825,478.0
0.9793450560958867,13970.0,454.0,0.07556334447581649,0.001158030328151105,30.770925110132158,655.6445864861131,123.10475851511099,454.0
0.979668538845305,13411.0,436.0,0.07253972890230315,0.0011121172314402683,30.759174311926607,642.2704155550431,122.35691701577473,436.0
0.9799757376984496,12857.0,413.0,0.0695431581908069,0.0010534504967541992,31.130750605326877,632.6516107089965,122.18487057979027,413.0
0.9803020504803623,12306.0,387.0,0.06656281439652095,0.0009871315792829905,31.7984496124031,625.5491355043443,122.40153551470833,387.0
0.9806213936867672,11751.0,365.0,0.06356083471262129,0.0009310155721919677,32.1945205479452,615.0754514357602,122.09902029390554,365.0
0.9809461902492512,11206.0,333.0,0.06061294475275587,0.0008493922891504802,33.651651651651655,614.0850172479446,123.24704403281297,333.0
0.9813045504683935,10640.0,322.0,0.05755146637241857,0.0008213342856049688,33.04347826086956,592.9440181801754,121.2950849693421,322.0
0.9816474039359837,10087.0,298.0,0.054560304633325764,0.0007601168233238531,33.848993288590606,584.3242210468546,121.25488605088287,298.0
0.9819891656165459,9532.0,276.0,0.05155832494942611,0.0007040008162328304,34.53623188405797,573.758975806776,120.89646674469526,276.0
0.9823633187607038,8978.0,253.0,0.048561754237929876,0.0006453340815467612,35.48616600790514,564.4420239661221,120.70358719887304,253.0
0.9827180837512237,8415.0,239.0,0.04551650277480284,0.0006096238952161104,35.2092050209205,544.3211003176765,118.82123991876124,239.0
0.9831001053145126,7861.0,216.0,0.04251993206330661,0.0005509571605300412,36.39351851851852,534.8733018894045,118.53510363731597,216.0
0.9834894922958398,7300.0,200.0,0.039485498544986425,0.0005101455190092974,36.5,516.1879502661797,116.78029602407166,200.0
0.9838793213654987,6751.0,173.0,0.036515972695507305,0.00044127587394304226,39.02312138728324,513.2690254491782,117.33762130972427,173.0
0.9843283669471705,6193.0,154.0,0.033497766094397384,0.000392812049637159,40.214285714285715,499.046161620918,116.083843160274,154.0
0.9847855646525884,5625.0,145.0,0.030425469769253238,0.0003698555012817406,38.793103448275865,467.1308241772873,112.09253875582777,145.0
0.9852976228867079,5061.0,132.0,0.02737480933372278,0.0003366960425461363,38.34090909090909,440.5035083958934,108.736613324521,132.0
0.9858701730493084,4498.0,118.0,0.024329557870595743,0.0003009858562154855,38.11864406779661,414.07446313066583,105.22956833851198,118.0
0.9865120744950093,3934.0,105.0,0.021278897435065287,0.00026782639747988113,37.46666666666667,383.919088697953,100.92357947149345,105.0
0.9872004481652028,3375.0,87.0,0.018255281861551943,0.00022191330076904437,38.793103448275865,361.83798050775573,97.52943430185503,87.0
0.9879586993183607,2814.0,71.0,0.015220848343231752,0.0001811016592483006,39.63380281690141,333.9603586157503,92.81632579196419,71.0
0.9887981448421533,2256.0,52.0,0.012202641742121831,0.00013263783494241733,43.38461538461539,312.8509106710292,88.3844923061285,52.0
0.9897025164255789,1686.0,45.0,0.009119527472170838,0.00011478274177709191,37.46666666666667,251.33404067097635,77.20186121476216,45.0
0.9907989758151969,1128.0,26.0,0.006101320871060916,6.631891747120866e-05,43.38461538461539,221.2190004358716,68.78796607083038,26.0
0.9925265756494389,562.0,15.0,0.0030398424907236124,3.8260913925697304e-05,37.46666666666667,145.10777603790456,50.38679741675971,15.0
0.9976205625582082,1.0,0.0,5.4089724034227975e-06,0.0,inf,inf,0.0,0.0
