dataset_index,label,signal_probability,prediction
1,0,0.349,0
6,0,0.013794,0
181,0,0.7026,1
182,0,0.566,1
288,0,0.1752,0
412,0,0.09534,0
666,0,0.04263,0
758,0,0.0161,0
822,0,0.02904,0
1036,0,0.2944,0
1334,0,0.5317,1
1644,0,0.5503,1
1687,0,0.2101,0
1763,0,0.57,1
1820,0,0.5537,1
1829,0,0.05127,0
1886,0,0.02174,0
2033,0,0.09436,0
2103,0,0.1355,0
2179,0,0.2595,0
2231,0,0.6196,1
2275,0,0.001934,0
2319,0,0.0005956,0
2365,0,0.7666,1
2453,0,0.5137,1
2475,0,0.5825,1
2511,0,2.605e-05,0
2526,0,0.0804,0
2587,0,0.404,0
2643,0,0.8833,1
2647,0,0.10156,0
2713,0,0.621,1
2815,0,0.00596,0
2895,0,0.1448,0
2914,0,0.3965,0
2933,0,0.06042,0
3300,0,0.2932,0
3430,0,0.0006266,0
3526,0,0.1885,0
3578,0,0.09174,0
3580,0,0.0001106,0
3628,0,0.2153,0
3797,0,0.002003,0
4025,0,0.4233,0
4060,0,0.583,1
4264,0,0.01467,0
4298,0,0.0437,0
4318,0,0.01519,0
4368,0,0.587,1
4718,0,0.55,1
4806,0,0.4495,0
4905,0,0.358,0
4948,0,0.06854,0
4950,0,0.5454,1
4969,0,0.0345,0
5000,0,0.1223,0
5033,0,0.02635,0
5185,0,0.6016,1
5306,0,0.03186,0
5452,0,0.7207,1
5545,0,0.003298,0
5576,0,0.2502,0
5739,0,0.3022,0
5943,0,0.2477,0
5977,0,0.883,1
6044,0,0.015366,0
6074,0,0.0056,0
6119,0,0.005512,0
6144,0,0.07465,0
6179,0,0.2445,0
6201,0,0.2311,0
6249,0,0.6133,1
6281,0,0.00919,0
6560,0,0.0002453,0
6656,0,0.004944,0
6726,0,0.5513,1
6743,0,0.5093,1
6778,0,0.001346,0
6785,0,0.356,0
6842,0,0.00226,0
6886,0,9.1e-05,0
6919,0,0.716,1
7002,0,0.05814,0
7144,0,0.03403,0
7249,0,0.8115,1
7311,0,0.833,1
7402,0,0.5117,1
7422,0,0.351,0
7472,0,0.03253,0
7534,0,0.549,1
7578,0,0.02225,0
7653,0,0.6,1
8040,0,0.0183,0
8062,0,0.1898,0
8088,0,0.2542,0
8252,0,0.3325,0
8268,0,0.0667,0
8295,0,0.2494,0
8393,0,0.0534,0
8398,0,0.14,0
8400,0,0.0682,0
8496,0,0.002758,0
8558,0,0.02072,0
8674,0,0.1034,0
8684,0,0.02795,0
8723,0,0.5186,1
8775,0,0.204,0
8826,0,0.4973,0
8858,0,0.1257,0
8974,0,0.0549,0
9049,0,0.9067,1
9144,0,0.2917,0
9216,0,0.69,1
9390,0,0.504,1
9434,0,0.0603,0
9480,0,0.002684,0
9583,0,0.10126,0
9589,0,0.00387,0
9699,0,0.761,1
9774,0,0.05225,0
10008,0,0.84,1
10044,0,0.717,1
10058,0,0.3953,0
10113,0,0.9263,1
10271,0,0.372,0
10651,0,0.3516,0
10704,0,0.4294,0
10714,0,0.69,1
10754,0,0.1105,0
10787,0,0.299,0
10824,0,0.0305,0
10858,0,0.003664,0
10860,0,0.777,1
10899,0,0.1632,0
11008,0,0.0772,0
11369,0,0.12463,0
11381,0,0.3645,0
11423,0,0.6685,1
11436,0,0.7754,1
11606,0,0.326,0
11912,0,0.7227,1
12139,0,0.233,0
12217,0,0.02556,0
12261,0,0.3655,0
12263,0,0.07684,0
12284,0,0.1477,0
12324,0,0.02057,0
12511,0,0.00835,0
12550,0,0.03062,0
12602,0,0.1462,0
12721,0,0.07043,0
12762,0,0.4978,0
12896,0,0.7593,1
12967,0,0.1548,0
12989,0,0.636,1
13004,0,0.2313,0
13034,0,0.04092,0
13074,0,0.007122,0
13137,0,0.2208,0
13394,0,0.1597,0
13395,0,0.1534,0
13520,0,0.03882,0
13526,0,0.578,1
13536,0,0.03198,0
13759,0,0.01099,0
13878,0,0.047,0
13891,0,0.1587,0
13915,0,0.1492,0
14018,0,0.5454,1
14026,0,0.7026,1
14050,0,0.2374,0
14092,0,0.02681,0
14095,0,0.928,1
14198,0,0.1034,0
14252,0,0.006824,0
14289,0,0.07355,0
14290,0,0.05933,0
14425,0,0.139,0
14638,0,0.1174,0
14659,0,0.554,1
14673,0,0.0442,0
14786,0,0.0247,0
14860,0,0.01462,0
14961,0,0.3723,0
14964,0,0.4846,0
15033,0,0.261,0
15097,0,0.014786,0
15149,0,0.8447,1
15189,0,0.05072,0
15263,0,0.3054,0
15265,0,0.5425,1
15267,0,0.575,1
15319,0,0.07135,0
15349,0,0.05844,0
15396,0,0.5005,1
15399,0,0.2852,0
15403,0,0.0464,0
15428,0,0.4006,0
15543,0,0.03091,0
15734,0,0.03015,0
15747,0,0.1556,0
15864,0,0.9346,1
15881,0,0.005512,0
16084,0,0.4258,0
16093,0,0.3079,0
16110,0,0.0774,0
16321,0,0.5317,1
16361,0,0.0848,0
16469,0,0.73,1
16511,0,0.8438,1
16542,0,0.8267,1
16600,0,0.02423,0
16654,0,0.00393,0
16705,0,0.362,0
16732,0,0.0771,0
16755,0,0.7466,1
16775,0,0.02258,0
16791,0,0.1357,0
16822,0,0.671,1
16848,0,0.1279,0
16948,0,0.3784,0
16959,0,0.4888,0
17171,0,0.4802,0
17321,0,0.7056,1
17364,0,0.0208,0
17424,0,0.01956,0
17513,0,0.0354,0
17536,0,0.06476,0
17572,0,0.1455,0
17645,0,0.05814,0
17669,0,0.10126,0
17738,0,0.00956,0
17851,0,0.413,0
17960,0,0.03775,0
18051,0,0.7534,1
18129,0,0.8086,1
18154,0,0.6123,1
18166,0,0.2375,0
18199,0,0.0857,0
18243,0,0.005688,0
18287,0,0.6704,1
18317,0,0.717,1
18376,0,0.363,0
18660,0,0.0232,0
18726,0,0.928,1
18756,0,0.711,1
18841,0,0.001853,0
18853,0,0.8315,1
18979,0,0.0854,0
19133,0,0.372,0
19205,0,0.4148,0
19257,0,0.4333,0
19376,0,0.08093,0
19493,0,0.139,0
19668,0,0.02806,0
19731,0,0.02937,0
19777,0,0.1263,0
19778,0,0.7666,1
19873,0,0.096,0
19932,0,0.0149,0
20095,0,0.7144,1
20129,0,0.317,0
20161,0,0.02405,0
20188,0,0.693,1
20189,0,0.2583,0
20483,0,0.501,1
20524,0,0.2969,0
20689,0,0.689,1
20817,0,0.1,0
20922,0,0.0724,0
20957,0,0.6265,1
21357,0,0.1652,0
21380,0,0.02162,0
21579,0,0.02817,0
21595,0,0.762,1
21617,0,0.7734,1
21759,0,0.549,1
21769,0,0.2878,0
21824,0,0.754,1
21880,0,0.6865,1
21932,0,0.937,1
21951,0,0.3271,0
21965,0,0.02692,0
21973,0,0.02007,0
21992,0,0.7476,1
22088,0,0.02263,0
22203,0,0.745,1
22291,0,0.0998,0
22308,0,0.1025,0
22316,0,0.05072,0
22323,0,0.141,0
22439,0,0.04654,0
22444,0,0.2766,0
22606,0,0.0003407,0
22626,0,0.005707,0
22661,0,0.1301,0
22868,0,0.0159,0
22898,0,0.661,1
22983,0,0.915,1
23036,0,0.0346,0
23050,0,0.2347,0
23055,0,0.06323,0
23110,0,0.1981,0
23162,0,0.04578,0
23350,0,0.01872,0
23354,0,0.4565,0
23395,0,0.6777,1
23411,0,0.6235,1
23493,0,0.9014,1
23524,0,0.5654,1
23550,0,0.0483,0
23579,0,0.002737,0
23777,0,0.55,1
23801,0,0.136,0
23872,0,0.0932,0
24147,0,0.5166,1
24203,0,0.2761,0
24224,0,0.0324,0
24289,0,0.1387,0
24386,0,0.9263,1
24418,0,0.0365,0
24488,0,0.03198,0
24766,0,0.01462,0
24949,0,0.1043,0
25001,0,0.1844,0
25048,0,0.731,1
25147,0,0.2035,0
25421,0,0.4883,0
25547,0,0.01192,0
25584,0,0.1342,0
25618,0,0.334,0
25678,0,0.2006,0
25728,0,0.03882,0
25829,0,0.02017,0
25897,0,0.3184,0
25945,0,0.06223,0
26117,0,0.5796,1
26214,0,0.02774,0
26263,0,0.4592,0
26312,0,0.0885,0
26329,0,0.6187,1
26345,0,0.04788,0
26368,0,0.0456,0
26409,0,0.0801,0
26485,0,0.02109,0
26632,0,0.152,0
26789,0,0.5947,1
26849,0,0.01267,0
26871,0,0.2198,0
26932,0,0.03622,0
26968,0,0.6157,1
27039,0,0.0002868,0
27111,0,0.4573,0
27386,0,0.2908,0
27387,0,0.004963,0
27421,0,0.003664,0
27463,0,0.1172,0
27578,0,0.2299,0
27609,0,0.05624,0
27623,0,0.10876,0
27715,0,0.002174,0
27737,0,0.601,1
27757,0,0.7954,1
27871,0,0.219,0
27910,0,0.0895,0
27946,0,0.561,1
27965,0,0.0798,0
27976,0,0.574,1
28014,0,0.4888,0
28156,0,0.2861,0
28326,0,0.205,0
28330,0,0.7393,1
28343,0,0.776,1
28416,0,0.010056,0
28466,0,0.4773,0
28574,0,0.6187,1
28687,0,0.4949,0
28770,0,0.0763,0
28774,0,0.611,1
28861,0,0.2485,0
28902,0,0.1152,0
28947,0,0.1434,0
29053,0,0.2471,0
29086,0,0.03876,0
29298,0,0.11316,0
29312,0,0.0262,0
29399,0,0.6084,1
29557,0,0.1469,0
29661,0,0.05975,0
29733,0,0.1056,0
29966,0,0.1302,0
30097,0,0.04428,0
30120,0,0.1678,0
30561,0,0.312,0
30654,0,0.01646,0
30662,0,0.08105,0
30745,0,0.0828,0
30802,0,0.7485,1
30851,0,0.04648,0
30863,0,0.1498,0
30883,0,0.3425,0
30895,0,0.02419,0
30966,0,0.0159,0
31047,0,0.00752,0
31198,0,0.03824,0
31202,0,0.6396,1
31209,0,0.3142,0
31222,0,0.1766,0
31232,0,0.4148,0
31365,0,0.01257,0
31466,0,0.0694,0
31514,0,0.2612,0
31522,0,0.1345,0
31763,0,0.4846,0
31836,0,0.841,1
32007,0,0.0874,0
32047,0,0.01848,0
32207,0,0.2842,0
32210,0,0.02162,0
32315,0,0.5835,1
32360,0,0.2769,0
32410,0,0.7646,1
32445,0,0.00927,0
32456,0,0.2424,0
32458,0,0.6064,1
32675,0,0.5713,1
32741,0,0.0694,0
32796,0,0.0667,0
32973,0,0.013794,0
32999,0,0.04968,0
33055,0,0.7173,1
33187,0,0.642,1
33352,0,0.671,1
33402,0,0.173,0
33459,0,0.862,1
33530,0,0.3062,0
33562,0,0.02666,0
33580,0,3.62e-05,0
33581,0,0.5234,1
33606,0,0.1423,0
33609,0,0.2098,0
33657,0,0.0052,0
33685,0,0.1836,0
33687,0,0.0149,0
33759,0,0.2751,0
33785,0,0.03302,0
33844,0,0.09125,0
33876,0,0.12476,0
33880,0,0.637,1
33890,0,0.03482,0
33894,0,0.02153,0
33975,0,0.2375,0
34160,0,0.554,1
34278,0,0.4497,0
34520,0,0.09845,0
34537,0,0.001636,0
34586,0,0.10706,0
34793,0,0.05573,0
34824,0,0.5405,1
34995,0,0.0635,0
35207,0,0.06903,0
35259,0,0.5503,1
35269,0,0.585,1
35330,0,0.02948,0
35412,0,0.0649,0
35445,0,0.5317,1
35507,0,0.0741,0
35542,0,0.3528,0
35554,0,0.5693,1
35665,0,0.1456,0
35675,0,0.2856,0
35704,0,0.547,1
35706,0,0.0323,0
35785,0,0.1516,0
36002,0,0.07367,0
36045,0,0.432,0
36207,0,0.9185,1
36222,0,0.7534,1
36275,0,0.0365,0
36332,0,0.149,0
36340,0,0.152,0
36511,0,0.813,1
36696,0,0.0732,0
36784,0,0.3958,0
37162,0,0.4404,0
37211,0,0.548,1
37229,0,0.1797,0
37310,0,0.11316,0
37366,0,0.10876,0
37458,0,0.01082,0
37501,0,0.0798,0
37783,0,0.01519,0
37869,0,0.1207,0
37981,0,0.06323,0
38004,0,0.013535,0
38038,0,0.2113,0
38064,0,0.01862,0
38121,0,0.002947,0
38191,0,0.02959,0
38242,0,0.09485,0
38329,0,0.563,1
38396,0,0.6104,1
38495,0,0.1654,0
38648,0,0.0332,0
38931,0,0.4985,0
38959,0,0.02457,0
39019,0,0.1497,0
39025,0,0.3074,0
39100,0,0.3264,0
39180,0,0.1552,0
39306,0,0.0925,0
39387,0,0.688,1
39406,0,0.0703,0
39545,0,0.7227,1
39903,0,0.4187,0
39948,0,0.365,0
40082,0,0.07263,0
40088,0,0.0893,0
40151,0,0.01277,0
40464,0,0.2332,0
40552,0,0.306,0
40591,0,0.09705,0
40736,0,0.1321,0
40748,0,0.8857,1
40823,0,0.04385,0
40925,0,0.1749,0
40942,0,0.1978,0
40998,0,0.2695,0
41010,0,0.03366,0
41219,0,0.06085,0
41243,0,0.52,1
41254,0,0.1043,0
41386,0,0.479,0
41399,0,0.2761,0
41419,0,0.011505,0
41464,0,0.11816,0
41533,0,5.23e-05,0
41591,0,0.2168,0
41631,0,0.07654,0
41648,0,0.0292,0
41671,0,0.1101,0
41733,0,0.006878,0
41737,0,0.7837,1
41864,0,0.5474,1
41951,0,0.505,1
41974,0,0.01584,0
42160,0,0.567,1
42258,0,0.4917,0
42281,0,0.5845,1
42287,0,0.327,0
42430,0,0.3691,0
42507,0,0.07837,0
42799,0,0.2764,0
42918,0,0.00701,0
42942,0,0.0778,0
43410,0,0.2089,0
43415,0,0.013794,0
43486,0,0.1987,0
43527,0,0.7954,1
43549,0,0.1423,0
43583,0,0.0184,0
43617,0,0.02844,0
43622,0,6.66e-05,0
43928,0,0.001279,0
43939,0,0.2399,0
44250,0,0.0039,0
44442,0,0.4246,0
44690,0,0.0995,0
44732,0,0.1432,0
44771,0,0.06244,0
44973,0,0.001495,0
45044,0,0.672,1
45050,0,0.1437,0
45142,0,0.282,0
45352,0,0.1581,0
45376,0,0.054,0
45382,0,0.0184,0
45505,0,0.6,1
45597,0,0.001467,0
45601,0,0.1058,0
45622,0,0.387,0
45646,0,0.001024,0
45782,0,0.143,0
45805,0,0.189,0
45853,0,0.7793,1
46012,0,0.01253,0
46063,0,0.12177,0
46097,0,0.3376,0
46118,0,0.199,0
46171,0,0.2559,0
46458,0,0.01883,0
46477,0,0.6846,1
46518,0,0.622,1
46537,0,0.5117,1
46635,0,0.01312,0
46689,0,0.3125,0
46767,0,0.8804,1
47033,0,0.6616,1
47047,0,0.821,1
47102,0,0.349,0
47119,0,0.03928,0
47315,0,0.006413,0
47433,0,0.2207,0
47454,0,0.01826,0
47556,0,0.3064,0
47688,0,0.01484,0
47803,0,0.1357,0
47895,0,0.082,0
47971,0,0.745,1
48018,0,0.1025,0
48041,0,0.1242,0
48174,0,0.0688,0
48287,0,0.1152,0
48342,0,0.0749,0
48547,0,0.0591,0
48599,0,0.00483,0
48837,0,0.0914,0
48917,0,0.235,0
48970,0,0.04202,0
49033,0,0.4226,0
49043,0,0.05234,0
49122,0,0.797,1
49207,0,0.0397,0
49568,0,0.09106,0
49646,0,0.368,0
49647,0,0.06903,0
49783,0,0.00649,0
49806,0,0.509,1
49811,0,0.00971,0
49855,0,0.5947,1
49880,0,0.462,0
50044,0,0.11395,0
50075,0,0.0363,0
50160,0,0.2766,0
50186,0,0.1383,0
50195,0,0.0329,0
50335,0,0.282,0
50360,0,0.1438,0
50373,0,0.2242,0
50427,0,0.6396,1
50465,0,0.4397,0
50529,0,0.0643,0
50620,0,0.4888,0
50670,0,0.681,1
50734,0,0.3452,0
50894,0,0.7744,1
50933,0,0.1188,0
50941,0,0.5684,1
51052,0,0.02576,0
51229,0,0.5786,1
51364,0,0.06525,0
51373,0,0.0857,0
51426,0,0.00952,0
51621,0,0.707,1
51669,0,0.4197,0
51736,0,0.491,0
51807,0,0.12286,0
51929,0,0.1204,0
51930,0,0.6104,1
51945,0,0.03223,0
51990,0,0.2054,0
52005,0,0.0315,0
52013,0,0.133,0
52155,0,0.5522,1
52357,0,0.4446,0
52462,0,0.00472,0
52579,0,0.08154,0
52615,0,0.717,1
52636,0,0.02333,0
52770,0,0.6675,1
52868,0,0.03125,0
52938,0,0.1034,0
52940,0,0.05243,0
53084,0,0.841,1
53602,0,0.377,0
53725,0,0.4385,0
53785,0,0.2507,0
53931,0,0.1826,0
54100,0,0.751,1
54101,0,0.0788,0
54112,0,0.1672,0
54125,0,0.5815,1
54316,0,0.7407,1
54327,0,0.2145,0
54345,0,0.3406,0
54524,0,0.5215,1
54648,0,0.8623,1
54856,0,0.05023,0
54955,0,0.04025,0
55013,0,0.2778,0
55024,0,0.11127,0
55215,0,0.2883,0
55305,0,0.1023,0
55324,0,0.0974,0
55437,0,0.1652,0
55492,0,0.0752,0
55744,0,0.122,0
55802,0,0.3176,0
56106,0,0.02438,0
56165,0,0.6665,1
56192,0,0.2238,0
56309,0,0.725,1
56344,0,0.6035,1
56482,0,0.05646,0
56536,0,0.00202,0
56779,0,0.344,0
56846,0,0.74,1
57029,0,0.1328,0
57049,0,0.5596,1
57079,0,0.1754,0
57103,0,0.0004637,0
57157,0,0.02937,0
57186,0,0.02351,0
57210,0,0.811,1
57223,0,0.7334,1
57357,0,0.817,1
57391,0,0.1843,0
57545,0,0.5186,1
57668,0,0.1527,0
57681,0,0.0808,0
57692,0,0.01984,0
57734,0,0.1464,0
57786,0,0.161,0
57795,0,0.6226,1
57820,0,0.1815,0
57860,0,0.1729,0
57866,0,0.0346,0
57905,0,0.7275,1
58061,0,0.603,1
58094,0,0.1461,0
58095,0,0.86,1
58277,0,0.3552,0
58301,0,0.515,1
58385,0,0.1021,0
58420,0,0.11993,0
58465,0,0.02937,0
58580,0,0.581,1
58589,0,0.288,0
58665,0,0.01234,0
59063,0,0.03366,0
59072,0,0.0002737,0
59077,0,0.343,0
59109,0,0.304,0
59114,0,0.312,0
59240,0,0.355,0
59251,0,0.005,0
59277,0,0.01192,0
59420,0,0.00259,0
59438,0,0.08496,0
59549,0,0.00784,0
59688,0,0.2023,0
60026,0,0.631,1
60180,0,0.2786,0
60189,0,0.9727,1
60200,0,0.01964,0
60267,0,0.07477,0
60286,0,0.03067,0
60484,0,0.007637,0
60648,0,0.1819,0
60650,0,0.2065,0
60810,0,0.3005,0
60942,0,0.0613,0
61138,0,0.03366,0
61247,0,0.002913,0
61369,0,6.014e-05,0
61398,0,0.1893,0
61619,0,0.1276,0
61694,0,0.0159,0
61790,0,0.642,1
61807,0,0.3535,0
62056,0,0.007576,0
62061,0,0.02237,0
62194,0,0.249,0
62249,0,0.2233,0
62276,0,0.3123,0
62310,0,0.01025,0
62375,0,0.0828,0
62412,0,0.1243,0
62593,0,0.361,0
62609,0,0.4133,0
62725,0,0.0208,0
62817,0,0.0882,0
62837,0,0.519,1
62860,0,0.0851,0
62878,0,0.001897,0
62984,0,0.5312,1
63074,0,0.3965,0
63114,0,0.06335,0
63185,0,0.2386,0
63278,0,0.0798,0
63355,0,0.835,1
63381,0,0.01744,0
63403,0,0.6724,1
63503,0,0.5396,1
63756,0,0.1748,0
63795,0,0.02022,0
63923,0,0.684,1
63957,0,0.03348,0
64073,0,0.02092,0
64091,0,0.212,0
64132,0,0.03482,0
64281,0,0.0546,0
64365,0,0.06076,0
64472,0,0.523,1
64498,0,0.0589,0
64824,0,0.3845,0
64835,0,0.01578,0
65035,0,0.04453,0
65058,0,0.0354,0
65189,0,0.09283,0
65254,0,0.1321,0
65323,0,0.5464,1
65329,0,0.575,1
65334,0,0.909,1
65339,0,0.2876,0
65355,0,0.07947,0
65608,0,0.01001,0
65624,0,0.0888,0
65677,0,0.7466,1
65737,0,0.8477,1
65755,0,0.2622,0
65760,0,0.4385,0
65910,0,0.0761,0
66062,0,0.9355,1
66069,0,0.01628,0
66153,0,0.4248,0
66164,0,0.3613,0
66373,0,0.7095,1
66442,0,0.75,1
66477,0,0.07184,0
66480,0,0.06335,0
66564,0,0.543,1
66586,0,0.04303,0
66599,0,0.3906,0
66643,0,0.6797,1
66731,0,0.01243,0
66859,0,0.1418,0
66922,0,0.497,0
66936,0,0.692,1
66974,0,0.1099,0
67035,0,0.013374,0
67080,0,0.2455,0
67220,0,0.1282,0
67255,0,0.0359,0
67283,0,0.645,1
67551,0,0.6665,1
67645,0,0.5522,1
67725,0,0.003824,0
67794,0,0.4534,0
67843,0,0.0661,0
67914,0,0.4805,0
67950,0,0.6357,1
67960,0,0.618,1
68063,0,0.158,0
68261,0,0.508,1
68435,0,0.3787,0
68623,0,0.08093,0
68736,0,0.1743,0
68827,0,0.3394,0
68843,0,0.4438,0
68981,0,0.6343,1
68985,0,0.7495,1
69017,0,0.1198,0
69020,0,0.2832,0
69076,0,0.013954,0
69201,0,0.9526,1
69411,0,0.793,1
69481,0,0.2002,0
69685,0,0.0461,0
69751,0,0.1859,0
69775,0,0.2277,0
69788,0,0.0171,0
69883,0,0.5615,1
69890,0,0.1255,0
70153,0,0.29,0
70270,0,0.05835,0
70409,0,0.0576,0
70411,0,0.5503,1
70519,0,0.0367,0
70521,0,0.3794,0
70607,0,0.089,0
70644,0,0.774,1
70665,0,0.01021,0
70740,0,0.1956,0
70762,0,0.0539,0
70794,0,0.2048,0
70854,0,0.1359,0
71084,0,0.03574,0
71223,0,0.0981,0
71283,0,0.5083,1
71321,0,0.8506,1
71343,0,0.02774,0
71476,0,0.1622,0
71683,0,0.1626,0
71704,0,0.3447,0
71732,0,0.002157,0
71764,0,0.758,1
71820,0,0.01045,0
71874,0,0.1403,0
71982,0,0.699,1
72012,0,0.006145,0
72035,0,0.7075,1
72058,0,0.09753,0
72132,0,0.3728,0
72143,0,0.1054,0
72203,0,0.007755,0
72231,0,0.04428,0
72332,0,0.1052,0
72343,0,0.7983,1
72734,0,0.01678,0
72965,0,0.0742,0
73198,0,0.1343,0
73208,0,0.939,1
73219,0,0.0856,0
73361,0,0.7124,1
73407,0,0.503,1
73526,0,0.0998,0
73555,0,0.459,0
73622,0,0.0662,0
73732,0,0.01359,0
73861,0,0.28,0
73924,0,0.2056,0
74054,0,0.6675,1
74063,0,0.658,1
74184,0,0.0484,0
74311,0,0.02855,0
74418,0,0.002768,0
74464,0,0.11993,0
74564,0,0.01201,0
74632,0,0.06256,0
74791,0,0.0265,0
74840,0,0.04904,0
74871,0,0.0715,0
74881,0,0.0494,0
74919,0,0.6777,1
74954,0,0.4204,0
75370,0,0.04742,0
75396,0,0.08405,0
75401,0,0.007206,0
75829,0,0.04114,0
75837,0,0.05252,0
75883,0,0.1438,0
76093,0,0.1632,0
76230,0,0.637,1
76293,0,0.01103,0
76409,0,0.8784,1
76644,0,0.12445,0
76686,0,0.04602,0
76724,0,0.01646,0
76830,0,0.04932,0
76866,0,0.571,1
76930,0,0.281,0
76932,0,0.02661,0
76994,0,0.035,0
77101,0,0.89,1
77110,0,0.334,0
77150,0,0.001775,0
77176,0,0.2203,0
77203,0,0.6694,1
77388,0,0.05127,0
77410,0,0.04904,0
77466,0,0.003443,0
77505,0,0.1213,0
77564,0,0.2786,0
77622,0,0.1558,0
77678,0,0.3967,0
77680,0,0.03494,0
77697,0,0.662,1
77735,0,0.668,1
77736,0,0.6133,1
77755,0,0.3303,0
77837,0,0.10724,0
77870,0,0.553,1
77872,0,0.1719,0
77886,0,0.2173,0
78092,0,0.2109,0
78238,0,0.04868,0
78254,0,0.2534,0
78264,0,0.0206,0
78280,0,0.1427,0
78298,0,0.21,0
78314,0,0.6567,1
78346,0,0.408,0
78379,0,0.1583,0
78400,0,0.07135,0
78414,0,0.624,1
78418,0,0.2089,0
78563,0,0.01813,0
78647,0,0.10126,0
78783,0,0.01567,0
78858,0,0.02533,0
78867,0,0.103,0
78893,0,0.02307,0
78937,0,0.003088,0
79347,0,0.6494,1
79379,0,0.2306,0
79410,0,0.5337,1
79464,0,0.1765,0
79579,0,0.254,0
79620,0,0.0857,0
79663,0,0.3008,0
79678,0,0.6343,1
79698,0,0.012825,0
79802,0,0.07135,0
79887,0,0.3127,0
79910,0,0.1583,0
79944,0,0.05814,0
79988,0,0.228,0
80051,0,0.11816,0
80104,0,0.0845,0
80145,0,0.01277,0
80208,0,0.03732,0
80210,0,0.00952,0
80238,0,0.1647,0
80374,0,0.119,0
80568,0,0.941,1
81039,0,0.04822,0
81069,0,0.87,1
81102,0,0.1295,0
81117,0,0.5317,1
81182,0,0.2825,0
81206,0,0.003511,0
81270,0,0.6147,1
81272,0,0.0377,0
81273,0,0.03482,0
81340,0,0.889,1
81527,0,0.11163,0
81528,0,0.6035,1
81593,0,0.0401,0
81668,0,0.089,0
81760,0,0.0326,0
81951,0,0.5225,1
82038,0,0.0667,0
82129,0,4.47e-05,0
82164,0,0.5737,1
82236,0,0.10895,0
82346,0,0.0545,0
82363,0,0.01785,0
82411,0,0.0006266,0
82417,0,0.571,1
82422,0,0.02937,0
82470,0,0.00919,0
82652,0,0.511,1
82661,0,0.28,0
82715,0,0.625,1
82735,0,0.0056,0
82792,0,0.932,1
82948,0,0.4822,0
83285,0,0.01924,0
83715,0,0.06384,0
83736,0,0.02042,0
83763,0,0.453,0
83900,0,0.04788,0
83961,0,0.06757,0
84028,0,0.2434,0
84215,0,0.0635,0
84340,0,0.2773,0
84378,0,0.2347,0
84380,0,0.629,1
84606,0,0.3435,0
84716,0,0.5776,1
84808,0,0.592,1
84909,0,0.1846,0
84923,0,0.2817,0
85039,0,0.55,1
85234,0,0.3577,0
85300,0,0.868,1
85446,0,0.3313,0
85477,0,0.2864,0
85534,0,0.02975,0
85551,0,0.0384,0
85558,0,0.0109,0
85573,0,0.024,0
85754,0,0.5757,1
85782,0,0.4543,0
85839,0,0.03555,0
85885,0,0.7886,1
86014,0,0.557,1
86143,0,0.09204,0
86147,0,0.735,1
86313,0,0.36,0
86539,0,0.014336,0
86541,0,0.07697,0
86551,0,0.04886,0
86592,0,0.6216,1
86616,0,0.015076,0
86668,0,0.1421,0
86835,0,0.3418,0
87054,0,0.005844,0
87211,0,0.6978,1
87239,0,0.8994,1
87255,0,0.03296,0
87304,0,0.2208,0
87526,0,0.722,1
87543,0,0.09076,0
87579,0,0.579,1
87680,0,0.006718,0
87731,0,0.0828,0
87988,0,0.03096,0
88023,0,0.7656,1
88071,0,0.03424,0
88300,0,0.0223,0
88423,0,0.493,0
88459,0,0.1943,0
88540,0,0.0896,0
88583,0,0.2869,0
88615,0,0.5146,1
88684,0,0.7383,1
88811,0,0.5703,1
88850,0,0.2568,0
88866,0,0.1299,0
88931,0,0.147,0
88972,0,0.387,0
88996,0,0.1996,0
89027,0,0.04147,0
89072,0,0.2023,0
89183,0,0.3765,0
89199,0,0.01302,0
89294,0,0.219,0
89320,0,0.493,0
89336,0,0.782,1
89568,0,0.2944,0
89569,0,0.1985,0
89838,0,0.1438,0
89969,0,0.3447,0
90003,0,0.06476,0
90006,0,0.003483,0
90040,0,0.644,1
90134,0,0.08496,0
90140,0,0.0531,0
90163,0,0.3113,0
90226,0,0.1178,0
90423,0,0.7075,1
90460,0,0.1232,0
90496,0,0.112,0
90532,0,0.8784,1
90544,0,0.1687,0
90569,0,0.002834,0
90570,0,0.796,1
90585,0,0.7124,1
90723,0,0.0868,0
90789,0,0.05954,0
90799,0,0.0577,0
90959,0,0.02177,0
90961,0,0.00589,0
91008,0,0.01147,0
91142,0,0.782,1
91182,0,0.2637,0
91198,0,0.6313,1
91351,0,0.404,0
91409,0,0.005302,0
91415,0,0.3508,0
91502,0,0.2534,0
91671,0,0.6157,1
91762,0,0.0764,0
91908,0,0.05243,0
91963,0,0.715,1
92009,0,0.0511,0
92024,0,0.0379,0
92247,0,0.093,0
92469,0,0.0485,0
92492,0,0.02542,0
92501,0,0.602,1
92524,0,0.705,1
92545,0,0.1531,0
92850,0,0.1616,0
92961,0,0.0542,0
92965,0,0.8354,1
92980,0,0.03754,0
92999,0,0.2654,0
93105,0,0.3735,0
93206,0,0.1273,0
93212,0,0.01971,0
93356,0,0.4236,0
93444,0,0.3894,0
93462,0,0.636,1
93471,0,0.1437,0
93565,0,0.013794,0
93592,0,0.05136,0
93610,0,0.773,1
93749,0,0.596,1
94041,0,0.295,0
94276,0,0.0001754,0
94567,0,0.2566,0
94575,0,0.7646,1
94672,0,0.0995,0
94707,0,0.1272,0
94756,0,0.1332,0
94864,0,0.05878,0
95040,0,0.04922,0
95130,0,0.1438,0
95203,0,0.636,1
95346,0,0.03235,0
95682,0,0.05603,0
95686,0,0.8135,1
95918,0,0.0183,0
96063,0,0.02893,0
96123,0,0.1844,0
96126,0,0.4219,0
96184,0,0.001926,0
96297,0,0.1255,0
96327,0,0.9214,1
96617,0,0.281,0
96631,0,0.2827,0
96684,0,0.544,1
96700,0,0.3416,0
96703,0,0.0112,0
96870,0,0.1462,0
96989,0,0.3274,0
97062,0,0.772,1
97203,0,0.93,1
97401,0,0.4336,0
97413,0,0.728,1
97416,0,0.785,1
97481,0,0.1421,0
97489,0,0.583,1
97499,0,0.729,1
97503,0,0.0721,0
97515,0,0.3193,0
97530,0,0.3203,0
97577,0,0.0823,0
97693,0,0.2455,0
97810,0,0.2532,0
97866,0,0.2925,0
97887,0,0.1186,0
97895,0,0.02556,0
97958,0,0.7456,1
98031,0,0.8276,1
98054,0,0.488,0
98093,0,0.0651,0
98100,0,0.04858,0
98103,0,0.01374,0
98122,0,0.03156,0
98148,0,0.2593,0
98151,0,0.3625,0
98291,0,0.02263,0
98333,0,0.089,0
98354,0,0.79,1
98396,0,0.299,0
98402,0,0.3845,0
98426,0,0.05634,0
98446,0,0.6475,1
98494,0,0.02774,0
98566,0,0.619,1
98570,0,0.01799,0
98618,0,0.2006,0
98635,0,0.0612,0
98652,0,0.02025,0
98700,0,0.0702,0
98770,0,0.01851,0
98774,0,0.6597,1
99048,0,0.3262,0
99140,0,0.2054,0
99184,0,0.2957,0
99244,0,0.6514,1
99686,0,0.2153,0
99734,0,0.623,1
99777,0,0.0463,0
99779,0,0.6704,1
99952,0,0.0002892,0
99995,0,0.002398,0
100096,0,0.0914,0
100102,0,0.0682,0
100119,0,0.002165,0
100214,0,0.8755,1
100222,0,0.10175,0
100253,0,0.0742,0
100289,0,0.749,1
100293,0,0.1586,0
100327,0,0.0007615,0
100341,0,0.02307,0
100571,0,0.02821,0
100706,0,0.787,1
100721,0,0.264,0
100783,0,0.2032,0
100861,0,0.4766,0
100896,0,0.5444,1
101042,0,0.02971,0
101302,0,0.1704,0
101323,0,0.693,1
101358,0,0.2498,0
101365,0,0.686,1
101372,0,0.00644,0
101413,0,0.006264,0
101476,0,0.2483,0
101514,0,0.4749,0
101698,0,0.03436,0
101768,0,0.2886,0
102023,0,0.02263,0
102069,0,0.1753,0
102217,0,0.01009,0
102293,0,0.8755,1
102297,0,0.541,1
102305,0,0.04535,0
102369,0,0.5684,1
102419,0,0.5186,1
102425,0,0.805,1
102528,0,0.2118,0
102542,0,0.1262,0
102630,0,0.0986,0
102861,0,0.373,0
102908,0,0.02692,0
102933,0,0.04654,0
103056,0,0.10016,0
103096,0,0.6313,1
103109,0,0.0543,0
103121,0,0.637,1
103252,0,0.02328,0
103274,0,0.6523,1
103278,0,0.1978,0
103425,0,0.6074,1
103465,0,0.7256,1
103466,0,0.4224,0
103484,0,0.4412,0
103485,0,0.03683,0
103606,0,0.06903,0
103760,0,0.3242,0
103812,0,0.6567,1
103816,0,0.103,0
103866,0,0.01428,0
103898,0,0.0857,0
103899,0,0.02438,0
103903,0,0.4622,0
103965,0,0.823,1
104067,0,0.0247,0
104197,0,0.603,1
104251,0,0.10144,0
104259,0,0.4426,0
104298,0,0.8325,1
104529,0,0.00715,0
104530,0,0.6333,1
104709,0,0.1929,0
104765,0,0.015015,0
104789,0,0.1538,0
104854,0,0.01738,0
104871,0,0.8823,1
104909,0,0.2776,0
104938,0,0.1608,0
104949,0,0.2139,0
104971,0,0.1971,0
104973,0,0.2534,0
105131,0,0.0341,0
105149,0,0.001867,0
105178,0,0.09283,0
105193,0,0.726,1
105235,0,0.4417,0
105241,0,0.7505,1
105268,0,0.006565,0
105342,0,0.586,1
105363,0,0.648,1
105367,0,0.3193,0
105452,0,0.4382,0
105463,0,0.2734,0
105500,0,0.008,0
105645,0,0.4204,0
105749,0,0.04047,0
105764,0,0.053,0
105778,0,0.79,1
105786,0,0.05856,0
105920,0,0.3801,0
105952,0,0.1105,0
105974,0,0.565,1
105993,0,0.3757,0
106310,0,0.4324,0
106406,0,0.273,0
106527,0,0.3706,0
106618,0,0.2793,0
106729,0,0.748,1
106751,0,0.0365,0
106817,0,0.7046,1
106895,0,0.1698,0
107142,0,0.4143,0
107175,0,0.3606,0
107183,0,0.5776,1
107238,0,0.0468,0
107356,0,0.01813,0
107357,0,0.5137,1
107367,0,0.0547,0
107398,0,0.1617,0
107425,0,0.07056,0
107533,0,0.92,1
107569,0,0.005707,0
107582,0,0.05072,0
107763,0,0.8833,1
107789,0,0.01653,0
107837,0,0.8613,1
107914,0,0.462,0
108075,0,0.222,0
108095,0,0.468,0
108112,0,0.2441,0
108192,0,0.4954,0
108225,0,0.09235,0
108247,0,0.8887,1
108268,0,0.2888,0
108297,0,0.81,1
108382,0,0.7725,1
108450,0,0.02307,0
108493,0,0.782,1
108534,0,0.05954,0
108587,0,0.5737,1
108616,0,0.5596,1
108691,0,0.2915,0
108713,0,0.2695,0
108739,0,0.088,0
108884,0,0.0002632,0
108996,0,0.389,0
109076,0,0.3271,0
109223,0,0.02124,0
109339,0,0.01851,0
109434,0,0.002705,0
109517,0,0.1276,0
109531,0,0.0703,0
109585,0,0.03488,0
109586,0,0.3733,0
109621,0,0.0222,0
109783,0,0.3682,0
109810,0,0.303,0
109843,0,0.09155,0
109880,0,0.1384,0
110020,0,0.531,1
110126,0,0.8706,1
110128,0,0.688,1
110160,0,0.6963,1
110196,0,0.3567,0
110245,0,0.659,1
110370,0,0.898,1
110384,0,0.007812,0
110493,0,0.6724,1
110580,0,0.2024,0
110645,0,0.5576,1
110769,0,0.01634,0
110840,0,0.118,0
110841,0,0.006668,0
110873,0,0.0845,0
110876,0,0.731,1
110983,0,0.0655,0
111332,0,0.515,1
111433,0,0.0927,0
111560,0,0.1495,0
111605,0,0.0397,0
111629,0,0.3518,0
111688,0,0.1584,0
111806,0,0.635,1
111852,0,0.2085,0
111891,0,0.0547,0
111914,0,0.3364,0
111928,0,0.4385,0
112118,0,0.5234,1
112122,0,0.753,1
112284,0,0.3167,0
112453,0,0.4836,0
112511,0,0.0641,0
112572,0,0.0866,0
112607,0,0.7114,1
112711,0,0.755,1
112724,0,0.2115,0
112824,0,0.04742,0
112956,0,0.005936,0
113270,0,0.03802,0
113314,0,0.6987,1
113433,0,0.0315,0
113466,0,0.00982,0
113592,0,0.6284,1
113654,0,0.013374,0
113656,0,0.02489,0
113854,0,0.734,1
113867,0,0.813,1
114147,0,0.564,1
114208,0,0.585,1
114295,0,0.551,1
114377,0,0.1152,0
114410,0,0.0313,0
114443,0,0.06256,0
114486,0,0.3638,0
114761,0,0.3298,0
114978,0,0.2161,0
115005,0,0.1401,0
115209,0,0.0995,0
115228,0,0.09436,0
115398,0,0.584,1
115426,0,0.01049,0
115640,0,0.934,1
115682,0,0.005,0
115903,0,0.0441,0
115988,0,0.01554,0
116054,0,0.1631,0
116320,0,0.553,1
116334,0,0.01297,0
116347,0,0.05698,0
116432,0,0.83,1
116541,0,0.05988,0
116571,0,0.0541,0
116755,0,0.196,0
116780,0,0.2834,0
116830,0,0.03091,0
116840,0,0.41,0
116843,0,0.01495,0
116883,0,0.1069,0
116901,0,0.1836,0
116991,0,0.2646,0
117206,0,0.2656,0
117236,0,0.1443,0
117435,0,0.692,1
117457,0,0.012054,0
117536,0,0.799,1
117557,0,0.904,1
117565,0,0.4614,0
117582,0,0.666,1
117588,0,0.3293,0
117637,0,0.7275,1
117657,0,0.0694,0
117660,0,0.802,1
117867,0,0.007374,0
118044,0,0.0798,0
118048,0,0.191,0
118166,0,0.754,1
118204,0,0.4744,0
118289,0,0.84,1
118295,0,0.01758,0
118397,0,0.1471,0
118469,0,0.06635,0
118571,0,0.1934,0
118617,0,0.0661,0
118741,0,0.62,1
118877,0,0.663,1
118902,0,0.1225,0
118973,0,0.04346,0
119068,0,0.84,1
119179,0,0.0527,0
119240,0,0.111,0
119285,0,0.124,0
119313,0,0.7114,1
119412,0,0.896,1
119445,0,0.5254,1
119502,0,0.574,1
119557,0,0.02646,0
119625,0,0.01065,0
119875,0,0.007904,0
119941,0,0.6387,1
119990,0,0.04083,0
120040,0,0.2876,0
120058,0,0.647,1
120150,0,0.1821,0
120351,0,0.5137,1
120365,0,0.02556,0
120535,0,0.839,1
120747,0,0.2118,0
120814,0,0.1931,0
120842,0,0.009895,0
120946,0,0.0536,0
121118,0,0.274,0
121287,0,0.0544,0
121329,0,0.06177,0
121391,0,0.1326,0
121399,0,0.1226,0
121446,0,0.2817,0
121468,0,0.01513,0
121500,0,0.004417,0
121750,0,0.1078,0
121803,0,0.001531,0
122107,0,0.10394,0
122239,0,0.1636,0
122324,0,0.0533,0
122422,0,0.04794,0
122470,0,0.0671,0
122539,0,0.694,1
122743,0,0.991,1
122851,0,0.2407,0
122883,0,0.03986,0
122968,0,0.08466,0
122986,0,0.0863,0
123116,0,0.2961,0
123171,0,0.543,1
123251,0,0.02821,0
123268,0,0.644,1
123436,0,0.004593,0
123698,0,0.02489,0
123782,0,0.0805,0
123792,0,0.014114,0
123820,0,0.00715,0
124021,0,0.2173,0
124023,0,0.0223,0
124156,0,0.03062,0
124313,0,0.002653,0
124531,0,0.1268,0
124669,0,0.254,0
124802,0,0.849,1
124803,0,0.1998,0
124823,0,0.684,1
124869,0,0.3252,0
124988,0,0.592,1
125042,0,0.82,1
125073,0,0.841,1
125086,0,0.01752,0
125089,0,0.0802,0
125177,0,0.03906,0
125338,0,0.0356,0
125340,0,0.1063,0
125380,0,0.1326,0
125396,0,0.5415,1
125512,0,0.1056,0
125519,0,0.7573,1
125587,0,0.521,1
125605,0,0.3018,0
125611,0,0.02109,0
125613,0,0.02351,0
125682,0,0.6694,1
125768,0,0.9106,1
125875,0,0.4697,0
125891,0,6.81e-05,0
125907,0,0.3745,0
126054,0,0.313,0
126112,0,0.861,1
126148,0,0.007755,0
126149,0,0.11475,0
126279,0,0.5396,1
126304,0,0.03079,0
126437,0,0.3457,0
126484,0,0.01333,0
126514,0,0.289,0
126527,0,0.1456,0
126529,0,0.00704,0
126633,0,0.1239,0
126697,0,0.0821,0
126720,0,0.03488,0
126771,0,0.0891,0
126828,0,0.5493,1
127065,0,0.001416,0
127248,0,0.06915,0
127264,0,0.551,1
127276,0,0.02763,0
127403,0,0.00504,0
127441,0,0.411,0
127477,0,0.2222,0
127486,0,0.797,1
127563,0,0.525,1
127611,0,0.2017,0
127855,0,0.008156,0
127934,0,0.2362,0
127963,0,0.4434,0
127995,0,0.1043,0
128133,0,0.0532,0
128382,0,0.01666,0
128416,0,0.02203,0
128534,0,0.8022,1
128681,0,0.0042,0
128691,0,0.01017,0
128715,0,0.07654,0
128811,0,0.1076,0
128857,0,0.002935,0
128895,0,0.01704,0
128959,0,0.2976,0
128967,0,0.0543,0
129143,0,0.1464,0
129160,0,0.00746,0
129177,0,0.0267,0
129225,0,0.5166,1
129945,0,0.119,0
130010,0,0.15,0
130071,0,0.3345,0
130113,0,0.1719,0
130189,0,0.11554,0
130337,0,0.0398,0
130565,0,0.5093,1
130659,0,0.03528,0
130748,0,0.706,1
130859,0,0.626,1
130864,0,0.3923,0
130946,0,0.3594,0
130975,0,0.1118,0
130979,0,0.03125,0
131204,0,0.0682,0
131270,0,0.03943,0
131414,0,0.10486,0
131445,0,0.539,1
131489,0,0.1158,0
131599,0,0.002522,0
131647,0,0.3003,0
131693,0,0.09467,0
131827,0,0.64,1
131930,0,0.1476,0
132017,0,0.8154,1
132093,0,0.7935,1
132151,0,0.528,1
132249,0,0.7744,1
132432,0,0.00347,0
132534,0,0.0327,0
132682,0,0.12054,0
132795,0,0.01984,0
132804,0,0.729,1
132929,0,0.4148,0
132963,0,0.008575,0
133056,0,0.002415,0
133112,0,0.2576,0
133115,0,0.4092,0
133151,0,0.2944,0
133214,0,0.585,1
133250,0,0.7397,1
133365,0,0.05032,0
133695,0,0.0885,0
133698,0,0.4497,0
133720,0,0.4849,0
133750,0,0.113,0
133886,0,0.3313,0
133892,0,0.626,1
133896,0,0.00919,0
133967,0,0.011375,0
133993,0,0.1285,0
134036,0,0.0764,0
134070,0,0.01243,0
134193,0,0.2189,0
134404,0,0.09753,0
134413,0,0.6206,1
134488,0,0.02267,0
134622,0,0.09875,0
134732,0,0.7593,1
134748,0,0.2344,0
134751,0,0.153,0
134757,0,0.2021,0
134820,0,0.1681,0
134874,0,0.288,0
135006,0,0.001623,0
135072,0,0.3447,0
135085,0,0.1887,0
135097,0,0.7026,1
135133,0,0.4824,0
135285,0,0.02615,0
135338,0,0.7607,1
135358,0,0.059,0
135570,0,0.501,1
135608,0,0.589,1
135951,0,0.0004046,0
136122,0,0.08466,0
136136,0,0.02037,0
136185,0,0.428,0
136242,0,0.3523,0
136374,0,0.194,0
136504,0,0.00375,0
136547,0,0.712,1
136589,0,0.0725,0
136623,0,0.6846,1
136637,0,0.6665,1
136672,0,0.3372,0
136684,0,0.03397,0
136757,0,0.7417,1
136822,0,0.509,1
136861,0,0.06165,0
136876,0,0.00704,0
136976,0,0.618,1
137033,0,0.02461,0
137036,0,0.1306,0
137058,0,0.6904,1
137161,0,0.2137,0
137274,0,0.3845,0
137403,0,0.0801,0
137545,0,0.05603,0
137615,0,0.04193,0
137627,0,0.231,0
137670,0,0.6343,1
137737,0,0.4097,0
137775,0,0.0771,0
137788,0,0.1896,0
137811,0,0.349,0
137927,0,0.1095,0
138006,0,0.782,1
138078,0,0.541,1
138151,0,0.07263,0
138193,0,0.629,1
138200,0,0.9424,1
138256,0,0.0477,0
138412,0,0.524,1
138428,0,0.014336,0
138430,0,0.8105,1
138486,0,0.2191,0
138577,0,0.07184,0
138601,0,0.03073,0
138609,0,0.3105,0
138631,0,0.003593,0
138664,0,0.2198,0
138726,0,0.01439,0
138784,0,0.3606,0
138794,0,0.076,0
138844,0,0.4949,0
138985,0,0.0547,0
139142,0,0.2043,0
139241,0,0.2534,0
139473,0,0.5864,1
139529,0,0.01333,0
140106,0,0.2463,0
140207,0,0.6074,1
140208,0,0.869,1
140239,0,0.6465,1
140477,0,0.6353,1
140581,0,0.0506,0
140598,0,0.1766,0
140672,0,0.07477,0
140680,0,0.0526,0
140716,0,0.01816,0
140806,0,0.2883,0
140808,0,0.1392,0
140881,0,0.01277,0
140905,0,0.5405,1
140922,0,0.4248,0
140932,0,0.06793,0
141029,0,0.591,1
141149,0,0.1737,0
141153,0,0.127,0
141242,0,0.002462,0
141338,0,0.1692,0
141352,0,0.5415,1
141368,0,0.00923,0
141544,0,0.041,0
141548,0,0.03038,0
141661,0,0.9795,1
141841,0,0.4185,0
141968,0,0.612,1
142016,0,0.0682,0
142127,0,0.2047,0
142197,0,0.378,0
142390,0,0.2242,0
142428,0,0.1993,0
142604,0,0.0964,0
142718,0,0.03079,0
142859,0,0.01224,0
142865,0,0.07544,0
142994,0,0.01322,0
143017,0,0.0263,0
143094,0,0.03555,0
143112,0,0.1943,0
143271,0,0.1904,0
143284,0,0.8604,1
143321,0,0.283,0
143370,0,0.1354,0
143486,0,0.697,1
143626,0,0.546,1
143686,0,0.1279,0
143722,0,0.6953,1
143768,0,0.186,0
143877,0,0.05127,0
143975,0,0.01799,0
143983,0,0.2544,0
144151,0,0.3618,0
144183,0,0.03528,0
144206,0,0.2307,0
144221,0,0.001661,0
144239,0,0.1638,0
144242,0,0.2493,0
144252,0,0.03192,0
144258,0,0.3286,0
144269,0,0.239,0
144284,0,0.526,1
144354,0,0.2532,0
144486,0,0.473,0
144632,0,0.2844,0
144831,0,0.0854,0
144845,0,0.579,1
144852,0,0.566,1
144898,0,0.6577,1
144948,0,0.2622,0
145148,0,0.0139,0
145462,0,0.3723,0
145477,0,0.3245,0
145610,0,0.0553,0
145649,0,0.03366,0
145845,0,0.00582,0
145960,0,0.3618,0
146039,0,0.0863,0
146086,0,0.03656,0
146092,0,0.01192,0
146191,0,0.0552,0
146275,0,0.2664,0
146410,0,0.7803,1
146649,0,0.6606,1
146654,0,0.1917,0
146683,0,0.565,1
146741,0,0.006096,0
147187,0,0.585,1
147202,0,0.02351,0
147337,0,0.4148,0
147358,0,0.05835,0
147373,0,0.0642,0
147458,0,0.6436,1
147461,0,0.546,1
147524,0,0.7407,1
147562,0,0.07196,0
147661,0,0.1731,0
147722,0,0.05612,0
147763,0,0.0463,0
147771,0,0.823,1
147800,0,0.4216,0
147852,0,0.1489,0
147950,0,0.1593,0
147982,0,0.094,0
148047,0,0.2096,0
148076,0,0.0772,0
148148,0,0.6514,1
148186,0,0.1473,0
148203,0,0.03912,0
148210,0,0.3171,0
148254,0,0.10596,0
148377,0,0.007935,0
148474,0,0.8613,1
148631,0,0.0655,0
148662,0,0.0802,0
148829,0,0.621,1
148838,0,0.582,1
148922,0,0.2268,0
148958,0,5.92e-05,0
148983,0,0.5254,1
149041,0,0.1041,0
149113,0,0.824,1
149140,0,0.8413,1
149494,0,0.2505,0
149496,0,0.354,0
149614,0,0.269,0
149738,0,0.14,0
149775,0,0.326,0
149915,0,0.2148,0
150035,0,0.3018,0
150378,0,0.02225,0
150399,0,0.03168,0
150421,0,0.375,0
150570,0,0.00235,0
150643,0,0.516,1
150646,0,0.4634,0
150675,0,0.723,1
150691,0,0.789,1
150808,0,0.1078,0
150851,0,0.556,1
150915,0,0.1608,0
150937,0,0.1103,0
151045,0,0.002935,0
151072,0,0.755,1
151164,0,0.3806,0
151387,0,0.508,1
151594,0,0.01704,0
151680,0,0.28,0
151823,0,0.2303,0
151933,0,0.652,1
151990,0,0.0572,0
152072,0,0.0683,0
152138,0,0.0387,0
152211,0,0.2189,0
152330,0,0.2751,0
152382,0,0.2145,0
152473,0,0.787,1
152501,0,0.541,1
152575,0,0.5205,1
152594,0,0.05792,0
152717,0,0.07007,0
152878,0,0.517,1
152926,0,0.448,0
152930,0,0.2257,0
153042,0,0.692,1
153184,0,0.513,1
153308,0,0.008514,0
153325,0,0.045,0
153354,0,0.00871,0
153387,0,0.05582,0
153399,0,0.2764,0
153567,0,0.0945,0
153583,0,0.00986,0
153605,0,0.505,1
153650,0,0.01147,0
153745,0,0.5854,1
153886,0,0.0452,0
153941,0,0.9077,1
153951,0,0.04108,0
154022,0,0.8184,1
154118,0,0.5503,1
154355,0,0.463,0
154423,0,0.288,0
154430,0,0.3948,0
154478,0,0.09894,0
154554,0,0.02666,0
154607,0,0.02606,0
154632,0,0.06866,0
154647,0,0.0041,0
154665,0,0.01406,0
154676,0,0.0694,0
154774,0,0.1737,0
154840,0,0.2664,0
154894,0,0.0627,0
154913,0,0.0836,0
154940,0,0.011116,0
155084,0,0.85,1
155120,0,0.1005,0
155157,0,0.01164,0
155195,0,0.003525,0
155197,0,0.1556,0
155225,0,0.1936,0
155315,0,0.01147,0
155322,0,0.3523,0
155423,0,0.3462,0
155441,0,0.12317,0
155460,0,0.5117,1
155592,0,0.1827,0
155656,0,0.00461,0
155679,0,0.03015,0
155685,0,0.06152,0
155705,0,0.02763,0
155997,0,0.003197,0
156167,0,0.2229,0
156430,0,0.06683,0
156495,0,0.4897,0
156513,0,0.134,0
156584,0,0.2812,0
156586,0,0.2073,0
156596,0,0.185,0
156597,0,0.02686,0
156603,0,0.01359,0
156632,0,0.3682,0
156774,0,0.615,1
157013,0,0.09894,0
157081,0,0.0903,0
157147,0,0.02834,0
157370,0,0.334,0
157437,0,0.0379,0
157444,0,0.02817,0
157464,0,0.1624,0
157517,0,0.842,1
157593,0,0.3506,0
157685,0,0.02562,0
157757,0,0.00461,0
157802,0,0.2172,0
157941,0,0.0922,0
158043,0,0.02333,0
158143,0,0.03314,0
158165,0,0.1263,0
158167,0,0.7256,1
158189,0,0.1537,0
158233,0,0.05234,0
158289,0,0.0645,0
158340,0,0.10394,0
158418,0,0.02954,0
158428,0,0.4246,0
158468,0,0.324,0
158485,0,0.01567,0
158497,0,0.1835,0
158676,0,0.01758,0
158681,0,0.932,1
158742,0,0.07184,0
158756,0,0.7207,1
158905,0,0.2473,0
158995,0,0.2302,0
159055,0,0.3286,0
159178,0,0.5283,1
159181,0,0.3745,0
159218,0,0.0258,0
159287,0,0.3257,0
159324,0,0.2163,0
159345,0,0.7017,1
159434,0,0.006027,0
159466,0,0.4387,0
159493,0,0.674,1
159638,0,0.777,1
159679,0,0.0644,0
159832,0,0.854,1
159837,0,0.0871,0
159870,0,0.1915,0
159897,0,0.805,1
159928,0,0.1361,0
159995,0,0.607,1
160090,0,0.06696,0
160132,0,0.6626,1
160145,0,0.209,0
160271,0,0.4387,0
160285,0,0.1755,0
160314,0,0.001394,0
160331,0,0.547,1
160419,0,0.02509,0
160437,0,0.0631,0
160631,0,0.2358,0
160643,0,0.839,1
160692,0,0.7725,1
160907,0,0.02576,0
161020,0,0.03114,0
161072,0,0.4539,0
161152,0,0.64,1
161208,0,0.6255,1
161316,0,0.314,0
161345,0,0.2559,0
161358,0,0.6934,1
161423,0,0.08093,0
161430,0,0.6333,1
161447,0,0.01848,0
161456,0,0.5903,1
161503,0,0.01333,0
161541,0,0.1919,0
161590,0,0.395,0
161660,0,0.005344,0
161796,0,0.785,1
161838,0,0.07587,0
161985,0,0.3638,0
162007,0,0.0544,0
162318,0,0.0667,0
162330,0,0.529,1
162393,0,0.00624,0
162469,0,0.02174,0
162473,0,0.02806,0
162503,0,0.03125,0
162545,0,0.00425,0
162710,0,0.06647,0
162742,0,0.339,0
162793,0,0.3735,0
162867,0,0.6245,1
162905,0,0.7373,1
163052,0,0.4653,0
163072,0,0.02655,0
163089,0,0.1643,0
163219,0,0.9463,1
163226,0,0.0156,0
163255,0,0.5186,1
163280,0,0.2747,0
163361,0,0.4375,0
163402,0,0.4478,0
163416,0,0.535,1
163417,0,0.1279,0
163483,0,0.1666,0
163487,0,0.3328,0
163567,0,0.06076,0
163586,0,0.6743,1
163869,0,0.508,1
163939,0,0.1265,0
163945,0,0.1054,0
163960,0,0.09204,0
163966,0,0.10504,0
164110,0,0.07306,0
164185,0,0.06793,0
164189,0,0.1475,0
164349,0,0.003607,0
164423,0,0.3162,0
164452,0,0.1627,0
164457,0,0.0939,0
164505,0,0.8647,1
164557,0,0.0464,0
164683,0,0.546,1
164866,0,0.1158,0
164917,0,0.1504,0
164929,0,0.05542,0
164930,0,0.02686,0
165026,0,0.04108,0
165033,0,0.5737,1
165105,0,0.09656,0
165370,0,0.2134,0
165456,0,0.004417,0
165531,0,0.557,1
165791,0,0.346,0
165827,0,0.2527,0
165949,0,0.7983,1
165971,0,0.0752,0
166029,0,0.01248,0
166163,0,0.4905,0
166271,0,0.0689,0
166344,0,0.8228,1
166395,0,0.2957,0
166443,0,0.364,0
166658,0,0.567,1
166669,0,0.002424,0
166714,0,0.1658,0
166746,0,0.851,1
166754,0,0.7817,1
166765,0,0.1178,0
166878,0,0.0806,0
166964,0,0.02666,0
167106,0,0.04132,0
167162,0,0.041,0
167182,0,0.9077,1
167297,0,0.00407,0
167418,0,0.00784,0
167460,0,0.6055,1
167479,0,0.074,0
167545,0,0.01622,0
167640,0,0.0572,0
167669,0,0.208,0
168170,0,0.07544,0
168207,0,0.5864,1
168238,0,0.01287,0
168333,0,0.773,1
168414,0,0.1309,0
168452,0,0.52,1
168513,0,0.1764,0
168786,0,0.335,0
168861,0,0.2397,0
168941,0,0.1409,0
168946,0,0.678,1
169015,0,0.5464,1
169041,0,0.489,0
169184,0,0.2208,0
169311,0,0.4407,0
169358,0,0.01178,0
169419,0,0.629,1
169463,0,0.0981,0
169531,0,0.3604,0
169574,0,0.03308,0
169653,0,0.05856,0
169800,0,0.0301,0
169828,0,0.0655,0
170046,0,0.1838,0
170134,0,0.09894,0
170140,0,0.05136,0
170154,0,0.2064,0
170189,0,0.05194,0
170211,0,0.84,1
170282,0,0.778,1
170388,0,0.675,1
170429,0,0.121,0
170493,0,0.2612,0
170582,0,0.09076,0
170608,0,0.681,1
170809,0,0.0801,0
170870,0,0.02586,0
170880,0,0.1865,0
170891,0,0.488,0
170903,0,0.1193,0
170917,0,0.11475,0
170966,0,0.0003102,0
171086,0,0.2035,0
171158,0,0.3416,0
171237,0,0.27,0
171405,0,0.12463,0
171456,0,0.001831,0
171507,0,0.0702,0
171543,0,5.186e-05,0
171618,0,0.0441,0
171650,0,0.1192,0
171717,0,0.1383,0
171737,0,0.1504,0
171784,0,0.19,0
172057,0,0.2124,0
172088,0,0.008095,0
172168,0,0.6895,1
172190,0,0.1359,0
172192,0,0.6797,1
172235,0,0.1669,0
172330,0,0.4805,0
172341,0,0.007965,0
172350,0,0.613,1
172500,0,0.01302,0
172586,0,0.32,0
172652,0,0.0258,0
172662,0,0.2876,0
172766,0,0.10156,0
172771,0,0.01307,0
172837,0,0.5405,1
173082,0,0.2766,0
173351,0,0.01968,0
173375,0,0.2607,0
173449,0,0.04868,0
173463,0,0.7095,1
173504,0,0.00378,0
173665,0,0.05023,0
173841,0,0.1956,0
173873,0,0.03223,0
173889,0,0.02434,0
173942,0,0.548,1
174335,0,0.015305,0
174660,0,0.2096,0
174672,0,0.0009475,0
174720,0,0.5815,1
174721,0,0.01129,0
174742,0,0.13,0
174904,0,0.02373,0
174922,0,0.10614,0
175052,0,0.568,1
175244,0,0.00512,0
175318,0,0.6924,1
175329,0,0.6104,1
175386,0,0.10016,0
175480,0,0.1172,0
175514,0,0.01287,0
175597,0,0.04922,0
175600,0,0.02475,0
175996,0,0.10376,0
176003,0,0.1213,0
176014,0,0.3374,0
176133,0,0.4783,0
176261,0,0.02277,0
176289,0,0.0327,0
176305,0,0.289,0
176331,0,0.7,1
176341,0,0.2075,0
176355,0,0.007374,0
176490,0,0.1434,0
176515,0,0.06586,0
176619,0,0.04822,0
176642,0,0.01877,0
176806,0,0.1482,0
176844,0,0.0534,0
177027,0,0.03506,0
177203,0,0.2805,0
177208,0,0.05594,0
177217,0,0.54,1
177447,0,0.05582,0
177485,0,0.1093,0
177487,0,0.518,1
177616,0,0.12,0
177700,0,0.82,1
177815,0,0.327,0
178011,0,0.6113,1
178137,0,0.025,0
178255,0,0.6025,1
178314,0,0.0437,0
178322,0,0.3486,0
178356,0,0.06256,0
178434,0,0.115,0
178502,0,0.005753,0
178545,0,0.16,0
178612,0,0.8145,1
178692,0,0.4612,0
179025,0,0.0729,0
179049,0,0.1466,0
179082,0,0.1322,0
179105,0,0.6924,1
179203,0,0.889,1
179239,0,0.5747,1
179285,0,0.1683,0
179308,0,0.707,1
179314,0,0.2688,0
179414,0,0.5527,1
179464,0,0.224,0
179479,0,0.1527,0
179626,0,0.433,0
179640,0,0.286,0
179717,0,0.03616,0
179827,0,0.0741,0
179910,0,0.677,1
179915,0,0.03397,0
180010,0,0.223,0
180040,0,0.02821,0
180069,0,0.654,1
180070,0,0.4182,0
180205,0,0.1808,0
180297,0,0.03442,0
180306,0,0.3772,0
180503,0,0.5527,1
180726,0,0.02904,0
180754,0,0.1746,0
180793,0,0.8926,1
180851,0,0.4028,0
180869,0,0.0437,0
180915,0,0.059,0
180969,0,0.2664,0
180978,0,0.0709,0
181117,0,0.0541,0
181128,0,0.000966,0
181163,0,0.826,1
181469,0,0.11554,0
181974,0,0.1466,0
181988,0,0.05292,0
182051,0,0.0318,0
182394,0,0.03882,0
182410,0,0.746,1
182446,0,0.2233,0
182507,0,0.145,0
182688,0,0.01155,0
182803,0,0.6265,1
182843,0,0.2125,0
182901,0,0.942,1
183080,0,0.407,0
183160,0,0.03253,0
183296,0,0.01099,0
183305,0,0.008514,0
183408,0,0.1593,0
183543,0,0.1172,0
183596,0,0.01317,0
183720,0,0.0683,0
184106,0,0.268,0
184251,0,0.7925,1
184255,0,0.4329,0
184307,0,0.5913,1
184614,0,0.03528,0
184615,0,0.73,1
184630,0,0.07837,0
184634,0,0.3843,0
184708,0,0.086,0
184820,0,0.01033,0
184875,0,0.6196,1
184968,0,0.507,1
185115,0,0.02057,0
185158,0,0.002075,0
185314,0,0.1565,0
185338,0,0.01243,0
185348,0,0.3403,0
185399,0,0.2754,0
185620,0,0.0922,0
185734,0,0.939,1
185742,0,0.5664,1
185846,0,0.2314,0
185946,0,0.4993,0
185967,0,0.00726,0
185982,0,0.596,1
185985,0,0.2242,0
186142,0,0.1306,0
186147,0,0.1011,0
186194,0,0.2079,0
186210,0,0.00368,0
186216,0,0.04733,0
186229,0,0.01525,0
186242,0,0.03265,0
186251,0,0.08496,0
186254,0,0.0139,0
186369,0,0.002632,0
186432,0,0.777,1
186496,0,0.06464,0
186537,0,0.0578,0
186587,0,0.63,1
186834,0,0.7656,1
187074,0,0.12445,0
187171,0,0.01312,0
187225,0,0.03802,0
187330,0,0.10126,0
187332,0,0.5522,1
187505,0,0.3464,0
187631,0,0.7173,1
187673,0,0.3115,0
187720,0,0.361,0
187765,0,0.0937,0
187804,0,0.2449,0
187864,0,0.05728,0
187893,0,0.545,1
188086,0,0.09204,0
188096,0,0.7046,1
188119,0,0.04053,0
188121,0,0.1041,0
188138,0,0.662,1
188229,0,0.8535,1
188241,0,0.4578,0
188256,0,0.09705,0
188294,0,0.1257,0
188392,0,0.02014,0
188426,0,0.493,0
188441,0,0.1461,0
188553,0,0.0387,0
188584,0,0.178,0
188664,0,0.752,1
188690,0,0.9375,1
188713,0,0.727,1
188717,0,0.09467,0
188829,0,0.586,1
188833,0,0.0995,0
188892,0,0.805,1
188929,0,0.8296,1
188978,0,0.3767,0
189143,0,0.03943,0
189160,0,0.4346,0
189178,0,0.598,1
189189,0,0.065,0
189237,0,0.1504,0
189296,0,0.1768,0
189456,0,0.0576,0
189516,0,0.003004,0
189686,0,0.9507,1
189737,0,0.4282,0
189857,0,0.2162,0
189864,0,0.2568,0
189865,0,0.904,1
189910,0,0.2277,0
189937,0,0.2588,0
189959,0,0.0537,0
190001,0,0.0149,0
190011,0,0.0873,0
190176,0,0.3225,0
190205,0,0.1095,0
190243,0,0.6855,1
190346,0,0.0721,0
190569,0,0.7188,1
190593,0,0.4978,0
190686,0,0.9624,1
190693,0,0.263,0
190812,0,0.1575,0
190843,0,0.8984,1
190998,0,0.2944,0
191037,0,0.722,1
191248,0,0.585,1
191303,0,0.06223,0
191433,0,0.1807,0
191504,0,0.00425,0
191536,0,0.676,1
191788,0,0.02876,0
191808,0,0.4116,0
191863,0,0.03056,0
192088,0,0.436,0
192128,0,0.1005,0
192355,0,0.3577,0
192468,0,0.0656,0
192516,0,0.594,1
192623,0,0.0432,0
192708,0,0.05698,0
192966,0,0.2437,0
193046,0,0.00952,0
193123,0,0.0642,0
193232,0,0.04428,0
193338,0,0.9155,1
193522,0,0.7397,1
193546,0,0.4226,0
193685,0,0.05997,0
193750,0,0.4536,0
193919,0,0.065,0
193924,0,0.1561,0
193936,0,0.1838,0
194123,0,0.096,0
194126,0,0.0535,0
194151,0,0.6104,1
194238,0,0.08466,0
194274,0,0.6216,1
194343,0,0.505,1
194394,0,0.11127,0
194472,0,0.0879,0
194577,0,0.0914,0
194643,0,0.507,1
194697,0,0.7393,1
194772,0,0.2028,0
194839,0,0.2368,0
195075,0,0.011375,0
195085,0,0.05997,0
195112,0,0.6177,1
195119,0,0.2168,0
195179,0,0.04544,0
195182,0,0.02022,0
195208,0,0.02042,0
195263,0,0.42,0
195292,0,0.0707,0
195392,0,0.01672,0
195555,0,0.0724,0
195647,0,0.731,1
195668,0,0.554,1
195690,0,0.0991,0
195717,0,0.567,1
195722,0,0.07806,0
195793,0,0.04077,0
195856,0,0.3335,0
195922,0,0.2306,0
195972,0,0.6763,1
195996,0,0.6284,1
196078,0,0.04544,0
196085,0,0.3682,0
196097,0,0.003593,0
196148,0,0.05878,0
196302,0,0.1803,0
196517,0,0.0592,0
196518,0,0.01854,0
196638,0,0.02562,0
196824,0,0.4043,0
196970,0,0.03253,0
197102,0,0.0898,0
197209,0,0.12054,0
197235,0,0.02072,0
197390,0,0.08496,0
197423,0,0.09894,0
197450,0,0.336,0
197455,0,0.247,0
197460,0,0.02931,0
197465,0,0.5874,1
197572,0,0.1166,0
197656,0,0.6504,1
197741,0,0.147,0
197889,0,0.003607,0
198032,0,0.03384,0
198084,0,0.0613,0
198140,0,0.1831,0
198262,0,0.2474,0
198272,0,0.1361,0
198452,0,0.626,1
198454,0,0.1998,0
198604,0,0.10266,0
198610,0,0.607,1
198859,0,0.2659,0
198886,0,0.1548,0
199041,0,0.58,1
199206,0,0.02434,0
199218,0,0.00838,0
199224,0,0.1658,0
199338,0,0.11597,0
199349,0,0.02025,0
199465,0,0.2079,0
199637,0,0.08466,0
199677,0,0.05176,0
199697,0,0.5415,1
199790,0,0.3772,0
199858,0,0.01772,0
199941,0,0.0056,0
200081,0,0.00145,0
200096,0,0.574,1
200153,0,0.1661,0
200184,0,0.7666,1
200238,0,0.3052,0
200347,0,0.1559,0
200377,0,0.0496,0
200383,0,0.7485,1
200408,0,0.10504,0
200432,0,0.06244,0
200458,0,0.1103,0
200549,0,0.08405,0
200615,0,0.0281,0
200763,0,0.1093,0
200837,0,0.6875,1
201069,0,0.4722,0
201082,0,0.1333,0
201118,0,0.0363,0
201185,0,0.1423,0
201271,0,0.2234,0
201277,0,0.7554,1
201318,0,0.538,1
201360,0,0.1761,0
201424,0,0.6445,1
201500,0,0.2307,0
201540,0,0.861,1
201584,0,0.02661,0
201720,0,0.8096,1
201819,0,0.4666,0
201859,0,0.02914,0
201874,0,0.6543,1
201928,0,0.02428,0
202137,0,0.398,0
202228,0,0.04083,0
202269,0,0.07947,0
202274,0,0.962,1
202281,0,0.0709,0
202294,0,0.02513,0
202301,0,0.2089,0
202327,0,0.0509,0
202477,0,0.04868,0
202496,0,0.6475,1
202523,0,0.959,1
202934,0,0.002901,0
203007,0,0.04016,0
203085,0,0.003416,0
203180,0,0.0601,0
203226,0,0.4485,0
203240,0,0.03004,0
203242,0,0.0749,0
203417,0,0.529,1
203642,0,0.111,0
203847,0,0.1434,0
203910,0,0.001116,0
203916,0,0.5635,1
204035,0,0.0201,0
204076,0,0.01935,0
204078,0,0.823,1
204102,0,0.0702,0
204105,0,0.8193,1
204360,0,0.5923,1
204580,0,0.2812,0
204629,0,0.67,1
204688,0,0.4727,0
204736,0,0.03108,0
204765,0,0.11633,0
204794,0,0.162,0
204890,0,0.2285,0
205097,0,0.8687,1
205188,0,0.9272,1
205255,0,0.0677,0
205341,0,0.191,0
205377,0,0.8076,1
205420,0,0.5996,1
205513,0,0.1658,0
205550,0,0.1842,0
205607,0,0.2556,0
205782,0,0.7197,1
205858,0,0.13,0
205944,0,0.04114,0
206118,0,0.001165,0
206127,0,0.1136,0
206152,0,0.7046,1
206221,0,0.08093,0
206426,0,0.2542,0
206441,0,0.2725,0
206535,0,0.355,0
206737,0,0.2244,0
206828,0,0.443,0
206887,0,0.255,0
206930,0,0.5264,1
206997,0,0.761,1
207012,0,0.1976,0
207040,0,0.005405,0
207054,0,0.511,1
207088,0,0.11597,0
207323,0,0.287,0
207470,0,0.006798,0
207506,0,0.1753,0
208007,0,0.0802,0
208347,0,0.04535,0
208380,0,0.5903,1
208397,0,0.2842,0
208449,0,0.12335,0
208492,0,0.3816,0
208543,0,0.02937,0
208615,0,0.02898,0
208775,0,0.254,0
208824,0,0.0442,0
208861,0,0.06097,0
209022,0,0.678,1
209086,0,0.7817,1
209279,0,0.00526,0
209329,0,0.497,0
209401,0,0.02542,0
209411,0,0.0343,0
209450,0,0.03607,0
209572,0,0.054,0
209594,0,0.2837,0
209758,0,0.01322,0
209790,0,0.6255,1
209864,0,0.108,0
210273,0,0.3113,0
210538,0,0.10895,0
210559,0,0.2822,0
210604,0,0.00452,0
210699,0,0.2319,0
210790,0,0.1178,0
210827,0,0.12463,0
211092,0,0.11145,0
211110,0,0.3787,0
211302,0,0.5635,1
211477,0,0.3003,0
211553,0,0.3154,0
211600,0,0.00508,0
211626,0,0.2554,0
211747,0,0.0456,0
211795,0,0.3804,0
211798,0,0.8823,1
212305,0,0.0379,0
212353,0,0.00881,0
212399,0,0.1005,0
212462,0,0.1251,0
212522,0,0.1142,0
212567,0,0.6406,1
212610,0,0.553,1
212628,0,0.53,1
212753,0,0.02356,0
212805,0,0.03397,0
212878,0,0.0376,0
212884,0,0.00526,0
213023,0,0.01964,0
213077,0,0.053,0
213101,0,0.6196,1
213166,0,0.6025,1
213265,0,0.3643,0
213297,0,0.2229,0
213351,0,0.0535,0
213460,0,0.1423,0
213516,0,0.007904,0
213527,0,0.01196,0
213577,0,0.01302,0
213579,0,0.2307,0
213610,0,0.01401,0
213654,0,0.04596,0
213675,0,0.1335,0
213795,0,0.951,1
213822,0,0.3054,0
213884,0,0.3958,0
213914,0,0.1309,0
213921,0,0.1387,0
213971,0,0.3599,0
214005,0,0.53,1
214035,0,0.2524,0
214050,0,0.08405,0
214094,0,0.05542,0
214101,0,0.0436,0
214315,0,0.7534,1
214402,0,0.2903,0
214407,0,0.924,1
214472,0,0.06586,0
214504,0,0.9155,1
214508,0,0.255,0
214596,0,0.4792,0
214636,0,0.1663,0
214784,0,0.2366,0
214818,0,0.08405,0
214900,0,0.5337,1
214946,0,0.0677,0
215121,0,0.5117,1
215281,0,0.04193,0
215287,0,0.4036,0
215456,0,0.2302,0
215463,0,0.2656,0
215578,0,0.01385,0
215590,0,0.4985,0
215592,0,0.1222,0
215609,0,0.5786,1
215646,0,0.0601,0
215732,0,0.012146,0
215761,0,0.01994,0
215857,0,0.01456,0
215877,0,0.14,0
215888,0,0.4844,0
215949,0,0.0355,0
215962,0,0.236,0
215990,0,0.3506,0
216397,0,0.5557,1
216516,0,0.01877,0
216665,0,0.1656,0
216667,0,0.013954,0
216681,0,0.784,1
216705,0,0.1293,0
216949,0,0.02556,0
217030,0,0.1339,0
217040,0,0.0003176,0
217068,0,0.181,0
217069,0,0.002075,0
217123,0,0.0313,0
217129,0,0.857,1
217293,0,0.3533,0
217432,0,0.1597,0
217556,0,0.3213,0
217583,0,0.04184,0
217720,0,0.2203,0
218152,0,0.07227,0
218163,0,0.0478,0
218203,0,0.2152,0
218242,0,0.515,1
218258,0,0.02791,0
218360,0,0.6724,1
218376,0,0.06177,0
218391,0,0.06476,0
218492,0,0.00819,0
218520,0,0.02538,0
218541,0,0.03943,0
218551,0,0.04282,0
218685,0,0.751,1
218760,0,0.196,0
218775,0,0.1725,0
218910,0,0.2013,0
219010,0,0.603,1
219012,0,0.03845,0
219084,0,0.02635,0
219152,0,0.3723,0
219194,0,0.6885,1
219324,0,0.1261,0
219350,0,0.1448,0
219458,0,0.06476,0
219523,0,0.02333,0
219577,0,0.1803,0
219579,0,0.01906,0
219588,0,0.233,0
219604,0,0.326,0
219675,0,0.707,1
220007,0,0.0556,0
220070,0,0.14,0
220179,0,0.08417,0
220272,0,0.8613,1
220420,0,0.074,0
220443,0,0.044,0
220612,0,0.1584,0
220814,0,0.468,0
220895,0,0.503,1
220974,0,0.1622,0
221205,0,0.0237,0
221310,0,0.0678,0
221386,0,0.05212,0
221481,0,0.513,1
221503,0,0.05167,0
221555,0,0.07794,0
221962,0,0.286,0
221970,0,0.5435,1
222045,0,0.3804,0
222393,0,0.0173,0
222418,0,0.03091,0
222585,0,0.6836,1
222600,0,0.3464,0
222623,0,0.388,0
222636,0,0.4817,0
222640,0,0.04453,0
222654,0,0.0201,0
222776,0,0.0974,0
222851,0,0.612,1
222982,0,0.2173,0
222996,0,0.4456,0
223137,0,0.3354,0
223166,0,0.2311,0
223267,0,0.03442,0
223272,0,0.6436,1
223286,0,0.011116,0
223359,0,0.6055,1
223400,0,0.533,1
223457,0,0.04468,0
223482,0,0.4722,0
223535,0,0.0478,0
223705,0,0.2437,0
223902,0,0.0556,0
223967,0,0.2134,0
223973,0,0.02893,0
223982,0,0.05856,0
223988,0,0.4565,0
224007,0,0.0549,0
224015,0,0.1124,0
224406,0,0.0575,0
224504,0,0.3994,0
224599,0,0.4348,0
224624,0,0.3179,0
224668,0,0.5415,1
224777,0,0.1396,0
224826,0,0.397,0
224859,0,0.2473,0
224941,0,0.7266,1
225070,0,0.05728,0
225100,0,0.015366,0
225154,0,0.683,1
225263,0,0.519,1
225385,0,0.01317,0
225394,0,0.01473,0
225415,0,0.1414,0
225417,0,0.1912,0
225452,0,0.2375,0
225673,0,0.702,1
225722,0,0.1423,0
225730,0,0.8203,1
225753,0,0.5776,1
225779,0,0.00624,0
226125,0,0.0873,0
226132,0,0.007935,0
226295,0,0.2554,0
226379,0,0.4321,0
226548,0,0.6177,1
226637,0,0.00664,0
226703,0,0.201,0
226738,0,0.01033,0
226798,0,0.01343,0
226800,0,0.575,1
226834,0,0.00948,0
226893,0,0.2,0
226983,0,0.2198,0
227070,0,0.1101,0
227154,0,0.1309,0
227157,0,0.472,0
227284,0,0.1259,0
227320,0,0.02328,0
227543,0,0.255,0
227585,0,0.06793,0
227592,0,0.6475,1
227604,0,0.5503,1
227655,0,0.1597,0
227691,0,0.0545,0
227788,0,0.8765,1
227836,0,0.876,1
227915,0,0.01049,0
227974,0,0.2139,0
228054,0,0.2998,0
228062,0,0.04886,0
228106,0,0.6626,1
228246,0,0.3948,0
228256,0,0.7466,1
228370,0,0.09106,0
228429,0,0.44,0
228441,0,0.12305,0
228507,0,0.948,1
228538,0,0.1572,0
228597,0,0.5596,1
228624,0,0.2063,0
228757,0,0.02475,0
228777,0,0.1126,0
228784,0,0.01758,0
228796,0,0.1835,0
228818,0,0.5737,1
228896,0,0.005386,0
228956,0,0.07184,0
229245,0,0.2742,0
229289,0,0.5566,1
229358,0,0.1538,0
229376,0,0.04968,0
229389,0,0.08344,0
229477,0,0.5405,1
229493,0,0.6113,1
229527,0,0.806,1
229691,0,0.1626,0
229736,0,0.4058,0
229951,0,0.000876,0
230552,0,0.7266,1
230656,0,0.00934,0
230801,0,0.05167,0
230839,0,0.4473,0
230927,0,0.03174,0
231295,0,0.2482,0
231335,0,0.406,0
231368,0,0.3271,0
231467,0,0.1387,0
231672,0,0.0666,0
232201,0,0.04288,0
232223,0,0.014175,0
232370,0,0.4138,0
232389,0,0.0641,0
232551,0,0.05707,0
232644,0,0.01778,0
232711,0,0.645,1
232895,0,0.03174,0
232970,0,0.12067,0
233008,0,0.08167,0
233011,0,0.626,1
233044,0,0.561,1
233142,0,0.001775,0
233303,0,0.0181,0
233333,0,0.04453,0
233528,0,0.3364,0
233566,0,0.00375,0
233578,0,0.6206,1
233696,0,0.05582,0
233735,0,0.4429,0
233944,0,0.8994,1
233949,0,0.0436,0
234013,0,0.09875,0
234033,0,0.51,1
234037,0,0.8223,1
234065,0,0.146,0
234177,0,0.3079,0
234189,0,0.014114,0
234232,0,0.329,0
234244,0,0.1627,0
234279,0,0.642,1
234282,0,0.2473,0
234347,0,0.54,1
234359,0,0.04272,0
234438,0,0.02635,0
234452,0,0.01837,0
234454,0,0.1631,0
234574,0,0.03424,0
234646,0,0.2251,0
234654,0,0.0545,0
234681,0,0.2068,0
234682,0,0.1829,0
234874,0,0.1619,0
234904,0,0.0051,0
234908,0,0.1521,0
235225,0,0.47,0
235267,0,0.1466,0
235388,0,0.02351,0
235450,0,0.00693,0
235580,0,0.2356,0
235603,0,0.05676,0
235846,0,0.3594,0
235871,0,0.0898,0
235890,0,0.4807,0
235962,0,0.2081,0
236028,0,0.1032,0
236104,0,0.4014,0
236207,0,0.03738,0
236239,0,0.788,1
236404,0,0.3152,0
236430,0,0.515,1
236614,0,0.1034,0
236643,0,0.111,0
236658,0,0.802,1
236733,0,0.8335,1
236736,0,0.4648,0
236827,0,0.412,0
236872,0,0.278,0
236977,0,0.00428,0
236981,0,0.263,0
236989,0,0.03333,0
237113,0,0.2384,0
237116,0,0.000688,0
237128,0,0.07306,0
237145,0,0.9087,1
237259,0,0.561,1
237263,0,0.1675,0
237345,0,0.2018,0
237459,0,0.04337,0
237566,0,0.7964,1
237605,0,0.06854,0
237607,0,0.3809,0
237701,0,0.5513,1
237953,0,0.03775,0
237983,0,0.01312,0
237997,0,0.2307,0
238048,0,0.04932,0
238190,0,0.3408,0
238316,0,0.2542,0
238346,0,0.02733,0
238512,0,0.788,1
238549,0,0.8286,1
238617,0,0.736,1
238735,0,0.5728,1
238776,0,0.01945,0
238819,0,0.676,1
238881,0,0.648,1
238917,0,0.00582,0
239017,0,0.0825,0
239282,0,0.02347,0
239411,0,0.4377,0
239454,0,0.09204,0
239460,0,0.02611,0
239663,0,0.1359,0
239696,0,0.01238,0
239705,0,0.0354,0
239827,0,0.2289,0
239859,0,0.0556,0
239910,0,0.4426,0
239919,0,0.1432,0
239929,0,0.0505,0
240070,0,0.01297,0
240246,0,0.611,1
240301,0,0.2212,0
240478,0,0.174,0
240481,0,0.1122,0
240640,0,0.662,1
240656,0,0.00726,0
240773,0,0.03436,0
240795,0,0.832,1
240898,0,0.10614,0
240989,0,0.3997,0
241011,0,0.1254,0
241084,0,0.3572,0
241205,0,0.01178,0
241206,0,0.0149,0
241314,0,0.263,0
241402,0,0.02763,0
241455,0,0.2434,0
241465,0,0.004963,0
241487,0,0.526,1
241642,0,0.705,1
241675,0,0.01155,0
242026,0,0.01616,0
242095,0,0.8296,1
242157,0,0.0753,0
242254,0,0.03738,0
242783,0,0.4873,0
242831,0,0.02744,0
243241,0,0.02452,0
243256,0,0.02676,0
243474,0,0.0636,0
243604,0,0.0378,0
243647,0,0.11993,0
243823,0,0.7036,1
243845,0,0.3093,0
243874,0,0.1823,0
244006,0,0.05942,0
244039,0,0.2292,0
244063,0,0.0315,0
244172,0,0.00532,0
244341,0,0.9497,1
244376,0,0.314,0
244463,0,0.0258,0
244696,0,0.6714,1
244951,0,0.4304,0
244970,0,0.7905,1
245049,0,0.6074,1
245051,0,0.05542,0
245111,0,0.4097,0
245161,0,0.0879,0
245190,0,0.2632,0
245213,0,0.5073,1
245253,0,0.6978,1
245338,0,0.0379,0
245394,0,0.786,1
245421,0,0.07806,0
245429,0,0.01061,0
245436,0,0.02443,0
245462,0,0.4856,0
245480,0,0.01155,0
245572,0,0.1696,0
245574,0,0.1045,0
245678,0,0.00596,0
245880,0,0.5728,1
245934,0,0.3772,0
245943,0,0.010056,0
245963,0,0.2605,0
246079,0,0.12335,0
246145,0,0.625,1
246162,0,0.318,0
246185,0,0.6533,1
246196,0,0.02542,0
246306,0,0.01572,0
246439,0,0.02129,0
246776,0,0.01467,0
246956,0,0.00715,0
247120,0,0.11676,0
247145,0,0.617,1
247219,0,0.2654,0
247254,0,0.0806,0
247308,0,0.621,1
247388,0,0.339,0
247553,0,0.7905,1
247601,0,0.065,0
247652,0,0.2822,0
247690,0,0.03705,0
247706,0,0.455,0
247783,0,0.11816,0
248068,0,0.0225,0
248250,0,0.1954,0
248420,0,0.8374,1
248486,0,0.00479,0
248521,0,0.55,1
248565,0,0.286,0
248779,0,0.02237,0
248929,0,0.1692,0
249009,0,0.6157,1
249263,0,0.929,1
249301,0,0.06042,0
249607,0,0.02065,0
249721,0,0.09705,0
249794,0,0.08466,0
249910,0,0.08466,0
250231,0,0.1304,0
250372,0,0.024,0
250391,0,0.74,1
250611,0,0.7837,1
250753,0,0.832,1
250883,0,0.4836,0
250953,0,0.02988,0
251065,0,0.1462,0
251098,0,0.005386,0
251126,0,0.0937,0
251158,0,0.2007,0
251168,0,0.3086,0
251252,0,0.5396,1
251271,0,0.03137,0
251410,0,0.1747,0
251466,0,0.646,1
251505,0,0.5713,1
251560,0,0.013954,0
251640,0,0.656,1
251680,0,0.0485,0
251986,0,0.2617,0
252099,0,0.05032,0
252157,0,0.3113,0
252218,0,0.8633,1
252222,0,0.791,1
252224,0,0.4563,0
252321,0,0.002083,0
252432,0,0.1178,0
252461,0,0.586,1
252918,0,0.1285,0
253069,0,0.5664,1
253441,0,0.652,1
253465,0,0.3428,0
253579,0,0.5312,1
253695,0,0.04578,0
253879,0,0.07043,0
253881,0,0.0446,0
254116,0,0.1835,0
254151,0,0.7207,1
254451,0,0.196,0
254474,0,0.395,0
254562,0,0.00861,0
254617,0,0.322,0
254622,0,0.0589,0
254671,0,0.3645,0
254897,0,0.662,1
255109,0,0.0056,0
255173,0,0.01685,0
255227,0,0.6494,1
255259,0,0.1517,0
255309,0,0.35,0
255414,0,0.002611,0
255446,0,0.2173,0
255534,0,0.573,1
255636,0,0.6157,1
255680,0,0.01302,0
255739,0,0.0334,0
255746,0,0.00885,0
255769,0,0.2483,0
255778,0,0.03964,0
255786,0,0.726,1
255867,0,0.9507,1
255882,0,0.0451,0
255987,0,0.827,1
256047,0,0.1142,0
256068,0,0.5176,1
256082,0,0.03114,0
256105,0,0.1144,0
256170,0,0.2896,0
256225,0,0.3647,0
256266,0,0.03096,0
256289,0,0.02194,0
256311,0,0.03156,0
256334,0,0.5044,1
256492,0,0.891,1
256558,0,0.4192,0
256575,0,0.004025,0
256615,0,0.02356,0
256621,0,0.4194,0
256841,0,0.0854,0
256874,0,0.0004494,0
256944,0,0.1469,0
256946,0,0.007576,0
257133,0,0.0935,0
257176,0,0.5176,1
257303,0,0.00262,0
257391,0,0.01164,0
257417,0,0.438,0
257499,0,0.5034,1
257652,0,0.3516,0
257709,0,0.4119,0
257877,0,0.2764,0
257883,0,0.66,1
258108,0,0.289,0
258116,0,0.0763,0
258132,0,0.03156,0
258224,0,0.686,1
258322,0,0.662,1
258428,0,0.03403,0
258567,0,0.6587,1
258664,0,0.4553,0
258788,0,0.2335,0
258819,0,0.2032,0
258865,0,0.5825,1
258990,0,0.4036,0
259023,0,0.1277,0
259191,0,0.7515,1
259226,0,0.4219,0
259229,0,0.281,0
259268,0,0.1423,0
259326,0,0.6704,1
259479,0,0.0343,0
259577,0,0.2722,0
259592,0,0.04077,0
259690,0,0.0347,0
259815,0,0.0343,0
259816,0,0.0729,0
259914,0,0.01013,0
259928,0,0.422,0
259931,0,0.0195,0
259952,0,0.09106,0
259959,0,0.217,0
260067,0,0.003325,0
260132,0,0.005405,0
260178,0,0.6226,1
260224,0,0.4446,0
260244,0,0.5835,1
260286,0,0.648,1
260375,0,0.01462,0
260407,0,0.0203,0
260410,0,0.5522,1
260562,0,0.1787,0
260597,0,0.6045,1
260618,0,0.01513,0
260715,0,0.385,0
260719,0,0.139,0
260755,0,0.57,1
260806,0,0.5405,1
260988,0,0.1444,0
261039,0,0.1411,0
261051,0,0.006363,0
261057,0,0.058,0
261132,0,0.8984,1
261263,0,0.2085,0
261379,0,0.555,1
261420,0,0.12366,0
261428,0,0.2001,0
261695,0,0.0267,0
261748,0,0.3726,0
261772,0,0.0205,0
261840,0,0.5527,1
261935,0,0.8364,1
262138,0,0.07806,0
262174,0,0.6924,1
262187,0,0.05252,0
262254,0,0.02133,0
262362,0,0.568,1
262412,0,0.10175,0
262447,0,0.0962,0
262511,0,0.5713,1
262703,0,0.1971,0
262762,0,0.553,1
262815,0,0.0876,0
262817,0,0.0424,0
262830,0,0.003511,0
262945,0,0.722,1
262986,0,0.3137,0
263004,0,0.6084,1
263032,0,0.4714,0
263120,0,0.741,1
263214,0,0.044,0
263402,0,0.1768,0
263455,0,0.4148,0
263532,0,0.4478,0
263570,0,0.381,0
263596,0,0.8086,1
263622,0,0.0436,0
263632,0,0.1201,0
263838,0,0.0788,0
264094,0,0.1755,0
264193,0,0.705,1
264231,0,0.0001243,0
264317,0,0.5645,1
264321,0,0.03754,0
264438,0,0.02937,0
264445,0,0.196,0
264581,0,0.786,1
264621,0,0.3176,0
264748,0,0.1714,0
264775,0,0.0312,0
264846,0,0.02876,0
264868,0,0.1493,0
264969,0,0.1599,0
264998,0,0.02129,0
265003,0,0.02461,0
265028,0,0.12115,0
265156,0,0.0471,0
265337,0,0.742,1
265424,0,0.06995,0
265487,0,0.3086,0
265583,0,0.1344,0
265837,0,0.006027,0
265998,0,0.368,0
266066,0,0.05154,0
266088,0,0.01133,0
266177,0,0.0217,0
266193,0,0.000419,0
266208,0,0.3567,0
266234,0,0.5283,1
266262,0,0.04553,0
266279,0,0.7173,1
266282,0,0.03253,0
266333,0,0.0742,0
266457,0,0.0745,0
266488,0,0.4175,0
266558,0,0.515,1
266609,0,0.08435,0
266618,0,0.02438,0
266634,0,0.1401,0
266665,0,0.3079,0
266714,0,0.0995,0
266718,0,0.2163,0
266833,0,0.8477,1
266941,0,0.4053,0
266954,0,0.01567,0
267012,0,0.2073,0
267032,0,0.06064,0
267070,0,0.188,0
267093,0,0.1284,0
267133,0,0.4353,0
267232,0,0.003607,0
267302,0,0.822,1
267418,0,0.01813,0
267507,0,0.07574,0
267792,0,0.6577,1
267945,0,0.01698,0
268088,0,0.06635,0
268137,0,0.0831,0
268160,0,0.4995,0
268233,0,0.5103,1
268313,0,0.03656,0
268455,0,0.2086,0
268526,0,0.563,1
268534,0,0.1261,0
268555,0,0.619,1
268567,0,0.182,0
268598,0,0.3738,0
268648,0,0.3867,0
268649,0,0.541,1
268974,0,0.587,1
269070,0,0.03033,0
269238,0,0.614,1
269313,0,0.4644,0
269468,0,0.0745,0
269500,0,0.0933,0
269660,0,0.323,0
269728,0,0.2964,0
269770,0,0.5376,1
269817,0,0.908,1
269887,0,0.2632,0
269936,0,0.5317,1
269989,0,0.1824,0
270048,0,0.2133,0
270123,0,0.03397,0
270305,0,0.7354,1
270417,0,0.00433,0
270443,0,0.1996,0
270484,0,0.1184,0
270610,0,0.01912,0
270627,0,0.04434,0
270682,0,0.006462,0
270768,0,0.0232,0
270860,0,0.8896,1
270965,0,0.3027,0
271246,0,0.02037,0
271282,0,0.5737,1
271293,0,0.0511,0
271327,0,0.12445,0
271339,0,0.0637,0
271373,0,0.01277,0
271433,0,0.1514,0
271458,0,0.6265,1
271459,0,0.3762,0
271474,0,0.01467,0
271624,0,0.2686,0
271792,0,0.5405,1
271803,0,0.516,1
271910,0,0.9243,1
271917,0,0.4353,0
271980,0,0.08527,0
272025,0,0.06915,0
272080,0,0.576,1
272248,0,0.0541,0
272361,0,0.4968,0
272465,0,0.1967,0
272545,0,0.4226,0
272555,0,0.02258,0
272802,0,0.02611,0
272817,0,0.6514,1
272852,0,0.342,0
272877,0,0.1906,0
273035,0,0.0334,0
273172,0,0.03906,0
273321,0,0.1364,0
273442,0,0.2656,0
273450,0,0.3042,0
273627,0,0.803,1
273668,0,0.002115,0
273894,0,0.01912,0
273929,0,0.506,1
274343,0,0.1869,0
274453,0,0.6636,1
274651,0,0.9756,1
274657,0,0.6865,1
274670,0,0.03223,0
274853,0,0.0241,0
274965,0,0.01909,0
275050,0,0.1882,0
275117,0,0.0862,0
275132,0,0.2983,0
275145,0,0.0845,0
275178,0,0.0452,0
275200,0,0.0286,0
275239,0,0.656,1
275481,0,0.0536,0
275636,0,0.7534,1
275673,0,0.268,0
275803,0,0.01164,0
275811,0,0.432,0
275873,0,0.3447,0
275900,0,0.0601,0
275919,0,0.2761,0
275978,0,0.569,1
275984,0,0.531,1
275985,0,0.0446,0
276030,0,0.05988,0
276158,0,0.2421,0
276180,0,0.074,0
276184,0,0.0786,0
276616,0,0.0863,0
276838,0,0.103,0
276951,0,0.36,0
277002,0,0.04337,0
277050,0,0.2637,0
277314,0,0.413,0
277357,0,0.2064,0
277475,0,0.27,0
277542,0,0.5425,1
277551,0,0.1422,0
277604,0,0.0694,0
277758,0,0.0866,0
277955,0,0.51,1
278003,0,0.0107,0
278092,0,0.5845,1
278099,0,0.0798,0
278125,0,0.09534,0
278182,0,0.1282,0
278198,0,0.0774,0
278225,0,0.06805,0
278433,0,0.4753,0
278435,0,0.0372,0
278448,0,0.02513,0
278449,0,0.02791,0
278643,0,0.008,0
278685,0,0.4966,0
279070,0,0.578,1
279348,0,0.4612,0
279368,0,0.0112,0
279648,0,0.2281,0
279745,0,0.01439,0
279805,0,0.02324,0
279873,0,0.1964,0
279953,0,0.07837,0
280181,0,0.1537,0
280252,0,0.2747,0
280301,0,0.5337,1
280335,0,0.06165,0
280443,0,0.6265,1
280461,0,0.5366,1
280476,0,0.0526,0
280532,0,0.2566,0
280577,0,0.00605,0
280611,0,0.1025,0
280672,0,0.6914,1
280922,0,0.02834,0
280973,0,0.4883,0
281134,0,0.4941,0
281149,0,0.07104,0
281213,0,0.419,0
281226,0,0.02686,0
281256,0,0.5938,1
281285,0,0.6006,1
281305,0,0.0808,0
281315,0,0.7695,1
281341,0,0.3408,0
281466,0,0.4119,0
281598,0,0.0116,0
281624,0,0.3696,0
281741,0,0.869,1
281875,0,0.0749,0
281909,0,0.0898,0
281925,0,0.3835,0
281929,0,0.2091,0
281998,0,0.03845,0
282122,0,0.641,1
282209,0,0.00986,0
282315,0,0.468,0
282456,0,0.597,1
282553,0,0.0281,0
282633,0,0.8545,1
282640,0,0.1593,0
282694,0,0.112,0
282698,0,0.2417,0
282738,0,0.509,1
282806,0,0.0457,0
282851,0,0.05127,0
283012,0,0.0248,0
283026,0,0.006824,0
283200,0,0.2937,0
283258,0,0.4275,0
283348,0,0.03004,0
283427,0,0.453,0
283479,0,0.10706,0
283557,0,0.0292,0
283559,0,0.01192,0
283687,0,0.689,1
283876,0,0.1566,0
283888,0,0.0441,0
283931,0,0.1981,0
284134,0,0.011375,0
284198,0,0.1598,0
284227,0,0.3591,0
284295,0,0.00617,0
284338,0,0.1686,0
284393,0,0.3005,0
284410,0,0.03004,0
284621,0,0.7886,1
284674,0,0.02065,0
284724,0,0.5312,1
284743,0,0.1931,0
284871,0,0.03845,0
284937,0,0.592,1
284974,0,0.2242,0
284990,0,0.7227,1
285011,0,0.0164,0
285248,0,0.5605,1
285312,0,0.3518,0
285351,0,0.2496,0
285450,0,0.7275,1
285459,0,0.03223,0
285474,0,0.2115,0
285534,0,0.03302,0
285573,0,0.8335,1
285576,0,0.0761,0
285581,0,0.05655,0
285611,0,0.775,1
285728,0,0.5254,1
285890,0,0.142,0
285916,0,0.3496,0
285918,0,0.02504,0
285934,0,0.014114,0
285947,0,0.5215,1
285959,0,0.07007,0
286025,0,0.07837,0
286066,0,0.249,0
286085,0,0.413,0
286133,0,0.004906,0
286266,0,0.2693,0
286313,0,0.04877,0
286329,0,0.3765,0
286388,0,0.4343,0
286425,0,0.2319,0
286575,0,0.05014,0
286576,0,0.11816,0
286709,0,0.1393,0
286727,0,0.0967,0
286833,0,0.4163,0
287004,0,0.2712,0
287111,0,0.3928,0
287295,0,0.01704,0
287308,0,0.882,1
287320,0,0.1833,0
287338,0,0.706,1
287397,0,0.4746,0
287524,0,0.0145,0
287579,0,0.02763,0
287642,0,0.02518,0
287706,0,0.074,0
287728,0,0.2411,0
287784,0,0.02452,0
287804,0,0.1515,0
287865,0,0.1958,0
287939,0,0.00945,0
288039,0,0.03354,0
288210,0,0.603,1
288222,0,0.7305,1
288274,0,0.344,0
288315,0,0.778,1
288348,0,0.1704,0
288505,0,0.01805,0
288556,0,0.0708,0
288613,0,0.1687,0
288807,0,0.3,0
288810,0,0.0877,0
288825,0,0.0694,0
288844,0,0.1078,0
288862,0,0.1383,0
288989,0,0.6997,1
289066,0,0.6704,1
289161,0,0.1772,0
289195,0,0.01616,0
289229,0,0.01369,0
289298,0,0.11456,0
289299,0,0.834,1
289406,0,0.1214,0
289530,0,0.714,1
289572,0,0.7974,1
289594,0,0.004944,0
289613,0,0.01854,0
289648,0,0.2186,0
289899,0,0.251,0
289927,0,0.577,1
289992,0,0.0707,0
290366,0,0.3455,0
290411,0,0.07056,0
290416,0,0.874,1
290559,0,0.005512,0
290644,0,0.05814,0
290874,0,0.03278,0
290934,0,0.6377,1
290999,0,0.004364,0
291099,0,0.471,0
291139,0,0.07947,0
291159,0,0.371,0
291174,0,0.1808,0
291189,0,0.3743,0
291274,0,0.3596,0
291324,0,0.642,1
291468,0,0.566,1
291520,0,0.849,1
291737,0,0.02998,0
291812,0,0.869,1
291822,0,0.7827,1
291860,0,0.1572,0
291895,0,0.677,1
291914,0,0.2076,0
292047,0,0.8955,1
292489,0,0.9478,1
292764,0,0.04922,0
292804,0,0.004646,0
292894,0,0.03091,0
292902,0,0.1962,0
293238,0,0.6997,1
293291,0,0.4077,0
293381,0,0.1925,0
293406,0,0.551,1
293424,0,0.2137,0
293755,0,0.3694,0
293833,0,0.8022,1
293873,0,0.3691,0
293885,0,0.006123,0
294025,0,0.10376,0
294031,0,0.2452,0
294037,0,0.3865,0
294050,0,0.3293,0
294171,0,0.5405,1
294232,0,0.0485,0
294234,0,0.06683,0
294429,0,0.0312,0
294467,0,0.03067,0
294717,0,0.02072,0
294845,0,0.0833,0
294892,0,0.7744,1
294934,0,0.1703,0
295085,0,0.0003612,0
295243,0,0.0903,0
295324,0,0.1278,0
295364,0,0.513,1
295449,0,0.11633,0
295505,0,0.0016165,0
295554,0,0.519,1
295578,0,0.2473,0
295628,0,0.1045,0
295632,0,0.005936,0
295659,0,0.8164,1
295692,0,0.706,1
295725,0,0.2018,0
295738,0,0.4922,0
295825,0,0.881,1
295847,0,0.1418,0
295945,0,0.412,0
296010,0,0.02092,0
296034,0,0.5176,1
296075,0,0.2006,0
296080,0,0.06143,0
296183,0,0.04,0
296265,0,0.266,0
296306,0,0.668,1
296472,0,0.603,1
296545,0,0.00481,0
296803,0,0.00871,0
296940,0,0.0741,0
296998,0,0.292,0
297001,0,0.3599,0
297022,0,0.4587,0
297040,0,0.606,1
297075,0,0.9253,1
297140,0,0.7075,1
297257,0,0.1483,0
297348,0,0.1831,0
297383,0,0.1763,0
297450,0,0.1575,0
297521,0,0.003855,0
297548,0,0.7344,1
297606,0,0.1721,0
297657,0,0.4873,0
297688,0,0.556,1
297862,0,0.3125,0
297967,0,0.5957,1
298401,0,0.001112,0
298412,0,0.0109,0
298646,0,0.0702,0
298665,0,0.001579,0
298697,0,0.9663,1
298703,0,0.2676,0
298749,0,0.00644,0
298800,0,0.1299,0
298866,0,0.2756,0
298919,0,0.01428,0
299190,0,0.03986,0
299202,0,0.03522,0
299294,0,0.38,0
299322,0,0.7153,1
299365,0,0.57,1
299408,0,0.3079,0
299548,0,0.3445,0
299612,0,0.006565,0
299640,0,0.00032,0
299687,0,0.1864,0
299746,0,0.0873,0
299767,0,0.774,1
299844,0,0.05966,0
299885,0,0.02191,0
299949,0,0.5537,1
300074,0,0.00819,0
300098,0,0.02611,0
300520,0,0.03038,0
300590,0,0.183,0
300604,0,0.1298,0
300738,0,0.1512,0
300864,0,0.1781,0
300941,0,0.2013,0
301165,0,0.01302,0
301183,0,0.0552,0
301240,0,0.798,1
301373,0,0.883,1
301378,0,0.013275,0
301510,0,0.1714,0
301729,0,0.4316,0
301913,0,0.01257,0
302052,0,0.0689,0
302075,0,0.138,0
302092,0,0.2627,0
302179,0,0.02377,0
302227,0,0.864,1
302279,0,0.4126,0
302338,0,0.05933,0
302434,0,0.1356,0
302490,0,0.0395,0
302546,0,0.481,0
302563,0,0.06305,0
302666,0,0.1835,0
302708,0,0.3428,0
302852,0,0.8936,1
302910,0,0.004646,0
302947,0,0.632,1
302996,0,0.001727,0
303480,0,0.01685,0
303495,0,0.0899,0
303650,0,0.06903,0
303766,0,0.4663,0
303771,0,0.045,0
303838,0,0.02373,0
304007,0,0.02084,0
304026,0,0.01297,0
304067,0,0.0859,0
304130,0,0.811,1
304180,0,0.2013,0
304213,0,0.736,1
304255,0,0.12,0
304314,0,0.065,0
304322,0,0.01082,0
304371,0,0.2142,0
304380,0,0.0323,0
304457,0,0.3755,0
304512,0,0.0733,0
304527,0,0.2266,0
304534,0,0.003298,0
304547,0,0.1312,0
304560,0,0.03928,0
304676,0,0.003551,0
304690,0,0.0729,0
304716,0,0.6143,1
304744,0,0.5195,1
305021,0,0.02727,0
305075,0,0.014175,0
305093,0,0.4414,0
305156,0,0.06647,0
305173,0,0.1635,0
305194,0,0.03812,0
305236,0,0.3347,0
305330,0,0.112,0
305392,0,0.07043,0
305453,0,0.654,1
305466,0,0.00948,0
305468,0,0.5176,1
305491,0,0.5293,1
305693,0,0.65,1
305751,0,0.01013,0
305771,0,0.519,1
305855,0,0.0241,0
306090,0,0.792,1
306119,0,0.3447,0
306511,0,0.1404,0
306518,0,0.05835,0
306645,0,0.02988,0
306664,0,0.003796,0
306713,0,0.4473,0
306728,0,0.01984,0
306902,0,0.0666,0
306909,0,0.0196,0
306950,0,0.01401,0
306976,0,0.6943,1
306977,0,0.02089,0
306978,0,0.001755,0
306997,0,0.01178,0
307048,0,0.08435,0
307149,0,0.1877,0
307314,0,0.716,1
307319,0,0.09875,0
307352,0,0.0637,0
307491,0,0.0556,0
307566,0,0.04794,0
307623,0,0.2388,0
307631,0,0.0799,0
307679,0,0.04733,0
307745,0,0.7466,1
307971,0,0.75,1
308053,0,0.3247,0
308384,0,0.02876,0
308488,0,0.358,0
308663,0,0.9204,1
308729,0,0.00892,0
308771,0,0.0534,0
308861,0,0.3923,0
308901,0,0.02025,0
309116,0,0.02333,0
309265,0,0.0556,0
309329,0,0.2578,0
309572,0,0.02547,0
309583,0,0.258,0
309680,0,0.5537,1
309758,0,0.1023,0
309777,0,0.06085,0
309784,0,0.01385,0
309825,0,0.7124,1
309939,0,0.01805,0
309962,0,0.1186,0
310010,0,0.02438,0
310091,0,0.5947,1
310112,0,0.07947,0
310124,0,0.0326,0
310150,0,0.0798,0
310258,0,0.2437,0
310330,0,0.4382,0
310364,0,0.5586,1
310409,0,0.523,1
310483,0,0.01758,0
310524,0,0.286,0
310542,0,0.03662,0
310557,0,0.4502,0
310594,0,0.08124,0
310651,0,0.789,1
310703,0,0.4172,0
310733,0,0.07306,0
310765,0,0.5425,1
310840,0,0.5693,1
310949,0,0.881,1
311027,0,0.139,0
311032,0,0.664,1
311212,0,0.0484,0
311234,0,0.03912,0
311289,0,0.5435,1
311332,0,0.7026,1
311531,0,0.6357,1
311672,0,0.6743,1
311679,0,0.784,1
311766,0,0.0629,0
312004,0,0.338,0
312099,0,0.5864,1
312250,0,0.1476,0
312322,0,0.00938,0
312333,0,0.3042,0
312371,0,0.565,1
312426,0,0.2559,0
312515,0,0.1188,0
312727,0,0.1282,0
312770,0,0.006985,0
313150,0,0.6475,1
313161,0,0.0555,0
313181,0,0.725,1
313258,0,0.007904,0
313296,0,0.381,0
313447,0,0.1556,0
313454,0,0.10876,0
313603,0,0.1776,0
313715,0,0.06076,0
313728,0,0.871,1
313742,0,0.721,1
313852,0,3e-05,0
313858,0,0.0831,0
313931,0,0.0684,0
314120,0,0.2588,0
314174,0,0.3564,0
314262,0,0.01057,0
314394,0,0.1036,0
314423,0,0.2524,0
314432,0,0.11145,0
314496,0,0.02052,0
314509,0,0.8535,1
314558,0,0.3113,0
314653,0,0.589,1
314665,0,0.1823,0
314674,0,0.0914,0
314711,0,0.497,0
314873,0,0.1401,0
314901,0,0.003664,0
314905,0,0.09753,0
314942,0,0.6807,1
315010,0,0.565,1
315032,0,0.03235,0
315038,0,0.1757,0
315178,0,0.2722,0
315220,0,0.2233,0
315221,0,0.55,1
315332,0,0.611,1
315600,0,0.778,1
315752,0,0.4102,0
315802,0,0.0636,0
315846,0,0.01724,0
315858,0,0.01894,0
315865,0,0.006985,0
315906,0,0.18,0
315937,0,0.1184,0
315938,0,0.07965,0
315980,0,0.10596,0
315982,0,0.02457,0
316015,0,0.1688,0
316022,0,0.02121,0
316038,0,0.01423,0
316260,0,0.2944,0
316278,0,0.3088,0
316281,0,0.01253,0
316325,0,0.07965,0
316568,0,0.07574,0
316743,0,0.02975,0
316878,0,0.1857,0
316884,0,0.005844,0
316943,0,0.06232,0
316951,0,0.503,1
317004,0,0.5913,1
317047,0,0.885,1
317368,0,0.0511,0
317378,0,0.007725,0
317442,0,0.02686,0
317610,0,0.03004,0
317726,0,0.6255,1
318018,0,0.1067,0
318081,0,0.07764,0
318109,0,0.0874,0
318135,0,0.1815,0
318348,0,0.694,1
318427,0,0.6626,1
318449,0,0.5664,1
318476,0,0.001197,0
318529,0,0.1476,0
318741,0,0.709,1
318808,0,0.3503,0
318841,0,0.5103,1
318866,0,0.226,0
318931,0,0.3713,0
318936,0,0.5806,1
318941,0,0.2075,0
319070,0,0.0442,0
319125,0,0.5444,1
319182,0,0.537,1
319264,0,0.0753,0
319388,0,0.03455,0
319413,0,0.2246,0
319441,0,0.1396,0
319461,0,0.01423,0
319573,0,0.5825,1
319582,0,0.8784,1
319809,0,0.6685,1
319838,0,0.8667,1
319849,0,0.02493,0
319893,0,0.827,1
319914,0,0.759,1
320072,0,0.2261,0
320318,0,0.325,0
320340,0,0.02284,0
320355,0,0.137,0
320396,0,0.04257,0
320419,0,0.02298,0
320598,0,0.02817,0
320639,0,0.1392,0
320669,0,0.899,1
320690,0,0.353,0
320756,0,0.2217,0
320816,0,0.0372,0
320880,0,0.1256,0
320897,0,0.2085,0
320936,0,0.053,0
321012,0,0.19,0
321084,0,0.1693,0
321144,0,0.05865,0
321206,0,0.10284,0
321247,0,0.06915,0
321255,0,0.6313,1
321283,0,0.02855,0
321365,0,0.0397,0
321398,0,0.0476,0
321610,0,0.0009217,0
321820,0,0.05194,0
321847,0,0.01219,0
321921,0,0.6763,1
321962,0,0.0808,0
321975,0,0.03278,0
322009,0,0.05127,0
322085,0,0.0877,0
322157,0,0.2827,0
322165,0,0.025,0
322337,0,0.07684,0
322367,0,0.02727,0
322418,0,0.506,1
322550,0,0.1923,0
322667,0,0.05933,0
322789,0,0.10376,0
322827,0,0.0612,0
322933,0,0.11816,0
322968,0,0.2664,0
323345,0,0.4736,0
323389,0,0.7925,1
323433,0,0.553,1
323594,0,0.6626,1
323604,0,0.1097,0
323611,0,0.01898,0
323678,0,0.005554,0
323697,0,0.2261,0
323755,0,0.03027,0
323828,0,0.6226,1
324026,0,0.5034,1
324065,0,0.00945,0
324087,0,0.0537,0
324116,0,0.1599,0
324167,0,0.0334,0
324197,0,0.2915,0
324229,0,0.3562,0
324270,0,0.0002983,0
324327,0,0.874,1
324396,0,0.2737,0
324583,0,0.04602,0
324740,0,0.04312,0
324800,0,0.493,0
324809,0,0.571,1
324863,0,0.01646,0
324970,0,0.2303,0
325030,0,6.014e-05,0
325220,0,0.3533,0
325384,0,0.0051,0
325427,0,0.355,0
325518,0,0.03635,0
325559,0,0.01009,0
325572,0,0.891,1
325617,0,0.7373,1
325748,0,0.00634,0
325911,0,0.12024,0
325987,0,0.01033,0
326234,0,0.8516,1
326330,0,0.346,0
326350,0,0.626,1
326361,0,0.007122,0
326514,0,0.9307,1
326711,0,0.657,1
326716,0,0.0909,0
326771,0,0.163,0
326838,0,0.004433,0
326851,0,0.1572,0
326891,0,0.03738,0
326984,0,0.801,1
327101,0,0.678,1
327397,0,0.3093,0
327534,0,0.2512,0
327670,0,0.1815,0
327698,0,0.03198,0
327730,0,0.1564,0
327733,0,0.5703,1
327785,0,0.0977,0
327944,0,0.2847,0
328107,0,0.06244,0
328161,0,0.153,0
328275,0,0.3474,0
328324,0,0.703,1
328338,0,0.09485,0
328451,0,0.5547,1
328634,0,0.0287,0
328725,0,0.05844,0
328771,0,0.02641,0
328788,0,0.1124,0
328813,0,0.5776,1
328840,0,0.5547,1
328869,0,0.03073,0
328913,0,0.1974,0
329008,0,0.07227,0
329075,0,0.001279,0
329202,0,0.02396,0
329220,0,0.03114,0
329273,0,0.7324,1
329416,0,0.9434,1
329435,0,0.836,1
329540,0,0.008545,0
329567,0,0.5605,1
329701,0,0.07666,0
329752,0,0.213,0
329788,0,0.1478,0
329789,0,0.1025,0
329802,0,0.529,1
329860,0,0.01872,0
329935,0,0.1654,0
330064,0,0.5596,1
330097,0,0.05023,0
330118,0,0.629,1
330119,0,0.05646,0
330136,0,0.2913,0
330305,0,0.01257,0
330609,0,0.1238,0
330612,0,0.0879,0
330619,0,0.756,1
330666,0,0.09125,0
330719,0,0.02504,0
330729,0,0.3215,0
331006,0,0.0688,0
331007,0,0.02937,0
331065,0,0.9453,1
331175,0,0.746,1
331190,0,0.18,0
331256,0,0.0277,0
331267,0,0.7256,1
331312,0,0.5503,1
331360,0,0.61,1
331394,0,0.2869,0
331649,0,0.05988,0
331694,0,0.1985,0
331786,0,0.04654,0
331810,0,0.2292,0
331890,0,0.05865,0
331905,0,0.004486,0
331937,0,0.1864,0
331957,0,0.02834,0
332140,0,0.0898,0
332211,0,0.286,0
332401,0,0.744,1
332421,0,0.0164,0
332520,0,0.3584,0
332543,0,0.1342,0
332701,0,0.06165,0
332736,0,0.1174,0
332766,0,0.234,0
332827,0,0.002323,0
332839,0,0.762,1
332907,0,0.2001,0
332973,0,0.708,1
333037,0,0.8706,1
333205,0,0.03906,0
333227,0,0.654,1
333408,0,0.2217,0
333437,0,0.0621,0
333448,0,0.0682,0
333459,0,0.1815,0
333534,0,0.5747,1
333538,0,0.0544,0
333556,0,0.7017,1
333581,0,0.0824,0
333603,0,0.759,1
333725,0,0.1958,0
333849,0,0.5737,1
333863,0,0.02129,0
333892,0,0.4985,0
333909,0,0.5566,1
333943,0,0.0824,0
334125,0,0.04068,0
334173,0,0.5073,1
334217,0,0.04257,0
334281,0,0.4807,0
334494,0,0.658,1
334541,0,0.1534,0
334908,0,0.5654,1
334951,0,0.1549,0
334958,0,0.497,0
335052,0,0.4006,0
335152,0,0.768,1
335349,0,0.551,1
335526,0,0.9316,1
335641,0,0.1918,0
335688,0,0.3567,0
335920,0,0.5933,1
335964,0,0.1313,0
336156,0,0.05685,0
336244,0,0.4834,0
336263,0,0.02744,0
336339,0,0.6553,1
336364,0,0.01219,0
336559,0,0.00435,0
336608,0,0.05127,0
336618,0,0.01359,0
336647,0,0.083,0
336651,0,0.11163,0
336733,0,0.1296,0
336901,0,0.0933,0
337041,0,0.2795,0
337128,0,0.134,0
337204,0,0.1583,0
337232,0,0.4902,0
337483,0,0.09503,0
337510,0,0.03137,0
337806,0,0.1356,0
337840,0,0.1569,0
337847,0,0.4644,0
337941,0,0.04654,0
338118,0,0.02937,0
338310,0,0.03265,0
338347,0,0.5034,1
338370,0,0.2764,0
338390,0,0.162,0
338441,0,0.1604,0
338444,0,0.01848,0
338485,0,0.0636,0
338510,0,0.11395,0
338541,0,0.0901,0
338560,0,0.1682,0
338578,0,0.642,1
338716,0,0.577,1
338862,0,0.585,1
338980,0,0.488,0
339017,0,0.218,0
339141,0,0.0464,0
339148,0,0.05283,0
339192,0,0.7344,1
339193,0,0.005707,0
339207,0,0.3086,0
339252,0,0.01297,0
339474,0,0.84,1
339500,0,0.138,0
339508,0,0.3147,0
339519,0,0.3125,0
339636,0,0.3945,0
339740,0,0.02635,0
339892,0,0.2576,0
339925,0,0.956,1
340053,0,0.0789,0
340074,0,0.3438,0
340080,0,0.2908,0
340097,0,0.1078,0
340422,0,0.09827,0
340465,0,0.2032,0
340475,0,0.0749,0
340491,0,0.7285,1
340566,0,0.3633,0
340604,0,0.1342,0
340708,0,0.141,0
340877,0,0.1138,0
341056,0,0.2374,0
341091,0,0.3438,0
341121,0,0.631,1
341122,0,0.5835,1
341203,0,0.202,0
341334,0,0.543,1
341349,0,0.0305,0
341439,0,0.304,0
341598,0,0.262,0
341626,0,0.3672,0
341678,0,0.0203,0
341712,0,0.008286,0
342329,0,0.542,1
342354,0,0.1255,0
342388,0,0.4954,0
342533,0,0.089,0
342535,0,0.1646,0
342660,0,0.0367,0
342694,0,0.6147,1
342884,0,0.2006,0
342990,0,0.609,1
343220,0,8.2e-06,0
343232,0,0.2388,0
343495,0,0.0602,0
343534,0,0.2048,0
343554,0,0.508,1
343584,0,0.09656,0
343923,0,0.115,0
344041,0,0.3562,0
344053,0,0.2205,0
344123,0,0.2805,0
344213,0,0.0925,0
344311,0,0.06335,0
344314,0,0.1698,0
344997,0,0.007786,0
345230,0,0.04794,0
345414,0,0.00504,0
345454,0,0.6245,1
345624,0,0.01243,0
345664,0,0.02277,0
345666,0,0.2524,0
345754,0,0.664,1
345768,0,0.551,1
345984,0,0.883,1
346023,0,0.335,0
346079,0,0.02817,0
346096,0,0.03882,0
346215,0,0.798,1
346299,0,0.5933,1
346330,0,0.5547,1
346343,0,0.08374,0
346358,0,0.01045,0
346442,0,0.0854,0
346505,0,0.0733,0
346709,0,0.006218,0
346722,0,0.278,0
346858,0,0.39,0
346885,0,0.1954,0
346902,0,0.001211,0
346915,0,0.2605,0
347252,0,0.6763,1
347306,0,0.854,1
347344,0,0.02002,0
347364,0,0.1664,0
347414,0,0.0732,0
347415,0,0.2202,0
347419,0,0.07654,0
347467,0,0.613,1
347485,0,0.07654,0
347516,0,0.06537,0
347563,0,0.07764,0
347583,0,0.5884,1
347761,0,0.921,1
347802,0,0.01979,0
347807,0,0.01495,0
347833,0,0.1437,0
347840,0,0.834,1
347864,0,0.04822,0
347912,0,0.0959,0
348086,0,0.6006,1
348102,0,0.1371,0
348108,0,0.0395,0
348152,0,0.7896,1
348251,0,0.534,1
348264,0,0.202,0
348612,0,0.16,0
348658,0,0.1376,0
348740,0,0.775,1
348756,0,0.4465,0
348786,0,0.01312,0
348869,0,0.008255,0
348926,0,0.1752,0
348971,0,0.3948,0
349048,0,0.00407,0
349292,0,0.922,1
349301,0,0.005512,0
349401,0,0.1465,0
349522,0,0.976,1
349550,0,0.0683,0
349589,0,0.5225,1
349765,0,0.289,0
349800,0,0.64,1
349878,0,0.03198,0
349936,0,0.5425,1
350042,0,0.1537,0
350087,0,0.0589,0
350116,0,0.1065,0
350214,0,0.2108,0
350277,0,0.5957,1
350301,0,0.725,1
350432,0,0.507,1
350461,0,0.1152,0
350606,0,0.655,1
350694,0,0.1249,0
350695,0,0.1931,0
350739,0,0.03085,0
350813,0,0.01572,0
350844,0,0.974,1
350993,0,0.912,1
351013,0,0.1097,0
351056,0,0.01243,0
351210,0,0.03986,0
351217,0,0.03943,0
351393,0,0.04434,0
351447,0,0.5327,1
351449,0,0.144,0
351588,0,0.02821,0
351690,0,0.04788,0
351858,0,0.4988,0
351921,0,0.007904,0
351961,0,0.014336,0
351995,0,0.0389,0
352034,0,0.04977,0
352184,0,0.935,1
352231,0,0.4407,0
352271,0,0.1074,0
352275,0,0.2932,0
352452,0,0.0386,0
352742,0,0.7153,1
353095,0,0.3435,0
353107,0,0.4297,0
353120,0,0.0343,0
353156,0,0.07574,0
353188,0,0.0785,0
353210,0,0.11633,0
353265,0,0.287,0
353326,0,0.1674,0
353347,0,0.424,0
353401,0,0.004086,0
353556,0,0.02785,0
353619,0,0.3123,0
353757,0,0.01363,0
353783,0,0.3281,0
353815,0,0.601,1
353869,0,0.502,1
353873,0,0.02655,0
353903,0,0.02547,0
353928,0,0.2551,0
353944,0,0.516,1
354105,0,0.09155,0
354154,0,0.0798,0
354188,0,0.5815,1
354262,0,0.004646,0
354290,0,0.005642,0
354326,0,0.5166,1
354367,0,0.1757,0
354409,0,0.27,0
354478,0,0.163,0
354479,0,0.03143,0
354499,0,0.04224,0
354533,0,0.06805,0
354536,0,0.2382,0
354625,0,0.4543,0
354651,0,0.006264,0
354726,0,0.4802,0
354791,0,0.0008526,0
354919,0,0.00358,0
355036,0,0.11456,0
355071,0,0.03754,0
355165,0,0.5547,1
355253,0,0.4739,0
355258,0,0.1063,0
355328,0,0.1775,0
355569,0,0.0232,0
355684,0,0.01049,0
355686,0,0.0991,0
355794,0,0.7163,1
355982,0,0.417,0
356001,0,0.8086,1
356024,0,0.01752,0
356122,0,0.02806,0
356163,0,0.618,1
356174,0,0.0424,0
356236,0,0.2222,0
356294,0,0.05707,0
356613,0,0.6924,1
356845,0,0.01646,0
356883,0,0.4028,0
356896,0,0.487,0
357009,0,0.1288,0
357028,0,0.01107,0
357060,0,0.3975,0
357161,0,0.02303,0
357248,0,0.05634,0
357276,0,0.4636,0
357366,0,0.0377,0
357565,0,0.0896,0
357582,0,0.0265,0
357656,0,0.739,1
358019,0,0.336,0
358035,0,0.02089,0
358195,0,0.1589,0
358283,0,0.011505,0
358317,0,0.338,0
358403,0,0.0485,0
358564,0,0.4758,0
358805,0,0.1401,0
358807,0,0.811,1
358875,0,0.4768,0
359136,0,0.1736,0
359165,0,0.0301,0
359174,0,0.6294,1
359259,0,0.04153,0
359346,0,0.703,1
359809,0,0.00289,0
359840,0,0.01672,0
359853,0,0.05154,0
359919,0,0.01385,0
359944,0,0.6426,1
360202,0,0.03845,0
360363,0,0.9497,1
360530,0,0.0461,0
360561,0,0.1973,0
360574,0,0.2338,0
360630,0,0.01744,0
360766,0,0.013954,0
360781,0,0.147,0
360931,0,0.3428,0
360991,0,0.929,1
361024,0,0.04877,0
361068,0,0.004887,0
361080,0,0.618,1
361082,0,0.014786,0
361094,0,0.01862,0
361191,0,0.0028,0
361263,0,0.7275,1
361358,0,0.3203,0
361395,0,0.534,1
361440,0,0.01049,0
361447,0,0.02014,0
361462,0,0.01901,0
361472,0,0.1245,0
361652,0,0.088,0
361707,0,0.01229,0
361728,0,0.04813,0
361775,0,0.04553,0
361928,0,0.557,1
361984,0,0.395,0
362046,0,0.2842,0
362053,0,0.07367,0
362055,0,0.112,0
362057,0,0.61,1
362134,0,0.04913,0
362215,0,0.11816,0
362308,0,0.1427,0
362376,0,0.417,0
362488,0,0.01994,0
362496,0,0.3484,0
362590,0,0.802,1
362592,0,0.141,0
362602,0,0.4568,0
362603,0,0.7,1
362620,0,0.04352,0
362631,0,0.651,1
362666,0,0.536,1
362683,0,0.684,1
362687,0,0.3918,0
362800,0,0.1593,0
362871,0,0.1633,0
362896,0,0.5254,1
363039,0,0.152,0
363144,0,0.199,0
363163,0,0.3228,0
363442,0,0.03622,0
363455,0,0.03488,0
363558,0,0.1741,0
363642,0,0.2173,0
363756,0,0.7163,1
363783,0,0.53,1
363968,0,0.421,0
364042,0,0.1225,0
364175,0,0.01103,0
364198,0,0.2013,0
364212,0,0.1043,0
364276,0,0.0456,0
364320,0,0.37,0
364544,0,0.3906,0
364604,0,0.502,1
364605,0,0.4104,0
364667,0,0.0799,0
364695,0,0.003223,0
364723,0,0.537,1
364798,0,0.9097,1
365030,0,0.8174,1
365446,0,0.1758,0
365472,0,0.1407,0
365495,0,0.289,0
365564,0,0.915,1
365593,0,0.05975,0
365858,0,0.002415,0
366133,0,0.2115,0
366155,0,0.0909,0
366171,0,0.4678,0
366239,0,0.1978,0
366245,0,0.047,0
366325,0,0.0556,0
366497,0,0.1359,0
366737,0,0.0959,0
366812,0,0.4846,0
366813,0,0.6133,1
366930,0,0.1389,0
367018,0,0.02475,0
367089,0,0.656,1
367241,0,0.001897,0
367284,0,0.3596,0
367328,0,0.6963,1
367575,0,0.2625,0
367580,0,0.1373,0
367620,0,0.02722,0
367703,0,0.6133,1
367748,0,0.1388,0
367766,0,0.04996,0
367848,0,0.0869,0
367899,0,0.5815,1
367951,0,0.02194,0
368088,0,0.194,0
368169,0,0.6396,1
368269,0,0.004166,0
368287,0,0.12054,0
368359,0,0.03333,0
368399,0,0.5024,1
368760,0,0.1853,0
368794,0,0.1995,0
368916,0,0.5234,1
368963,0,0.003124,0
369037,0,0.03506,0
369090,0,0.4976,0
369246,0,0.2173,0
369317,0,0.793,1
369342,0,0.03964,0
369428,0,0.373,0
369475,0,0.01061,0
369526,0,0.0506,0
369549,0,0.1604,0
369663,0,0.484,0
369741,0,0.001611,0
369832,0,0.57,1
369950,0,0.7383,1
370063,0,0.0504,0
370203,0,0.2485,0
370228,0,0.607,1
370236,0,0.1196,0
370345,0,0.1097,0
370358,0,0.0866,0
370364,0,0.91,1
370446,0,0.09753,0
370481,0,0.1052,0
370536,0,0.02576,0
370617,0,0.01317,0
370633,0,0.0301,0
370676,0,0.8086,1
370730,0,0.3813,0
370784,0,0.9097,1
370792,0,0.2438,0
370955,0,0.756,1
371145,0,0.03488,0
371221,0,0.1266,0
371375,0,0.1748,0
371484,0,0.4314,0
371594,0,0.01253,0
371682,0,0.00746,0
371743,0,0.1578,0
371837,0,0.8984,1
371872,0,0.3303,0
371881,0,0.03044,0
371933,0,0.003273,0
371969,0,0.2512,0
372104,0,0.6465,1
372329,0,0.1665,0
372432,0,0.0247,0
372620,0,0.202,0
372630,0,0.3667,0
372761,0,0.697,1
372839,0,0.04868,0
372865,0,0.1477,0
373032,0,0.01724,0
373064,0,0.0893,0
373205,0,0.01646,0
373209,0,0.839,1
373333,0,0.279,0
373335,0,0.3093,0
373442,0,0.5386,1
373515,0,0.593,1
373567,0,0.04208,0
373568,0,0.4211,0
373576,0,0.621,1
373602,0,0.5674,1
373607,0,0.02666,0
373673,0,0.02141,0
373686,0,0.0933,0
373718,0,0.008644,0
373893,0,0.587,1
374246,0,0.5205,1
374249,0,0.0788,0
374268,0,0.1433,0
374292,0,0.2715,0
374350,0,0.4468,0
374394,0,0.02457,0
374616,0,0.531,1
375104,0,0.595,1
375132,0,0.374,0
375150,0,0.0603,0
375161,0,0.0543,0
375180,0,0.1289,0
375279,0,0.2983,0
375459,0,0.1533,0
375536,0,0.2695,0
375537,0,0.1942,0
375679,0,0.06042,0
375698,0,0.3342,0
375732,0,0.2334,0
375769,0,0.01791,0
375878,0,0.1725,0
375881,0,0.5103,1
375892,0,0.6025,1
375910,0,0.01945,0
375923,0,0.013535,0
376038,0,0.3809,0
376071,0,0.2235,0
376079,0,0.1449,0
376106,0,0.08417,0
376200,0,0.0552,0
376220,0,0.4595,0
376308,0,0.1892,0
376331,0,0.7827,1
376351,0,0.6143,1
376392,0,0.833,1
376402,0,0.2944,0
376455,0,0.5254,1
376592,0,0.1592,0
376631,0,0.00589,0
376710,0,0.05612,0
376718,0,0.6636,1
376748,0,0.5015,1
376847,0,0.1011,0
377069,0,0.03384,0
377084,0,0.551,1
377087,0,0.0661,0
377112,0,0.1661,0
377256,0,0.02263,0
377550,0,0.10504,0
377557,0,0.02129,0
377595,0,0.06165,0
377715,0,0.6914,1
377754,0,0.03732,0
377765,0,0.306,0
377827,0,0.2056,0
377835,0,0.01888,0
378078,0,0.5347,1
378094,0,0.01049,0
378110,0,0.811,1
378141,0,0.4495,0
378146,0,0.2424,0
378191,0,0.1473,0
378192,0,0.014786,0
378355,0,0.1063,0
378417,0,0.1754,0
378557,0,0.501,1
378702,0,0.1495,0
378980,0,0.426,0
379155,0,0.07104,0
379156,0,0.05865,0
379303,0,0.1858,0
379327,0,0.0901,0
379367,0,0.939,1
379694,0,0.01224,0
379767,0,0.2234,0
379806,0,0.02014,0
379812,0,0.03824,0
379923,0,0.5664,1
380002,0,0.115,0
380089,0,0.663,1
380110,0,0.933,1
380158,0,0.06323,0
380189,0,0.0377,0
380333,0,0.0939,0
380484,0,0.2096,0
380488,0,0.07465,0
380531,0,0.10596,0
380533,0,0.0808,0
380649,0,0.06165,0
380881,0,0.6484,1
380920,0,0.1166,0
381136,0,0.2874,0
381167,0,0.4443,0
381322,0,0.1394,0
381375,0,0.7954,1
381376,0,0.12054,0
381415,0,0.4758,0
381506,0,0.1045,0
381510,0,0.521,1
381587,0,0.5317,1
381633,0,0.7334,1
381694,0,0.1186,0
381727,0,0.1901,0
381776,0,0.035,0
381826,0,0.1543,0
381859,0,0.03004,0
381915,0,0.6753,1
381953,0,0.009056,0
382097,0,0.4717,0
382299,0,0.05023,0
382301,0,0.5376,1
382348,0,0.1302,0
382516,0,0.0009546,0
382542,0,0.01009,0
382629,0,0.1782,0
382667,0,0.075,0
382735,0,0.09515,0
382949,0,0.03644,0
383007,0,0.2505,0
383215,0,0.1216,0
383331,0,0.5107,1
383457,0,0.5464,1
383491,0,0.5903,1
383905,0,0.715,1
383917,0,0.03354,0
383934,0,0.11475,0
383942,0,0.001741,0
384122,0,0.5254,1
384293,0,0.0265,0
384636,0,0.81,1
384733,0,0.255,0
384754,0,0.4514,0
384778,0,0.02277,0
384779,0,0.975,1
384795,0,0.223,0
384835,0,0.1714,0
385253,0,0.0149,0
385299,0,0.605,1
385340,0,0.9097,1
385430,0,0.05145,0
385451,0,0.3845,0
385690,0,0.06744,0
385728,0,0.0786,0
385756,0,0.01698,0
385784,0,0.755,1
385887,0,0.5146,1
385965,0,0.808,1
386047,0,0.1301,0
386194,0,0.11755,0
386220,0,0.0526,0
386285,0,0.03108,0
386343,0,0.2048,0
386360,0,0.3708,0
386476,0,0.1174,0
386548,0,0.6475,1
386691,0,0.5073,1
386705,0,0.1216,0
386763,0,0.0009184,0
386764,0,0.02007,0
386796,0,0.1879,0
386862,0,0.0485,0
386952,0,0.1763,0
387118,0,0.638,1
387387,0,0.2452,0
387391,0,0.02461,0
387430,0,0.1943,0
387518,0,0.04648,0
387635,0,0.153,0
387852,0,0.5576,1
387877,0,0.00485,0
387900,0,0.0505,0
387965,0,0.0764,0
387975,0,0.3523,0
388114,0,0.2776,0
388119,0,0.0365,0
388259,0,0.0121,0
388501,0,0.7217,1
388708,0,0.003565,0
388774,0,0.4329,0
388867,0,0.5913,1
388873,0,0.4792,0
389047,0,0.1581,0
389094,0,0.7144,1
389214,0,0.2715,0
389224,0,0.01484,0
389229,0,0.4841,0
389357,0,0.718,1
389429,0,0.05283,0
389436,0,0.02666,0
389445,0,0.3613,0
389480,0,0.522,1
389489,0,0.6807,1
389638,0,0.4712,0
389692,0,0.0702,0
389715,0,0.3367,0
389798,0,0.129,0
390286,0,0.12463,0
390384,0,0.2222,0
390438,0,0.04788,0
390509,0,0.06683,0
390630,0,0.0359,0
390646,0,0.0159,0
390649,0,0.03265,0
390689,0,0.06177,0
390778,0,0.01785,0
390784,0,0.03683,0
390808,0,0.02551,0
390815,0,0.213,0
390872,0,0.09515,0
391047,0,0.874,1
391153,0,0.7583,1
391215,0,0.4944,0
391219,0,0.3772,0
391239,0,0.3318,0
391386,0,0.6597,1
391448,0,0.06165,0
391573,1,0.747,1
391582,1,0.8354,1
391634,1,0.7446,1
391647,1,0.826,1
391663,1,0.799,1
391667,1,0.701,1
391687,1,0.8086,1
391759,1,0.2595,0
391779,1,0.908,1
391786,1,0.5586,1
391876,1,0.8623,1
391922,1,0.609,1
391978,1,0.6055,1
392007,1,0.8804,1
392031,1,0.05814,0
392042,1,0.9634,1
392085,1,0.7773,1
392087,1,0.9478,1
392145,1,0.9824,1
392199,1,0.3716,0
392200,1,0.646,1
392267,1,0.9385,1
392281,1,0.3862,0
392355,1,0.761,1
392377,1,0.8784,1
392380,1,0.5205,1
392458,1,0.6465,1
392477,1,0.636,1
392487,1,0.6367,1
392490,1,0.744,1
392491,1,0.8394,1
392499,1,0.8745,1
392565,1,0.922,1
392570,1,0.5596,1
392619,1,0.209,0
392627,1,0.6606,1
392695,1,0.234,0
392726,1,0.8096,1
392787,1,0.7695,1
392808,1,0.8066,1
392814,1,0.8975,1
392830,1,0.4543,0
392835,1,0.768,1
392849,1,0.852,1
392933,1,0.679,1
392948,1,0.537,1
393011,1,0.963,1
393117,1,0.7153,1
393122,1,0.848,1
393143,1,0.8896,1
393213,1,0.824,1
393312,1,0.927,1
393330,1,0.7,1
393388,1,0.69,1
393411,1,0.9067,1
393436,1,0.7734,1
393447,1,0.952,1
393458,1,0.7095,1
393505,1,0.904,1
393536,1,0.5737,1
393573,1,0.559,1
393672,1,0.9785,1
393738,1,0.8687,1
393752,1,0.709,1
393772,1,0.7207,1
393868,1,0.9717,1
393884,1,0.3933,0
393897,1,0.9287,1
393902,1,0.985,1
393936,1,0.811,1
394000,1,0.7334,1
394076,1,0.9277,1
394114,1,0.8784,1
394117,1,0.793,1
394186,1,0.8413,1
394211,1,0.9043,1
394236,1,0.723,1
394262,1,0.9355,1
394318,1,0.695,1
394346,1,0.8994,1
394360,1,0.8066,1
394396,1,0.9565,1
394410,1,0.865,1
394411,1,0.7607,1
394531,1,0.7847,1
394545,1,0.9775,1
394584,1,0.9473,1
394604,1,0.9395,1
394664,1,0.9546,1
394765,1,0.2344,0
394841,1,0.9517,1
394888,1,0.9375,1
394950,1,0.7,1
394984,1,0.4573,0
395011,1,0.2627,0
395028,1,0.779,1
395075,1,0.895,1
395082,1,0.908,1
395105,1,0.186,0
395172,1,0.934,1
395209,1,0.5415,1
395266,1,0.706,1
395273,1,0.718,1
395293,1,0.8003,1
395318,1,0.8984,1
395390,1,0.6504,1
395421,1,0.593,1
395524,1,0.927,1
395550,1,0.9233,1
395562,1,0.5786,1
395564,1,0.5166,1
395627,1,0.8555,1
395650,1,0.889,1
395682,1,0.9287,1
395690,1,0.7026,1
395719,1,0.4214,0
395749,1,0.927,1
395828,1,0.8906,1
395842,1,0.854,1
395864,1,0.0792,0
395902,1,0.8574,1
395917,1,0.945,1
395982,1,0.888,1
395987,1,0.12244,0
396030,1,0.569,1
396052,1,0.4648,0
396055,1,0.7837,1
396067,1,0.7964,1
396175,1,0.304,0
396215,1,0.9473,1
396259,1,0.893,1
396283,1,0.886,1
396318,1,0.0531,0
396438,1,0.857,1
396459,1,0.8726,1
396461,1,0.8354,1
396463,1,0.8403,1
396492,1,0.4807,0
396519,1,0.8286,1
396539,1,0.6284,1
396543,1,0.713,1
396603,1,0.5913,1
396680,1,0.555,1
396694,1,0.624,1
396753,1,0.645,1
396768,1,0.6924,1
396772,1,0.624,1
396905,1,0.9536,1
396977,1,0.5137,1
396985,1,0.8486,1
397018,1,0.8843,1
397023,1,0.531,1
397034,1,0.579,1
397081,1,0.9663,1
397142,1,0.9424,1
397146,1,0.785,1
397188,1,0.949,1
397204,1,0.892,1
397346,1,0.965,1
397386,1,0.7773,1
397420,1,0.1669,0
397458,1,0.986,1
397568,1,0.768,1
397678,1,0.1615,0
397692,1,0.866,1
397698,1,0.8633,1
397717,1,0.882,1
397772,1,0.798,1
397822,1,0.8013,1
397845,1,0.8184,1
397859,1,0.1803,0
397861,1,0.535,1
397873,1,0.9336,1
397875,1,0.831,1
397928,1,0.7847,1
398039,1,0.7563,1
398121,1,0.315,0
398127,1,0.686,1
398318,1,0.8164,1
398319,1,0.594,1
398345,1,0.932,1
398367,1,0.7686,1
398415,1,0.88,1
398431,1,0.837,1
398474,1,0.651,1
398644,1,0.7295,1
398697,1,0.1649,0
398702,1,0.9004,1
398713,1,0.9873,1
398743,1,0.87,1
398750,1,0.7114,1
398833,1,0.7007,1
398851,1,0.762,1
398951,1,0.4978,0
399068,1,0.941,1
399073,1,0.8223,1
399170,1,0.9434,1
399215,1,0.8994,1
399221,1,0.9,1
399223,1,0.5293,1
399229,1,0.882,1
399237,1,0.821,1
399267,1,0.5566,1
399271,1,0.876,1
399281,1,0.6475,1
399318,1,0.9526,1
399323,1,0.8594,1
399353,1,0.505,1
399460,1,0.596,1
399462,1,0.764,1
399481,1,0.6914,1
399484,1,0.9146,1
399511,1,0.778,1
399513,1,0.831,1
399541,1,0.576,1
399578,1,0.658,1
399586,1,0.826,1
399630,1,0.86,1
399713,1,0.716,1
399744,1,0.986,1
399843,1,0.643,1
399846,1,0.9883,1
399857,1,0.8623,1
399868,1,0.8105,1
399933,1,0.58,1
399987,1,0.7773,1
400038,1,0.7803,1
400079,1,0.8745,1
400088,1,0.898,1
400181,1,0.926,1
400251,1,0.92,1
400263,1,0.9863,1
400294,1,0.827,1
400296,1,0.843,1
400415,1,0.845,1
400423,1,0.66,1
400455,1,0.935,1
400587,1,0.4058,0
400611,1,0.6885,1
400629,1,0.9595,1
400659,1,0.1301,0
400671,1,0.9443,1
400674,1,0.805,1
400676,1,0.75,1
400680,1,0.7207,1
400692,1,0.899,1
400730,1,0.966,1
400805,1,0.755,1
400806,1,0.7427,1
400985,1,0.6875,1
400995,1,0.88,1
401086,1,0.9746,1
401127,1,0.3967,0
401142,1,0.8604,1
401183,1,0.8774,1
401196,1,0.959,1
401256,1,0.574,1
401275,1,0.8315,1
401321,1,0.5244,1
401335,1,0.289,0
401340,1,0.8115,1
401367,1,0.8413,1
401374,1,0.4214,0
401427,1,0.5146,1
401447,1,0.9375,1
401565,1,0.897,1
401587,1,0.914,1
401612,1,0.8228,1
401624,1,0.8076,1
401647,1,0.833,1
401660,1,0.9077,1
401663,1,0.942,1
401664,1,0.617,1
401704,1,0.5933,1
401744,1,0.5215,1
401761,1,0.821,1
401895,1,0.844,1
401911,1,0.873,1
401941,1,0.8604,1
401956,1,0.3357,0
401968,1,0.9775,1
402139,1,0.7246,1
402150,1,0.8345,1
402190,1,0.4429,0
402257,1,0.7285,1
402263,1,0.5405,1
402321,1,0.893,1
402364,1,0.866,1
402380,1,0.9917,1
402382,1,0.823,1
402392,1,0.4644,0
402426,1,0.7754,1
402432,1,0.975,1
402446,1,0.8447,1
402451,1,0.501,1
402480,1,0.708,1
402502,1,0.6904,1
402509,1,0.661,1
402531,1,0.5327,1
402544,1,0.5557,1
402551,1,0.8564,1
402583,1,0.7305,1
402777,1,0.7554,1
402823,1,0.6675,1
402834,1,0.942,1
402841,1,0.821,1
402854,1,0.01869,0
402871,1,0.5513,1
402913,1,0.5713,1
402959,1,0.875,1
403010,1,0.6963,1
403084,1,0.6304,1
403133,1,0.768,1
403153,1,0.681,1
403222,1,0.803,1
403295,1,0.951,1
403336,1,0.2996,0
403340,1,0.347,0
403344,1,0.57,1
403347,1,0.966,1
403380,1,0.967,1
403466,1,0.4556,0
403572,1,0.902,1
403600,1,0.7954,1
403651,1,0.885,1
403657,1,0.904,1
403664,1,0.6704,1
403702,1,0.774,1
403704,1,0.9243,1
403754,1,0.815,1
403757,1,0.7007,1
403788,1,0.942,1
403805,1,0.979,1
403835,1,0.4443,0
403910,1,0.9697,1
403932,1,0.855,1
403983,1,0.708,1
404039,1,0.852,1
404070,1,0.8496,1
404109,1,0.8613,1
404146,1,0.855,1
404174,1,0.8003,1
404187,1,0.1826,0
404290,1,0.76,1
404452,1,0.653,1
404460,1,0.6753,1
404481,1,0.935,1
404485,1,0.8584,1
404550,1,0.8594,1
404564,1,0.861,1
404606,1,0.892,1
404616,1,0.658,1
404641,1,0.638,1
404732,1,0.734,1
404734,1,0.0753,0
404784,1,0.708,1
404837,1,0.6807,1
404847,1,0.7456,1
404886,1,0.766,1
404893,1,0.7075,1
404896,1,0.725,1
404900,1,0.83,1
404942,1,0.981,1
404952,1,0.952,1
404956,1,0.892,1
405032,1,0.392,0
405071,1,0.69,1
405139,1,0.7183,1
405150,1,0.7485,1
405278,1,0.762,1
405287,1,0.848,1
405300,1,0.9326,1
405314,1,0.968,1
405366,1,0.3347,0
405397,1,0.81,1
405554,1,0.8706,1
405575,1,0.5728,1
405588,1,0.5977,1
405676,1,0.82,1
405694,1,0.5723,1
405745,1,0.6196,1
405797,1,0.564,1
405851,1,0.7197,1
405873,1,0.01467,0
405907,1,0.764,1
405909,1,0.878,1
405955,1,0.775,1
405992,1,0.2018,0
406017,1,0.4539,0
406038,1,0.716,1
406040,1,0.591,1
406082,1,0.2402,0
406110,1,0.4875,0
406192,1,0.3079,0
406215,1,0.959,1
406229,1,0.3992,0
406259,1,0.7817,1
406263,1,0.797,1
406321,1,0.578,1
406330,1,0.6436,1
406364,1,0.6685,1
406424,1,0.9463,1
406502,1,0.5,1
406538,1,0.7256,1
406542,1,0.754,1
406635,1,0.7754,1
406641,1,0.881,1
406658,1,0.2383,0
406690,1,0.779,1
406738,1,0.894,1
406754,1,0.9863,1
406813,1,0.742,1
406825,1,0.5767,1
406838,1,0.3752,0
406843,1,0.879,1
406851,1,0.5386,1
406903,1,0.973,1
406955,1,0.9663,1
406971,1,0.892,1
406999,1,0.8867,1
407016,1,0.9863,1
407027,1,0.594,1
407051,1,0.5464,1
407073,1,0.9727,1
407131,1,0.07904,0
407212,1,0.738,1
407268,1,0.84,1
407288,1,0.973,1
407297,1,0.759,1
407303,1,0.7646,1
407328,1,0.7793,1
407358,1,0.8286,1
407387,1,0.8306,1
407414,1,0.7666,1
407454,1,0.962,1
407480,1,0.9487,1
407496,1,0.962,1
407527,1,0.926,1
407534,1,0.836,1
407572,1,0.805,1
407588,1,0.6855,1
407761,1,0.9727,1
407787,1,0.6655,1
407808,1,0.8286,1
407815,1,0.3694,0
407881,1,0.61,1
407908,1,0.787,1
407931,1,0.936,1
407978,1,0.8574,1
408018,1,0.444,0
408054,1,0.8477,1
408097,1,0.678,1
408098,1,0.763,1
408130,1,0.9766,1
408189,1,0.9775,1
408194,1,0.824,1
408281,1,0.344,0
408304,1,0.716,1
408307,1,0.7153,1
408333,1,0.8965,1
408340,1,0.805,1
408443,1,0.849,1
408466,1,0.88,1
408482,1,0.9688,1
408490,1,0.9346,1
408502,1,0.8247,1
408525,1,0.647,1
408530,1,0.897,1
408533,1,0.6636,1
408537,1,0.881,1
408556,1,0.6855,1
408587,1,0.923,1
408705,1,0.8687,1
408770,1,0.517,1
408829,1,0.7046,1
408837,1,0.793,1
408869,1,0.7017,1
408888,1,0.8003,1
408901,1,0.5757,1
408927,1,0.8735,1
408966,1,0.751,1
409033,1,0.8247,1
409049,1,0.849,1
409073,1,0.2037,0
409085,1,0.737,1
409204,1,0.896,1
409227,1,0.9287,1
409261,1,0.7515,1
409265,1,0.953,1
409269,1,0.484,0
409303,1,0.6523,1
409316,1,0.9385,1
409341,1,0.6323,1
409342,1,0.869,1
409355,1,0.3062,0
409366,1,0.8364,1
409486,1,0.84,1
409575,1,0.861,1
409753,1,0.9165,1
409800,1,0.6895,1
409839,1,0.9727,1
409915,1,0.824,1
409926,1,0.614,1
409968,1,0.7026,1
410023,1,0.7085,1
410038,1,0.597,1
410134,1,0.2307,0
410215,1,0.2051,0
410218,1,0.8887,1
410229,1,0.5557,1
410309,1,0.7583,1
410315,1,0.8965,1
410325,1,0.28,0
410347,1,0.812,1
410353,1,0.8813,1
410422,1,0.7876,1
410435,1,0.8643,1
410523,1,0.588,1
410536,1,0.922,1
410612,1,0.752,1
410639,1,0.2323,0
410660,1,0.819,1
410683,1,0.716,1
410722,1,0.7563,1
410742,1,0.6104,1
410752,1,0.9126,1
410821,1,0.4639,0
410828,1,0.9233,1
410832,1,0.65,1
410856,1,0.7744,1
410861,1,0.86,1
410956,1,0.701,1
410970,1,0.8057,1
411053,1,0.867,1
411078,1,0.9146,1
411152,1,0.4546,0
411196,1,0.8545,1
411235,1,0.951,1
411256,1,0.811,1
411273,1,0.817,1
411317,1,0.601,1
411348,1,0.804,1
411467,1,0.7715,1
411483,1,0.5815,1
411499,1,0.807,1
411527,1,0.847,1
411584,1,0.863,1
411630,1,0.969,1
411632,1,0.397,0
411635,1,0.771,1
411667,1,0.9536,1
411694,1,0.8477,1
411706,1,0.5776,1
411785,1,0.9077,1
411806,1,0.7646,1
411855,1,0.5195,1
411909,1,0.895,1
411937,1,0.9795,1
411997,1,0.7603,1
412039,1,0.971,1
412098,1,0.536,1
412228,1,0.3652,0
412267,1,0.93,1
412292,1,0.6987,1
412316,1,0.1276,0
412356,1,0.6973,1
412364,1,0.603,1
412427,1,0.876,1
412461,1,0.859,1
412462,1,0.977,1
412562,1,0.6934,1
412571,1,0.205,0
412573,1,0.5864,1
412579,1,0.3892,0
412614,1,0.84,1
412626,1,0.8726,1
412634,1,0.4863,0
412667,1,0.9805,1
412733,1,0.877,1
412750,1,0.638,1
412787,1,0.9634,1
412793,1,0.964,1
412795,1,0.788,1
412800,1,0.3877,0
412876,1,0.9243,1
412911,1,0.0508,0
412957,1,0.8784,1
412965,1,0.99,1
413001,1,0.823,1
413018,1,0.544,1
413073,1,0.2612,0
413143,1,0.7485,1
413154,1,0.8184,1
413161,1,0.8306,1
413246,1,0.551,1
413288,1,0.652,1
413303,1,0.9146,1
413351,1,0.6016,1
413367,1,0.82,1
413446,1,0.4194,0
413449,1,0.767,1
413492,1,0.5664,1
413563,1,0.5825,1
413578,1,0.9307,1
413606,1,0.9062,1
413614,1,0.614,1
413622,1,0.867,1
413737,1,0.9062,1
413748,1,0.8325,1
413782,1,0.7095,1
413809,1,0.666,1
413838,1,0.9478,1
413865,1,0.855,1
413914,1,0.8394,1
413943,1,0.978,1
413968,1,0.9185,1
414012,1,0.577,1
414016,1,0.933,1
414045,1,0.94,1
414072,1,0.7725,1
414082,1,0.8696,1
414109,1,0.899,1
414140,1,0.7505,1
414158,1,0.2612,0
414160,1,0.89,1
414180,1,0.672,1
414206,1,0.594,1
414264,1,0.3281,0
414283,1,0.804,1
414285,1,0.7676,1
414350,1,0.837,1
414424,1,0.6567,1
414445,1,0.883,1
414475,1,0.6206,1
414513,1,0.8013,1
414561,1,0.3206,0
414582,1,0.572,1
414595,1,0.718,1
414600,1,0.948,1
414682,1,0.83,1
414702,1,0.8594,1
414731,1,0.9185,1
414772,1,0.813,1
414786,1,0.8296,1
414822,1,0.7964,1
414924,1,0.571,1
414927,1,0.89,1
414930,1,0.576,1
415053,1,0.901,1
415118,1,0.6123,1
415280,1,0.957,1
415281,1,0.7456,1
415310,1,0.698,1
415326,1,0.6963,1
415361,1,0.0856,0
415407,1,0.7373,1
415453,1,0.8228,1
415542,1,0.8574,1
415743,1,0.8335,1
415771,1,0.07684,0
415793,1,0.889,1
415827,1,0.8813,1
415834,1,0.649,1
415853,1,0.9497,1
415880,1,0.8047,1
415933,1,0.9697,1
415975,1,0.7563,1
415998,1,0.7173,1
416013,1,0.3342,0
416051,1,0.5317,1
416139,1,0.881,1
416151,1,0.9917,1
416231,1,0.797,1
416258,1,0.843,1
416264,1,0.4456,0
416272,1,0.7944,1
416284,1,0.55,1
416303,1,0.9253,1
416329,1,0.757,1
416354,1,0.812,1
416360,1,0.7217,1
416384,1,0.95,1
416460,1,0.7197,1
416484,1,0.783,1
416506,1,0.76,1
416563,1,0.7188,1
416589,1,0.8594,1
416607,1,0.6543,1
416628,1,0.564,1
416666,1,0.7744,1
416735,1,0.5933,1
416739,1,0.5664,1
416784,1,0.716,1
416858,1,0.703,1
416953,1,0.77,1
416997,1,0.518,1
417025,1,0.9688,1
417152,1,0.9434,1
417163,1,0.959,1
417182,1,0.717,1
417185,1,0.1036,0
417197,1,0.7524,1
417201,1,0.822,1
417233,1,0.831,1
417254,1,0.81,1
417279,1,0.907,1
417302,1,0.9243,1
417317,1,0.94,1
417318,1,0.7964,1
417326,1,0.6655,1
417388,1,0.7188,1
417417,1,0.796,1
417445,1,0.6235,1
417472,1,0.7935,1
417501,1,0.825,1
417513,1,0.5547,1
417538,1,0.1103,0
417570,1,0.826,1
417668,1,0.957,1
417692,1,0.917,1
417695,1,0.889,1
417706,1,0.4348,0
417734,1,0.721,1
417736,1,0.723,1
417749,1,0.863,1
417761,1,0.837,1
417794,1,0.757,1
417806,1,0.1239,0
417820,1,0.9517,1
417851,1,0.7515,1
417852,1,0.4507,0
417871,1,0.5547,1
417889,1,0.8403,1
417891,1,0.767,1
417991,1,0.983,1
418020,1,0.9185,1
418023,1,0.7827,1
418043,1,0.8003,1
418124,1,0.6704,1
418204,1,0.3044,0
418294,1,0.7344,1
418305,1,0.8945,1
418400,1,0.8525,1
418535,1,0.6353,1
418591,1,0.534,1
418627,1,0.5312,1
418632,1,0.865,1
418635,1,0.782,1
418651,1,0.8555,1
418663,1,0.477,0
418686,1,0.911,1
418726,1,0.9478,1
418740,1,0.896,1
418780,1,0.511,1
418805,1,0.7354,1
418808,1,0.951,1
418929,1,0.7856,1
419084,1,0.681,1
419095,1,0.682,1
419177,1,0.9927,1
419283,1,0.0979,0
419341,1,0.4722,0
419343,1,0.974,1
419386,1,0.7114,1
419412,1,0.9414,1
419434,1,0.864,1
419437,1,0.617,1
419447,1,0.726,1
419484,1,0.797,1
419491,1,0.29,0
419538,1,0.8486,1
419581,1,0.8706,1
419631,1,0.984,1
419635,1,0.8667,1
419674,1,0.9097,1
419682,1,0.9126,1
419746,1,0.674,1
419764,1,0.687,1
419836,1,0.8384,1
419904,1,0.7056,1
419910,1,0.676,1
419940,1,0.6514,1
420017,1,0.8896,1
420073,1,0.729,1
420106,1,0.5874,1
420119,1,0.805,1
420125,1,0.8477,1
420137,1,0.6616,1
420158,1,0.796,1
420179,1,0.7075,1
420257,1,0.86,1
420269,1,0.7617,1
420278,1,0.7793,1
420391,1,0.982,1
420406,1,0.815,1
420415,1,0.9194,1
420436,1,0.961,1
420455,1,0.682,1
420492,1,0.848,1
420496,1,0.5254,1
420502,1,0.935,1
420507,1,0.7812,1
420510,1,0.603,1
420580,1,0.1481,0
420652,1,0.7427,1
420654,1,0.867,1
420663,1,0.8843,1
420668,1,0.909,1
420715,1,0.7256,1
420786,1,0.89,1
420807,1,0.785,1
420827,1,0.793,1
420828,1,0.9395,1
420894,1,0.792,1
420924,1,0.93,1
420937,1,0.8135,1
420948,1,0.9775,1
420954,1,0.773,1
421027,1,0.8125,1
421043,1,0.506,1
421110,1,0.888,1
421164,1,0.8813,1
421180,1,0.9253,1
421186,1,0.6934,1
421279,1,0.936,1
421283,1,0.621,1
421284,1,0.805,1
421307,1,0.628,1
421349,1,0.728,1
421391,1,0.682,1
421463,1,0.961,1
421554,1,0.3667,0
421574,1,0.864,1
421603,1,0.882,1
421615,1,0.5415,1
421636,1,0.5547,1
421677,1,0.9575,1
421681,1,0.7114,1
421765,1,0.935,1
421775,1,0.7295,1
421790,1,0.723,1
421805,1,0.768,1
421837,1,0.753,1
421866,1,0.733,1
421872,1,0.7715,1
421904,1,0.8677,1
421942,1,0.8506,1
422086,1,0.8633,1
422116,1,0.8296,1
422221,1,0.6763,1
422239,1,0.9688,1
422263,1,0.8354,1
422279,1,0.843,1
422288,1,0.6704,1
422303,1,0.858,1
422391,1,0.828,1
422399,1,0.8696,1
422456,1,0.853,1
422462,1,0.744,1
422474,1,0.3428,0
422505,1,0.9043,1
422566,1,0.9043,1
422586,1,0.87,1
422631,1,0.9575,1
422666,1,0.6245,1
422691,1,0.6226,1
422742,1,0.8306,1
422744,1,0.8374,1
422784,1,0.5312,1
422800,1,0.805,1
422804,1,0.7354,1
422853,1,0.61,1
422875,1,0.7734,1
422904,1,0.6943,1
422941,1,0.77,1
422959,1,0.95,1
423130,1,0.02975,0
423145,1,0.6797,1
423161,1,0.889,1
423163,1,0.842,1
423199,1,0.775,1
423274,1,0.778,1
423290,1,0.637,1
423300,1,0.6187,1
423323,1,0.8857,1
423347,1,0.5464,1
423433,1,0.4966,0
423477,1,0.541,1
423485,1,0.893,1
423507,1,0.954,1
423541,1,0.932,1
423601,1,0.8535,1
423655,1,0.903,1
423843,1,0.509,1
423890,1,0.9478,1
423928,1,0.8604,1
423957,1,0.8306,1
424010,1,0.8965,1
424071,1,0.6943,1
424081,1,0.772,1
424091,1,0.788,1
424106,1,0.836,1
424122,1,0.8315,1
424166,1,0.533,1
424208,1,0.9062,1
424250,1,0.546,1
424255,1,0.8286,1
424359,1,0.6533,1
424361,1,0.912,1
424382,1,0.3147,0
424416,1,0.94,1
424486,1,0.4346,0
424516,1,0.8784,1
424517,1,0.6895,1
424599,1,0.857,1
424606,1,0.811,1
424610,1,0.908,1
424662,1,0.832,1
424680,1,0.916,1
424682,1,0.9253,1
424690,1,0.9565,1
424759,1,0.8135,1
424770,1,0.7344,1
424776,1,0.643,1
424795,1,0.6484,1
424890,1,0.65,1
424919,1,0.9634,1
424963,1,0.3257,0
425022,1,0.955,1
425053,1,0.824,1
425062,1,0.3157,0
425080,1,0.8574,1
425089,1,0.826,1
425093,1,0.7827,1
425099,1,0.898,1
425124,1,0.5527,1
425165,1,0.4802,0
425191,1,0.9663,1
425214,1,0.5527,1
425215,1,0.965,1
425221,1,0.832,1
425261,1,0.896,1
425263,1,0.5884,1
425362,1,0.4175,0
425395,1,0.977,1
425400,1,0.606,1
425471,1,0.604,1
425526,1,0.9116,1
425611,1,0.06335,0
425623,1,0.534,1
425674,1,0.595,1
425677,1,0.8184,1
425681,1,0.9727,1
425706,1,0.777,1
425768,1,0.6655,1
425784,1,0.8037,1
425798,1,0.816,1
425895,1,0.4795,0
425905,1,0.5513,1
425932,1,0.9385,1
425960,1,0.976,1
426047,1,0.6733,1
426073,1,0.02817,0
426172,1,0.4949,0
426189,1,0.9697,1
426212,1,0.881,1
426215,1,0.963,1
426218,1,0.5283,1
426254,1,0.892,1
426292,1,0.9043,1
426323,1,0.736,1
426341,1,0.7637,1
426386,1,0.9165,1
426427,1,0.573,1
426430,1,0.9224,1
426479,1,0.668,1
426496,1,0.8213,1
426504,1,0.79,1
426524,1,0.713,1
426557,1,0.5947,1
426577,1,0.1343,0
426615,1,0.9204,1
426678,1,0.882,1
426734,1,0.954,1
426743,1,0.2925,0
426755,1,0.9526,1
426820,1,0.823,1
426880,1,0.6543,1
426951,1,0.9697,1
426975,1,0.7266,1
427012,1,0.8433,1
427025,1,0.749,1
427074,1,0.7573,1
427095,1,0.9395,1
427203,1,0.8345,1
427225,1,0.8716,1
427255,1,0.3513,0
427292,1,0.777,1
427326,1,0.8496,1
427412,1,0.3748,0
427439,1,0.751,1
427513,1,0.466,0
427519,1,0.6953,1
427528,1,0.859,1
427590,1,0.05072,0
427591,1,0.572,1
427612,1,0.6177,1
427663,1,0.4875,0
427688,1,0.809,1
427778,1,0.4253,0
427875,1,0.592,1
427906,1,0.3901,0
427909,1,0.816,1
427925,1,0.7256,1
427938,1,0.9487,1
427939,1,0.72,1
428052,1,0.9307,1
428107,1,0.6943,1
428128,1,0.543,1
428136,1,0.657,1
428142,1,0.8584,1
428169,1,0.9453,1
428182,1,0.4062,0
428236,1,0.4187,0
428363,1,0.959,1
428461,1,0.841,1
428498,1,0.861,1
428529,1,0.756,1
428569,1,0.736,1
428598,1,0.678,1
428654,1,0.9243,1
428671,1,0.828,1
428709,1,0.736,1
428737,1,0.87,1
428825,1,0.724,1
428912,1,0.752,1
428994,1,0.835,1
429001,1,0.814,1
429023,1,0.82,1
429110,1,0.8613,1
429159,1,0.9775,1
429195,1,0.7456,1
429222,1,0.8613,1
429284,1,0.689,1
429290,1,0.7593,1
429327,1,0.878,1
429344,1,0.8174,1
429365,1,0.733,1
429397,1,0.8906,1
429419,1,0.95,1
429456,1,0.08167,0
429467,1,0.6006,1
429483,1,0.7314,1
429590,1,0.465,0
429634,1,0.5747,1
429686,1,0.935,1
429710,1,0.781,1
429712,1,0.87,1
429718,1,0.9463,1
429719,1,0.3425,0
429813,1,0.9043,1
429824,1,0.807,1
429882,1,0.5537,1
429905,1,0.641,1
429917,1,0.4983,0
429921,1,0.9854,1
429953,1,0.96,1
430000,1,0.5815,1
430021,1,0.938,1
430080,1,0.8115,1
430086,1,0.876,1
430090,1,0.8037,1
430123,1,0.847,1
430127,1,0.8354,1
430142,1,0.956,1
430182,1,0.8633,1
430191,1,0.812,1
430215,1,0.626,1
430232,1,0.1593,0
430255,1,0.6577,1
430278,1,0.887,1
430289,1,0.7446,1
430313,1,0.9575,1
430317,1,0.896,1
430319,1,0.358,0
430331,1,0.9326,1
430458,1,0.6895,1
430469,1,0.893,1
430576,1,0.76,1
430599,1,0.6187,1
430607,1,0.44,0
430747,1,0.926,1
430763,1,0.1849,0
430772,1,0.877,1
430896,1,0.9595,1
430920,1,0.5464,1
430921,1,0.784,1
430929,1,0.927,1
431008,1,0.4375,0
431015,1,0.8477,1
431031,1,0.8955,1
431032,1,0.8354,1
431045,1,0.75,1
431055,1,0.8276,1
431058,1,0.883,1
431150,1,0.272,0
431153,1,0.7466,1
431162,1,0.7896,1
431257,1,0.637,1
431273,1,0.7866,1
431303,1,0.583,1
431325,1,0.8457,1
431344,1,0.9863,1
431353,1,0.4153,0
431367,1,0.3772,0
431395,1,0.88,1
431450,1,0.679,1
431536,1,0.717,1
431558,1,0.7935,1
431576,1,0.893,1
431593,1,0.9097,1
431660,1,0.9795,1
431676,1,0.8203,1
431796,1,0.6426,1
431812,1,0.685,1
431841,1,0.846,1
431850,1,0.345,0
431868,1,0.867,1
431919,1,0.857,1
431921,1,0.9204,1
431949,1,0.8447,1
432022,1,0.7427,1
432041,1,0.9785,1
432053,1,0.2139,0
432063,1,0.8174,1
432073,1,0.8145,1
432164,1,0.6797,1
432209,1,0.5967,1
432215,1,0.916,1
432248,1,0.941,1
432306,1,0.6934,1
432338,1,0.6895,1
432390,1,0.731,1
432421,1,0.766,1
432460,1,0.811,1
432464,1,0.3525,0
432516,1,0.892,1
432522,1,0.3782,0
432547,1,0.9575,1
432551,1,0.6514,1
432606,1,0.7583,1
432766,1,0.7437,1
432832,1,0.8584,1
432899,1,0.8994,1
432909,1,0.6904,1
432949,1,0.686,1
432966,1,0.9204,1
432973,1,0.8247,1
432997,1,0.968,1
433003,1,0.568,1
433038,1,0.848,1
433054,1,0.641,1
433070,1,0.673,1
433080,1,0.6904,1
433142,1,0.343,0
433194,1,0.903,1
433200,1,0.961,1
433222,1,0.6187,1
433239,1,0.7085,1
433279,1,0.8433,1
433419,1,0.7095,1
433432,1,0.881,1
433436,1,0.3784,0
433439,1,0.8276,1
433454,1,0.9243,1
433473,1,0.925,1
433474,1,0.8076,1
433563,1,0.8755,1
433604,1,0.926,1
433688,1,0.881,1
433723,1,0.64,1
433775,1,0.2156,0
433788,1,0.922,1
433791,1,0.765,1
433828,1,0.5273,1
433838,1,0.7046,1
433850,1,0.8926,1
433890,1,0.928,1
433912,1,0.8667,1
433960,1,0.93,1
433967,1,0.8066,1
434031,1,0.7095,1
434056,1,0.5674,1
434081,1,0.9126,1
434232,1,0.8125,1
434239,1,0.568,1
434241,1,0.8496,1
434255,1,0.5747,1
434256,1,0.855,1
434257,1,0.638,1
434267,1,0.8237,1
434286,1,0.7095,1
434303,1,0.871,1
434406,1,0.5273,1
434422,1,0.646,1
434471,1,0.7056,1
434484,1,0.8916,1
434582,1,0.7905,1
434592,1,0.886,1
434607,1,0.513,1
434661,1,0.975,1
434704,1,0.865,1
434729,1,0.589,1
434735,1,0.7324,1
434770,1,0.7666,1
434840,1,0.984,1
434857,1,0.445,0
434894,1,0.795,1
434903,1,0.562,1
434928,1,0.8022,1
434956,1,0.762,1
434957,1,0.8984,1
434983,1,0.7886,1
435034,1,0.1952,0
435040,1,0.923,1
435072,1,0.9956,1
435224,1,0.891,1
435247,1,0.5537,1
435279,1,0.761,1
435284,1,0.6533,1
435310,1,0.7974,1
435342,1,0.3936,0
435459,1,0.876,1
435476,1,0.7095,1
435549,1,0.1298,0
435584,1,0.789,1
435614,1,0.786,1
435638,1,0.78,1
435675,1,0.962,1
435708,1,0.6367,1
435909,1,0.9277,1
435913,1,0.627,1
435918,1,0.814,1
435925,1,0.0785,0
435944,1,0.01164,0
435971,1,0.9136,1
435990,1,0.675,1
436003,1,0.6777,1
436116,1,0.8784,1
436149,1,0.1719,0
436228,1,0.796,1
436243,1,0.8374,1
436413,1,0.886,1
436486,1,0.56,1
436504,1,0.885,1
436520,1,0.886,1
436580,1,0.8716,1
436597,1,0.757,1
436616,1,0.762,1
436646,1,0.1504,0
436693,1,0.7114,1
436706,1,0.682,1
436726,1,0.7856,1
436732,1,0.9795,1
436738,1,0.6514,1
436803,1,0.757,1
436848,1,0.9526,1
436849,1,0.1608,0
436857,1,0.736,1
436931,1,0.9287,1
436934,1,0.328,0
436944,1,0.07135,0
437034,1,0.9414,1
437093,1,0.8877,1
437133,1,0.7817,1
437157,1,0.9385,1
437202,1,0.949,1
437210,1,0.1082,0
437251,1,0.561,1
437257,1,0.908,1
437271,1,0.9404,1
437319,1,0.7017,1
437357,1,0.796,1
437359,1,0.906,1
437392,1,0.9214,1
437435,1,0.8896,1
437518,1,0.9805,1
437524,1,0.165,0
437582,1,0.553,1
437625,1,0.4875,0
437727,1,0.8184,1
437730,1,0.802,1
437736,1,0.736,1
437746,1,0.525,1
437805,1,0.941,1
437828,1,0.2937,0
437829,1,0.863,1
437888,1,0.816,1
437946,1,0.8496,1
437950,1,0.971,1
437953,1,0.8228,1
437968,1,0.8687,1
437990,1,0.962,1
438003,1,0.8623,1
438019,1,0.958,1
438054,1,0.929,1
438090,1,0.755,1
438101,1,0.9175,1
438118,1,0.8496,1
438127,1,0.3962,0
438144,1,0.602,1
438210,1,0.9478,1
438213,1,0.7734,1
438228,1,0.6807,1
438266,1,0.847,1
438296,1,0.879,1
438339,1,0.9023,1
438442,1,0.5166,1
438456,1,0.7373,1
438573,1,0.9067,1
438589,1,0.5444,1
438597,1,0.5356,1
438605,1,0.6587,1
438626,1,0.5454,1
438635,1,0.926,1
438646,1,0.953,1
438656,1,0.96,1
438662,1,0.5327,1
438707,1,0.9307,1
438715,1,0.8267,1
438740,1,0.968,1
438774,1,0.775,1
438824,1,0.399,0
438841,1,0.807,1
438842,1,0.9688,1
438864,1,0.9854,1
438865,1,0.537,1
438879,1,0.6484,1
439086,1,0.952,1
439097,1,0.7524,1
439120,1,0.07355,0
439124,1,0.965,1
439136,1,0.9785,1
439140,1,0.798,1
439239,1,0.7417,1
439274,1,0.95,1
439305,1,0.6226,1
439310,1,0.7446,1
439473,1,0.9775,1
439482,1,0.1371,0
439483,1,0.9863,1
439491,1,0.4675,0
439561,1,0.604,1
439624,1,0.8735,1
439646,1,0.1588,0
439668,1,0.82,1
439711,1,0.858,1
439751,1,0.7983,1
439823,1,0.706,1
439830,1,0.7036,1
440170,1,0.793,1
440234,1,0.564,1
440249,1,0.9624,1
440268,1,0.797,1
440350,1,0.766,1
440405,1,0.9116,1
440413,1,0.621,1
440427,1,0.2563,0
440431,1,0.6353,1
440445,1,0.5464,1
440453,1,0.663,1
440458,1,0.369,0
440541,1,0.9243,1
440553,1,0.3416,0
440587,1,0.497,0
440745,1,0.7827,1
440748,1,0.8125,1
440752,1,0.3716,0
440777,1,0.6885,1
440783,1,0.82,1
440800,1,0.985,1
440803,1,0.712,1
440808,1,0.5977,1
440834,1,0.859,1
440868,1,0.9097,1
440892,1,0.944,1
440915,1,0.9014,1
440930,1,0.728,1
440939,1,0.94,1
440961,1,0.8223,1
441106,1,0.7954,1
441123,1,0.8354,1
441167,1,0.912,1
441210,1,0.908,1
441234,1,0.65,1
441236,1,0.8213,1
441298,1,0.581,1
441305,1,0.9814,1
441306,1,0.8438,1
441341,1,0.857,1
441350,1,0.7734,1
441352,1,0.7764,1
441353,1,0.7754,1
441408,1,0.666,1
441439,1,0.9536,1
441455,1,0.536,1
441471,1,0.6455,1
441548,1,0.892,1
441585,1,0.903,1
441593,1,0.965,1
441603,1,0.894,1
441688,1,0.989,1
441705,1,0.628,1
441732,1,0.9775,1
441737,1,0.1414,0
441796,1,0.881,1
441907,1,0.9355,1
442001,1,0.9585,1
442009,1,0.7383,1
442046,1,0.544,1
442060,1,0.7373,1
442081,1,0.906,1
442107,1,0.7295,1
442117,1,0.772,1
442146,1,0.9336,1
442197,1,0.939,1
442234,1,0.6694,1
442279,1,0.637,1
442294,1,0.3845,0
442296,1,0.6465,1
442307,1,0.5728,1
442332,1,0.9834,1
442376,1,0.802,1
442389,1,0.767,1
442417,1,0.4534,0
442501,1,0.8237,1
442558,1,0.885,1
442561,1,0.8267,1
442640,1,0.2744,0
442674,1,0.9673,1
442684,1,0.732,1
442685,1,0.988,1
442725,1,0.7373,1
442740,1,0.04047,0
442790,1,0.9917,1
442791,1,0.6973,1
442794,1,0.8325,1
442804,1,0.684,1
442829,1,0.1302,0
442887,1,0.649,1
442889,1,0.7495,1
442890,1,0.91,1
442894,1,0.9756,1
442898,1,0.7744,1
442903,1,0.7456,1
442933,1,0.903,1
442981,1,0.953,1
443001,1,0.4065,0
443101,1,0.915,1
443117,1,0.542,1
443123,1,0.7534,1
443156,1,0.7295,1
443222,1,0.8535,1
443228,1,0.837,1
443354,1,0.769,1
443361,1,0.815,1
443406,1,0.8433,1
443423,1,0.9233,1
443549,1,0.944,1
443585,1,0.3196,0
443635,1,0.9634,1
443684,1,0.6807,1
443732,1,0.649,1
443743,1,0.959,1
443749,1,0.68,1
443778,1,0.774,1
443784,1,0.06647,0
443800,1,0.8726,1
443842,1,0.6553,1
443861,1,0.9736,1
443906,1,0.884,1
443963,1,0.8306,1
443971,1,0.851,1
443983,1,0.9365,1
444012,1,0.9365,1
444066,1,0.574,1
444192,1,0.9395,1
444277,1,0.713,1
444332,1,0.775,1
444359,1,0.9434,1
444371,1,0.7954,1
444402,1,0.785,1
444418,1,0.5977,1
444425,1,0.945,1
444428,1,0.668,1
444447,1,0.5425,1
444469,1,0.604,1
444512,1,0.7446,1
444531,1,0.8623,1
444535,1,0.8706,1
444558,1,0.9575,1
444594,1,0.612,1
444710,1,0.8965,1
444752,1,0.8286,1
444763,1,0.3354,0
444782,1,0.8013,1
444818,1,0.69,1
444871,1,0.681,1
444912,1,0.722,1
444927,1,0.8535,1
444935,1,0.8613,1
445045,1,0.756,1
445066,1,0.923,1
445112,1,0.9214,1
445151,1,0.6836,1
445164,1,0.761,1
445237,1,0.04224,0
445250,1,0.739,1
445268,1,0.914,1
445353,1,0.6807,1
445375,1,0.924,1
445384,1,0.22,0
445407,1,0.711,1
445445,1,0.948,1
445510,1,0.9717,1
445535,1,0.9644,1
445640,1,0.327,0
445667,1,0.3557,0
445668,1,0.9775,1
445692,1,0.974,1
445721,1,0.796,1
445901,1,0.892,1
445911,1,0.715,1
445976,1,0.8623,1
446007,1,0.9697,1
446077,1,0.54,1
446210,1,0.683,1
446344,1,0.9424,1
446356,1,0.869,1
446404,1,0.7905,1
446411,1,0.85,1
446420,1,0.2827,0
446424,1,0.57,1
446452,1,0.2747,0
446590,1,0.542,1
446591,1,0.84,1
446616,1,0.823,1
446619,1,0.9795,1
446642,1,0.893,1
446679,1,0.769,1
446689,1,0.716,1
446693,1,0.752,1
446751,1,0.68,1
446806,1,0.912,1
446809,1,0.9077,1
446913,1,0.8257,1
446919,1,0.722,1
446987,1,0.565,1
446997,1,0.5474,1
447012,1,0.5444,1
447035,1,0.511,1
447070,1,0.7163,1
447113,1,0.881,1
447114,1,0.781,1
447138,1,0.852,1
447193,1,0.864,1
447202,1,0.799,1
447265,1,0.9614,1
447289,1,0.6646,1
447316,1,0.2395,0
447351,1,0.5703,1
447389,1,0.853,1
447422,1,0.4966,0
447429,1,0.3618,0
447444,1,0.7075,1
447447,1,0.9116,1
447472,1,0.814,1
447516,1,0.776,1
447548,1,0.804,1
447550,1,0.8994,1
447551,1,0.9087,1
447602,1,0.763,1
447710,1,0.9766,1
447723,1,0.8745,1
447730,1,0.842,1
447744,1,0.7417,1
447750,1,0.733,1
447758,1,0.88,1
447933,1,0.761,1
447955,1,0.4941,0
447967,1,0.9243,1
448224,1,0.887,1
448229,1,0.944,1
448303,1,0.6226,1
448314,1,0.568,1
448345,1,0.819,1
448410,1,0.8745,1
448440,1,0.9946,1
448452,1,0.7876,1
448470,1,0.9175,1
448517,1,0.842,1
448534,1,0.8086,1
448598,1,0.9106,1
448607,1,0.6255,1
448652,1,0.7876,1
448702,1,0.767,1
448706,1,0.887,1
448729,1,0.8037,1
448745,1,0.7705,1
448752,1,0.983,1
448768,1,0.341,0
448919,1,0.608,1
449081,1,0.597,1
449110,1,0.8716,1
449136,1,0.534,1
449199,1,0.814,1
449261,1,0.9707,1
449286,1,0.924,1
449305,1,0.1539,0
449310,1,0.3652,0
449320,1,0.8784,1
449464,1,0.86,1
449477,1,0.806,1
449482,1,0.6577,1
449721,1,0.6265,1
449726,1,0.8804,1
449728,1,0.692,1
449779,1,0.7246,1
449798,1,0.7773,1
449803,1,0.5747,1
449895,1,0.7803,1
449924,1,0.9863,1
449941,1,0.8037,1
449969,1,0.789,1
450028,1,0.963,1
450043,1,0.932,1
450055,1,0.616,1
450076,1,0.8315,1
450165,1,0.9175,1
450242,1,0.525,1
450243,1,0.7866,1
450288,1,0.7983,1
450349,1,0.7856,1
450423,1,0.1501,0
450433,1,0.918,1
450444,1,0.8813,1
450460,1,0.907,1
450467,1,0.907,1
450515,1,0.9883,1
450535,1,0.8535,1
450651,1,0.817,1
450664,1,0.703,1
450681,1,0.9575,1
450742,1,0.7026,1
450757,1,0.9644,1
450764,1,0.6836,1
450784,1,0.9263,1
450830,1,0.8467,1
450838,1,0.395,0
450850,1,0.6533,1
450931,1,0.748,1
450962,1,0.9004,1
450968,1,0.8164,1
450974,1,0.8486,1
450976,1,0.8643,1
450993,1,0.4304,0
450994,1,0.972,1
451010,1,0.823,1
451084,1,0.9043,1
451132,1,0.5674,1
451146,1,0.895,1
451147,1,0.6475,1
451203,1,0.951,1
451331,1,0.7896,1
451424,1,0.906,1
451505,1,0.0901,0
451522,1,0.2532,0
451577,1,0.1919,0
451664,1,0.8794,1
451681,1,0.7563,1
451684,1,0.694,1
451708,1,0.3372,0
451711,1,0.7754,1
451720,1,0.709,1
451737,1,0.9204,1
451828,1,0.881,1
451836,1,0.8687,1
451842,1,0.904,1
452040,1,0.6895,1
452053,1,0.7383,1
452143,1,0.862,1
452146,1,0.628,1
452168,1,0.6626,1
452181,1,0.646,1
452240,1,0.8564,1
452241,1,0.9463,1
452259,1,0.1805,0
452316,1,0.7515,1
452340,1,0.532,1
452381,1,0.703,1
452394,1,0.9507,1
452414,1,0.5845,1
452429,1,0.8125,1
452541,1,0.8213,1
452563,1,0.902,1
452579,1,0.799,1
452611,1,0.9585,1
452634,1,0.7866,1
452937,1,0.914,1
452954,1,0.8755,1
452963,1,0.8867,1
452973,1,0.645,1
452984,1,0.781,1
453168,1,0.936,1
453204,1,0.849,1
453284,1,0.713,1
453374,1,0.9336,1
453405,1,0.531,1
453429,1,0.5464,1
453470,1,0.69,1
453525,1,0.788,1
453571,1,0.8887,1
453760,1,0.728,1
453804,1,0.948,1
453863,1,0.912,1
453869,1,0.4355,0
453917,1,0.8013,1
453923,1,0.9307,1
453960,1,0.912,1
454010,1,0.6626,1
454057,1,0.8184,1
454093,1,0.9194,1
454109,1,0.754,1
454177,1,0.7485,1
454193,1,0.637,1
454215,1,0.6597,1
454231,1,0.467,0
454312,1,0.9604,1
454356,1,0.8257,1
454438,1,0.7705,1
454452,1,0.874,1
454482,1,0.9634,1
454494,1,0.418,0
454524,1,0.04996,0
454544,1,0.891,1
454644,1,0.894,1
454652,1,0.7017,1
454743,1,0.8438,1
454847,1,0.9175,1
454884,1,0.9053,1
454952,1,0.846,1
454959,1,0.9844,1
454981,1,0.629,1
455027,1,0.6274,1
455029,1,0.615,1
455077,1,0.4377,0
455225,1,0.805,1
455228,1,0.6875,1
455313,1,0.8496,1
455315,1,0.8774,1
455334,1,0.858,1
455337,1,0.599,1
455441,1,0.8447,1
455481,1,0.1415,0
455484,1,0.791,1
455511,1,0.873,1
455564,1,0.912,1
455656,1,0.03284,0
455719,1,0.7827,1
455760,1,0.511,1
455903,1,0.4707,0
456049,1,0.931,1
456061,1,0.7354,1
456065,1,0.961,1
456076,1,0.8184,1
456134,1,0.81,1
456189,1,0.6025,1
456277,1,0.6113,1
456435,1,0.679,1
456532,1,0.4277,0
456537,1,0.528,1
456634,1,0.623,1
456729,1,0.7886,1
456732,1,0.719,1
456794,1,0.797,1
456905,1,0.9014,1
456910,1,0.9277,1
456946,1,0.723,1
456990,1,0.8794,1
457015,1,0.9346,1
457031,1,0.9834,1
457046,1,0.571,1
457083,1,0.8574,1
457113,1,0.5327,1
457164,1,0.967,1
457236,1,0.5938,1
457297,1,0.81,1
457299,1,0.8364,1
457409,1,0.8447,1
457440,1,0.8135,1
457492,1,0.6846,1
457571,1,0.686,1
457609,1,0.8276,1
457624,1,0.9624,1
457645,1,0.624,1
457657,1,0.979,1
457680,1,0.7935,1
457789,1,0.5977,1
457858,1,0.9297,1
457923,1,0.888,1
457932,1,0.9907,1
457946,1,0.983,1
457977,1,0.9077,1
458033,1,0.728,1
458046,1,0.1481,0
458058,1,0.9434,1
458097,1,0.9043,1
458099,1,0.8394,1
458112,1,0.9434,1
458156,1,0.9233,1
458171,1,0.874,1
458174,1,0.924,1
458186,1,0.4075,0
458325,1,0.2556,0
458350,1,0.634,1
458416,1,0.6,1
458428,1,0.8438,1
458500,1,0.2754,0
458514,1,0.8975,1
458549,1,0.8584,1
458581,1,0.7505,1
458645,1,0.9644,1
458652,1,0.6797,1
458677,1,0.758,1
458723,1,0.959,1
458729,1,0.6772,1
458756,1,0.32,0
458898,1,0.989,1
458925,1,0.939,1
458927,1,0.9126,1
458962,1,0.9644,1
458974,1,0.3542,0
458986,1,0.8115,1
459025,1,0.839,1
459064,1,0.5576,1
459106,1,0.797,1
459144,1,0.952,1
459147,1,0.7393,1
459196,1,0.9507,1
459218,1,0.917,1
459286,1,0.6772,1
459308,1,0.8286,1
459315,1,0.549,1
459327,1,0.8936,1
459340,1,0.299,0
459421,1,0.9673,1
459500,1,0.832,1
459537,1,0.8745,1
459627,1,0.8823,1
459824,1,0.5425,1
459839,1,0.673,1
459846,1,0.845,1
459911,1,0.681,1
459918,1,0.502,1
460152,1,0.826,1
460186,1,0.7695,1
460191,1,0.1621,0
460244,1,0.8286,1
460255,1,0.7847,1
460290,1,0.9116,1
460312,1,0.6313,1
460365,1,0.626,1
460385,1,0.8853,1
460594,1,0.1562,0
460600,1,0.777,1
460613,1,0.9863,1
460640,1,0.8306,1
460661,1,0.9653,1
460669,1,0.533,1
460676,1,0.985,1
460677,1,0.789,1
460739,1,0.6636,1
460797,1,0.8,1
460799,1,0.7036,1
460842,1,0.7056,1
460857,1,0.8105,1
460873,1,0.802,1
460884,1,0.663,1
460891,1,0.8164,1
460906,1,0.9224,1
460912,1,0.3503,0
460948,1,0.937,1
460988,1,0.404,0
461017,1,0.7383,1
461026,1,0.664,1
461074,1,0.784,1
461078,1,0.3333,0
461095,1,0.8003,1
461141,1,0.8765,1
461144,1,0.9766,1
461177,1,0.7544,1
461219,1,0.516,1
461222,1,0.919,1
461235,1,0.804,1
461309,1,0.902,1
461425,1,0.726,1
461466,1,0.815,1
461509,1,0.9785,1
461547,1,0.885,1
461569,1,0.579,1
461626,1,0.6455,1
461688,1,0.9175,1
461691,1,0.922,1
461786,1,0.779,1
461815,1,0.51,1
461837,1,0.955,1
461854,1,0.9126,1
461872,1,0.68,1
461935,1,0.758,1
461993,1,0.7695,1
461994,1,0.9614,1
462093,1,0.982,1
462128,1,0.518,1
462172,1,0.937,1
462175,1,0.953,1
462176,1,0.703,1
462296,1,0.8726,1
462311,1,0.849,1
462382,1,0.453,0
462389,1,0.5586,1
462482,1,0.5986,1
462515,1,0.747,1
462537,1,0.6357,1
462558,1,0.982,1
462564,1,0.855,1
462651,1,0.6797,1
462681,1,0.8276,1
462786,1,0.3315,0
462831,1,0.558,1
462968,1,0.944,1
462986,1,0.91,1
463037,1,0.699,1
463073,1,0.7373,1
463087,1,0.8857,1
463105,1,0.7124,1
463106,1,0.7217,1
463138,1,0.8184,1
463213,1,0.973,1
463216,1,0.524,1
463234,1,0.3545,0
463283,1,0.8486,1
463342,1,0.831,1
463352,1,0.8496,1
463356,1,0.984,1
463397,1,0.7354,1
463407,1,0.994,1
463465,1,0.4663,0
463582,1,0.767,1
463643,1,0.7314,1
463661,1,0.5435,1
463668,1,0.815,1
463693,1,0.9,1
463702,1,0.852,1
463893,1,0.9604,1
463954,1,0.9688,1
463957,1,0.6084,1
463979,1,0.2644,0
464001,1,0.9536,1
464032,1,0.734,1
464076,1,0.429,0
464081,1,0.889,1
464188,1,0.5605,1
464216,1,0.7935,1
464421,1,0.826,1
464442,1,0.6274,1
464508,1,0.867,1
464605,1,0.941,1
464615,1,0.5728,1
464618,1,0.954,1
464655,1,0.709,1
464780,1,0.783,1
464819,1,0.553,1
464831,1,0.831,1
464872,1,0.9653,1
464923,1,0.7573,1
464992,1,0.947,1
465078,1,0.6226,1
465111,1,0.3188,0
465195,1,0.8755,1
465196,1,0.75,1
465222,1,0.33,0
465224,1,0.7627,1
465240,1,0.6025,1
465274,1,0.6265,1
465280,1,0.815,1
465294,1,0.2467,0
465374,1,0.9766,1
465441,1,0.8765,1
465457,1,0.8643,1
465477,1,0.624,1
465530,1,0.9707,1
465546,1,0.9233,1
465556,1,0.391,0
465593,1,0.2185,0
465678,1,0.973,1
465724,1,0.8906,1
465758,1,0.7725,1
465856,1,0.717,1
465881,1,0.805,1
465993,1,0.554,1
466023,1,0.827,1
466130,1,0.836,1
466137,1,0.814,1
466163,1,0.617,1
466168,1,0.812,1
466182,1,0.766,1
466200,1,0.8477,1
466223,1,0.769,1
466273,1,0.6055,1
466294,1,0.621,1
466297,1,0.85,1
466320,1,0.9424,1
466335,1,0.6797,1
466338,1,0.7153,1
466340,1,0.709,1
466341,1,0.8584,1
466407,1,0.6655,1
466487,1,0.796,1
466542,1,0.8916,1
466687,1,0.661,1
466696,1,0.6943,1
466799,1,0.7285,1
466807,1,0.882,1
466818,1,0.741,1
466821,1,0.898,1
466830,1,0.9395,1
466855,1,0.3064,0
466909,1,0.995,1
466922,1,0.842,1
467037,1,0.849,1
467087,1,0.555,1
467118,1,0.761,1
467166,1,0.938,1
467222,1,0.799,1
467258,1,0.904,1
467291,1,0.9824,1
467309,1,0.4988,0
467357,1,0.951,1
467458,1,0.7334,1
467522,1,0.9546,1
467526,1,0.9434,1
467533,1,0.3655,0
467567,1,0.361,0
467664,1,0.847,1
467776,1,0.628,1
467797,1,0.6035,1
467803,1,0.8384,1
467810,1,0.5576,1
467813,1,0.9077,1
467891,1,0.8545,1
467935,1,0.119,0
467989,1,0.805,1
467998,1,0.8335,1
468026,1,0.6865,1
468035,1,0.8535,1
468044,1,0.882,1
468093,1,0.922,1
468097,1,0.8286,1
468155,1,0.0485,0
468289,1,0.5254,1
468293,1,0.595,1
468323,1,0.3516,0
468352,1,0.891,1
468377,1,0.7417,1
468387,1,0.7886,1
468405,1,0.7373,1
468497,1,0.7944,1
468512,1,0.7417,1
468517,1,0.901,1
468566,1,0.844,1
468597,1,0.736,1
468601,1,0.8247,1
468630,1,0.895,1
468660,1,0.8345,1
468666,1,0.9185,1
468701,1,0.364,0
468816,1,0.538,1
468867,1,0.139,0
468877,1,0.8833,1
468888,1,0.2534,0
468889,1,0.8433,1
468908,1,0.2129,0
468940,1,0.8457,1
468941,1,0.7046,1
468964,1,0.5845,1
469028,1,0.951,1
469057,1,0.7944,1
469084,1,0.6245,1
469142,1,0.0993,0
469149,1,0.8315,1
469260,1,0.9395,1
469292,1,0.803,1
469298,1,0.925,1
469302,1,0.8955,1
469320,1,0.851,1
469373,1,0.61,1
469453,1,0.597,1
469582,1,0.6255,1
469587,1,0.62,1
469600,1,0.966,1
469644,1,0.8496,1
469705,1,0.6934,1
469740,1,0.4011,0
469823,1,0.586,1
469848,1,0.8364,1
469903,1,0.855,1
469970,1,0.808,1
469975,1,0.2856,0
469983,1,0.64,1
469984,1,0.8965,1
470013,1,0.7954,1
470139,1,0.889,1
470158,1,0.8037,1
470205,1,0.562,1
470209,1,0.9517,1
470236,1,0.2191,0
470341,1,0.898,1
470359,1,0.7256,1
470497,1,0.6777,1
470506,1,0.537,1
470525,1,0.7515,1
470601,1,0.9194,1
470618,1,0.8696,1
470631,1,0.8877,1
470652,1,0.582,1
470781,1,0.954,1
470800,1,0.978,1
470805,1,0.8916,1
470829,1,0.6626,1
470833,1,0.7617,1
470845,1,0.362,0
470847,1,0.9204,1
470902,1,0.4338,0
470956,1,0.8286,1
470967,1,0.912,1
470978,1,0.9126,1
470982,1,0.4104,0
470993,1,0.01883,0
471037,1,0.7383,1
471073,1,0.414,0
471133,1,0.9736,1
471169,1,0.4836,0
471233,1,0.477,0
471246,1,0.7285,1
471261,1,0.7935,1
471283,1,0.5796,1
471306,1,0.6567,1
471376,1,0.841,1
471418,1,0.6865,1
471497,1,0.7935,1
471551,1,0.939,1
471621,1,0.821,1
471626,1,0.6914,1
471682,1,0.8276,1
471727,1,0.939,1
471728,1,0.6006,1
471780,1,0.722,1
471792,1,0.8784,1
471814,1,0.9062,1
471827,1,0.963,1
471884,1,0.818,1
472024,1,0.9673,1
472044,1,0.5923,1
472079,1,0.8184,1
472082,1,0.864,1
472119,1,0.4307,0
472126,1,0.8535,1
472130,1,0.7866,1
472152,1,0.5366,1
472180,1,0.886,1
472219,1,0.728,1
472226,1,0.6523,1
472252,1,0.9277,1
472282,1,0.4956,0
472290,1,0.1276,0
472291,1,0.4937,0
472318,1,0.663,1
472528,1,0.8423,1
472534,1,0.795,1
472553,1,0.951,1
472575,1,0.8633,1
472712,1,0.673,1
472748,1,0.88,1
472863,1,0.639,1
472910,1,0.6973,1
473022,1,0.8955,1
473094,1,0.97,1
473128,1,0.756,1
473187,1,0.6147,1
473203,1,0.8506,1
473225,1,0.6636,1
473245,1,0.9683,1
473288,1,0.7417,1
473302,1,0.5996,1
473334,1,0.6367,1
473348,1,0.7925,1
473358,1,0.931,1
473390,1,0.713,1
473428,1,0.779,1
473445,1,0.8022,1
473446,1,0.5996,1
473556,1,0.8735,1
473587,1,0.8,1
473596,1,0.5723,1
473605,1,0.849,1
473623,1,0.7676,1
473694,1,0.775,1
473729,1,0.8184,1
473787,1,0.9644,1
473839,1,0.985,1
473944,1,0.2411,0
474015,1,0.9805,1
474056,1,0.75,1
474061,1,0.986,1
474077,1,0.82,1
474078,1,0.1798,0
474122,1,0.0857,0
474166,1,0.8486,1
474171,1,0.849,1
474183,1,0.2705,0
474213,1,0.967,1
474255,1,0.5063,1
474536,1,0.79,1
474567,1,0.853,1
474631,1,0.6807,1
474667,1,0.845,1
474669,1,0.93,1
474673,1,0.7803,1
474689,1,0.918,1
474691,1,0.3977,0
474701,1,0.9863,1
474741,1,0.384,0
474817,1,0.6934,1
474840,1,0.746,1
474878,1,0.8804,1
474959,1,0.8647,1
474995,1,0.882,1
475005,1,0.8896,1
475044,1,0.926,1
475054,1,0.557,1
475107,1,0.1365,0
475191,1,0.979,1
475228,1,0.815,1
475316,1,0.929,1
475318,1,0.4895,0
475380,1,0.989,1
475389,1,0.9097,1
475408,1,0.9375,1
475416,1,0.855,1
475455,1,0.8,1
475471,1,0.9414,1
475488,1,0.691,1
475544,1,0.5957,1
475645,1,0.4521,0
475649,1,0.838,1
475654,1,0.2861,0
475675,1,0.766,1
475717,1,0.5933,1
475780,1,0.529,1
475786,1,0.664,1
475835,1,0.8643,1
475887,1,0.829,1
475945,1,0.815,1
476000,1,0.9233,1
476055,1,0.686,1
476115,1,0.7705,1
476192,1,0.9277,1
476196,1,0.921,1
476226,1,0.8613,1
476241,1,0.8843,1
476248,1,0.626,1
476278,1,0.9463,1
476294,1,0.8843,1
476309,1,0.7295,1
476320,1,0.8125,1
476357,1,0.967,1
476412,1,0.0824,0
476472,1,0.711,1
476589,1,0.9863,1
476599,1,0.9307,1
476620,1,0.8955,1
476654,1,0.84,1
476672,1,0.934,1
476709,1,0.864,1
476791,1,0.93,1
476820,1,0.834,1
476853,1,0.6753,1
476888,1,0.6875,1
476965,1,0.817,1
476979,1,0.922,1
477021,1,0.8936,1
477047,1,0.925,1
477086,1,0.578,1
477123,1,0.897,1
477125,1,0.1873,0
477142,1,0.7744,1
477156,1,0.641,1
477209,1,0.6553,1
477221,1,0.51,1
477231,1,0.7134,1
477296,1,0.3003,0
477307,1,0.6357,1
477334,1,0.7847,1
477337,1,0.8745,1
477341,1,0.9336,1
477355,1,0.8535,1
477383,1,0.471,0
477394,1,0.856,1
477405,1,0.8564,1
477448,1,0.5854,1
477497,1,0.9263,1
477519,1,0.842,1
477628,1,0.6016,1
477636,1,0.943,1
477759,1,0.3882,0
477814,1,0.9473,1
477854,1,0.8267,1
477906,1,0.8438,1
477943,1,0.11694,0
477979,1,0.783,1
478035,1,0.8647,1
478053,1,0.8135,1
478094,1,0.904,1
478163,1,0.6445,1
478173,1,0.837,1
478187,1,0.886,1
478189,1,0.608,1
478244,1,0.8965,1
478266,1,0.669,1
478274,1,0.947,1
478284,1,0.879,1
478290,1,0.949,1
478295,1,0.821,1
478374,1,0.797,1
478420,1,0.6353,1
478432,1,0.6504,1
478533,1,0.796,1
478552,1,0.10876,0
478600,1,0.4888,0
478614,1,0.3154,0
478729,1,0.996,1
478780,1,0.872,1
478848,1,0.9766,1
478899,1,0.9634,1
479068,1,0.6704,1
479089,1,0.579,1
479109,1,0.8345,1
479122,1,0.4001,0
479203,1,0.9253,1
479233,1,0.867,1
479240,1,0.8447,1
479292,1,0.4314,0
479299,1,0.3962,0
479327,1,0.747,1
479342,1,0.4238,0
479353,1,0.7295,1
479427,1,0.767,1
479453,1,0.6987,1
479503,1,0.546,1
479544,1,0.8223,1
479556,1,0.915,1
479558,1,0.9478,1
479578,1,0.8994,1
479665,1,0.79,1
479698,1,0.6426,1
479767,1,0.2886,0
479779,1,0.801,1
479828,1,0.645,1
479863,1,0.8506,1
479876,1,0.153,0
479986,1,0.98,1
480025,1,0.6523,1
480123,1,0.7896,1
480129,1,0.1508,0
480162,1,0.545,1
480267,1,0.6606,1
480273,1,0.9136,1
480352,1,0.817,1
480381,1,0.82,1
480447,1,0.28,0
480505,1,0.817,1
480517,1,0.4622,0
480541,1,0.7466,1
480596,1,0.5894,1
480631,1,0.445,0
480717,1,0.9717,1
480766,1,0.7896,1
480774,1,0.7725,1
480987,1,0.8213,1
480990,1,0.2756,0
480998,1,0.7305,1
481010,1,0.624,1
481023,1,0.9097,1
481116,1,0.8403,1
481118,1,0.989,1
481134,1,0.5303,1
481167,1,0.7637,1
481283,1,0.908,1
481337,1,0.642,1
481393,1,0.9893,1
481401,1,0.98,1
481547,1,0.9404,1
481585,1,0.959,1
481693,1,0.845,1
481751,1,0.9463,1
481755,1,0.7944,1
481764,1,0.914,1
481839,1,0.755,1
481914,1,0.879,1
481979,1,0.1534,0
481987,1,0.821,1
482071,1,0.9634,1
482078,1,0.6416,1
482087,1,0.844,1
482193,1,0.9526,1
482285,1,0.7515,1
482308,1,0.5166,1
482353,1,0.8306,1
482374,1,0.4548,0
482381,1,0.658,1
482384,1,0.904,1
482398,1,0.807,1
482490,1,0.939,1
482495,1,0.849,1
482501,1,0.4558,0
482533,1,0.978,1
482553,1,0.7754,1
482558,1,0.7295,1
482560,1,0.913,1
482603,1,0.913,1
482683,1,0.8955,1
482685,1,0.7837,1
482704,1,0.699,1
482725,1,0.753,1
482760,1,0.213,0
482812,1,0.5244,1
482850,1,0.6177,1
482892,1,0.675,1
482942,1,0.6646,1
482947,1,0.939,1
483012,1,0.976,1
483075,1,0.958,1
483083,1,0.8486,1
483222,1,0.9097,1
483229,1,0.8354,1
483234,1,0.9736,1
483252,1,0.737,1
483368,1,0.8423,1
483440,1,0.6816,1
483505,1,0.6934,1
483513,1,0.9897,1
483537,1,0.833,1
483597,1,0.7666,1
483626,1,0.6836,1
483664,1,0.304,0
483697,1,0.7627,1
483768,1,0.821,1
483781,1,0.6143,1
483787,1,0.6035,1
483788,1,0.8423,1
483791,1,0.9194,1
483814,1,0.821,1
483822,1,0.3994,0
483976,1,0.757,1
484004,1,0.723,1
484026,1,0.8755,1
484033,1,0.738,1
484078,1,0.5503,1
484116,1,0.8345,1
484120,1,0.8667,1
484150,1,0.797,1
484203,1,0.3657,0
484247,1,0.547,1
484280,1,0.8276,1
484297,1,0.852,1
484314,1,0.8306,1
484348,1,0.7783,1
484364,1,0.5317,1
484386,1,0.6543,1
484409,1,0.9766,1
484415,1,0.8965,1
484424,1,0.867,1
484493,1,0.4238,0
484519,1,0.946,1
484558,1,0.6304,1
484672,1,0.8564,1
484714,1,0.869,1
484765,1,0.9434,1
484780,1,0.609,1
484808,1,0.6367,1
484900,1,0.894,1
484957,1,0.7407,1
485046,1,0.01263,0
485084,1,0.9165,1
485097,1,0.6025,1
485158,1,0.781,1
485198,1,0.8325,1
485220,1,0.888,1
485221,1,0.9185,1
485233,1,0.561,1
485249,1,0.9893,1
485256,1,0.4004,0
485264,1,0.9194,1
485268,1,0.979,1
485302,1,0.6084,1
485333,1,0.9683,1
485357,1,0.8564,1
485430,1,0.495,0
485432,1,0.5415,1
485440,1,0.603,1
485515,1,0.794,1
485524,1,0.926,1
485536,1,0.4075,0
485539,1,0.9487,1
485663,1,0.4976,0
485717,1,0.5845,1
485726,1,0.8623,1
485778,1,0.7437,1
485781,1,0.7344,1
485786,1,0.8203,1
485790,1,0.596,1
485836,1,0.742,1
485876,1,0.5107,1
485882,1,0.5405,1
485978,1,0.8164,1
486004,1,0.8677,1
486023,1,0.9233,1
486055,1,0.809,1
486056,1,0.5225,1
486063,1,0.8945,1
486100,1,0.7505,1
486237,1,0.7925,1
486286,1,0.699,1
486314,1,0.6436,1
486337,1,0.837,1
486352,1,0.342,0
486419,1,0.4297,0
486509,1,0.875,1
486554,1,0.943,1
486607,1,0.2314,0
486648,1,0.823,1
486680,1,0.7188,1
486756,1,0.1093,0
486772,1,0.8916,1
486782,1,0.8037,1
486802,1,0.774,1
486806,1,0.83,1
486829,1,0.8374,1
486847,1,0.9224,1
486887,1,0.8867,1
486890,1,0.806,1
486908,1,0.8745,1
486909,1,0.4666,0
486942,1,0.7124,1
487074,1,0.8574,1
487082,1,0.4753,0
487097,1,0.713,1
487118,1,0.55,1
487119,1,0.587,1
487198,1,0.619,1
487240,1,0.891,1
487255,1,0.909,1
487267,1,0.93,1
487272,1,0.658,1
487291,1,0.8276,1
487315,1,0.942,1
487316,1,0.9346,1
487332,1,0.7427,1
487427,1,0.979,1
487515,1,0.7744,1
487535,1,0.927,1
487653,1,0.6514,1
487655,1,0.8867,1
487799,1,0.972,1
487861,1,0.8594,1
487869,1,0.8096,1
487907,1,0.709,1
487923,1,0.876,1
488015,1,0.55,1
488017,1,0.8467,1
488092,1,0.957,1
488098,1,0.73,1
488111,1,0.993,1
488141,1,0.819,1
488157,1,0.755,1
488163,1,0.9585,1
488182,1,0.841,1
488233,1,0.968,1
488265,1,0.64,1
488273,1,0.6523,1
488310,1,0.6147,1
488318,1,0.8564,1
488326,1,0.966,1
488358,1,0.325,0
488396,1,0.8105,1
488445,1,0.8633,1
488446,1,0.544,1
488470,1,0.6084,1
488473,1,0.7114,1
488498,1,0.4802,0
488532,1,0.974,1
488591,1,0.883,1
488595,1,0.285,0
488597,1,0.7437,1
488664,1,0.475,0
488710,1,0.7793,1
488747,1,0.869,1
488797,1,0.896,1
488832,1,0.9717,1
488879,1,0.726,1
488897,1,0.5327,1
488983,1,0.575,1
488987,1,0.908,1
488988,1,0.6426,1
488993,1,0.7383,1
489018,1,0.5254,1
489049,1,0.849,1
489053,1,0.57,1
489073,1,0.9194,1
489090,1,0.948,1
489096,1,0.6914,1
489155,1,0.0845,0
489247,1,0.787,1
489249,1,0.9404,1
489261,1,0.2211,0
489289,1,0.963,1
489331,1,0.854,1
489425,1,0.893,1
489446,1,0.4397,0
489494,1,0.665,1
489512,1,0.916,1
489532,1,0.7896,1
489610,1,0.5586,1
489676,1,0.6772,1
489699,1,0.2664,0
489713,1,0.6763,1
489714,1,0.8545,1
489846,1,0.821,1
489869,1,0.6895,1
489912,1,0.8716,1
489941,1,0.977,1
489989,1,0.985,1
490045,1,0.789,1
490188,1,0.9966,1
490225,1,0.3264,0
490275,1,0.6304,1
490300,1,0.98,1
490377,1,0.4775,0
490402,1,0.3865,0
490415,1,0.611,1
490429,1,0.87,1
490433,1,0.776,1
490457,1,0.942,1
490487,1,0.8457,1
490495,1,0.9077,1
490502,1,0.7207,1
490511,1,0.683,1
490516,1,0.9707,1
490575,1,0.311,0
490591,1,0.897,1
490599,1,0.5767,1
490639,1,0.581,1
490672,1,0.972,1
490713,1,0.8315,1
490716,1,0.5645,1
490728,1,0.8037,1
490822,1,0.868,1
490856,1,0.982,1
490888,1,0.7715,1
490938,1,0.1344,0
491024,1,0.4797,0
491060,1,0.4014,0
491071,1,0.9478,1
491077,1,0.465,0
491099,1,0.764,1
491137,1,0.8076,1
491146,1,0.864,1
491175,1,0.9336,1
491210,1,0.9004,1
491223,1,0.0749,0
491236,1,0.855,1
491239,1,0.8564,1
491304,1,0.991,1
491413,1,0.7246,1
491423,1,0.6104,1
491634,1,0.394,0
491641,1,0.957,1
491668,1,0.7637,1
491670,1,0.7485,1
491692,1,0.9956,1
491759,1,0.9707,1
491795,1,0.7607,1
491829,1,0.766,1
491851,1,0.88,1
491861,1,0.908,1
491893,1,0.528,1
491897,1,0.3325,0
492054,1,0.913,1
492070,1,0.957,1
492185,1,0.1843,0
492236,1,0.833,1
492245,1,0.9536,1
492253,1,0.605,1
492258,1,0.3254,0
492356,1,0.613,1
492368,1,0.8975,1
492384,1,0.886,1
492424,1,0.7583,1
492442,1,0.1276,0
492484,1,0.1796,0
492512,1,0.9355,1
492522,1,0.2776,0
492588,1,0.6157,1
492624,1,0.8936,1
492637,1,0.865,1
492665,1,0.9404,1
492670,1,0.472,0
492693,1,0.748,1
492761,1,0.559,1
492779,1,0.7524,1
492814,1,0.6777,1
492819,1,0.8364,1
492853,1,0.8647,1
492895,1,0.839,1
492904,1,0.8174,1
492918,1,0.775,1
492937,1,0.6304,1
492982,1,0.762,1
493005,1,0.97,1
493016,1,0.93,1
493090,1,0.921,1
493112,1,0.8486,1
493120,1,0.955,1
493129,1,0.94,1
493156,1,0.851,1
493182,1,0.882,1
493183,1,0.8735,1
493328,1,0.6157,1
493406,1,0.3606,0
493407,1,0.8784,1
493453,1,0.9507,1
493488,1,0.866,1
493499,1,0.923,1
493513,1,0.839,1
493519,1,0.9185,1
493606,1,0.8467,1
493641,1,0.667,1
493666,1,0.575,1
493690,1,0.9214,1
493702,1,0.855,1
493706,1,0.7583,1
493817,1,0.7607,1
493841,1,0.82,1
493882,1,0.9683,1
493888,1,0.792,1
493924,1,0.7524,1
493946,1,0.7896,1
493949,1,0.731,1
493957,1,0.6353,1
493987,1,0.668,1
494025,1,0.8945,1
494043,1,0.9775,1
494095,1,0.85,1
494107,1,0.736,1
494253,1,0.218,0
494310,1,0.8633,1
494331,1,0.0883,0
494385,1,0.8496,1
494444,1,0.923,1
494546,1,0.6484,1
494553,1,0.749,1
494612,1,0.806,1
494638,1,0.9575,1
494675,1,0.3535,0
494704,1,0.416,0
494710,1,0.4438,0
494752,1,0.6157,1
494758,1,0.748,1
494864,1,0.4438,0
494924,1,0.9683,1
495042,1,0.753,1
495050,1,0.63,1
495139,1,0.3926,0
495219,1,0.753,1
495231,1,0.118,0
495257,1,0.9487,1
495282,1,0.919,1
495339,1,0.986,1
495363,1,0.7974,1
495380,1,0.868,1
495407,1,0.7456,1
495410,1,0.872,1
495487,1,0.465,0
495531,1,0.5464,1
495554,1,0.6934,1
495571,1,0.965,1
495579,1,0.8755,1
495580,1,0.6265,1
495609,1,0.5977,1
495621,1,0.7583,1
495681,1,0.7725,1
495708,1,0.679,1
495723,1,0.4504,0
495730,1,0.735,1
495738,1,0.5073,1
495747,1,0.5405,1
495780,1,0.8853,1
495806,1,0.8486,1
495843,1,0.8193,1
495895,1,0.7925,1
495896,1,0.931,1
495910,1,0.8647,1
495948,1,0.872,1
495976,1,0.8506,1
495977,1,0.6523,1
495978,1,0.6587,1
495991,1,0.6074,1
496025,1,0.8247,1
496051,1,0.6484,1
496082,1,0.965,1
496088,1,0.632,1
496108,1,0.8203,1
496119,1,0.9224,1
496179,1,0.5806,1
496270,1,0.7534,1
496271,1,0.575,1
496285,1,0.946,1
496326,1,0.9927,1
496346,1,0.914,1
496437,1,0.89,1
496473,1,0.6855,1
496548,1,0.778,1
496579,1,0.825,1
496583,1,0.9546,1
496615,1,0.952,1
496649,1,0.849,1
496699,1,0.737,1
496722,1,0.894,1
496763,1,0.0836,0
496801,1,0.972,1
497070,1,0.814,1
497073,1,0.4495,0
497119,1,0.5483,1
497127,1,0.7656,1
497128,1,0.648,1
497141,1,0.881,1
497149,1,0.8994,1
497161,1,0.6123,1
497171,1,0.671,1
497232,1,0.822,1
497309,1,0.7954,1
497330,1,0.607,1
497449,1,0.93,1
497475,1,0.9346,1
497588,1,0.847,1
497593,1,0.545,1
497596,1,0.8345,1
497619,1,0.7007,1
497647,1,0.8765,1
497648,1,0.8037,1
497669,1,0.9497,1
497689,1,0.867,1
497720,1,0.637,1
497776,1,0.2207,0
497815,1,0.968,1
497830,1,0.709,1
497863,1,0.757,1
497898,1,0.8193,1
497907,1,0.903,1
497913,1,0.915,1
497957,1,0.6577,1
497999,1,0.685,1
498010,1,0.682,1
498038,1,0.7295,1
498074,1,0.959,1
498088,1,0.6504,1
498151,1,0.866,1
498157,1,0.9746,1
498209,1,0.5024,1
498262,1,0.837,1
498269,1,0.969,1
498270,1,0.832,1
498302,1,0.8906,1
498303,1,0.836,1
498333,1,0.891,1
498389,1,0.8564,1
498452,1,0.921,1
498472,1,0.8804,1
498505,1,0.8516,1
498536,1,0.8687,1
498582,1,0.6973,1
498590,1,0.2186,0
498634,1,0.7896,1
498660,1,0.927,1
498730,1,0.934,1
498777,1,0.5815,1
498783,1,0.7446,1
498805,1,0.8154,1
498890,1,0.7544,1
498971,1,0.85,1
499003,1,0.623,1
499037,1,0.711,1
499059,1,0.7324,1
499171,1,0.689,1
499246,1,0.8647,1
499254,1,0.5776,1
499255,1,0.8027,1
499279,1,0.95,1
499288,1,0.1404,0
499296,1,0.1873,0
499441,1,0.9077,1
499461,1,0.7373,1
499527,1,0.8574,1
499599,1,0.9307,1
499624,1,0.5957,1
499703,1,0.9395,1
499736,1,0.9585,1
499772,1,0.658,1
499784,1,0.742,1
499785,1,0.799,1
499799,1,0.909,1
499821,1,0.9287,1
499967,1,0.767,1
499971,1,0.6616,1
499973,1,0.818,1
500125,1,0.9043,1
500156,1,0.2964,0
500175,1,0.94,1
500189,1,0.948,1
500191,1,0.548,1
500229,1,0.7344,1
500259,1,0.8223,1
500271,1,0.636,1
500302,1,0.9644,1
500326,1,0.7417,1
500342,1,0.924,1
500392,1,0.7695,1
500396,1,0.823,1
500427,1,0.9106,1
500441,1,0.6533,1
500453,1,0.9146,1
500454,1,0.9707,1
500530,1,0.6445,1
500534,1,0.7676,1
500541,1,0.862,1
500580,1,0.7993,1
500588,1,0.5576,1
500632,1,0.921,1
500696,1,0.457,0
500850,1,0.692,1
500911,1,0.8706,1
500944,1,0.9253,1
500960,1,0.5728,1
500962,1,0.282,0
501022,1,0.921,1
501132,1,0.849,1
501183,1,0.5913,1
501311,1,0.883,1
501322,1,0.807,1
501390,1,0.9478,1
501446,1,0.572,1
501448,1,0.602,1
501477,1,0.798,1
501496,1,0.6978,1
501498,1,0.9194,1
501507,1,0.9814,1
501586,1,0.5854,1
501593,1,0.942,1
501597,1,0.6226,1
501626,1,0.6533,1
501627,1,0.901,1
501671,1,0.845,1
501712,1,0.2673,0
501769,1,0.7275,1
501842,1,0.7397,1
501853,1,0.7334,1
501856,1,0.4265,0
501896,1,0.638,1
501949,1,0.601,1
501953,1,0.6562,1
501982,1,0.76,1
501991,1,0.8857,1
502024,1,0.8306,1
502078,1,0.8784,1
502100,1,0.7305,1
502135,1,0.7827,1
502145,1,0.969,1
502171,1,0.654,1
502178,1,0.7866,1
502190,1,0.733,1
502196,1,0.624,1
502220,1,0.942,1
502259,1,0.662,1
502355,1,0.806,1
502439,1,0.7417,1
502541,1,0.8267,1
502577,1,0.7246,1
502674,1,0.712,1
502691,1,0.8936,1
502700,1,0.835,1
502715,1,0.677,1
502737,1,0.549,1
502747,1,0.9844,1
502834,1,0.859,1
502879,1,0.8325,1
502942,1,0.10144,0
502978,1,0.6543,1
503009,1,0.4448,0
503076,1,0.95,1
503081,1,0.97,1
503161,1,0.9624,1
503164,1,0.8696,1
503183,1,0.8574,1
503219,1,0.12115,0
503231,1,0.783,1
503234,1,0.5635,1
503237,1,0.3538,0
503249,1,0.768,1
503259,1,0.6636,1
503358,1,0.9336,1
503380,1,0.7637,1
503381,1,0.506,1
503386,1,0.5635,1
503415,1,0.7236,1
503463,1,0.8516,1
503491,1,0.973,1
503516,1,0.8174,1
503574,1,0.7427,1
503575,1,0.1472,0
503605,1,0.9727,1
503701,1,0.6807,1
503796,1,0.7544,1
503802,1,0.9146,1
503860,1,0.934,1
503886,1,0.6104,1
503911,1,0.8823,1
503933,1,0.576,1
503948,1,0.8726,1
504013,1,0.9043,1
504049,1,0.763,1
504083,1,0.9717,1
504087,1,0.8574,1
504116,1,0.6025,1
504146,1,0.8545,1
504153,1,0.711,1
504159,1,0.9185,1
504161,1,0.9175,1
504209,1,0.7085,1
504265,1,0.9785,1
504269,1,0.7656,1
504287,1,0.7456,1
504289,1,0.7725,1
504402,1,0.805,1
504433,1,0.897,1
504471,1,0.925,1
504633,1,0.504,1
504639,1,0.895,1
504698,1,0.8687,1
504731,1,0.786,1
504892,1,0.5786,1
504992,1,0.8984,1
505017,1,0.839,1
505030,1,0.805,1
505040,1,0.3901,0
505111,1,0.9756,1
505125,1,0.9287,1
505152,1,0.777,1
505172,1,0.8525,1
505181,1,0.751,1
505311,1,0.727,1
505340,1,0.743,1
505344,1,0.7197,1
505364,1,0.818,1
505381,1,0.3557,0
505412,1,0.914,1
505451,1,0.699,1
505497,1,0.8037,1
505593,1,0.937,1
505612,1,0.951,1
505636,1,0.794,1
505751,1,0.8384,1
505767,1,0.9546,1
505781,1,0.7173,1
505851,1,0.856,1
505966,1,0.76,1
505979,1,0.7324,1
506002,1,0.8804,1
506153,1,0.756,1
506184,1,0.764,1
506207,1,0.874,1
506306,1,0.1565,0
506322,1,0.9863,1
506351,1,0.8916,1
506362,1,0.608,1
506388,1,0.748,1
506426,1,0.7485,1
506446,1,0.865,1
506459,1,0.793,1
506479,1,0.9526,1
506527,1,0.79,1
506553,1,0.8906,1
506562,1,0.8325,1
506569,1,0.8955,1
506586,1,0.861,1
506588,1,0.8843,1
506633,1,0.586,1
506684,1,0.7905,1
506767,1,0.5405,1
506810,1,0.864,1
506889,1,0.9116,1
506902,1,0.6343,1
506917,1,0.6587,1
506956,1,0.4768,0
507040,1,0.873,1
507103,1,0.9243,1
507161,1,0.8955,1
507180,1,0.8984,1
507216,1,0.939,1
507244,1,0.8384,1
507307,1,0.679,1
507338,1,0.828,1
507415,1,0.633,1
507534,1,0.952,1
507561,1,0.948,1
507582,1,0.7603,1
507656,1,0.645,1
507659,1,0.717,1
507684,1,0.2229,0
507705,1,0.2257,0
507729,1,0.961,1
507757,1,0.7026,1
507811,1,0.8604,1
507838,1,0.5825,1
507870,1,0.9004,1
507871,1,0.891,1
507921,1,0.1743,0
507924,1,0.3865,0
507947,1,0.651,1
507952,1,0.732,1
507977,1,0.787,1
507990,1,0.3472,0
508056,1,0.558,1
508110,1,0.6104,1
508192,1,0.869,1
508201,1,0.523,1
508258,1,0.57,1
508262,1,0.8447,1
508279,1,0.931,1
508327,1,0.8315,1
508350,1,0.9917,1
508356,1,0.9717,1
508432,1,0.9116,1
508473,1,0.9526,1
508513,1,0.8174,1
508535,1,0.9414,1
508721,1,0.818,1
508730,1,0.8506,1
508795,1,0.3386,0
508827,1,0.755,1
508864,1,0.945,1
508877,1,0.3726,0
508934,1,0.4475,0
508964,1,0.6934,1
509028,1,0.05185,0
509148,1,0.471,0
509267,1,0.7266,1
509274,1,0.6167,1
509289,1,0.752,1
509293,1,0.6104,1
509298,1,0.9194,1
509340,1,0.9536,1
509352,1,0.6685,1
509360,1,0.667,1
509401,1,0.9883,1
509425,1,0.935,1
509499,1,0.705,1
509531,1,0.7705,1
509576,1,0.9077,1
509577,1,0.6016,1
509635,1,0.8296,1
509678,1,0.87,1
509776,1,0.85,1
509795,1,0.9585,1
509802,1,0.682,1
509811,1,0.708,1
509864,1,0.8584,1
509872,1,0.6294,1
509904,1,0.9614,1
509943,1,0.3215,0
509963,1,0.9346,1
510006,1,0.9863,1
510017,1,0.895,1
510018,1,0.627,1
510074,1,0.731,1
510096,1,0.7246,1
510097,1,0.9385,1
510100,1,0.7676,1
510137,1,0.804,1
510195,1,0.793,1
510228,1,0.3704,0
510258,1,0.6104,1
510284,1,0.796,1
510397,1,0.9814,1
510428,1,0.933,1
510441,1,0.3066,0
510481,1,0.848,1
510551,1,0.4792,0
510576,1,0.9697,1
510608,1,0.8643,1
510635,1,0.764,1
510754,1,0.7837,1
510773,1,0.8335,1
510794,1,0.6304,1
510803,1,0.715,1
510847,1,0.9487,1
510884,1,0.884,1
510972,1,0.968,1
511011,1,0.816,1
511040,1,0.2235,0
511105,1,0.7295,1
511165,1,0.7256,1
511211,1,0.2051,0
511295,1,0.6606,1
511318,1,0.839,1
511337,1,0.7227,1
511366,1,0.902,1
511393,1,0.7144,1
511427,1,0.8276,1
511446,1,0.9067,1
511523,1,0.1256,0
511589,1,0.9243,1
511613,1,0.7607,1
511677,1,0.96,1
511718,1,0.7793,1
511725,1,0.747,1
511733,1,0.906,1
511917,1,0.853,1
511931,1,0.537,1
511944,1,0.9497,1
512003,1,0.8037,1
512013,1,0.7837,1
512045,1,0.856,1
512108,1,0.8887,1
512121,1,0.818,1
512130,1,0.787,1
512162,1,0.875,1
512216,1,0.7847,1
512228,1,0.831,1
512248,1,0.898,1
512345,1,0.8003,1
512381,1,0.86,1
512450,1,0.6274,1
512519,1,0.7466,1
512558,1,0.5776,1
512577,1,0.883,1
512738,1,0.373,0
512753,1,0.6064,1
512767,1,0.395,0
512781,1,0.9717,1
512818,1,0.955,1
512857,1,0.8135,1
512906,1,0.821,1
512981,1,0.712,1
513019,1,0.8174,1
513021,1,0.7705,1
513042,1,0.721,1
513068,1,0.6147,1
513086,1,0.0785,0
513107,1,0.6865,1
513115,1,0.9453,1
513152,1,0.9053,1
513209,1,0.675,1
513280,1,0.859,1
513371,1,0.3962,0
513438,1,0.9326,1
513462,1,0.949,1
513531,1,0.651,1
513534,1,0.4663,0
513536,1,0.7954,1
513606,1,0.8965,1
513621,1,0.9062,1
513658,1,0.893,1
513695,1,0.08344,0
513715,1,0.584,1
513725,1,0.8154,1
513771,1,0.959,1
513773,1,0.8574,1
513790,1,0.658,1
513806,1,0.6626,1
513860,1,0.459,0
513868,1,0.8774,1
513905,1,0.8887,1
513954,1,0.1118,0
513973,1,0.837,1
514024,1,0.859,1
514103,1,0.759,1
514202,1,0.504,1
514229,1,0.8105,1
514238,1,0.832,1
514257,1,0.8335,1
514274,1,0.668,1
514278,1,0.958,1
514392,1,0.7344,1
514405,1,0.7554,1
514424,1,0.7686,1
514445,1,0.92,1
514503,1,0.6914,1
514520,1,0.5522,1
514532,1,0.9097,1
514534,1,0.746,1
514570,1,0.4785,0
514615,1,0.617,1
514621,1,0.58,1
514682,1,0.8545,1
514683,1,0.842,1
514759,1,0.539,1
514820,1,0.9043,1
514821,1,0.4688,0
514850,1,0.868,1
514894,1,0.89,1
514928,1,0.4153,0
514993,1,0.538,1
515066,1,0.69,1
515084,1,0.8457,1
515090,1,0.8013,1
515124,1,0.05942,0
515158,1,0.855,1
515171,1,0.9155,1
515317,1,0.939,1
515335,1,0.7334,1
515390,1,0.753,1
515501,1,0.8823,1
515541,1,0.667,1
515591,1,0.802,1
515652,1,0.7827,1
515695,1,0.917,1
515698,1,0.86,1
515752,1,0.869,1
515808,1,0.505,1
515886,1,0.7695,1
515948,1,0.9346,1
515991,1,0.1473,0
516028,1,0.9155,1
516093,1,0.842,1
516109,1,0.981,1
516126,1,0.7944,1
516152,1,0.924,1
516222,1,0.9775,1
516268,1,0.4841,0
516287,1,0.7896,1
516445,1,0.727,1
516459,1,0.609,1
516493,1,0.9355,1
516588,1,0.8047,1
516589,1,0.2732,0
516600,1,0.8833,1
516601,1,0.4119,0
516605,1,0.89,1
516694,1,0.6685,1
516730,1,0.8877,1
516736,1,0.9043,1
516769,1,0.653,1
516860,1,0.798,1
516870,1,0.7495,1
516906,1,0.812,1
516997,1,0.869,1
517048,1,0.6313,1
517079,1,0.852,1
517120,1,0.9775,1
517140,1,0.661,1
517202,1,0.7275,1
517231,1,0.8955,1
517247,1,0.828,1
517356,1,0.854,1
517363,1,0.928,1
517378,1,0.8667,1
517425,1,0.2832,0
517441,1,0.716,1
517442,1,0.78,1
517470,1,0.8423,1
517502,1,0.6475,1
517514,1,0.805,1
517614,1,0.693,1
517647,1,0.6465,1
517667,1,0.779,1
517773,1,0.773,1
517778,1,0.8604,1
517784,1,0.668,1
517965,1,0.267,0
517985,1,0.65,1
518014,1,0.9404,1
518017,1,0.5625,1
518040,1,0.2433,0
518067,1,0.799,1
518070,1,0.7227,1
518076,1,0.922,1
518086,1,0.831,1
518155,1,0.7495,1
518193,1,0.905,1
518194,1,0.878,1
518200,1,0.6436,1
518209,1,0.885,1
518219,1,0.3962,0
518221,1,0.563,1
518245,1,0.8657,1
518269,1,0.941,1
518304,1,0.6113,1
518317,1,0.9736,1
518337,1,0.894,1
518371,1,0.8564,1
518403,1,0.6084,1
518440,1,0.7637,1
518581,1,0.863,1
518626,1,0.845,1
518634,1,0.3892,0
518635,1,0.705,1
518665,1,0.847,1
518668,1,0.867,1
518751,1,0.6714,1
518782,1,0.7935,1
518808,1,0.67,1
518838,1,0.8447,1
518848,1,0.875,1
518852,1,0.961,1
518923,1,0.2218,0
518949,1,0.8955,1
518980,1,0.3933,0
519030,1,0.665,1
519149,1,0.779,1
519159,1,0.805,1
519254,1,0.901,1
519319,1,0.751,1
519395,1,0.6914,1
519452,1,0.9814,1
519512,1,0.8486,1
519544,1,0.8994,1
519577,1,0.6553,1
519631,1,0.605,1
519647,1,0.5566,1
519666,1,0.882,1
519704,1,0.8774,1
519728,1,0.9243,1
519863,1,0.8696,1
519877,1,0.858,1
519913,1,0.7593,1
519950,1,0.812,1
519973,1,0.522,1
519982,1,0.9087,1
520154,1,0.8003,1
520172,1,0.707,1
520182,1,0.8936,1
520207,1,0.6377,1
520243,1,0.555,1
520262,1,0.968,1
520300,1,0.4353,0
520386,1,0.6206,1
520423,1,0.773,1
520428,1,0.8296,1
520480,1,0.6885,1
520482,1,0.9175,1
520537,1,0.9487,1
520552,1,0.799,1
520554,1,0.9385,1
520596,1,0.529,1
520638,1,0.862,1
520642,1,0.655,1
520648,1,0.7354,1
520654,1,0.7715,1
520657,1,0.8594,1
520661,1,0.7725,1
520732,1,0.5225,1
520753,1,0.7295,1
520834,1,0.544,1
520859,1,0.816,1
520906,1,0.835,1
520994,1,0.8433,1
521024,1,0.5103,1
521051,1,0.8574,1
521077,1,0.977,1
521087,1,0.88,1
521116,1,0.768,1
521281,1,0.933,1
521316,1,0.7593,1
521321,1,0.5786,1
521334,1,0.857,1
521367,1,0.9424,1
521480,1,0.856,1
521481,1,0.8164,1
521489,1,0.663,1
521496,1,0.8594,1
521507,1,0.929,1
521509,1,0.9546,1
521609,1,0.959,1
521611,1,0.9077,1
521649,1,0.3591,0
521667,1,0.565,1
521684,1,0.6104,1
521686,1,0.9316,1
521690,1,0.573,1
521749,1,0.2031,0
521840,1,0.917,1
521843,1,0.874,1
521966,1,0.6646,1
522032,1,0.9473,1
522072,1,0.828,1
522100,1,0.733,1
522114,1,0.02567,0
522165,1,0.644,1
522193,1,0.8984,1
522247,1,0.8955,1
522283,1,0.587,1
522300,1,0.681,1
522385,1,0.551,1
522464,1,0.8364,1
522482,1,0.882,1
522531,1,0.6187,1
522532,1,0.983,1
522585,1,0.8184,1
522596,1,0.9517,1
522668,1,0.711,1
522688,1,0.2167,0
522737,1,0.73,1
522744,1,0.7324,1
522752,1,0.4321,0
522805,1,0.7695,1
522866,1,0.9595,1
522903,1,0.915,1
523011,1,0.4944,0
523059,1,0.836,1
523084,1,0.9165,1
523110,1,0.003551,0
523112,1,0.8574,1
523181,1,0.4739,0
523187,1,0.7456,1
523196,1,0.7266,1
523198,1,0.583,1
523291,1,0.803,1
523301,1,0.883,1
523371,1,0.9736,1
523388,1,0.8794,1
523440,1,0.143,0
523456,1,0.643,1
523470,1,0.84,1
523500,1,0.91,1
523524,1,0.6147,1
523525,1,0.6504,1
523531,1,0.8433,1
523682,1,0.9004,1
523773,1,0.9155,1
523782,1,0.935,1
523821,1,0.8047,1
523969,1,0.765,1
524030,1,0.852,1
524044,1,0.562,1
524085,1,0.9204,1
524117,1,0.7275,1
524141,1,0.6973,1
524167,1,0.555,1
524222,1,0.991,1
524248,1,0.9585,1
524290,1,0.1078,0
524291,1,0.418,0
524303,1,0.918,1
524391,1,0.621,1
524453,1,0.2,0
524458,1,0.925,1
524459,1,0.9297,1
524479,1,0.5596,1
524483,1,0.77,1
524485,1,0.833,1
524506,1,0.7964,1
524540,1,0.904,1
524619,1,0.7295,1
524647,1,0.8486,1
524699,1,0.598,1
524714,1,0.7124,1
524738,1,0.809,1
524758,1,0.8506,1
524765,1,0.6895,1
524767,1,0.9575,1
524817,1,0.931,1
524825,1,0.596,1
524838,1,0.987,1
524860,1,0.592,1
524919,1,0.768,1
524964,1,0.9727,1
524988,1,0.882,1
525010,1,0.7715,1
525025,1,0.569,1
525113,1,0.1041,0
525126,1,0.7925,1
525153,1,0.9106,1
525267,1,0.7646,1
525272,1,0.963,1
525278,1,0.803,1
525282,1,0.8716,1
525285,1,0.8228,1
525314,1,0.8887,1
525336,1,0.903,1
525358,1,0.93,1
525367,1,0.9434,1
525391,1,0.8447,1
525426,1,0.805,1
525454,1,0.6997,1
525493,1,0.676,1
525514,1,0.285,0
525557,1,0.7896,1
525618,1,0.962,1
525657,1,0.893,1
525769,1,0.7295,1
525823,1,0.717,1
525856,1,0.787,1
525878,1,0.725,1
525929,1,0.7456,1
525983,1,0.855,1
525998,1,0.1882,0
526030,1,0.8267,1
526093,1,0.765,1
526103,1,0.8374,1
526216,1,0.863,1
526230,1,0.838,1
526370,1,0.6904,1
526397,1,0.965,1
526460,1,0.909,1
526501,1,0.8716,1
526520,1,0.5005,1
526565,1,0.06232,0
526590,1,0.66,1
526620,1,0.687,1
526637,1,0.839,1
526706,1,0.8213,1
526759,1,0.8765,1
526801,1,0.748,1
526855,1,0.854,1
526922,1,0.9937,1
526953,1,0.138,0
526957,1,0.7876,1
526971,1,0.1821,0
527060,1,0.7856,1
527120,1,0.83,1
527149,1,0.849,1
527189,1,0.543,1
527196,1,0.8086,1
527228,1,0.9365,1
527300,1,0.3064,0
527356,1,0.5215,1
527480,1,0.8345,1
527528,1,0.399,0
527535,1,0.8403,1
527536,1,0.8853,1
527553,1,0.9014,1
527614,1,0.952,1
527662,1,0.608,1
527670,1,0.965,1
527684,1,0.6167,1
527791,1,0.7734,1
527803,1,0.8154,1
527848,1,0.8726,1
527868,1,0.7695,1
527917,1,0.923,1
527977,1,0.7495,1
527997,1,0.845,1
528007,1,0.86,1
528052,1,0.8203,1
528073,1,0.858,1
528082,1,0.8564,1
528087,1,0.8794,1
528092,1,0.856,1
528139,1,0.8335,1
528158,1,0.7617,1
528195,1,0.9277,1
528216,1,0.5386,1
528298,1,0.35,0
528399,1,0.758,1
528419,1,0.6147,1
528440,1,0.5303,1
528475,1,0.5645,1
528491,1,0.546,1
528503,1,0.7812,1
528512,1,0.7197,1
528578,1,0.68,1
528656,1,0.8467,1
528674,1,0.939,1
528785,1,0.879,1
528802,1,0.7075,1
528933,1,0.843,1
528965,1,0.2568,0
529032,1,0.723,1
529054,1,0.474,0
529084,1,0.897,1
529215,1,0.975,1
529232,1,0.7417,1
529254,1,0.7783,1
529264,1,0.931,1
529340,1,0.794,1
529396,1,0.1136,0
529526,1,0.836,1
529559,1,0.0703,0
529575,1,0.976,1
529667,1,0.712,1
529674,1,0.002878,0
529691,1,0.893,1
529726,1,0.751,1
529751,1,0.94,1
529780,1,0.8193,1
529799,1,0.957,1
529801,1,0.8975,1
529826,1,0.929,1
529885,1,0.7383,1
529909,1,0.6714,1
529987,1,0.9526,1
530018,1,0.9795,1
530021,1,0.715,1
530106,1,0.9707,1
530123,1,0.8384,1
530133,1,0.976,1
530150,1,0.778,1
530231,1,0.828,1
530260,1,0.756,1
530275,1,0.5664,1
530320,1,0.567,1
530329,1,0.6787,1
530331,1,0.85,1
530341,1,0.9053,1
530421,1,0.566,1
530548,1,0.7485,1
530595,1,0.892,1
530601,1,0.9365,1
530620,1,0.6973,1
530649,1,0.8223,1
530650,1,0.9536,1
530653,1,0.893,1
530696,1,0.8223,1
530781,1,0.9473,1
530829,1,0.9194,1
530830,1,0.6875,1
530846,1,0.9644,1
530859,1,0.5186,1
530961,1,0.777,1
530965,1,0.7134,1
530975,1,0.8145,1
531074,1,0.755,1
531102,1,0.934,1
531113,1,0.87,1
531120,1,0.771,1
531173,1,0.9897,1
531191,1,0.6323,1
531206,1,0.719,1
531227,1,0.7754,1
531254,1,0.849,1
531266,1,0.8354,1
531286,1,0.93,1
531357,1,0.8496,1
531359,1,0.867,1
531362,1,0.7554,1
531363,1,0.9688,1
531384,1,0.9014,1
531447,1,0.842,1
531474,1,0.9277,1
531485,1,0.89,1
531573,1,0.8994,1
531689,1,0.7373,1
531696,1,0.6533,1
531699,1,0.6294,1
531717,1,0.954,1
531728,1,0.783,1
531732,1,0.8335,1
531778,1,0.609,1
531800,1,0.8076,1
531822,1,0.961,1
531866,1,0.881,1
531913,1,0.809,1
531923,1,0.8765,1
531929,1,0.968,1
531948,1,0.1138,0
531972,1,0.948,1
532007,1,0.8525,1
532026,1,0.871,1
532102,1,0.9844,1
532153,1,0.9097,1
532161,1,0.6587,1
532199,1,0.9346,1
532210,1,0.719,1
532275,1,0.539,1
532327,1,0.8096,1
532365,1,0.687,1
532395,1,0.6753,1
532400,1,0.9956,1
532420,1,0.7783,1
532447,1,0.7505,1
532490,1,0.795,1
532536,1,0.949,1
532539,1,0.7144,1
532561,1,0.9404,1
532586,1,0.642,1
532604,1,0.676,1
532693,1,0.924,1
532723,1,0.875,1
532731,1,0.971,1
532808,1,0.5405,1
532819,1,0.8604,1
532848,1,0.9463,1
532906,1,0.886,1
532944,1,0.9316,1
532951,1,0.8286,1
532970,1,0.977,1
533073,1,0.4417,0
533171,1,0.831,1
533207,1,0.731,1
533232,1,0.9717,1
533251,1,0.7314,1
533325,1,0.8296,1
533335,1,0.701,1
533423,1,0.9814,1
533483,1,0.7793,1
533492,1,0.7056,1
533516,1,0.7246,1
533523,1,0.8184,1
533548,1,0.515,1
533550,1,0.662,1
533559,1,0.9077,1
533604,1,0.2157,0
533606,1,0.4858,0
533624,1,0.93,1
533630,1,0.5127,1
533631,1,0.0542,0
533685,1,0.812,1
533753,1,0.662,1
533765,1,0.2927,0
533766,1,0.7173,1
533781,1,0.925,1
533834,1,0.5474,1
533863,1,0.593,1
533868,1,0.8413,1
533978,1,0.7114,1
533997,1,0.9214,1
534014,1,0.9644,1
534108,1,0.8604,1
534166,1,0.8374,1
534188,1,0.7563,1
534194,1,0.7056,1
534251,1,0.973,1
534261,1,0.8545,1
534286,1,0.6606,1
534290,1,0.8843,1
534303,1,0.9624,1
534354,1,0.9517,1
534385,1,0.5645,1
534421,1,0.7783,1
534500,1,0.499,0
534528,1,0.785,1
534570,1,0.7197,1
534599,1,0.7295,1
534612,1,0.4255,0
534622,1,0.8677,1
534664,1,0.756,1
534836,1,0.8604,1
534847,1,0.9004,1
534860,1,0.976,1
534953,1,0.9814,1
534976,1,0.7456,1
534982,1,0.946,1
534995,1,0.979,1
535062,1,0.572,1
535086,1,0.6733,1
535097,1,0.852,1
535132,1,0.8,1
535165,1,0.708,1
535238,1,0.679,1
535239,1,0.5684,1
535317,1,0.5767,1
535324,1,0.9565,1
535332,1,0.8193,1
535361,1,0.1782,0
535422,1,0.9614,1
535503,1,0.8057,1
535538,1,0.977,1
535574,1,0.699,1
535675,1,0.8706,1
535715,1,0.897,1
535748,1,0.5815,1
535780,1,0.9463,1
535802,1,0.9634,1
536022,1,0.86,1
536035,1,0.8164,1
536134,1,0.988,1
536136,1,0.983,1
536137,1,0.9126,1
536153,1,0.6826,1
536164,1,0.8745,1
536167,1,0.3452,0
536184,1,0.94,1
536269,1,0.865,1
536283,1,0.875,1
536372,1,0.821,1
536415,1,0.411,0
536422,1,0.7397,1
536441,1,0.1608,0
536445,1,0.7925,1
536470,1,0.959,1
536489,1,0.8276,1
536533,1,0.818,1
536534,1,0.9976,1
536558,1,0.4553,0
536620,1,0.7163,1
536652,1,0.8403,1
536663,1,0.5894,1
536682,1,0.3936,0
536708,1,0.917,1
536755,1,0.8486,1
536797,1,0.7803,1
536814,1,0.768,1
536819,1,0.674,1
536820,1,0.568,1
536869,1,0.915,1
536901,1,0.9023,1
536950,1,0.599,1
537008,1,0.796,1
537020,1,0.4292,0
537051,1,0.692,1
537081,1,0.893,1
537101,1,0.3972,0
537124,1,0.624,1
537224,1,0.891,1
537256,1,0.931,1
537313,1,0.64,1
537317,1,0.8887,1
537349,1,0.4954,0
537395,1,0.778,1
537398,1,0.936,1
537559,1,0.905,1
537614,1,0.9126,1
537649,1,0.949,1
537693,1,0.8496,1
537747,1,0.4614,0
537762,1,0.8433,1
537905,1,0.862,1
537920,1,0.8223,1
537962,1,0.1765,0
537982,1,0.919,1
538012,1,0.941,1
538044,1,0.5923,1
538102,1,0.917,1
538104,1,0.665,1
538163,1,0.824,1
538170,1,0.8774,1
538172,1,0.7227,1
538279,1,0.603,1
538455,1,0.6094,1
538467,1,0.8413,1
538483,1,0.951,1
538522,1,0.824,1
538586,1,0.6016,1
538610,1,0.2194,0
538620,1,0.8457,1
538718,1,0.8745,1
538759,1,0.523,1
538832,1,0.668,1
538836,1,0.9707,1
538838,1,0.1664,0
538875,1,0.909,1
538894,1,0.2554,0
538926,1,0.762,1
538927,1,0.7437,1
538974,1,0.911,1
538975,1,0.862,1
539008,1,0.921,1
539011,1,0.938,1
539020,1,0.8286,1
539030,1,0.3364,0
539093,1,0.2301,0
539102,1,0.806,1
539105,1,0.7573,1
539195,1,0.8047,1
539254,1,0.584,1
539306,1,0.9116,1
539337,1,0.834,1
539341,1,0.7124,1
539353,1,0.903,1
539359,1,0.7026,1
539398,1,0.935,1
539435,1,0.4038,0
539462,1,0.5835,1
539486,1,0.924,1
539495,1,0.6353,1
539549,1,0.9316,1
539586,1,0.858,1
539645,1,0.865,1
539723,1,0.814,1
539740,1,0.796,1
539764,1,0.839,1
539840,1,0.9834,1
539846,1,0.867,1
539847,1,0.8276,1
539866,1,0.9297,1
539921,1,0.5044,1
539933,1,0.6245,1
539940,1,0.9907,1
539955,1,0.773,1
540001,1,0.6978,1
540138,1,0.6475,1
540175,1,0.963,1
540197,1,0.596,1
540202,1,0.2927,0
540220,1,0.1766,0
540266,1,0.784,1
540282,1,0.8945,1
540332,1,0.659,1
540343,1,0.821,1
540359,1,0.7783,1
540425,1,0.8296,1
540447,1,0.958,1
540473,1,0.6616,1
540479,1,0.04153,0
540486,1,0.5566,1
540509,1,0.9575,1
540548,1,0.3672,0
540568,1,0.843,1
540628,1,0.9707,1
540695,1,0.871,1
540751,1,0.907,1
540788,1,0.473,0
540795,1,0.954,1
540814,1,0.7407,1
540816,1,0.753,1
540849,1,0.8076,1
540925,1,0.9697,1
540931,1,0.886,1
541082,1,0.8086,1
541085,1,0.727,1
541086,1,0.844,1
541095,1,0.4414,0
541103,1,0.7476,1
541104,1,0.2769,0
541170,1,0.697,1
541184,1,0.728,1
541225,1,0.607,1
541229,1,0.8823,1
541247,1,0.837,1
541343,1,0.822,1
541419,1,0.8354,1
541465,1,0.9146,1
541469,1,0.5957,1
541480,1,0.8223,1
541507,1,0.9077,1
541508,1,0.8823,1
541530,1,0.5474,1
541617,1,0.9077,1
541633,1,0.857,1
541652,1,0.8306,1
541719,1,0.8086,1
541734,1,0.4038,0
541759,1,0.4165,0
541777,1,0.7075,1
541784,1,0.38,0
541909,1,0.93,1
541990,1,0.9453,1
542000,1,0.5444,1
542002,1,0.7974,1
542038,1,0.6577,1
542044,1,0.946,1
542131,1,0.645,1
542219,1,0.945,1
542233,1,0.807,1
542239,1,0.09436,0
542247,1,0.808,1
542306,1,0.9575,1
542333,1,0.7656,1
542380,1,0.6973,1
542441,1,0.681,1
542450,1,0.651,1
542458,1,0.59,1
542459,1,0.939,1
542486,1,0.2266,0
542531,1,0.637,1
542583,1,0.5073,1
542628,1,0.9917,1
542715,1,0.442,0
542764,1,0.731,1
542776,1,0.692,1
542783,1,0.876,1
542800,1,0.7397,1
542829,1,0.928,1
542857,1,0.5195,1
542889,1,0.7324,1
542902,1,0.5625,1
542917,1,0.785,1
542924,1,0.7383,1
542927,1,0.642,1
542958,1,0.654,1
542973,1,0.29,0
543069,1,0.6445,1
543147,1,0.901,1
543185,1,0.825,1
543232,1,0.759,1
543238,1,0.9053,1
543312,1,0.7266,1
543352,1,0.6147,1
543368,1,0.9277,1
543369,1,0.82,1
543447,1,0.8257,1
543487,1,0.853,1
543527,1,0.845,1
543533,1,0.79,1
543546,1,0.6797,1
543548,1,0.3562,0
543555,1,0.6665,1
543582,1,0.9624,1
543686,1,0.7773,1
543746,1,0.707,1
543771,1,0.988,1
543776,1,0.823,1
543782,1,0.829,1
543861,1,0.7676,1
543874,1,0.2013,0
543897,1,0.967,1
543989,1,0.901,1
544017,1,0.2225,0
544024,1,0.77,1
544071,1,0.929,1
544133,1,0.774,1
544160,1,0.621,1
544171,1,0.7974,1
544174,1,0.535,1
544175,1,0.931,1
544194,1,0.9277,1
544208,1,0.701,1
544230,1,0.9595,1
544258,1,0.861,1
544309,1,0.88,1
544319,1,0.6035,1
544332,1,0.9185,1
544441,1,0.928,1
544452,1,0.9414,1
544517,1,0.914,1
544565,1,0.5107,1
544575,1,0.3384,0
544582,1,0.9062,1
544617,1,0.57,1
544644,1,0.5337,1
544645,1,0.3606,0
544684,1,0.9385,1
544742,1,0.814,1
544759,1,0.7764,1
544767,1,0.6846,1
544825,1,0.912,1
544833,1,0.787,1
544930,1,0.811,1
544952,1,0.8965,1
544965,1,0.57,1
544966,1,0.9243,1
545040,1,0.623,1
545048,1,0.8403,1
545108,1,0.988,1
545112,1,0.7324,1
545137,1,0.825,1
545177,1,0.9883,1
545199,1,0.7363,1
545201,1,0.833,1
545260,1,0.806,1
545296,1,0.632,1
545331,1,0.844,1
545361,1,0.725,1
545377,1,0.8623,1
545438,1,0.7114,1
545440,1,0.5747,1
545487,1,0.5044,1
545632,1,0.705,1
545638,1,0.3787,0
545655,1,0.4946,0
545686,1,0.8345,1
545711,1,0.7617,1
545715,1,0.822,1
545718,1,0.946,1
545743,1,0.7515,1
545782,1,0.09235,0
545803,1,0.664,1
545809,1,0.875,1
545932,1,0.9653,1
545973,1,0.9272,1
546061,1,0.712,1
546126,1,0.868,1
546179,1,0.857,1
546207,1,0.696,1
546214,1,0.9375,1
546218,1,0.7046,1
546282,1,0.788,1
546295,1,0.9116,1
546476,1,0.7617,1
546481,1,0.6133,1
546625,1,0.56,1
546640,1,0.8633,1
546711,1,0.853,1
546715,1,0.4053,0
546875,1,0.763,1
546901,1,0.6807,1
546903,1,0.897,1
546929,1,0.833,1
546951,1,0.716,1
546972,1,0.8633,1
547010,1,0.888,1
547046,1,0.9575,1
547149,1,0.869,1
547181,1,0.4705,0
547208,1,0.7456,1
547215,1,0.904,1
547266,1,0.878,1
547286,1,0.4663,0
547338,1,0.655,1
547344,1,0.7534,1
547352,1,0.9727,1
547467,1,0.9316,1
547503,1,0.791,1
547579,1,0.8613,1
547665,1,0.621,1
547686,1,0.9375,1
547750,1,0.9624,1
547770,1,0.7954,1
547821,1,0.64,1
547853,1,0.4412,0
547933,1,0.5693,1
547970,1,0.263,0
548107,1,0.701,1
548108,1,0.808,1
548230,1,0.9453,1
548277,1,0.77,1
548301,1,0.927,1
548333,1,0.725,1
548343,1,0.288,0
548400,1,0.739,1
548439,1,0.2191,0
548480,1,0.773,1
548484,1,0.9487,1
548491,1,0.9463,1
548507,1,0.7656,1
548523,1,0.8135,1
548545,1,0.985,1
548592,1,0.9907,1
548648,1,0.8877,1
548712,1,0.628,1
548739,1,0.543,1
548747,1,0.9,1
548786,1,0.9043,1
548792,1,0.4941,0
548861,1,0.928,1
548955,1,0.6562,1
548966,1,0.4292,0
549058,1,0.7544,1
549142,1,0.8203,1
549143,1,0.875,1
549216,1,0.6978,1
549280,1,0.672,1
549287,1,0.6855,1
549336,1,0.9487,1
549360,1,0.84,1
549387,1,0.8804,1
549414,1,0.9727,1
549428,1,0.8545,1
549459,1,0.4502,0
549469,1,0.761,1
549473,1,0.87,1
549488,1,0.922,1
549513,1,0.5117,1
549530,1,0.0688,0
549560,1,0.8115,1
549573,1,0.573,1
549578,1,0.909,1
549587,1,0.785,1
549614,1,0.734,1
549652,1,0.8525,1
549678,1,0.1267,0
549827,1,0.808,1
549838,1,0.9326,1
549866,1,0.5664,1
549922,1,0.724,1
549925,1,0.8506,1
549933,1,0.602,1
549979,1,0.904,1
549987,1,0.1584,0
550004,1,0.697,1
550013,1,0.6646,1
550033,1,0.861,1
550039,1,0.9165,1
550194,1,0.9106,1
550200,1,0.987,1
550301,1,0.7817,1
550309,1,0.701,1
550329,1,0.8975,1
550415,1,0.8955,1
550426,1,0.8477,1
550434,1,0.604,1
550464,1,0.9536,1
550468,1,0.8027,1
550479,1,0.5513,1
550494,1,0.776,1
550546,1,0.782,1
550547,1,0.76,1
550593,1,0.95,1
550701,1,0.792,1
550712,1,0.7285,1
550829,1,0.2666,0
550853,1,0.1467,0
550860,1,0.862,1
550884,1,0.9077,1
550886,1,0.741,1
550888,1,0.808,1
550939,1,0.9014,1
550950,1,0.5845,1
550961,1,0.883,1
551020,1,0.322,0
551045,1,0.8936,1
551099,1,0.865,1
551116,1,0.908,1
551120,1,0.717,1
551126,1,0.9844,1
551153,1,0.464,0
551250,1,0.9834,1
551272,1,0.673,1
551277,1,0.794,1
551282,1,0.8276,1
551337,1,0.8047,1
551388,1,0.523,1
551420,1,0.9204,1
551454,1,0.0845,0
551484,1,0.9673,1
551486,1,0.7754,1
551489,1,0.8354,1
551512,1,0.4436,0
551566,1,0.7227,1
551590,1,0.8467,1
551621,1,0.7153,1
551667,1,0.9526,1
551673,1,0.8784,1
551766,1,0.854,1
551786,1,0.9546,1
551805,1,0.4585,0
551902,1,0.8164,1
552000,1,0.8975,1
552006,1,0.9766,1
552025,1,0.7725,1
552041,1,0.9756,1
552208,1,0.907,1
552228,1,0.593,1
552284,1,0.8184,1
552296,1,0.6753,1
552353,1,0.7437,1
552552,1,0.7715,1
552624,1,0.4993,0
552634,1,0.803,1
552654,1,0.3179,0
552697,1,0.744,1
552747,1,0.85,1
552749,1,0.978,1
552755,1,0.702,1
552787,1,0.6846,1
552796,1,0.2673,0
552843,1,0.8135,1
552879,1,0.7656,1
552926,1,0.781,1
552938,1,0.696,1
552940,1,0.858,1
552982,1,0.894,1
553004,1,0.5713,1
553016,1,0.7085,1
553084,1,0.842,1
553117,1,0.514,1
553123,1,0.8184,1
553136,1,0.8613,1
553139,1,0.8164,1
553140,1,0.506,1
553173,1,0.859,1
553178,1,0.678,1
553185,1,0.911,1
553250,1,0.872,1
553283,1,0.815,1
553368,1,0.84,1
553369,1,0.8994,1
553440,1,0.851,1
553470,1,0.7075,1
553479,1,0.361,0
553488,1,0.5703,1
553505,1,0.787,1
553524,1,0.9155,1
553557,1,0.9897,1
553567,1,0.744,1
553672,1,0.6045,1
553677,1,0.8477,1
553696,1,0.4163,0
553732,1,0.7124,1
553807,1,0.6035,1
553810,1,0.784,1
553867,1,0.152,0
553869,1,0.938,1
553911,1,0.9487,1
553928,1,0.979,1
554011,1,0.842,1
554018,1,0.769,1
554028,1,0.9526,1
554065,1,0.9727,1
554113,1,0.4636,0
554132,1,0.76,1
554215,1,0.813,1
554258,1,0.794,1
554323,1,0.3745,0
554345,1,0.3018,0
554431,1,0.7866,1
554515,1,0.761,1
554565,1,0.732,1
554579,1,0.8486,1
554602,1,0.91,1
554642,1,0.799,1
554693,1,0.8306,1
554830,1,0.9062,1
554871,1,0.628,1
554910,1,0.1779,0
554917,1,0.264,0
554942,1,0.677,1
554959,1,0.893,1
555025,1,0.763,1
555026,1,0.7397,1
555042,1,0.923,1
555043,1,0.9136,1
555060,1,0.5566,1
555097,1,0.8257,1
555108,1,0.8926,1
555119,1,0.4958,0
555136,1,0.5625,1
555182,1,0.7314,1
555351,1,0.8594,1
555370,1,0.8677,1
555414,1,0.609,1
555424,1,0.2172,0
555463,1,0.775,1
555480,1,0.5244,1
555532,1,0.761,1
555537,1,0.927,1
555556,1,0.5605,1
555558,1,0.5537,1
555562,1,0.866,1
555716,1,0.8467,1
555730,1,0.8784,1
555743,1,0.7217,1
555750,1,0.5854,1
555755,1,0.9106,1
555962,1,0.649,1
556128,1,0.8296,1
556191,1,0.791,1
556195,1,0.5483,1
556249,1,0.901,1
556257,1,0.5347,1
556286,1,0.798,1
556308,1,0.8906,1
556309,1,0.1382,0
556324,1,0.821,1
556334,1,0.9175,1
556353,1,0.891,1
556402,1,0.809,1
556432,1,0.8677,1
556439,1,0.8833,1
556517,1,0.8027,1
556529,1,0.9043,1
556569,1,0.6987,1
556585,1,0.8047,1
556612,1,0.8247,1
556622,1,0.7163,1
556650,1,0.903,1
556658,1,0.7705,1
556667,1,0.806,1
556711,1,0.534,1
556832,1,0.548,1
556916,1,0.5435,1
556998,1,0.6,1
557030,1,0.2522,0
557056,1,0.821,1
557149,1,0.4836,0
557203,1,0.6133,1
557222,1,0.9473,1
557277,1,0.68,1
557284,1,0.8228,1
557339,1,0.866,1
557403,1,0.2094,0
557434,1,0.919,1
557489,1,0.83,1
557510,1,0.01307,0
557558,1,0.9033,1
557642,1,0.8813,1
557688,1,0.955,1
557706,1,0.807,1
557708,1,0.8667,1
557716,1,0.796,1
557759,1,0.7446,1
557848,1,0.7036,1
557853,1,0.834,1
557855,1,0.831,1
557862,1,0.765,1
557914,1,0.961,1
557925,1,0.9175,1
557949,1,0.801,1
557960,1,0.9277,1
557992,1,0.884,1
558003,1,0.965,1
558024,1,0.3562,0
558044,1,0.69,1
558105,1,0.4246,0
558110,1,0.2163,0
558202,1,0.786,1
558220,1,0.7563,1
558226,1,0.712,1
558255,1,0.8096,1
558300,1,0.2932,0
558312,1,0.952,1
558365,1,0.764,1
558396,1,0.8486,1
558437,1,0.838,1
558453,1,0.6777,1
558456,1,0.9067,1
558527,1,0.6577,1
558578,1,0.2695,0
558612,1,0.8027,1
558689,1,0.84,1
558720,1,0.959,1
558753,1,0.794,1
558760,1,0.525,1
558784,1,0.8105,1
558809,1,0.9517,1
558887,1,0.767,1
559012,1,0.9297,1
559099,1,0.8457,1
559171,1,0.7847,1
559197,1,0.68,1
559243,1,0.9243,1
559264,1,0.9546,1
559366,1,0.9844,1
559385,1,0.3853,0
559394,1,0.4412,0
559397,1,0.9043,1
559401,1,0.928,1
559553,1,0.839,1
559565,1,0.644,1
559640,1,0.981,1
559691,1,0.8584,1
559733,1,0.894,1
559743,1,0.633,1
559753,1,0.898,1
559759,1,0.743,1
559808,1,0.8823,1
559820,1,0.8745,1
559830,1,0.8237,1
559838,1,0.5215,1
559869,1,0.8853,1
559943,1,0.8594,1
559988,1,0.7456,1
560000,1,0.692,1
560089,1,0.627,1
560155,1,0.78,1
560161,1,0.4875,0
560188,1,0.7417,1
560196,1,0.8423,1
560319,1,0.5522,1
560331,1,0.8447,1
560369,1,0.9663,1
560371,1,0.8745,1
560378,1,0.9146,1
560418,1,0.8745,1
560448,1,0.6274,1
560481,1,0.582,1
560563,1,0.7593,1
560568,1,0.373,0
560571,1,0.3064,0
560580,1,0.0732,0
560607,1,0.8516,1
560642,1,0.8423,1
560701,1,0.865,1
560762,1,0.893,1
560834,1,0.5522,1
560885,1,0.9707,1
560908,1,0.6665,1
561061,1,0.8843,1
561095,1,0.8584,1
561150,1,0.6367,1
561158,1,0.6763,1
561160,1,0.6094,1
561168,1,0.873,1
561185,1,0.8755,1
561227,1,0.6377,1
561272,1,0.7925,1
561321,1,0.5522,1
561353,1,0.778,1
561378,1,0.8706,1
561410,1,0.8525,1
561487,1,0.9233,1
561495,1,0.9023,1
561513,1,0.811,1
561632,1,0.4521,0
561656,1,0.6636,1
561688,1,0.5527,1
561873,1,0.8564,1
561904,1,0.9736,1
561909,1,0.8,1
561961,1,0.723,1
562130,1,0.847,1
562174,1,0.9194,1
562298,1,0.9795,1
562329,1,0.814,1
562348,1,0.773,1
562429,1,0.5166,1
562443,1,0.8525,1
562463,1,0.8447,1
562515,1,0.965,1
562535,1,0.73,1
562588,1,0.9087,1
562638,1,0.668,1
562689,1,0.869,1
562707,1,0.772,1
562811,1,0.9756,1
562812,1,0.8975,1
562829,1,0.544,1
562834,1,0.7397,1
562880,1,0.971,1
562904,1,0.712,1
562915,1,0.855,1
562938,1,0.981,1
562970,1,0.3904,0
562971,1,0.1774,0
562973,1,0.5767,1
562999,1,0.6587,1
563111,1,0.712,1
563265,1,0.609,1
563284,1,0.5464,1
563326,1,0.8174,1
563341,1,0.664,1
563415,1,0.914,1
563477,1,0.3223,0
563541,1,0.8438,1
563553,1,0.3464,0
563731,1,0.826,1
563759,1,0.9614,1
563769,1,0.5425,1
563779,1,0.1746,0
563809,1,0.712,1
563820,1,0.4238,0
563950,1,0.642,1
563980,1,0.9517,1
564050,1,0.8765,1
564062,1,0.2861,0
564173,1,0.928,1
564256,1,0.76,1
564297,1,0.286,0
564433,1,0.5645,1
564464,1,0.673,1
564481,1,0.7705,1
564581,1,0.7524,1
564689,1,0.752,1
564736,1,0.6436,1
564943,1,0.9014,1
565008,1,0.7393,1
565012,1,0.9165,1
565023,1,0.463,0
565098,1,0.7812,1
565140,1,0.905,1
565173,1,0.976,1
565175,1,0.9136,1
565178,1,0.8564,1
565251,1,0.889,1
565253,1,0.583,1
565259,1,0.59,1
565317,1,0.03943,0
565320,1,0.431,0
565323,1,0.808,1
565393,1,0.3684,0
565462,1,0.6675,1
565467,1,0.907,1
565489,1,0.9683,1
565516,1,0.5845,1
565533,1,0.937,1
565563,1,0.963,1
565582,1,0.87,1
565598,1,0.797,1
565611,1,0.817,1
565628,1,0.9565,1
565656,1,0.869,1
565711,1,0.8066,1
565732,1,0.821,1
565771,1,0.7666,1
565783,1,0.7593,1
565880,1,0.9756,1
565899,1,0.8745,1
565939,1,0.769,1
566018,1,0.809,1
566023,1,0.534,1
566056,1,0.815,1
566086,1,0.9097,1
566095,1,0.8584,1
566107,1,0.6807,1
566286,1,0.778,1
566373,1,0.986,1
566391,1,0.983,1
566418,1,0.6484,1
566435,1,0.9854,1
566473,1,0.768,1
566508,1,0.2268,0
566569,1,0.748,1
566600,1,0.803,1
566636,1,0.8667,1
566684,1,0.678,1
566778,1,0.6475,1
566813,1,0.882,1
566840,1,0.876,1
566845,1,0.963,1
566850,1,0.796,1
566852,1,0.6953,1
566872,1,0.648,1
566881,1,0.843,1
566897,1,0.656,1
566906,1,0.501,1
566976,1,0.541,1
567036,1,0.957,1
567156,1,0.907,1
567161,1,0.5737,1
567163,1,0.239,0
567164,1,0.7065,1
567308,1,0.8745,1
567336,1,0.93,1
567341,1,0.1056,0
567377,1,0.836,1
567381,1,0.764,1
567403,1,0.7383,1
567447,1,0.7075,1
567465,1,0.2683,0
567473,1,0.8506,1
567486,1,0.365,0
567506,1,0.744,1
567513,1,0.6157,1
567537,1,0.821,1
567594,1,0.7607,1
567627,1,0.5693,1
567694,1,0.697,1
567717,1,0.3965,0
567719,1,0.867,1
567733,1,0.7764,1
567788,1,0.1128,0
567821,1,0.599,1
567828,1,0.09705,0
567829,1,0.721,1
567855,1,0.7686,1
567856,1,0.555,1
567863,1,0.779,1
567927,1,0.7983,1
567979,1,0.4607,0
568006,1,0.7085,1
568044,1,0.7637,1
568195,1,0.3704,0
568263,1,0.809,1
568304,1,0.271,0
568305,1,0.682,1
568361,1,0.9307,1
568380,1,0.763,1
568385,1,0.5767,1
568422,1,0.853,1
568463,1,0.772,1
568464,1,0.8647,1
568484,1,0.552,1
568491,1,0.802,1
568492,1,0.689,1
568529,1,0.747,1
568592,1,0.722,1
568595,1,0.7104,1
568607,1,0.375,0
568624,1,0.883,1
568721,1,0.9575,1
568864,1,0.637,1
568913,1,0.815,1
568982,1,0.5312,1
569020,1,0.7456,1
569126,1,0.6426,1
569200,1,0.5825,1
569247,1,0.595,1
569303,1,0.2095,0
569335,1,0.11536,0
569381,1,0.7373,1
569394,1,0.723,1
569404,1,0.6816,1
569447,1,0.879,1
569478,1,0.9653,1
569497,1,0.875,1
569542,1,0.6777,1
569585,1,0.8223,1
569612,1,0.703,1
569631,1,0.2544,0
569706,1,0.7227,1
569711,1,0.918,1
569799,1,0.8916,1
569803,1,0.5005,1
569833,1,0.5044,1
569855,1,0.824,1
569879,1,0.701,1
570004,1,0.882,1
570096,1,0.662,1
570124,1,0.907,1
570203,1,0.65,1
570208,1,0.8306,1
570257,1,0.542,1
570264,1,0.9365,1
570277,1,0.789,1
570319,1,0.711,1
570335,1,0.9077,1
570394,1,0.9136,1
570412,1,0.5215,1
570448,1,0.8086,1
570474,1,0.9473,1
570525,1,0.747,1
570528,1,0.9634,1
570558,1,0.6836,1
570578,1,0.82,1
570639,1,0.8325,1
570641,1,0.968,1
570655,1,0.5376,1
570658,1,0.3198,0
570671,1,0.848,1
570711,1,0.8335,1
570778,1,0.9946,1
570786,1,0.4495,0
570816,1,0.788,1
570824,1,0.934,1
570831,1,0.9653,1
570980,1,0.9097,1
571018,1,0.838,1
571048,1,0.9395,1
571063,1,0.7603,1
571083,1,0.827,1
571087,1,0.872,1
571105,1,0.752,1
571146,1,0.723,1
571153,1,0.901,1
571171,1,0.7593,1
571226,1,0.781,1
571234,1,0.935,1
571245,1,0.6606,1
571294,1,0.9834,1
571297,1,0.5996,1
571329,1,0.5913,1
571404,1,0.8096,1
571472,1,0.6816,1
571554,1,0.941,1
571571,1,0.2993,0
571623,1,0.4626,0
571696,1,0.811,1
571724,1,0.6753,1
571794,1,0.8994,1
571807,1,0.756,1
571813,1,0.701,1
571939,1,0.661,1
571953,1,0.924,1
571962,1,0.2186,0
571970,1,0.857,1
571978,1,0.3262,0
572006,1,0.786,1
572036,1,0.7095,1
572086,1,0.858,1
572113,1,0.8633,1
572130,1,0.5767,1
572139,1,0.607,1
572196,1,0.877,1
572294,1,0.7695,1
572297,1,0.766,1
572303,1,0.66,1
572318,1,0.8726,1
572344,1,0.9575,1
572353,1,0.8726,1
572392,1,0.9805,1
572400,1,0.98,1
572422,1,0.3704,0
572423,1,0.6255,1
572441,1,0.8643,1
572454,1,0.838,1
572464,1,0.6416,1
572547,1,0.3877,0
572607,1,0.8267,1
572632,1,0.543,1
572653,1,0.4014,0
572689,1,0.0509,0
572712,1,0.6025,1
572728,1,0.7295,1
572796,1,0.8984,1
572820,1,0.9575,1
572834,1,0.6265,1
572855,1,0.7495,1
572857,1,0.9253,1
572880,1,0.778,1
572904,1,0.962,1
572924,1,0.862,1
572937,1,0.6157,1
572973,1,0.978,1
572981,1,0.9053,1
572993,1,0.769,1
573008,1,0.822,1
573098,1,0.7773,1
573144,1,0.8716,1
573172,1,0.4263,0
573225,1,0.2405,0
573231,1,0.8325,1
573239,1,0.702,1
573250,1,0.78,1
573279,1,0.6772,1
573306,1,0.772,1
573315,1,0.904,1
573346,1,0.8066,1
573421,1,0.9395,1
573431,1,0.856,1
573468,1,0.6934,1
573474,1,0.924,1
573533,1,0.6606,1
573592,1,0.4436,0
573593,1,0.8667,1
573645,1,0.694,1
573669,1,0.8154,1
573721,1,0.806,1
573728,1,0.8413,1
573780,1,0.8486,1
573787,1,0.7583,1
573926,1,0.803,1
573960,1,0.838,1
573988,1,0.978,1
573991,1,0.6523,1
574011,1,0.9414,1
574028,1,0.9614,1
574045,1,0.71,1
574046,1,0.4329,0
574047,1,0.8765,1
574082,1,0.782,1
574135,1,0.8276,1
574184,1,0.6685,1
574223,1,0.91,1
574284,1,0.822,1
574364,1,0.7383,1
574384,1,0.793,1
574398,1,0.2173,0
574408,1,0.01578,0
574427,1,0.947,1
574460,1,0.755,1
574582,1,0.617,1
574606,1,0.748,1
574669,1,0.8716,1
574704,1,0.944,1
574721,1,0.5874,1
574741,1,0.547,1
574842,1,0.6406,1
574869,1,0.7734,1
574932,1,0.8423,1
575017,1,0.7925,1
575071,1,0.619,1
575078,1,0.8794,1
575161,1,0.8047,1
575224,1,0.5576,1
575297,1,0.7686,1
575314,1,0.7456,1
575335,1,0.09186,0
575344,1,0.8486,1
575363,1,0.855,1
575384,1,0.769,1
575449,1,0.8076,1
575538,1,0.748,1
575548,1,0.383,0
575639,1,0.9424,1
575712,1,0.9033,1
575720,1,0.8765,1
575724,1,0.8037,1
575766,1,0.7974,1
575812,1,0.6606,1
575845,1,0.8716,1
575849,1,0.1404,0
575871,1,0.8345,1
575914,1,0.7393,1
575926,1,0.9136,1
575930,1,0.5547,1
575949,1,0.82,1
575966,1,0.6045,1
576016,1,0.909,1
576056,1,0.858,1
576170,1,0.965,1
576175,1,0.938,1
576188,1,0.6636,1
576220,1,0.9375,1
576221,1,0.715,1
576238,1,0.6045,1
576270,1,0.9688,1
576437,1,0.9062,1
576463,1,0.4304,0
576489,1,0.7246,1
576524,1,0.899,1
