threshold,signal_yield,background_yield,signal_efficiency,background_efficiency,background_neff,s_over_b,asimov_z_bkg_syst_0,asimov_z_bkg_syst_0.0001,asimov_z_bkg_syst_0.01,asimov_z_bkg_syst_0.05,asimov_z_bkg_syst_0.1
0.0,682.5695760001637,1186262829.1693516,1.0000000000002398,1.0000000000022633,392044.9999987882,5.753948949729079e-07,0.019817844838867952,0.005529034847351704,5.753923593874143e-05,0.0003369528310483493,5.753947603607738e-06
0.0005,682.5289640001637,853850830.8360859,0.9999405013038022,0.7197821678657034,282187.0000014368,7.99353867620923e-07,0.023357697273361837,0.0075633190950825215,0.0006055463156115974,1.5987069347946078e-05,0.00038197383411165054
0.001,682.5105040001637,817867620.8356134,0.9999134564417851,0.6894489153050122,270295.00000140636,8.344999687147957e-07,0.023865348015897788,0.007862365483960042,8.344946349532904e-05,0.0005808292596285814,0.00041842686282478526
0.0015,682.4883520001637,794154165.0019686,0.9998810026073646,0.6694588631423704,262458.0000013863,8.593902570522587e-07,0.024218250807081964,0.008100365905896087,0.00025292719102931255,1.718779588879283e-05,8.593899567612782e-06
0.002,682.4735840001637,775242706.6683869,0.9998593667177508,0.6535168156731205,256208.00000137024,8.803353815904964e-07,0.024511333435261035,0.008290787021367334,0.0007436554477049615,0.0003515233083725712,0.0004505137600009722
0.0025,682.4403560001637,759487192.5015134,0.99981068596612,0.640235177085539,251001.0000013569,8.98554133286196e-07,0.024763065622887135,0.008465472715741308,0.0003670364689694949,1.7971072550642443e-05,0.0002443667353160337
0.003,682.4108200001637,745955665.834669,0.9997674141868926,0.6288283232803413,246529.00000134547,9.148141789855523e-07,0.024985573914609677,0.008588018405849418,0.00027661452492835323,1.8296273095024387e-05,9.148138387058167e-06
0.0035,682.3886680001636,734357646.66785,0.9997349603524721,0.6190513844083997,242696.00000133563,9.292320589245638e-07,0.02518128730687745,0.008730813605031675,9.292254443333192e-05,0.00041242473034347807,0.0002060282621621371
0.004,682.3406720001636,723997193.3343806,0.9996646437112275,0.6103176931228459,239272.00000130263,9.424631452749599e-07,0.025359036532963883,0.00881776085638215,0.0003090056227639514,1.884925177693046e-05,9.424627841087576e-06
0.0045000000000000005,682.2963680001636,714399250.0009212,0.9995997360423865,0.6022267851912522,236100.00000120993,9.550631079179936e-07,0.025527159696096303,0.00894253451214633,0.0003531057326876564,1.9101250729895226e-05,9.550627370259066e-06
0.005,682.2668320001636,705872451.6674759,0.999556464263159,0.5950388348283168,233282.00000112757,9.665582363902303e-07,0.025679766615425974,0.00902907421047709,9.665510785057446e-05,0.0002937639104540085,0.0003160060331107709
0.0055,682.2336040001636,697766244.1673695,0.9995077835115282,0.5882054356010975,230603.00000104928,9.777394789486547e-07,0.0258272435791785,0.00914897209799907,9.777321541597477e-05,0.0004826221920384825,9.777390902286187e-06
0.006,682.2077600001636,690489115.0006073,0.9994699207047043,0.5820709357349301,228198.00000097897,9.880065379445751e-07,0.02596200117628117,0.009237597532694998,9.8799905824536e-05,0.0003333714778046228,0.0004254618467658507
0.006500000000000001,682.1634560001636,683759661.6671855,0.9994050130358632,0.5763981175634723,225974.00000091398,9.976655457224107e-07,0.026087750963220663,0.009312011362629156,9.976579185884216e-05,1.9953298442529414e-05,9.976651409894114e-06
0.007,682.1117680001636,677574858.333771,0.9993292874222153,0.5711844303591287,223930.00000085423,1.0066958058000402e-06,0.026204557347657247,0.009392668978780374,0.00010066880394067684,2.0133903416833592e-05,1.0066953937014628e-05
0.0075,682.0748480001636,671471752.5003575,0.999275197698181,0.5660396127998524,221913.00000079526,1.0157908288179262e-06,0.026321951689559843,0.00947839907294128,0.00010157829210507301,2.0315803646365348e-05,1.0157904092353872e-05
0.008,682.0526960001636,665843702.5002836,0.9992427438637604,0.5612952594730036,220053.0000007409,1.0243435410427616e-06,0.02643210236026215,0.009541649828737434,0.00018972119754869443,2.0486857672010845e-05,0.0002181329187517014
0.0085,682.0194680001636,660584804.1668812,0.9991940631121297,0.5568620949127546,218315.0000006901,1.0324480122734815e-06,0.026535813565808607,0.0096253890616536,0.00012225878760192946,0.00037568780873337403,0.00018759420385695152
0.009000000000000001,681.9899320001635,655383396.6668129,0.9991507913329023,0.5524773941768122,216596.00000063988,1.040596901704663e-06,0.026639751576684998,0.009687012625960953,0.00037412345635203886,2.081192446408616e-05,1.0405964613692331e-05
0.0095,681.9567040001635,650529960.0000825,0.9991021105812714,0.5483860271143038,214992.000000593,1.048309449114499e-06,0.026737640262541426,0.009740288244722239,0.0001494784586061361,0.0005481998026406577,0.0002739234079556222
0.01,681.9050160001635,645682575.0000188,0.9990263849676235,0.5442997615069857,213390.00000054616,1.0560994556809027e-06,0.026835783247892847,0.009839256524514268,0.00010560909058369652,0.00038345243019419787,0.0003291596637614793
0.0105,681.8754800001635,640941094.1666232,0.998983113188396,0.5403027713654953,211823.00000050038,1.0638660653936767e-06,0.026933695011108434,0.009902077477273025,0.0002862323450920556,2.1277307123079396e-05,1.0638656051311452e-05
0.011,681.8459440001635,636453783.333231,0.9989398414091687,0.5365200423419918,210340.00000045702,1.0713204349720495e-06,0.027027305314405507,0.009961131498994562,0.0004733013803235338,2.1426394314876894e-05,1.0713199682332791e-05
0.0115,681.8016400001635,632148022.4998411,0.9988749337403277,0.532890356974193,208917.00000041543,1.0785474536548674e-06,0.027117432740584847,0.01002419198975149,0.00010785385351934789,0.00035826680334552735,0.00041515252919628235
0.012,681.7757960001635,628054069.9997873,0.9988370709335036,0.5294392225380498,207564.0000003759,1.0855367850739258e-06,0.02720464000931274,0.010075872258906866,0.00039772531380057616,2.1710720931905937e-05,1.0855363058568962e-05
0.0125,681.7314920001635,624066021.6664016,0.9987721632646626,0.5260773635677343,206246.00000033737,1.0924028361290711e-06,0.02728965269399777,0.010141964412137319,0.00010923936861577377,0.0004270770454166456,0.00042902717671177624
0.013000000000000001,681.7019560001635,620080999.1663493,0.9987288914854352,0.5227180553250139,204929.00000029884,1.099375657239391e-06,0.027376016170221052,0.01020694368898048,0.00010993663897031625,0.00019329617752775668,0.0003833017627302663
0.0135,681.6834960001635,616071769.99963,0.9987018466234181,0.519338341261533,203604.00000026016,1.1065001339057832e-06,0.027464205819435025,0.010262412874124346,0.0002465187343204539,2.2129987331617317e-05,0.00018802751277178283
0.014,681.6428840001635,612510364.1662499,0.9986423479269804,0.5163361348821238,202427.00000022576,1.1128675102959555e-06,0.027542293620152945,0.010312160361145732,0.0001112858013110482,2.2257334681856235e-05,1.1128670066268133e-05
0.0145,681.6133480001635,609030655.8328708,0.998599076147753,0.5134027981477819,201277.0000001921,1.119177403423204e-06,0.02761966640464171,0.010387752139648569,0.00011191677978380089,0.0004077779391473358,0.0003302673924444946
0.015,681.5727360001634,605793014.1661617,0.9985395774513153,0.5106735196210462,200207.00000016086,1.125091772374279e-06,0.02769172421499117,0.010422572937181233,0.00011250820644454676,2.2501819579737973e-05,1.1250912575697329e-05
0.0155,681.5432000001634,602591682.499453,0.9984963056720879,0.5079748498254516,199149.00000012995,1.131019925753426e-06,0.0277639811411257,0.01047154705645662,0.00029220831474408064,2.262038247933953e-05,1.1310194055054715e-05
0.016,681.5099720001634,599520461.6660793,0.9984476249204571,0.5053858613164455,198134.00000010026,1.1367584854505778e-06,0.027833647803398646,0.010524820406515634,0.0001136748574272161,0.00027046212173672683,0.00013480973392900937
0.0165,681.4767440001634,596479499.1660393,0.9983989441688262,0.5028223800833901,197129.0000000709,1.142498183010417e-06,0.02790314759213459,0.010572209875281251,0.00011424881710264003,2.2849947296600785e-05,1.1424976521399793e-05
0.017,681.4324400001634,593374994.1659986,0.9983340364999852,0.5002053335708381,196103.0000000409,1.148401005603432e-06,0.027974227421255833,0.010632775396631784,0.000114839088926805,2.296800357843289e-05,1.148400469226952e-05
0.0175,681.3844440001634,590482297.4992939,0.9982637198587407,0.49776683798994154,195147.00000001298,1.1539455914018796e-06,0.028040689589909986,0.01065533815231538,0.0003179886586068105,0.00038258686317081165,1.153945049826666e-05
0.018000000000000002,681.3622920001634,587719711.6659243,0.9982312660243201,0.49543802369563356,194233.99999998626,1.1593320395342943e-06,0.02810560140865299,0.010710715341362037,0.00011593217286840258,2.318662393998985e-05,1.1593314928880888e-05
0.0185,681.3142960001634,584805834.165886,0.9981609493830756,0.49298167302157153,193270.99999995812,1.1650265031502776e-06,0.028173549715312923,0.010762106780186286,0.00011650160900596045,0.0002564314416828604,1.1650259511137823e-05
0.019,681.2699920001634,582009964.1658493,0.9980960417142345,0.4906248007237176,192346.99999993114,1.1705469561446012e-06,0.0282393024747548,0.010806738531922764,0.00011705364434824573,2.341092194351565e-05,0.00024445199533482245
0.0195,681.2183040001634,579444057.499149,0.9980203161005866,0.4884617837230898,191498.99999990634,1.1756411946655677e-06,0.02829961107876097,0.010851751428045953,0.00011756305895327324,0.0001081305362587933,0.0002590996287576257
0.02,681.1887680001633,576869073.3324485,0.9979770443213593,0.4862911145396767,190647.99999988146,1.180837731627876e-06,0.0283614718087047,0.010894566507578063,0.00011808270320916779,0.0003590148455580489,0.00017916507579265843
0.0205,681.1481560001633,574360657.4990822,0.9979175456249215,0.4841765613633554,189818.99999985725,1.1859241177243268e-06,0.02842164151912087,0.010939088374226877,0.00011859133251995472,0.0003371540768873931,0.00016820914725824152
0.021,681.1186200001633,571791724.9990485,0.9978742738456942,0.4820109936351325,188969.99999983242,1.1912005547147379e-06,0.028484180802663916,0.01097931999112589,0.00029932035952133984,0.00016796701045030977,0.00044426720184360664
0.021500000000000002,681.0632400001633,569510246.6656852,0.9977931392596427,0.4800877450284422,188215.9999998104,1.1958753051197727e-06,0.02853885746199909,0.011024402083013642,0.00011958643294055224,2.3917488168970682e-05,0.000285384559555879
0.022,681.0484720001633,566980649.9989853,0.9977715033700291,0.4779553367589553,187379.99999978597,1.201184682407384e-06,0.028601829750112277,0.011073068405370725,0.00023702072518148954,2.4023675554946202e-05,1.201184095531416e-05
0.0225,681.0226280001633,564671939.1656216,0.9977336405632051,0.4760091316039093,186616.99999976365,1.2060500633455691e-06,0.028659153045074083,0.011122940445350933,0.00016112918126757052,2.412098302651644e-05,0.00016162472582459842
0.023,680.9857080001633,562466106.6655927,0.9976795508391709,0.474149651187096,185887.99999974234,1.2107142100297876e-06,0.028713737839169893,0.01114818095013739,0.00033298269286484347,2.421426581837947e-05,1.2107136137950752e-05
0.0235,680.9377120001633,560242119.1655635,0.9976092341979264,0.4722748664047122,185152.99999972087,1.2154346999371742e-06,0.028768645920986647,0.011195107928657418,0.00021070484772849667,2.430867547229427e-05,1.2154340990364e-05
0.024,680.9155600001633,558090751.6655352,0.9975767803635058,0.4704612990846103,184441.99999970009,1.2200803506742883e-06,0.02882310457626053,0.011229595741611954,0.00012200689237898726,0.0004337769440953953,0.00032995457478942675
0.0245,680.8564880001633,555990823.3321743,0.997490236805051,0.4686910941336248,183747.9999996798,1.2245822402600853e-06,0.02887497918748704,0.011270665387953994,0.00020835868601012055,0.00027149419887024324,0.00013525943330855073
0.025,680.8084920001633,553848533.3321462,0.9974199201638065,0.4668851789963082,183039.99999965908,1.2292322738568641e-06,0.028928730143867293,0.011308754392647679,0.0003153587726454289,2.4584626525992867e-05,1.229231659214789e-05
0.025500000000000002,680.7715720001632,551754656.665452,0.9973658304397723,0.4651200755005128,182347.99999963888,1.2338302246770863e-06,0.02898199779448648,0.011347126001710856,0.00012338185364250208,2.4676585399873415e-05,1.2338296054222048e-05
0.026000000000000002,680.7420360001632,549663805.8320912,0.9973225586605449,0.46335752273231257,181656.99999961868,1.2384698224210767e-06,0.029035807551531845,0.011397566995790882,0.00038400701449437885,2.476937721049565e-05,0.00026038913029389284
0.0265,680.7051160001632,547630445.8320645,0.9972684689365107,0.4616434337884188,180984.99999959904,1.243000861586332e-06,0.029088085109828278,0.011435010505654045,0.00023895270397722112,2.485999785228399e-05,1.2430002330807467e-05
0.027,680.6608120001632,545460923.332036,0.9972035612676695,0.45981456210274646,180267.99999957805,1.2478635643452457e-06,0.02914397834553734,0.011477678682967554,0.00021557651757666708,0.00044435923405023163,0.0004127266902734234
0.0275,680.5943560001632,543466899.1653432,0.997106199764408,0.45813363261758877,179608.99999955882,1.2523197954565778e-06,0.029194544503004724,0.01151530158876568,0.00012523077512743044,2.504637623651979e-05,1.252319157472952e-05
0.028,680.5648200001632,541478926.665317,0.9970629279851805,0.4564578045876212,178951.9999995396,1.25686298484671e-06,0.029246818165113483,0.011547283958535997,0.00012192023911651375,2.5137239880923326e-05,1.2568623422206749e-05
0.0285,680.5205160001632,539720917.4986273,0.9969980203163394,0.4549758318548797,178370.99999952264,1.2608748224065153e-06,0.029292504574772123,0.01158443419879555,0.00012608626118401918,2.521747650480604e-05,1.2608741756638762e-05
0.029,680.4799040001632,537835823.3319359,0.9969385216199018,0.45338672856314494,177747.99999950445,1.2652186308166232e-06,0.02934204303240538,0.01162039491358843,0.0002895668800788378,0.0002484325267254359,1.2652179796031367e-05
0.029500000000000002,680.4429840001632,535962832.4985959,0.9968844318958675,0.45180782818180554,177128.9999994982,1.2695712141605374e-06,0.029391673304272836,0.011659098962919529,0.00030844775819047557,2.5391404062755844e-05,0.0002205102569638021
0.03,680.4208320001632,534098919.1652748,0.996851978061447,0.4502365799832672,176512.99999950448,1.273960323798389e-06,0.02944195603752064,0.011691939956693565,8.775658508414543e-05,0.00017154345016829177,1.2739596635446917e-05
0.0305,680.4023720001632,532301574.1652866,0.9968249331994299,0.44872144779181955,175918.9999995105,1.2782272400135517e-06,0.029490820192861922,0.011734488811238267,0.00012782146889639913,2.5564524302574048e-05,1.2782265753263739e-05
0.031,680.3802200001631,530458841.6652987,0.9967924793650094,0.44716805468644644,175309.9999995167,1.2826258449462507e-06,0.029541037241681768,0.011776871883190473,0.00023270346176480156,2.565249625959812e-05,0.00011065285086289298
0.0315,680.3174560001631,528652419.16531056,0.9967005268341511,0.4456452703122137,174712.99999952278,1.286889894638743e-06,0.029588735753691513,0.01180038444233972,0.00012868771713759228,2.5737777115092103e-05,1.2868892208965672e-05
0.032,680.2842280001631,527030572.49865454,0.9966518460825203,0.44427808032127775,174176.9999995282,1.2907870311487477e-06,0.029632780519844647,0.011830542941867774,0.00035308298756456594,2.5815719718779568e-05,1.2907863533137768e-05
0.0325,680.2546920001631,525478319.99866474,0.9966085743032929,0.4429695570650275,173663.99999953344,1.29454378251398e-06,0.029675227075171985,0.011870702321369811,0.0001294530906320438,0.00012701696898382607,0.00034722516039023755
0.033,680.1956200001631,523792930.83200914,0.9965220307448381,0.44154880179459594,173106.9999995391,1.2985964108368531e-06,0.029720350076688364,0.011897794277496179,0.00027927617387210987,0.0004450640285379046,1.298595724759001e-05
0.0335,680.1623920001631,522050050.8320206,0.9964733499932072,0.4400795826998588,172530.99999954496,1.3028681654491749e-06,0.02976846558224808,0.011939868951487739,0.00013997568871872853,0.000527606590039706,0.00010715970383523016
0.034,680.0996280001631,520419126.6653646,0.9963813974623491,0.4387047405261378,171991.99999955043,1.306830577803638e-06,0.0298123230024005,0.011966334397781558,0.00013068174531685403,0.00030236659574813587,0.00015068428846908585
0.0345,680.0664000001631,518785176.66537535,0.9963327167107183,0.4373273476248217,171451.99999955593,1.3108824819773459e-06,0.029857775214906342,0.012001068777087728,0.00013108692752120314,0.0004984350452990872,0.000484508165808935
0.035,680.0368640001631,517238975.8320522,0.9962894449314909,0.4360239258237615,170940.9999995611,1.314744046320615e-06,0.02990107065840394,0.01203648154633375,0.0003946965837593483,0.00048454837745601773,0.0002419592581200778
0.035500000000000004,679.996252000163,515695800.8320623,0.9962299462350532,0.4347230547502963,170430.99999956632,1.3185995521061178e-06,0.02994398703068388,0.012062695283097018,0.00031772000045403494,0.0006512375972538357,0.000325383111886214
0.036000000000000004,679.951948000163,514219194.16540533,0.9961650385662121,0.4334782996839218,169942.99999957127,1.3222998202230615e-06,0.029984995284587052,0.01209783326075441,0.00013222863802410373,2.644597446208861e-05,0.00045707757984438476
0.0365,679.900260000163,512833362.49874777,0.9960893129525642,0.4323100664453982,169484.99999957593,1.325772287293074e-06,0.030023199769236487,0.012122731814111982,0.0004377053263362293,2.6515423687306613e-05,1.3257715721433819e-05
0.037,679.870724000163,511402143.3320905,0.9960460411733368,0.43110357229294916,169011.99999958073,1.3294248623410122e-06,0.030063876049951713,0.012147707106474758,0.00028946883505570706,0.0004875950409295376,0.0002434774469335372
0.0375,679.815344000163,509892252.4987671,0.9959649065872854,0.4298307592230293,168512.99999958582,1.333252938574129e-06,0.03010590311244075,0.012186345434168414,0.00013332392723880253,2.666503646198911e-05,1.333252215314899e-05
0.038,679.771040000163,508436826.6654433,0.9958999989184444,0.42860385924982,168031.9999995907,1.336982304091555e-06,0.030146997301380506,0.012214991488177883,0.0001336968560488348,2.673962364666975e-05,0.00040844702073106567
0.0385,679.737812000163,507023762.4987859,0.9958513181668135,0.4274126694629411,167564.99999959546,1.3406429092202373e-06,0.030187501894060595,0.012251919633304797,5.0562106962701345e-05,2.68128356257051e-05,1.3406421779059319e-05
0.039,679.693508000163,505583465.8321287,0.9957864104979725,0.42619852312770695,167088.99999960032,1.3443744780725185e-06,0.030228499727089964,0.012277177407963304,0.00029893536577297436,2.6887466876302218e-05,1.3443737426727775e-05
0.0395,679.671356000163,504179479.16547126,0.9957539566635519,0.42501498552361316,166624.999999605,1.3480742158034072e-06,0.03026957248615657,0.012315485497266687,0.00013480602412554204,0.00027050791166474214,0.0004313454644842095
0.04,679.638128000163,502820879.9988135,0.995705275911921,0.4238697088334448,166175.99999960957,1.3516505678956027e-06,0.03030895655977996,0.012346180568495825,0.00013516365184456432,2.7032988425668094e-05,0.00028905319524974503
0.0405,679.593824000163,501453203.3321558,0.99564036824308,0.42271677996049134,165723.99999961417,1.3552487440189093e-06,0.030348282656760386,0.012373381722919491,0.00032579590866752,0.00028543586577636185,1.3552479966543576e-05
0.041,679.5236760001629,500103681.665498,0.9955375977674149,0.4215791554531081,165277.9999996187,1.3587655938407442e-06,0.030386065435415666,0.01240919712704627,0.0002767542666531929,0.0003526130914522691,0.00029401318900477297
0.0415,679.4756800001629,498684565.832174,0.9954672811261704,0.42038286421103915,164808.99999962348,1.3625360128527257e-06,0.030427120524061012,0.012435272844037013,0.00013625217329350743,0.0004732997426996012,1.3625352574055545e-05
0.042,679.4424520001629,497377405.8321826,0.9954186003745396,0.4192809498899863,164376.99999962788,1.366050094019369e-06,0.030465587190644704,0.012460585474843026,0.00014894847292405876,0.0002774562284956317,1.3660493346637508e-05
0.0425,679.3796880001629,496112607.49885756,0.9953266478436814,0.41821474575526385,163958.99999963213,1.3694062149019815e-06,0.030501579345285246,0.012495286746647842,0.0001614606596030084,2.7388100755151993e-05,0.00044191103831781926
0.043000000000000003,679.3464600001629,494687439.9988669,0.9952779670920505,0.41701335305800485,163487.9999996369,1.3732842297385171e-06,0.03054399045509688,0.012519301143924634,0.00013732697210032518,0.00014908001735714177,1.3732834622994198e-05
0.043500000000000004,679.3132320001629,493489209.9988748,0.9952292863404197,0.4160032649303731,163091.99999964095,1.3765513373670556e-06,0.03057955377246234,0.012553116754427803,0.00023547771158660252,8.42266464031563e-05,1.3765505662652473e-05
0.044,679.2652360001629,492284928.332216,0.9951589696991753,0.4149880753475513,162693.999999645,1.3798213126317044e-06,0.03061477124631844,0.012579684614436015,0.000420213241195047,2.7596402348382508e-05,0.0003891471363905941
0.0445,679.2209320001629,491053414.16555744,0.9950940620303341,0.41394992921637414,162286.99999964912,1.3831915478163546e-06,0.030651137319910714,0.012602847427727236,0.00018634393520619208,2.766380693442507e-05,0.0003083555620254024
0.045,679.1766280001629,489788615.8322324,0.9950291543614931,0.4128837250816517,161868.99999965337,1.386672956549079e-06,0.030688685659042474,0.012643536977127343,0.00013866581599946627,2.773343498726545e-05,1.3866721740374794e-05
0.0455,679.1360160001628,488487507.4989076,0.9949696556650554,0.41178691221578895,161438.99999965774,1.3902832837576334e-06,0.03072769130405223,0.012670875273611189,8.76912535550594e-05,2.780564140487155e-05,0.00022548644002394152
0.046,679.0843280001628,487210605.83224934,0.9948939300514075,0.4107105051706864,161016.99999966205,1.3938209059307243e-06,0.030765589437889047,0.012695229850449359,0.0001393805954495467,0.0003026430723166869,0.0003618137704108105
0.0465,679.0511000001628,485909497.49892455,0.9948452492997767,0.4096136923048236,160586.99999966644,1.3974847239977353e-06,0.030805244634908045,0.012727251191441424,0.00035278396750627184,9.373143779346392e-05,1.3974839292096437e-05
0.047,678.9957200001628,484623518.33226633,0.9947641147137253,0.40852963307693596,160161.99999967075,1.4010787638552686e-06,0.03084357372236834,0.012759365472889429,0.0001401063654420512,2.802155062605713e-05,0.00045982648782945916
0.0475,678.9661840001628,483425288.3322742,0.9947208429344979,0.4075195449493042,159765.99999967476,1.4044904153493246e-06,0.03088043152837129,0.012787346177867377,0.0002837232627610014,0.0002584210122678826,0.0003519420096650265
0.048,678.9144960001628,482124179.9989494,0.9946451173208499,0.4064227320834414,159335.99999967913,1.4081735041823503e-06,0.03091971791794049,0.012821142021551855,0.0005174892713824096,0.0003017482429099872,0.00036005692204803226
0.0485,678.8849600001628,480886614.1656242,0.9946018455416226,0.4053794844970742,158926.9999996833,1.4117360309104906e-06,0.030958131529457134,0.012844501150000284,0.00015834883138171992,2.8234695588804967e-05,1.4117352197936164e-05
0.049,678.8554240001628,479709564.99896526,0.9945585737623952,0.4043872514626077,158537.99999968725,1.4151383952530257e-06,0.030994740235019077,0.012868168995745053,0.00025908216910437275,2.8302742754352402e-05,1.415137580215349e-05
0.0495,678.8148120001628,478553696.6656395,0.9944990750659575,0.4034128735213063,158155.99999969115,1.4184715669941707e-06,0.03103029253275772,0.012890069693921348,0.00014184560761524955,2.83694060698482e-05,0.00014581186609502822
0.05,678.7742000001628,477325208.33231425,0.9944395763695199,0.4023772781177242,157749.99999969528,1.4220371942468194e-06,0.031068339211346017,0.01293403514184129,0.0001422021624537734,0.0002081187320559957,0.00025227648551554043
0.0505,678.7298960001627,476169339.9989885,0.9943746687006787,0.4014029001764229,157367.99999969915,1.4253960492324107e-06,0.03110399415795799,0.012959554599339337,0.00014253804049087825,0.00031515264739001786,1.425395222308612e-05
0.051000000000000004,678.7151280001627,475046755.8323292,0.994353032811065,0.4004565802386668,156996.99999970294,1.428733318704569e-06,0.031140045852200978,0.012987984457037431,0.00033107569003735994,0.0001226418838164187,0.00033024467411594627
0.051500000000000004,678.6745160001627,473993765.8323361,0.9942935341146274,0.3995689270355965,156648.99999970646,1.4318216080509116e-06,0.031172750491228196,0.013011642094227869,0.0001431805821131734,0.0002504866825790671,1.4318207736425903e-05
0.052000000000000005,678.6117520001627,472868155.8323435,0.9942015815837691,0.39862005637024545,156276.99999971024,1.435097169539084e-06,0.031206943755841158,0.013040208995991976,0.00030037532861009906,2.870191752127453e-05,0.0002128200341087744
0.0525,678.5822160001627,471679003.3323513,0.9941583098045418,0.3976176204253987,155883.99999971423,1.4386525819594828e-06,0.031244897008846556,0.013069833514876006,0.00014386366419748856,0.00032498278109016984,1.4386517395497964e-05
0.053,678.5489880001627,470577599.9990252,0.994109629052911,0.3966891555808079,155519.99999971795,1.4419491875549713e-06,0.0312799087543669,0.013094434216666985,0.0002974650814058453,7.130410710561768e-05,3.297296449122797e-05
0.0535,678.4899160001627,469500403.33236563,0.9940230854944562,0.39578109655697735,155163.99999972156,1.4451316999611832e-06,0.03131304541957394,0.013117651106009378,0.00033836779542982835,0.0001760146536619341,0.0004048899986667488
0.054,678.4345360001627,468417154.9990394,0.9939419509084048,0.39486793607795667,154805.9999997252,1.4483554429204327e-06,0.031346672526401,0.013144261489177652,0.00010384191467275615,2.8967082505468432e-05,0.0003163472932274367
0.0545,678.3939240001627,467285493.3323802,0.9938824522119671,0.39391396395741557,154431.999999729,1.4517761276137477e-06,0.031382728170278075,0.013179690702138085,0.0004904435931302009,2.9035496073964647e-05,1.4517752697217592e-05
0.055,678.3570040001626,466265787.49905354,0.9938283624879329,0.3930543687578905,154094.99999973245,1.4548719253855604e-06,0.031415316036376234,0.013201280936850378,0.00018408600381942722,0.00010258035789855505,1.4548710638224082e-05
0.0555,678.2979320001626,465179513.332394,0.9937418189294781,0.39213865755127486,153735.99999973612,1.4581423140091831e-06,0.03144923584798328,0.013229596310626923,0.000294007007732901,2.9162819567370004e-05,1.4581414485546366e-05
0.056,678.2757800001626,464062980.83240134,0.9937093650950576,0.3911974390687089,153366.99999973984,1.4616028599900869e-06,0.031486018119850905,0.013258758716030378,0.00014615864002729523,2.9232030359633533e-05,1.4616019904176332e-05
0.0565,678.2499360001626,462982758.3324084,0.9936715022882336,0.39028682931728326,153009.99999974348,1.4649572231223318e-06,0.031521526892429444,0.0132893419428039,0.00014649406871665798,2.9299117498459088e-05,1.4649563495479525e-05
0.057,678.2314760001626,462029620.8324147,0.9936444574262164,0.3894833501248489,152694.99999974668,1.4679393818479177e-06,0.031553164759349564,0.013312861461516745,0.00014615385170350882,2.935876056273408e-05,0.0001697176031937147
0.0575,678.2056320001626,461025044.1657546,0.9936065946193925,0.388636508563299,152362.99999975006,1.4710819739248786e-06,0.03158631967344571,0.01332594986397009,0.00014710652983707592,2.9421612287740917e-05,1.4710810930202633e-05
0.058,678.1797880001626,459966002.4990949,0.9935687318125686,0.3877437539050386,152012.9999997536,1.4744128572882885e-06,0.03162145644105021,0.01336118272858776,0.0001474396105523648,2.9488229831248372e-05,0.0002795716110221883
0.0585,678.1465600001626,458937219.1657683,0.9935200510609378,0.38687650652272854,151672.99999975707,1.4776455943862242e-06,0.03165532787864334,0.01338015265049505,0.0003350566068843241,2.9552884452667464e-05,1.4776447055892775e-05
0.059000000000000004,678.1022560001626,457875151.6657753,0.9934551433920966,0.38598120113687306,151321.99999976065,1.4809763175249604e-06,0.03168994929519964,0.013411029591021606,0.0001480959414437302,0.0002640573150551117,0.00026090597677658276
0.059500000000000004,678.0653360001626,456931091.6657815,0.9934010536680624,0.3851853741272238,151009.99999976382,1.4839553454946941e-06,0.03172094232610088,0.01344352043029619,0.00011833331253046328,2.9679079238477845e-05,0.000280954816881837
0.06,678.0321080001626,455999134.99912095,0.9933523729164315,0.3843997500279546,150701.99999976694,1.486915338121134e-06,0.03175178485431051,0.013463514782536188,0.00014868982975065005,2.9738278979867083e-05,0.00031059810845416935
0.0605,677.9988800001626,454976403.332461,0.9933036921648007,0.3835376041008346,150363.9999997704,1.490184710754624e-06,0.031785894087538735,0.013495014408222641,0.00015823163174358555,2.9803666309586156e-05,1.4901838067735786e-05
0.061,677.9693440001626,454002084.99913406,0.9932604203855734,0.382716269815235,150041.99999977366,1.4933176881807837e-06,0.03181859691103417,0.013518347473154063,0.0004025812830059242,2.9866325740075353e-05,1.4933167803875044e-05
0.0615,677.9176560001625,452946069.16580766,0.9931846947719254,0.38182606588456963,149692.9999997772,1.4966851511675239e-06,0.031853238193677844,0.013546113503344406,0.00014966678830988082,0.000304004325016832,1.4966842392628479e-05
0.062,677.8659680001625,451962673.3324808,0.9931089691582775,0.380997079416185,149367.99999978053,1.4998273264515779e-06,0.031885441729353856,0.013570463703827265,0.0003920734933444034,2.9996518258615658e-05,0.00031517782701928854
0.0625,677.8364320001625,450994406.6658205,0.99306569737905,0.38018084658577544,149047.99999978376,1.5029819039472663e-06,0.03191826092962038,0.013598349881157263,0.00015029644882796436,3.0059609688901624e-05,1.502980984333481e-05
0.063,677.7958200001625,450086656.66582644,0.9930061986826124,0.37941562830726655,148747.9999997868,1.5059229371987408e-06,0.03194851733035245,0.013620078615728533,0.00015059054523048097,0.00036580112966940067,0.00018235088247277822
0.0635,677.7515160001625,449103260.83249956,0.9929412910137714,0.37858664183888185,148422.9999997901,1.5091217880356052e-06,0.03198138623108376,0.013651592550878708,0.0001509104227683111,3.01824071365566e-05,0.00036255780778206515
0.064,677.6887520001625,448150123.3325058,0.9928493384829131,0.3777831626464475,148107.99999979333,1.5121913767662852e-06,0.032012412755246494,0.01367066651501173,0.00015121737433430697,3.0243798793357538e-05,0.0002660868236513529
0.0645,677.6592160001625,447227244.1658452,0.9928060667036858,0.3770051907299634,147802.99999979645,1.5152458282457994e-06,0.032044028794347604,0.013700069363988706,0.0001515228122778006,0.00033948837690387127,0.0001691442755017853
0.065,677.6296800001625,446355804.16585094,0.9927627949244583,0.3762705811825949,147514.99999979936,1.5181379376627931e-06,0.03207389599537425,0.01371879942543787,0.000140014213657481,0.00044347776553707634,1.5181369993569065e-05
0.0655,677.5890680001625,445487389.99919,0.9927032962280207,0.3755385223628213,147227.9999998023,1.5210061681014013e-06,0.03210321836436861,0.013740986157428157,0.0003347567402512833,0.00029841271441362837,0.00026742623306064714
0.066,677.5779920001625,444573588.3325293,0.9926870693108104,0.37476820262912236,146925.99999980535,1.5241076163376399e-06,0.032135669492552324,0.01377008540682492,0.00026385724499162306,3.0482123127779e-05,0.00010806113423215459
0.0665,677.5558400001624,443699122.4992017,0.9926546154763899,0.37403104235415874,146636.9999998083,1.5270614829791138e-06,0.032166269586907555,0.013795939239224089,0.00022863065335643196,0.00012275217594927387,1.527060533591424e-05
0.067,677.5336880001624,442770191.6658745,0.9926221616419694,0.37324796898248463,146329.9999998114,1.5302152239540245e-06,0.03219894152434461,0.013820960634027716,0.00015301971637292233,0.0002162937472437763,0.0003313657861362993
0.0675,677.4967680001624,441750485.83254784,0.9925680719179351,0.3723883737829596,145992.99999981484,1.5336638888428472e-06,0.0322343263714993,0.013852902421473419,0.00015336457461760306,3.067324820891111e-05,0.000297048283547179
0.068,677.4376960001624,440857864.9992204,0.9924815283594803,0.37163590914242584,145697.99999981784,1.536635160181072e-06,0.03226412945322094,0.013871498632562086,0.00027850450016850156,3.073267351978107e-05,0.00022066484638168024
0.0685,677.3970840001624,439989450.8325594,0.9924220296630426,0.3709038503226523,145410.99999982075,1.5395757391873241e-06,0.03229401773184794,0.013906504927676071,0.00015395574538080753,3.0791484985349546e-05,1.539574774134441e-05
0.069,677.3527800001624,439105907.4992319,0.9923571219942016,0.3701590378649036,145118.99999982372,1.5425726878915818e-06,0.03232437719599961,0.013923962024858797,0.0001804188265144229,3.085142384239129e-05,1.5425717190663983e-05
0.0695,677.2752480001624,438246570.83257085,0.9922435335737296,0.36943463122791514,144834.99999982663,1.5454205305325957e-06,0.03235234974281995,0.013950997278655609,0.00024403221388124652,3.0908380583037486e-05,1.545419558106709e-05
0.07,677.2346360001624,437375130.8325766,0.992184034877292,0.3687000216805466,144546.99999982954,1.548406821190302e-06,0.03238262170812798,0.013968769276826895,0.00028200459475238973,0.0003167058585687478,1.548405844992041e-05
0.07050000000000001,677.1940240001624,436443174.165916,0.9921245361808543,0.3679143975812774,144238.99999983265,1.551620151453494e-06,0.03241523330964281,0.013992988820089867,0.00015516015735288577,0.0003508732466982578,0.0004194397657373404
0.07100000000000001,677.1386440001623,435547527.49925524,0.992043401594803,0.36715938221314864,143942.99999983568,1.5546837055602852e-06,0.032445891429332435,0.014023396239840967,0.0002806526653511944,0.00039202816742846453,0.0002942158157017905
0.07150000000000001,677.1054160001623,434667009.999261,0.9919947208431721,0.36641712048299496,143651.99999983865,1.5577566284621267e-06,0.03247714430783563,0.014050498223463928,0.0002771106583536958,8.021097726219033e-05,1.5577556404048527e-05
0.07200000000000001,677.0537280001623,433834905.8325998,0.9919189952295242,0.3657156703943618,143376.99999984144,1.560625295239409e-06,0.03250579370518568,0.014058023466479597,0.00010708995917475697,3.1212475278702223e-05,1.5606243035259675e-05
0.0725,677.0168080001623,432942284.99927235,0.9918649055054899,0.364963205753828,143081.99999984444,1.5637576449740875e-06,0.0325375115425887,0.01409153308578184,0.00020994320488880336,3.1275122149544685e-05,0.00025382564702174787
0.073,676.9909640001623,432119258.3326111,0.991827042698666,0.36426940784797995,142809.9999998472,1.5666762148311113e-06,0.03256723947651336,0.014120469124940653,0.0001566657269185121,3.133349343124224e-05,0.00019351850782869752
0.0735,676.9540440001623,431341619.1659495,0.9917729529746317,0.3636138708560573,142552.99999984982,1.5694150852151334e-06,0.03259480530376135,0.014140588931491694,0.00015693960722780142,0.00033100305174975413,1.5694140822723507e-05
0.074,676.8986640001623,430527669.9992882,0.9916918183885803,0.3629277251329943,142283.99999985256,1.5722535650293543e-06,0.03262293334397761,0.014164752065826777,0.00021966389731318848,0.00024085033683120355,1.5722525584404648e-05
0.0745,676.8432840001623,429737927.4992934,0.991610683802529,0.36226198523069153,142022.9999998552,1.575014074133066e-06,0.032650224173367,0.014186605040546368,0.0003731330015547455,3.150025028467789e-05,0.0002794749752059184
0.075,676.7879040001623,428845306.6659659,0.9915295492164776,0.3615095205901578,141727.9999998582,1.5781632525299446e-06,0.032681512176537496,0.014217477569337146,0.00030088329116048445,0.00035737372776757713,1.578162238329724e-05
0.0755,676.7436000001622,428103977.4993041,0.9914646415476366,0.3608845923293755,141482.99999986068,1.5807926007911531e-06,0.03270765524890265,0.014233323357127172,0.00015807733054484232,0.00015526470661901946,7.619203829129867e-05
0.076,676.7066800001622,427362648.3326423,0.9914105518236023,0.36025966406859317,141237.99999986318,1.5834483491721538e-06,0.03273422535428544,0.014259277053998237,0.0003333788147519029,0.00027327658060100063,1.583447328145437e-05
0.0765,676.6549920001622,426542647.49931437,0.9913348262099544,0.35956841689034014,140966.99999986595,1.586371247909624e-06,0.03276317225632505,0.014273757722488276,0.0001997757132183977,0.0002030434577515436,0.00010041666762554055
0.077,676.6217640001622,425692388.3326533,0.9912861454583235,0.35885166243613675,140685.9999998688,1.5894617393802742e-06,0.03279426529226563,0.0143040423567467,0.00015894422284651376,3.178920300974858e-05,1.5894607105603946e-05
0.0775,676.5479240001622,424869361.665992,0.9911779660102551,0.3581578645302887,140413.99999987156,1.5923669368562882e-06,0.032822430949032304,0.014333564954265467,0.00011109762368104928,0.0002781573111287808,0.00013826780606794925
0.078,676.4962360001622,424043309.16599745,0.9911022403966071,0.35746151589684555,140140.99999987436,1.595347035024997e-06,0.0328518749930951,0.014344000157300007,0.00015953273758679,3.190690868408807e-05,1.5953459985373004e-05
0.0785,676.4482400001622,423289876.6660024,0.9910319237553626,0.3568263847256832,139891.9999998769,1.5980732762336172e-06,0.03287876638790302,0.014373058915641576,0.00015980535484905943,3.1961433397671844e-05,1.5980722361870565e-05
0.079,676.4223960001622,422409359.1660082,0.9909940609485387,0.3560841229955295,139600.99999987983,1.6013432972594863e-06,0.03291175917132211,0.014396444302855287,0.00014895887347324377,0.0003896894833835194,1.6013422529449882e-05
0.0795,676.3670160001622,421598435.83268017,0.9909129263624873,0.35540052800006156,139332.99999988257,1.6042920431246382e-06,0.03294069886507579,0.01441887066743004,0.00016042721592621,0.00011800205071054502,1.6042909949449805e-05
0.08,676.3300960001621,420872235.83268493,0.9908588366384531,0.3547883533772544,139092.999999885,1.6069724691201366e-06,0.03296730595758404,0.014444129086014832,0.00016069525177173462,3.213941689392741e-05,0.0002874812213554706
0.0805,676.2931760001621,420079467.4993568,0.9908047469144188,0.35412006274735663,138830.99999988766,1.6099172378645182e-06,0.032996597668157754,0.014466591875067996,0.00011491512841585323,0.00017547931681296915,8.641931971324687e-05
0.081,676.2230280001621,419347215.83269495,0.9907019764387538,0.3535027866693594,138588.99999989013,1.6125611485398576e-06,0.03302196839275493,0.014488623303694454,0.0003779734265255618,3.2251190253519184e-05,1.612560089486027e-05
0.0815,676.1787240001621,418596809.1660332,0.9906370687699126,0.352870206225792,138340.99999989264,1.6153461020099678e-06,0.03304938846511912,0.014512796734186212,0.00016153259378230174,0.00025463812561525454,0.00012640647214945657
0.082,676.1011920001621,417807066.6660384,0.9905234803494407,0.3522044663234893,138079.9999998953,1.618213874157814e-06,0.03307681573318666,0.01453707306070369,0.00014096194501823128,0.0003957196651001181,0.0003628885189624012
0.0825,676.0642720001621,416984039.99937713,0.9904693906254065,0.35151066841764117,137807.99999989808,1.6213193003769927e-06,0.03310763446829698,0.014559033340057774,0.00028969216392806684,0.0003487677292522032,0.0004111693842620649
0.083,676.0347360001621,416251788.3327153,0.9904261188461791,0.350893392339644,137565.99999990052,1.6241004962597278e-06,0.03313529471160281,0.014589245246520319,0.0003112561852983305,3.248197673365187e-05,1.624099421940358e-05
0.0835,675.9904320001621,415561898.3327198,0.990361211177338,0.3503118264479772,137337.99999990285,1.6266901145468588e-06,0.03316061454523678,0.014608091162450501,0.00018430285648994002,0.00027320841687190146,0.00013574178263317543
0.084,675.927668000162,414820569.166058,0.9902692586464799,0.34968689818719495,137092.99999990535,1.629445881526621e-06,0.033187150471330217,0.014626836632242943,0.0004231621962549727,3.258888421765591e-05,1.629444800092719e-05
0.0845,675.879672000162,414124627.4993959,0.9901989420052353,0.3491002308403381,136862.99999990768,1.6320682884312354e-06,0.03321266594660397,0.01464977778843191,0.000308756384151124,0.00031401437403587773,0.00015625229550315358
0.085,675.842752000162,413428685.8327338,0.9901448522812011,0.3485135634934812,136632.99999991,1.6347263147424571e-06,0.03323879253490312,0.014667292968511839,0.00020270400516261212,2.5555607582498976e-05,1.6347252262633072e-05
0.0855,675.794756000162,412763002.49940485,0.9900745356399565,0.3479524034225747,136412.99999991225,1.6372464390171124e-06,0.03326322224138495,0.014695499024535211,0.00012698634790830502,3.274489504366905e-05,0.00033929529957633567
0.08600000000000001,675.735684000162,412018647.49940974,0.9899879920815018,0.3473249244341974,136166.99999991475,1.6400609246724204e-06,0.03329034521645008,0.014709672964595655,0.00016400401257061952,3.280118463929471e-05,1.640059829046075e-05
0.08650000000000001,675.709840000162,411374144.99941397,0.9899501292746777,0.3467816194564561,135953.99999991694,1.6425675950080056e-06,0.03331513888525996,0.014736163147114584,0.00029782558141152964,0.0004465597034146291,0.0003754435592476725
0.08700000000000001,675.628616000162,410666099.9994186,0.9898311318818025,0.3461847491992191,135719.9999999193,1.6452018221156274e-06,0.03333983833693125,0.014753404683368157,0.0003266856292895669,0.00015673764492997314,1.6452007195781315e-05
0.08750000000000001,675.573236000162,409973184.16608983,0.9897499972957511,0.34560063257995727,135490.99999992165,1.6478473765895657e-06,0.033365265968585675,0.0147733737758889,9.710675831155868e-05,0.0002385379246475617,0.00038798534339985936
0.088,675.547392000162,409237906.66609466,0.9897121344889271,0.3449808057743651,135247.9999999241,1.6507449114467162e-06,0.033393948647120905,0.014797595368039524,0.00016507238349957776,0.00031572924111875636,0.0002647902272875125
0.0885,675.5104720001619,408463293.3327664,0.9896580447648928,0.34432781951003744,134991.9999999267,1.6537850108598077e-06,0.0334237711412973,0.01482344093605542,0.00023471028305085896,0.00025580238505275765,0.0003268226115836227
0.089,675.4735520001619,407812739.166104,0.9896039550408586,0.3437794130771061,134776.9999999289,1.6563326427256076e-06,0.03344859153694442,0.014848743035498818,0.0001397859817546278,0.0002923998006128312,0.00039618164080477367
0.0895,675.4514000001619,407137978.3327751,0.9895715012064381,0.3432106008234144,134553.99999993117,1.6590233187435052e-06,0.033475199826870534,0.014859884756878284,0.0002523791327519354,0.0002823780061132398,1.659022197549718e-05
0.09,675.4144800001619,406487424.1661127,0.9895174114824039,0.342662194390483,134338.99999993335,1.661587640468186e-06,0.03350014523008491,0.01488767400151197,0.0003192677878128624,0.00024358369474311096,0.00012078072787845443
0.0905,675.3812520001619,405809637.4994505,0.989468730730773,0.3420908314091964,134114.99999993562,1.6642809573517742e-06,0.03352646019629032,0.014907555533786828,0.00019795962455187115,0.00011542773520251678,1.6642798290190463e-05
0.091,675.3369480001619,405140928.3327882,0.989403823061932,0.3415271206106948,133893.99999993786,1.6669185973860212e-06,0.033551916376609425,0.014927397465820415,0.00018100019970292182,3.333833696598475e-05,1.666917465460484e-05
0.0915,675.2889520001619,404502477.4994591,0.9893335064206874,0.3409889170881435,133682.99999994002,1.6694309418687428e-06,0.03357599803263237,0.014945452516621393,0.000428892565493301,3.338858374893907e-05,0.00023778229707281144
0.092,675.2557240001619,403891259.16612977,0.9892848256690566,0.3404736701139475,133480.99999994205,1.6718750621003503e-06,0.03359974072135993,0.01496824278302242,0.000205060613212256,0.0001418237309573036,0.0003732334338171593
0.0925,675.2261880001619,403219524.1661342,0.9892415538898293,0.3399074085878509,133258.99999994435,1.6745870364202793e-06,0.033626245551584805,0.014988936873952585,0.00037594297051241976,3.3491705421347585e-05,1.6745858940221876e-05
0.093,675.1855760001619,402526608.3328054,0.9891820551933915,0.3393232919685891,133029.99999994665,1.6773688050006485e-06,0.03365315125641991,0.015011012638306244,0.0001677347032055522,0.0002095130789015119,0.0002354005454152944
0.0935,675.1412720001618,401815537.49947673,0.9891171475245505,0.3387238709837571,132794.99999994904,1.6802268926722155e-06,0.03368070495661077,0.015032658608404052,0.00018657184094979029,0.00016241950033475433,1.680225742539891e-05
0.094,675.0969680001618,401174060.8328143,0.9890522398557093,0.3381831167336108,132582.9999999512,1.6828031368695657e-06,0.033705409925087686,0.015054827157390083,0.00016827812198651215,3.365602707981547e-05,1.6828019831938455e-05
0.0945,674.9972840001618,400450886.66615236,0.9889061976008169,0.3375734928383987,132343.99999995367,1.6855931812754184e-06,0.03373084908646485,0.015076702923896887,0.00016855711884282233,0.00024490114472354,0.0004868643155741258
0.095,674.9603640001618,399794280.83282334,0.9888521078767827,0.33701998495027724,132126.99999995585,1.6882691833263143e-06,0.033756690317428,0.015099335634538516,0.0001965542459091145,3.376534777351208e-05,1.688268022101011e-05
0.0955,674.9049840001618,399055977.49949485,0.9887709732907314,0.33639760741709,131882.99999995832,1.6912539143734944e-06,0.03378513064440168,0.015122394474323767,0.00016912317706648444,0.00022199415932988616,0.00023742420942407896
0.096,674.8016080001618,398414500.8328324,0.9886195220634354,0.3358568531669437,131670.99999996048,1.6937174891716516e-06,0.0338071388933762,0.015139770454046972,0.00016936952776494736,3.3874313654380966e-05,1.693716320389356e-05
0.0965,674.7720720001618,397709481.66617036,0.988576250284208,0.33526253363730174,131437.99999996283,1.6966456750622616e-06,0.03383560949910508,0.01516677269479439,0.00016966233857400038,0.0004218882651110364,0.0003640753345825982
0.097,674.7277680001617,396986307.49950844,0.988511342615367,0.33465290974208967,131198.99999996528,1.6996247861798034e-06,0.03386419036056206,0.015190676282490772,0.0001699602417109245,3.399245934021111e-05,1.6996236092069825e-05
0.0975,674.6982320001617,396359959.99951255,0.9884680708361395,0.3341249091299185,130991.99999996739,1.7022360987244813e-06,0.0338894531437973,0.015208058827577376,0.00030618184594552325,0.0002763684414470602,1.7022349181228698e-05
0.098,674.6502360001617,395651914.9995172,0.9883977541948951,0.3335280388726815,130757.99999996976,1.7051610529952444e-06,0.03391735032181657,0.015239396745801466,0.00029427453828527613,0.00021834888642113193,1.705159868317562e-05
0.0985,674.6059320001617,395013464.16618806,0.988332846526054,0.33298983535013027,130546.99999997193,1.7078049059014983e-06,0.03394252000586615,0.015255902736339033,0.00025827316033718103,0.00034178880363367,0.00040063898698914914
0.099,674.5505520001617,394347780.8328591,0.9882517119400026,0.3324286752792237,130326.99999997416,1.7105473513139006e-06,0.03396836766880836,0.015274290693156356,0.00017105246881184117,3.421091016920118e-05,0.00029479806563523377
0.0995,674.5025560001617,393676045.8328635,0.9881813952987581,0.33186241375312714,130104.99999997641,1.7133441649292628e-06,0.033994916658621685,0.015298128048163977,0.00021917027741723982,3.426684631964571e-05,1.7133429688060706e-05
0.1,674.4508680001617,393019439.9995345,0.9881056696851102,0.33130890586500567,129887.99999997861,1.7160750827006434e-06,0.034020694687958715,0.015323776279103965,0.00039816167640202533,0.00020645288414290048,1.716073882744657e-05
0.1005,674.4324080001617,392390066.6662053,0.988078624823093,0.33077835452523946,129679.99999998073,1.7187805331827666e-06,0.03404703554562376,0.015342416189815522,4.7264984270691454e-05,0.00019013754468222204,1.718779329434263e-05
0.101,674.3844120001617,391745564.1662095,0.9880083081818485,0.33023504954749816,129466.9999999829,1.721485764454079e-06,0.034072606283162395,0.015361726263559663,0.00017214628050752197,0.00036968546012001215,0.0004054391297441301
0.1015,674.3474920001617,391110139.1662137,0.9879542184578143,0.3296993967525419,129256.99999998503,1.7241882131661587e-06,0.03409840654479913,0.015388877439655608,0.0001724165180439865,0.0002878489342126453,1.72418700180345e-05
0.10200000000000001,674.3105720001616,390538256.66621745,0.9879001287337801,0.32921730923708126,129067.99999998695,1.7266184822873238e-06,0.03412149507831872,0.0154098903799467,0.00017265953833757412,0.00033260971008608,0.00039682193105687136
0.10250000000000001,674.2515000001616,389869547.4995552,0.9878135851753252,0.3286535984385797,128846.9999999892,1.7294284827437848e-06,0.034147753609708176,0.015426489697956798,0.0001729405306643771,3.4588531971780904e-05,0.00020672293788954972
0.10300000000000001,674.1961200001616,389294639.1662256,0.9877324505892738,0.32816896019552405,128656.99999999112,1.7318402365984944e-06,0.03417015209432222,0.015452071214623522,0.00017318169939872422,7.459747274687598e-05,0.00029591414035006006
0.10350000000000001,674.1518160001616,388689472.4995629,0.9876675429204328,0.3276588146765181,128456.99999999318,1.734422627052035e-06,0.034194494992349146,0.01547107220881995,0.00032879560046939735,0.00031818448087350616,0.0002611433998875721
0.10400000000000001,674.0927440001616,388105486.6662334,0.987580999361978,0.3271665242506774,128263.99999999513,1.7368802224119912e-06,0.03421721316999376,0.015486171490102275,0.00043197945310545206,0.00012024946587183282,1.7368789930650744e-05
0.1045,674.0558240001616,387527552.49957055,0.9875269096379438,0.3266793352800267,128072.99999999706,1.739375225458088e-06,0.03424084287799654,0.015512418760799604,0.00017393517754884616,0.00028222042192528905,0.0003251020587544379
0.105,673.9893680001616,386895153.33290803,0.9874295481346821,0.32614623321266545,127863.99999999921,1.7420465523904361e-06,0.03426543700463126,0.015527775994512914,0.00020585818582489435,3.4840892805827666e-05,1.7420453156847654e-05
0.1055,673.9302960001615,386265779.99957883,0.9873430045762274,0.3256156818728993,127656.00000000132,1.74473207541423e-06,0.034290335668785345,0.015547446076824243,0.00035965450263824,0.00010795330952972795,1.7447308348728394e-05
0.106,673.8970680001615,385715078.3329158,0.9872943238245966,0.32515144945060387,127474.00000000317,1.7471369564103794e-06,0.03431311391858392,0.015567218741906983,0.00030644836848052904,0.00019361560043799867,9.539375398358147e-05
0.1065,673.8712240001615,385152273.3329195,0.9872564610177725,0.3246770141179283,127288.00000000505,1.749622865182151e-06,0.03433685795347406,0.015584719238137755,0.00017495991318671966,3.4992418725118285e-05,0.00016823865649325299
0.107,673.8416880001615,384541054.99959016,0.9872131892385452,0.32416176714373235,127086.00000000712,1.752327038268722e-06,0.03436262969742408,0.015612043368899809,0.0004028905591427179,3.5046502066706714e-05,0.0003570850287675738
0.1075,673.7973840001615,383954043.33292735,0.9871482815697041,0.32366692599029656,126892.0000000091,1.7548907107507927e-06,0.034386626448914465,0.015635578137311954,0.00017548668318033642,3.5097775401830255e-05,1.7548894556762753e-05
0.108,673.7530800001615,383364005.8329312,0.987083373900863,0.32316953410926574,126697.00000001106,1.7574761056043975e-06,0.034410815822458224,0.015657444839735562,0.00017574521547393578,3.514948318324932e-05,1.7574748468140064e-05
0.1085,673.6977000001615,382752787.4996019,0.9870022393148117,0.3226542871350698,126495.00000001314,1.7601379323745936e-06,0.03443544948188797,0.015669667836474575,0.00015150044176382877,3.52027195991309e-05,1.7601366697493564e-05
0.109,673.6423200001615,382156698.33293915,0.9869211047287603,0.3221517937988489,126298.00000001512,1.7627384864343705e-06,0.03445946235423725,0.01569445659959064,0.000333132836137408,0.0003440377447589509,1.7627372200564344e-05
0.1095,673.6127840001615,381605996.6662761,0.9868778329495329,0.32168756137655347,126116.00000001697,1.7652049231009661e-06,0.0344828059035854,0.015713470264339235,0.00037160710811413037,0.00010330196032474814,0.0003598483322717034
0.11,673.5721720001615,381034114.16627985,0.9868183342530952,0.3212054738610929,125927.0000000189,1.767747681789512e-06,0.03450659276232799,0.01572993515516824,0.00017677234439190682,0.00030083595158462235,0.000327038120054744
0.1105,673.5094080001614,380510644.9996166,0.986726381722237,0.3207641979871527,125754.00000002065,1.770014628633688e-06,0.03452710241688945,0.015752281936192842,0.00017699903263919184,0.00022709898184611465,1.77001335173371e-05
0.111,673.4651040001614,379947839.9996203,0.9866614740533959,0.3202897626544772,125568.00000002256,1.7725198911535711e-06,0.03455039200045277,0.015771826516712613,0.00017724955185351358,4.9557289057993504e-05,1.8277651378726356e-05
0.1115,673.4208000001614,379385034.999624,0.9865965663845548,0.3198153273218017,125382.00000002443,1.7750325866196298e-06,0.03457373507376535,0.015787359716444807,0.00035433783513149936,0.0003222976135558396,0.0003899346228350267
0.112,673.3838800001614,378779868.3329613,0.9865424766605205,0.3193051818027957,125182.00000002648,1.7777710387929922e-06,0.03459944581417619,0.015810688066996384,0.00017777465187226044,0.00014617378617121736,0.00021705572001979505
0.1125,673.3211160001614,378223114.99963164,0.9864505241296624,0.3188358479253102,124998.00000002833,1.780222015253661e-06,0.03462167475240085,0.015834404336677595,0.0003092975905263702,3.567147603855529e-05,0.0002050048628735185
0.113,673.2731200001614,377687542.49963516,0.9863802074884178,0.31838436914099,124821.00000003014,1.7826193459923602e-06,0.034643743672484045,0.015852758691045164,0.00015668510054033273,0.0003036569651687908,0.00025436294643706685
0.1135,673.2398920001614,377091453.3329724,0.986331526736787,0.3178818758047691,124624.00000003216,1.785349113721995e-06,0.03466940335715711,0.01586484411919223,0.00017853243791039468,3.57069420865878e-05,1.7853478145066682e-05
0.114,673.1955880001614,376468131.66630983,0.986266619067946,0.317356425920193,124418.00000003424,1.7881874490159022e-06,0.03469580930726215,0.015898992064721132,0.00031703764907209235,0.0002473184698473621,1.7881861456506983e-05
0.1145,673.1475920001614,375905326.6663135,0.9861963024267014,0.3168819905875175,124232.00000003613,1.7907370400146153e-06,0.03471929732725273,0.015914918665532095,0.00017907121526163848,0.0002370597855850511,0.00031181945937745065
0.115,673.1069800001613,375318314.9996507,0.9861368037302638,0.3163871494340817,124038.00000003811,1.7934296118770217e-06,0.0347443415300225,0.015933840419155958,0.00021563621658758528,0.0004064145575699334,1.79342830082741e-05
0.1155,673.0479080001613,374755509.9996544,0.986050260171809,0.31591271410140614,123852.00000003999,1.7959653428465454e-06,0.03476736966074849,0.01595572777396747,0.00048092479961178404,3.591926618425335e-05,0.00034540905427051893
0.116,673.0036040001613,374059568.3329923,0.9859853525029679,0.31532604675454934,123622.00000004233,1.7991883137742528e-06,0.03479740641646235,0.015979641058633455,0.00017991631857709693,3.598372545543089e-05,1.7991869942546332e-05
0.1165,672.9593000001613,373469530.8329962,0.9859204448341268,0.3148286548735185,123427.00000004433,1.8019121894607448e-06,0.034822590903139536,0.016003231692068864,0.00018018869837276957,0.00027716695458471414,0.0001375350108336372
0.117,672.9113040001613,372855286.66633356,0.9858501281928823,0.31431085717172746,123224.00000004639,1.8047519454976818e-06,0.03484877694375144,0.016023186481788222,0.0001940364881683016,0.00026515130209868383,0.00013147590692992052
0.11750000000000001,672.8559240001613,372298533.3330039,0.9857689936068309,0.31384152329424203,123040.00000004827,1.8073021077370796e-06,0.0348719543062954,0.016044198688922227,0.0001807276747259799,3.614600096142447e-05,1.8073007762361027e-05
0.11800000000000001,672.8226960001613,371765986.6663407,0.9857203128552001,0.3133925952375168,122864.00000005006,1.8098016497781935e-06,0.034895198674608024,0.016065178440410062,0.00037063599529416253,0.00025916671496723116,0.0003147197974179058
0.11850000000000001,672.7562400001613,371233439.99967754,0.9856229513519384,0.31294366718079153,122688.00000005183,1.8122188561481575e-06,0.034916769714725966,0.016090832646423314,0.0004276226856337766,0.00012643571646735516,0.0002934861309407813
0.11900000000000001,672.7045520001612,370743254.99968076,0.9855472257382906,0.31253044931039675,122526.00000005348,1.814475497337748e-06,0.03493716056488816,0.016100862461788216,0.00023404208353879858,0.0002883543831227942,1.814474155190988e-05
0.11950000000000001,672.6491720001612,370204656.66635096,0.9854660911522392,0.31207641979848144,122348.0000000553,1.8169657239249426e-06,0.03495968749070284,0.016119553769000854,0.000350869630444758,0.0003036101989549297,0.0003239635929605856
0.12,672.6122520001612,369666058.33302116,0.985412001428205,0.31162239028656613,122170.0000000571,1.8195131439257668e-06,0.034983225852735896,0.01614324938951166,0.0001819487430686094,0.00020855795002758164,0.00022720043513307383
0.1205,672.5642560001612,369139563.3330246,0.9853416847869604,0.311178563685031,121996.00000005888,1.8219782510643477e-06,0.035005666722598146,0.016160628573837373,0.0002854340165593727,3.643952314767764e-05,0.0001543646762964382
0.121,672.5236440001612,368646352.4996945,0.9852821860905228,0.31076279508704113,121833.00000006054,1.824305705020419e-06,0.03502696067782671,0.01617572998847151,0.0001824279852887967,0.00022871622160739732,0.00023175181075320818
0.1215,672.4867240001612,368020004.99969864,0.9852280963664886,0.31023479447486996,121626.00000006263,1.8273102409221255e-06,0.03505483032628654,0.016205150737942695,0.00018272843022033736,3.654616269710035e-05,1.8273088796404074e-05
0.122,672.4461120001612,367575207.49970156,0.9851685976700508,0.30985983751840057,121479.00000006413,1.8294109566698867e-06,0.0350739153044917,0.01621497974606902,0.0001829384956775285,3.65881769139505e-05,1.829409592241425e-05
0.1225,672.4091920001612,367106203.333038,0.9851145079460166,0.309464474741171,121324.00000006572,1.831647588341494e-06,0.03509438591799666,0.01623585326277082,0.00016621142716143398,3.6632909442989155e-05,1.831646220561006e-05
0.123,672.3685800001612,366519191.66637516,0.9850550092495789,0.3089696335877352,121130.00000006768,1.8344703232134868e-06,0.03512035665935439,0.016260437434924006,0.0002784612327494788,0.0003184151627061206,0.0003835653780949929
0.1235,672.3353520001612,365989670.8330453,0.9850063284979481,0.308523256258605,120955.00000006946,1.8370336804036814e-06,0.03514401698370835,0.016280378341778267,0.00039287489905641827,3.6740631032749726e-05,1.837032304539697e-05
0.124,672.2910480001611,365466201.6663821,0.9849414208291071,0.3080819803846649,120782.00000007122,1.8395436977065963e-06,0.035166859426135406,0.016297967434841666,0.00018395174031977533,3.679083126105695e-05,0.00015988154528008417
0.1245,672.2245920001611,364930629.1663856,0.9848440593258454,0.3076305016003446,120605.00000007302,1.842061307749722e-06,0.03518917661149308,0.016321537510157375,0.00029557403959941424,3.6841183342983755e-05,0.0003424731902590601
0.125,672.1765960001611,364419263.3330556,0.9847737426846009,0.30719942863678457,120436.00000007474,1.8445144470473153e-06,0.03521134305904024,0.01634099302115204,0.00018444880059355763,5.098385076687378e-05,1.84451305989518e-05
0.1255,672.1544440001611,363938155.8330588,0.9847412888501803,0.3067938629491748,120277.00000007635,1.8468919326735377e-06,0.03523344797083663,0.016354194577772072,0.0003791758218544775,3.6937795614507004e-05,1.8468905419348e-05
0.126,672.1101400001611,363405609.1663956,0.9846763811813393,0.3063449348924496,120101.00000007814,1.8494765161767669e-06,0.03525693058117829,0.016377230989413766,0.00018494499300969578,3.6989487162686135e-05,0.0004006320711145316
0.1265,672.0547600001611,362894243.3330656,0.9845952465952879,0.3059138619288896,119932.00000007986,1.8519300659816387e-06,0.03527885553211172,0.016393724196471133,0.00020554586398867649,3.703855804250978e-05,1.8519286676071272e-05
0.127,672.0067640001611,362373799.9997357,0.9845249299540434,0.30547513678254445,119760.00000008162,1.8544573697123003e-06,0.03530165896430763,0.016414604973686794,0.00013652035714521187,0.00013920428489645672,1.8544559675002277e-05
0.1275,671.9624600001611,361874537.499739,0.9844600222852022,0.3050542667293646,119595.0000000833,1.8568934544079266e-06,0.0353236736676252,0.016438994283137668,0.00018568666490298162,0.00021007105594747616,0.00010355974292167569
0.128,671.914464000161,361338964.9997425,0.9843897056439578,0.3046027879450443,119418.00000008509,1.8595128925568265e-06,0.035347317212612306,0.01645797537344439,6.18661914159307e-05,3.719021421459008e-05,0.00024587529185697023
0.1285,671.851700000161,360800366.6664127,0.9842977531130995,0.304148758433129,119240.0000000869,1.862114792752799e-06,0.03537038609501959,0.016475807851590633,0.00022148517503205612,3.724225209438002e-05,1.8621133788772548e-05
0.129,671.818472000161,360285974.9997494,0.9842490723614687,0.303715134741974,119070.00000008864,1.8646811661226288e-06,0.0353938762110032,0.0164937330517947,0.00018646541298899296,3.729357944004747e-05,0.00015115579635952022
0.1295,671.774168000161,359832099.9997524,0.9841841646926277,0.3033325256027195,118920.00000009015,1.866910061666603e-06,0.03541385566302635,0.016518235219938858,0.00018668829590512515,3.7338157244588485e-05,0.00025694058530589223
0.13,671.729864000161,359381250.8330887,0.9841192570237866,0.30295246719106006,118771.00000009166,1.869128849774469e-06,0.03543372526090377,0.01653083412303878,0.00030714005029888844,3.7382532900752106e-05,1.8691274251803783e-05
0.1305,671.704020000161,358942504.99975824,0.9840813942169626,0.30258261168978073,118626.00000009315,1.8713415397839646e-06,0.03545401036700429,0.016548667802776647,0.00033098792996412647,0.00020213164073559325,9.950620325031345e-05
0.131,671.663408000161,358476526.66642797,0.9840218955205249,0.3021897996401462,118472.0000000947,1.8736607784229115e-06,0.03547490095582245,0.016567380196243677,0.0001488725884260696,0.00025026351019317024,0.00012387227783044755
0.1315,671.637564000161,357956083.33309805,0.9839840327137009,0.30175107449380106,118300.00000009646,1.8763127525204393e-06,0.035499314616690474,0.016591499014095675,0.00020788840607930496,3.7526210613187615e-05,1.8763113169185872e-05
0.132,671.604336000161,357408407.4997683,0.9839353519620702,0.30128939279910066,118119.0000000983,1.8790949566585008e-06,0.03552474532151316,0.01660750067721826,0.0001879067492461708,0.0003705734539222123,0.0001844334327138083
0.1325,671.552648000161,356887964.1664384,0.9838596263484222,0.30085066765275553,117947.00000010006,1.8816903774512704e-06,0.03554790237326787,0.01663039762971561,0.0001830628289663007,3.7633762854053503e-05,1.881688933575258e-05
0.133,671.512036000161,356376598.3331084,0.9838001276519845,0.30041959468919555,117778.00000010176,1.8842764624306015e-06,0.035571245818424385,0.01665239245859905,0.00033597932628214673,3.7685484429424515e-05,1.8842750145671197e-05
0.1335,671.4751160001609,355853129.1664452,0.9837460379279503,0.2999783188152554,117605.00000010354,1.8869445312256565e-06,0.03559544213922432,0.016672837579263522,0.0001886916831997786,0.00034065409061193036,1.88694307924445e-05
0.134,671.4455800001609,355378073.333115,0.9837027661487229,0.2995778545828357,117448.00000010512,1.889383815108871e-06,0.03561765871860944,0.01669257146593781,0.0002745219639647975,3.778763123759038e-05,1.889382359359548e-05
0.1345,671.4012760001609,354899991.66645145,0.9836378584798818,0.29917483962282104,117290.00000010674,1.8918041469867642e-06,0.035639288956855926,0.01670943076302137,0.0003619041689517617,0.00025528557991203783,0.000235318376770134
0.135,671.3791240001609,354373496.6664549,0.9836054046454613,0.29873101302128585,117116.00000010851,1.8945523023469206e-06,0.03566457712863701,0.016727420108257826,0.00038548070799049306,0.0001668405923797097,0.00021443324639922623
0.1355,671.3200520001609,353877259.9997915,0.9835188610870065,0.29831269369570096,116952.00000011017,1.8970420761157595e-06,0.035686434114842,0.016750171029798148,0.00027609515394806666,3.794079608765767e-05,1.897040608491206e-05
0.136,671.2794400001609,353326558.33312845,0.9834593623905689,0.29784846127340553,116770.00000011202,1.8998839010773017e-06,0.03571207349746425,0.016770293599263124,0.00039639976787506136,3.799763244936057e-05,1.8998824290361028e-05
0.1365,671.2056000001609,352833347.49979836,0.9833511829425003,0.2974326926754157,116607.00000011367,1.9023303912636672e-06,0.03573309393365706,0.01679496308181703,0.00019719849251841515,0.000258260510676599,1.9023289153992665e-05
0.137,671.1649880001609,352358291.66646814,0.9832916842460627,0.29703222844299604,116450.00000011528,1.9047798898839754e-06,0.03575501028069484,0.01680745114381011,0.00019047516520790796,3.809555198662642e-05,0.0002653366620835083
0.1375,671.1133000001608,351940726.6664709,0.9832159586324147,0.2966802280348819,116312.00000011668,1.9068929769988376e-06,0.03577345978740993,0.01682794842927911,0.000307941231552156,3.813781362555636e-05,1.9068914940092142e-05
0.138,671.0763800001608,351501980.83314043,0.9831618689083805,0.29631037253360265,116167.00000011815,1.9091681315978807e-06,0.03579380984372848,0.016841022404994493,0.00029345599099160125,3.8183316606713804e-05,1.9091666450524355e-05
0.1385,671.0320760001608,350978511.6664772,0.9830969612395394,0.2958690966596625,115994.00000011991,1.911889342780676e-06,0.03581812749420097,0.01686508676564717,0.00019118608884001085,7.386115188073865e-05,0.0003434190065586202
0.139,670.9951560001608,350458068.3331473,0.9830428715155052,0.29543037151331736,115822.00000012165,1.9146232220920344e-06,0.03584274107207355,0.016889646270568822,0.0003908826539099036,3.8292418150559336e-05,1.9146217270063448e-05
0.1395,670.9582360001608,349973934.99981713,0.9829887817914709,0.2950222550981126,115662.00000012328,1.9171663055436153e-06,0.035865550327875674,0.01690491933394935,0.0002497380910956309,3.8343279695331656e-05,1.917164806468548e-05
0.14,670.9250080001608,349523085.8331534,0.9829401010398401,0.2946421966864532,115513.0000001248,1.919544188049513e-06,0.03588689699004069,0.01692922893191366,0.00019195155009821646,3.839083722915099e-05,1.9195426852399047e-05
0.1405,670.8917800001608,349063159.1664898,0.9828914202882093,0.29425448609200866,115361.00000012634,1.921978193293584e-06,0.03590875304434878,0.016945252542415083,0.00019219494320664026,0.00013869322016033534,0.0002079241819465631
0.14100000000000001,670.8327080001608,348575999.9998263,0.9828048767297545,0.29384381894920886,115200.00000012798,1.9244948246594573e-06,0.035930672779298754,0.01696850216501563,0.00019510619189411696,3.8489849717984794e-05,1.924493314050182e-05
0.14150000000000001,670.7920960001608,348100944.1664961,0.9827453780333169,0.2934433547167892,115043.00000012958,1.927004529121076e-06,0.03595300511537942,0.01698343801059153,0.0001982925321322501,3.854004368379952e-05,1.9270030145525518e-05
0.14200000000000002,670.7514840001608,347610759.1664993,0.9826858793368791,0.2930301368463944,114881.00000013123,1.929605072088355e-06,0.03597616757110637,0.017006317913539407,0.00035152898622713217,0.0001551142637676816,7.537932583097636e-05
0.14250000000000002,670.7219480001608,347156884.1665023,0.9826426075576518,0.2926475277071399,114731.00000013276,1.9320427696847032e-06,0.03599809239045854,0.017021095744830465,0.00019320136994078875,0.0004699592125865509,0.0003056529678011765
0.14300000000000002,670.6591840001607,346706034.9998386,0.9825506550267936,0.2922674692954805,114582.00000013427,1.934374127639494e-06,0.03601811957129747,0.017039822696390813,4.435999181899682e-05,3.8687435290343935e-05,1.934372601408978e-05
0.14350000000000002,670.5927280001607,346297547.4998413,0.982453293523532,0.29192312107015145,114447.00000013564,1.9364639826115663e-06,0.036035785359091174,0.01705628440109029,0.0003639575637948685,0.0002922055411832129,1.936462453053754e-05
0.14400000000000002,670.5262720001607,345840646.66651094,0.9823559320202703,0.291537961203302,114296.00000013718,1.9388301475353745e-06,0.0360560079703198,0.01707363912548072,9.282064516450366e-05,3.877655546581948e-05,0.00018724763289044782
0.1445,670.4819680001607,345362564.9998474,0.9822910243514292,0.2911349462432873,114138.00000013878,1.9413857665797013e-06,0.036078571299370546,0.017092187292508557,0.00022440406809024532,3.8827667719955986e-05,1.941384229190436e-05
0.145,670.4413560001607,344935922.4998502,0.9822315256549915,0.2907752936523881,113997.00000014022,1.9436692796194684e-06,0.03609869004645829,0.017113570948716492,0.00011512195646717345,0.00015702248760899717,0.00021005138901182015
0.1455,670.4192040001607,344454814.9998534,0.982199071820571,0.2903697279647784,113838.00000014184,1.946319734274715e-06,0.03612269757865713,0.017135669444869606,0.00014408954735194396,0.00013647012862898743,0.00020629892965312864
0.146,670.3638240001607,344067508.33318925,0.9821179372345197,0.29004323483261457,113710.00000014313,1.948349692325471e-06,0.03614003738409371,0.01715093600683458,1.986980674387607e-05,3.896694588869332e-05,1.9483481438370323e-05
0.1465,670.3195200001607,343665072.49985856,0.9820530295656785,0.2897039880624756,113577.00000014449,1.950502316468126e-06,0.03615880150459536,0.017167220571589193,0.00021400097633707856,3.90099982640157e-05,1.9505007645373657e-05
0.147,670.2752160001606,343141603.3331953,0.9819881218968375,0.28926271218853544,113404.00000014625,1.9533487326784854e-06,0.036183979760342176,0.017191059092539485,0.00019533189987611612,3.9066926446329776e-05,1.9533471761960688e-05
0.1475,670.2272200001606,342666547.4998651,0.9819178052555929,0.2888622479561158,113247.00000014785,1.9559166918691543e-06,0.036206460092647434,0.017206585245179064,0.00037784964864504125,3.911828550167428e-05,1.9559151312711716e-05
0.148,670.1792240001606,342273189.16653436,0.9818474886143485,0.28853065336876194,113117.00000014917,1.958024306934781e-06,0.03622466499817502,0.017223375058773104,0.00018221485085326628,3.916043769712299e-05,1.9580227429512332e-05
0.1485,670.1164600001606,341779978.33320427,0.9817555360834902,0.2881148847707721,112954.00000015083,1.9606662252955564e-06,0.036247397859519824,0.017245799575779125,0.00022930488062479352,3.921327593137916e-05,1.9606646570618052e-05
0.149,670.0721560001606,341344258.33320713,0.9816906284146492,0.2877475799970878,112810.0000001523,1.9630391888591895e-06,0.0362681270678529,0.017264829104491664,0.00027804431688960204,0.00013986342557930983,6.741982321547199e-05
0.1495,670.0278520001606,340887357.4998768,0.981625720745808,0.2873624201302383,112659.00000015383,1.965540338351805e-06,0.036290024910678474,0.017283236927284954,0.00019655102214794987,0.00039411841010426993,0.00019617936031221788
0.15,669.9946240001606,340442559.9998797,0.9815770399941772,0.28698746317376894,112512.00000015531,1.9680107681025466e-06,0.036311923242343704,0.01730605620714051,0.00037268593070274,3.936016641871882e-05,0.00029954465362500075
0.1505,669.9540120001606,339988684.9998827,0.9815175412977396,0.28660485403451447,112362.00000015684,1.9705185541700946e-06,0.036333950292508535,0.017324446993660026,0.0004281548432992532,3.941032201385066e-05,1.9705169700657852e-05
0.151,669.9134000001606,339422854.1665531,0.9814580426013019,0.2861278679742439,112175.00000015875,1.9736838335330166e-06,0.036362018336263485,0.01734582795226735,0.0001973653461624011,3.9473627441930063e-05,0.00019218562688555927
0.1515,669.8654040001605,339044624.9998889,0.9813877259600574,0.2858090270248652,112050.00000016001,1.975744060240979e-06,0.03637968831032178,0.01736403305124764,0.0002337300645986276,0.00023193703798826657,1.9757424676854057e-05
0.152,669.7915640001605,338584698.33322525,0.9812795465119889,0.2854213164304207,111898.00000016157,1.978209787085449e-06,0.03640037573195896,0.01738273495374991,0.0003735276780015904,3.956414628269196e-05,1.9782081905201806e-05
0.1525,669.7288000001605,338173184.9998946,0.9811875939811306,0.2850744174774966,111762.00000016294,1.980431417116556e-06,0.03641910324175787,0.017400769370413415,0.00019804008291170492,3.960857876996676e-05,1.98042981693579e-05
0.153,669.6808040001605,337664844.99989796,0.9811172773398862,0.2846458952415316,111594.00000016467,1.9832707310717017e-06,0.03644389468088178,0.017422855029945616,0.0004232387163744362,0.0002145515506967709,0.0003515976634493802
0.1535,669.6438840001605,337213995.83323425,0.9810631876158519,0.2842658368298722,111445.00000016617,1.985812843697407e-06,0.03646623843069299,0.017441072064764404,9.868387926995917e-05,3.971620702882536e-05,1.9858112347711553e-05
0.154,669.6069640001605,336790379.16657037,0.9810090978918177,0.28390873496656804,111305.00000016761,1.9882009861955857e-06,0.036487153134172355,0.017462651063794958,0.00015829923298687628,0.0002633164490171805,0.00023317590198583679
0.1545,669.5331240001605,336366762.4999065,0.9809009184437492,0.28355163310326387,111165.00000016902,1.990485382753436e-06,0.03650609555237638,0.017479225166467306,0.0001990454474755347,3.980965757118786e-05,1.9904837661978628e-05
0.155,669.5109720001605,335973404.16657573,0.9808684646093286,0.28322003851591,111035.00000017034,1.9927499132288955e-06,0.03652625145484872,0.017492305566600353,0.0001992718933883774,0.00017846743585352766,0.0003457002378897382
0.1555,669.4851280001604,335546761.66657853,0.9808306018025047,0.28286038592501084,110894.00000017177,1.9952066432558963e-06,0.03654805448088821,0.017510137257268167,0.00019951755863321826,0.0002556706741867024,0.00012643234402327783
0.156,669.4408240001604,335147351.66658115,0.9807656941336635,0.2825236898824669,110762.00000017312,1.9974522271211282e-06,0.03656740590040838,0.017527994756544416,0.00019974210982784597,3.9948994104047484e-05,1.997450599188552e-05
0.1565,669.4149800001604,334717683.33325064,0.9807278313268396,0.28216148656397266,110620.00000017456,1.9999390929509974e-06,0.03658945606961512,0.01755042568703057,0.00030909226471515796,3.9998731294050664e-05,0.0001260212064792857
0.157,669.4002120001604,334291040.83325344,0.9807061954372259,0.28180183397307346,110479.00000017599,2.002447359437496e-06,0.03661198973182609,0.017566831477239076,0.0002217541656369873,0.00016499349228279168,2.0024457233344634e-05
0.1575,669.3632920001604,333906759.99992263,0.9806521057131917,0.2814778915685047,110352.00000017729,2.004641331611003e-06,0.03663103089266445,0.017581509430266425,0.0002004609974817314,4.009277582734142e-05,2.0046396919042753e-05
0.158,669.3337560001604,333480117.49992543,0.9806088339339643,0.2811182389776055,110211.00000017873,2.007117428823354e-06,0.03665283820605028,0.017603598277401464,0.0002007085993192177,0.0003256613840708126,0.00025134937197411757
0.1585,669.2783760001604,333041371.666595,0.980527699347913,0.2807483834763262,110066.0000001802,2.0095953023823404e-06,0.03667393869120913,0.017621401547522352,0.00029207073372821665,6.633473195142396e-05,2.009593654523078e-05
0.159,669.2266880001604,332611703.33326447,0.980451973734265,0.28038618015783195,109924.00000018164,2.0120359004013168e-06,0.03669478462726001,0.017645397466180362,0.0001236722913790036,4.024066682270828e-05,2.0120342485137083e-05
0.1595,669.1897680001604,332212293.3332671,0.9803978840102308,0.280049484115288,109792.00000018299,2.0143437838672813e-06,0.03671481096906548,0.017657791092825347,0.00032867693312344247,0.00015056451369480295,0.0002053939371590222
0.16,669.1270040001604,331828012.4999363,0.9803059314793725,0.2797255417107193,109665.00000018427,2.016487393451416e-06,0.036732618492460026,0.01767771679997672,0.000295519963855035,0.0003574404127210728,0.0001776972594699093
0.1605,669.0568560001603,331383214.9999392,0.9802031610037075,0.2793505847542499,109518.00000018577,2.018982331378139e-06,0.03675340884411741,0.01769675134318336,0.0004225950322251213,0.00029976380049553605,0.00014865751007004228
0.161,668.9940920001603,330995908.3332751,0.9801112084728493,0.2790240916220861,109390.00000018706,2.021155171883755e-06,0.03677145574785814,0.017710437799754706,0.0002810871408026902,4.0423051778836226e-05,2.0211535048822085e-05
0.1615,668.9608640001603,330584394.99994445,0.9800625277212185,0.278677192669162,109254.00000018845,2.023570604414866e-06,0.036792507752941045,0.017730800894779526,0.0001663543890775304,0.00011323192205330766,0.0001988477340626831
0.162,668.9202520001603,330181959.16661376,0.9800030290247808,0.2783379458990231,109121.0000001898,2.0259139950847986e-06,0.03681268782737078,0.017751947788005845,0.0002025881948964927,4.0518227996599845e-05,2.0259123201902216e-05
0.1625,668.8574880001603,329764394.1666165,0.9799110764939226,0.277985945490909,108983.00000019121,2.0282889839896234e-06,0.03683253123971095,0.01776723705496202,0.0002028256859805494,4.056572765061946e-05,2.028287305136917e-05
0.163,668.8131840001603,329355906.6666192,0.9798461688250815,0.27764159726557996,108848.00000019258,2.030670075934441e-06,0.03685292389874678,0.017785147379645178,0.00019278570427379253,4.061334936565225e-05,0.00020203750513208765
0.1635,668.7799560001603,328944393.33328855,0.9797974880734507,0.2772946983126559,108712.00000019396,2.0331094542248303e-06,0.03687413632462064,0.01780469816346344,0.00037042456745297225,0.00035703839509418215,0.0002608035358352888
0.164,668.7504200001603,328532879.9999579,0.9797542162942233,0.2769477993597319,108576.00000019534,2.035566181382655e-06,0.03689559343536561,0.017819760937607527,0.00028059065693281863,0.0002577769036006918,0.00029864618646992594
0.1645,668.7098080001603,328139521.66662717,0.9796947175977856,0.276616204772378,108446.00000019667,2.0378825586255805e-06,0.03691545921302771,0.01784145010185352,0.0001518059651036796,0.0002287344953964636,2.0378808637852022e-05
0.165,668.6618120001602,327731034.16662985,0.9796244009565411,0.276271856547049,108311.00000019805,2.0402761480934066e-06,0.03693580672379584,0.017857600953386538,0.00020402436339786407,0.00019374060128695398,0.00021306304487998172
0.1655,668.6322760001602,327234797.49996644,0.9795811291773137,0.2758535372214641,108147.00000019971,2.043279874598999e-06,0.03696216907290145,0.01788317340574678,0.00014450999946879247,0.0003225166252910129,2.043278170732997e-05
0.166,668.5732040001602,326820258.3333025,0.9794945856188589,0.2755040875409451,108010.00000020111,2.045690825316974e-06,0.03698233546805465,0.017902615715246775,0.00019561939885044945,0.00015207357030387305,7.352569349539292e-05
0.1665,668.5252080001602,326408744.99997187,0.9794242689776144,0.275157188588021,107874.00000020249,2.048122846709324e-06,0.03700298389891565,0.017919060502153177,0.00022402782802360342,4.096240387002369e-05,2.048121134706527e-05
0.167,668.4735200001602,326006309.1666412,0.9793485433639665,0.27481794181788205,107741.00000020384,2.050492586198581e-06,0.037022953148852004,0.017938780964449046,0.000205045973679595,4.100979853499905e-05,2.0504908702075025e-05
0.1675,668.4255240001602,325612950.8333104,0.9792782267227219,0.27448634723052817,107611.00000020517,2.0528222918944775e-06,0.037042649433937036,0.017951775730694147,0.0003370257444689618,0.00036006732999680646,0.0003230086592573041
0.168,668.3775280001602,325234721.66664624,0.9792079100814775,0.27416750628114944,107486.00000020643,2.05506203204596e-06,0.03706152101591673,0.017970568755066044,0.00020550290315380162,0.00020230624042080986,0.00021438567532237803
0.1685,668.3295320001602,324786898.33331585,0.9791375934402329,0.2737899985970851,107338.00000020795,2.0577478199698812e-06,0.03708439960803012,0.017994023012623754,0.0003250350683505356,4.11549028279049e-05,0.0003109473111845576
0.169,668.2963040001601,324378410.83331853,0.9790889126886021,0.27344565037175605,107203.00000020931,2.06023669171856e-06,0.037105897382719126,0.018010684194942086,0.0003600435160632998,0.00026767741482704513,0.0002992630152560634
0.1695,668.2224640001601,323966897.4999879,0.9789807332405336,0.273098751418832,107067.0000002107,2.0626257471264792e-06,0.037125354023240915,0.01803025939031361,0.0002062592495870595,4.125246111267184e-05,2.062624010648073e-05
0.17,668.1449320001601,323609849.1666569,0.9788671448200618,0.2727977655626185,106949.00000021189,2.0646619184203812e-06,0.037141519184238664,0.018048513975120122,0.00020646285977821434,0.00031502082091985017,2.0646601784748578e-05
0.1705,668.0932440001601,323228594.1666594,0.9787914192064138,0.2724763738856448,106823.00000021317,2.0669373194615495e-06,0.03716054234777944,0.018065549917927443,0.00020669039228670357,0.00025489306022126863,0.00012593222839891698
0.171,668.0489400001601,322850364.99999523,0.9787265115375727,0.27215753293626604,106698.00000021445,2.0692215726631437e-06,0.03717983761235,0.018081187412813542,0.0003534823477970407,0.0001741600343559482,0.0002808660246832324
0.1715,667.9898680001601,322472135.83333105,0.9786399679791179,0.2718386919868873,106573.00000021572,2.071465388083667e-06,0.03719834587497064,0.018096986181084795,0.00020714318400362776,0.0001389561581033257,6.664667764520728e-05
0.17200000000000001,667.9381800001601,322045493.33333385,0.97856424236547,0.2714790393959881,106432.00000021716,2.074049144692763e-06,0.0372200974389817,0.0181185412808357,0.0002510552688540696,4.1480928455137834e-05,2.074047388789908e-05
0.17250000000000001,667.89387600016,321612799.16667,0.9784993346966289,0.27111428534989884,106289.00000021861,2.0767017908825083e-06,0.037242656302579766,0.018136943183599548,0.0002076668068372977,4.153398123787966e-05,2.076700030463875e-05
0.17300000000000001,667.85326400016,321252725.0000057,0.9784398360001912,0.27081074876609035,106170.0000002198,2.0789030318735758e-06,0.03726125619238756,0.018154391621529795,0.0002080148185990687,0.0002680899288012381,2.078901267701312e-05
0.17350000000000002,667.80896000016,320862392.5000083,0.9783749283313501,0.2704817049063315,106041.00000022113,2.0812939615543842e-06,0.03728144030860563,0.01817259388920681,0.00017370978037092055,4.1625824406369324e-05,2.0812921933003535e-05
0.17400000000000002,667.76096400016,320450879.16667765,0.9783046116901056,0.27013480595340744,105905.00000022251,2.0838169198869146e-06,0.03730268929645979,0.018194215629362524,0.0002749954035721992,4.167628343815228e-05,2.0838151473199417e-05
0.17450000000000002,667.72035200016,320042391.66668034,0.9782451129936679,0.2697904577280784,105770.00000022388,2.086349712995463e-06,0.0373242172843195,0.018209112377760003,0.0002086315667958386,4.172693916505408e-05,0.0001321374849110257
0.17500000000000002,667.66128000016,319694420.8333493,0.9781585694352132,0.26949712405465004,105655.00000022506,2.088435820242854e-06,0.03734122068532017,0.018227057514614318,0.00037072690054237053,4.176866119745832e-05,2.088434039760424e-05
0.17550000000000002,667.60590000016,319331320.8333517,0.9780774348491618,0.26919103674324646,105535.00000022627,2.0906370795633954e-06,0.03735934523724093,0.018242600217625957,6.157235818511674e-05,0.0004067273814258708,0.00027643619088782835
0.176,667.56528800016,318962169.1666874,0.9780179361527241,0.2688798479766528,105413.00000022752,2.0929293581876003e-06,0.03737868396649809,0.018260558618841766,0.00015057893644921077,0.0002843082667701442,2.09292756998789e-05
0.1765,667.54313600016,318596043.3333565,0.9779854823183036,0.2685712099376542,105292.00000022874,2.095264991416387e-06,0.03739891423885191,0.018279555056293025,0.0002487033057853904,4.190524425462839e-05,0.0001649645155229657
0.177,667.49514000016,318257150.0000254,0.977915165677059,0.26828552844701087,105180.00000022988,2.0973453070892726e-06,0.037416130486726304,0.018296664806979928,0.00031471156233256014,0.0002347608031862321,2.0973435113010045e-05
0.1775,667.4360680001599,317924308.3333609,0.9778286221186043,0.26800494841155764,105070.000000231,2.0993552569132807e-06,0.03743239823407723,0.018309279169154636,0.00042718708695360424,0.0004711895351825423,0.00014075481004550597
0.178,667.3917640001599,317579363.3333632,0.9777637144497632,0.26771416546572424,104956.00000023216,2.101496007155851e-06,0.03745023557556997,0.01832878668209805,0.00021014614497352115,4.202986423238808e-05,0.00035117490954230947
0.1785,667.3585360001599,317140617.5000327,0.9777150336981324,0.2673443099644449,104811.00000023365,2.104298532495892e-06,0.03747426587522843,0.018348319280996103,0.0002689446850168057,0.0001179222326902754,2.104296724713023e-05
0.179,667.3142320001599,316720026.66670215,0.9776501260292912,0.26698975882873577,104672.00000023506,2.106953068371653e-06,0.037496650262530413,0.018368922806096217,0.00019379738127604798,0.00013389034353150788,6.389452169362018e-05
0.1795,667.2810040001599,316302461.6667049,0.9776014452776605,0.2666377584206217,104534.00000023645,2.1096294998275703e-06,0.03751952426294202,0.018390134750011767,0.0003174289471957494,9.484767115004616e-05,0.00019226416697609028
0.18,667.2588520001599,315960542.5000405,0.9775689914432399,0.26634952620238334,104421.00000023762,2.111842341833156e-06,0.03753857355544897,0.01840691431107246,0.0002005646758506527,0.000250061364358731,0.0003470847717490324
0.1805,667.1960880001599,315639804.16670924,0.9774770389123817,0.2660791490773102,104315.00000023868,2.1137894498495242e-06,0.03755410840613865,0.018417314830699263,0.00029565265431631194,0.00011722775194821857,5.507972234572268e-05
0.181,667.1296320001599,315258549.16671175,0.9773796774091201,0.2657577574003364,104189.00000023998,2.1161349430919803e-06,0.03757306655127076,0.018433101734081116,0.00021160998893676475,0.00012196631400702671,5.758647594825655e-05
0.1815,667.0631760001598,314886371.6667142,0.9772823159058585,0.26544401790614774,104066.00000024121,2.118425044784729e-06,0.03759151953082795,0.018456478533251355,9.221860683600808e-05,4.2368444067288005e-05,0.00015659226808575872
0.182,667.0004120001598,314538400.83338314,0.9771903633750002,0.26515068423271937,103951.00000024238,2.120569095006884e-06,0.03760876839463502,0.018467859239326624,0.00035835285651643307,6.039214551980988e-05,0.0003244531365412647
0.1825,666.9524160001598,314196481.6667187,0.9771200467337557,0.264862452014481,103838.00000024354,2.1227240116190227e-06,0.03762651866004654,0.0184876559118318,0.00021226887302890508,0.00025182136024757976,2.1227221718336957e-05
0.183,666.9228800001598,313815226.6667212,0.9770767749545284,0.26454106033750724,103712.0000002448,2.125208795902204e-06,0.037647700679061924,0.01850713510681961,0.0002125173430427331,0.00023751636184448431,0.0001170350785579097
0.1835,666.8822680001598,313452126.6667236,0.9770172762580907,0.26423497302610366,103592.00000024604,2.1275410541693947e-06,0.0376672058595963,0.018521782687029097,0.00011460841584178647,0.00034786328655668383,0.00017275702019819406
0.184,666.8195040001598,313089026.666726,0.9769253237272325,0.2639288857147001,103472.00000024725,2.1298079689965288e-06,0.037685494361117663,0.01854260095194755,0.00027434576430603004,4.25961019292325e-05,0.00023833574614154354
0.1845,666.7788920001598,312731978.333395,0.9768658250307948,0.2636278998584866,103354.00000024846,2.1321097239672914e-06,0.03770470459924267,0.018557023756347265,0.00043011397654157675,0.00023459844429553516,0.00028773365268013523
0.185,666.7161280001598,312311387.50006443,0.9767738724999366,0.26327334872277747,103215.00000024987,2.134780077463625e-06,0.03772653303331271,0.018580370775116668,0.00033516042396743845,4.2695543825781645e-05,0.00029099097978212135
0.1855,666.6681320001597,311936184.16673356,0.9767035558586921,0.26295705850099377,103091.00000025114,2.137193970558471e-06,0.03774649781244533,0.018594988699900058,0.0002137158191989905,4.274382155509083e-05,2.1371921054591482e-05
0.186,666.5906000001597,311603342.5000691,0.9765899674382201,0.2626764784655405,102981.00000025224,2.1392280155018296e-06,0.037762259858255105,0.018612535018848273,0.0002703052148690535,0.00032432265097651655,0.00016088616986836132
0.1865,666.5241440001597,311240242.50007147,0.9764926059349586,0.2623703911541369,102861.00000025347,2.141510167985448e-06,0.03778051366415502,0.018627928846136087,0.0002978308554148227,0.0001305839932800722,2.1415082952708495e-05
0.187,666.4909160001597,310901349.16674036,0.9764439251833277,0.2620847096634936,102749.00000025461,2.1437376125463904e-06,0.037799214596470176,0.018648785346983145,0.00018394563194698812,4.287469403268905e-05,2.1437357359168554e-05
0.1875,666.4466120001597,310498913.33340967,0.9763790175144866,0.26174546289335465,102616.00000025595,2.146373411891906e-06,0.037821188043455585,0.018668123305458147,0.00026237943089845594,0.0002084016997414143,2.1463715306218e-05
0.188,666.3690800001597,310166071.6667452,0.9762654290940147,0.26146488285790137,102506.00000025707,2.148426732876616e-06,0.037837073359736274,0.018681602567876057,0.00020782698261692518,6.0243003246534835e-05,2.1484248479650778e-05
0.1885,666.3247760001597,309769687.5000811,0.9762005214251737,0.26113073754295246,102375.00000025841,2.151032857273955e-06,0.03785875670360832,0.01870129036359818,0.0001989476813419727,4.302059852340359e-05,2.1510309677636225e-05
0.189,666.2915480001597,309412639.16675013,0.9761518406735428,0.26082975168673894,102257.0000002596,2.1534076623194395e-06,0.03787870503219376,0.01872091573979561,0.0002153371319178839,4.306809449341263e-05,2.153405768617301e-05
0.1895,666.2546280001596,309094926.6667522,0.9760977509495086,0.26056192528926087,102152.00000026067,2.155501661528323e-06,0.03789606741620638,0.01873456283937803,0.00021554652457412478,4.310997436172501e-05,0.00022985464208054063
0.19,666.2140160001596,308771162.5000877,0.976038252253071,0.2602889974365927,102045.00000026177,2.1576303000769073e-06,0.03791361910493205,0.018753169657272195,0.00021575938102016783,4.315254701466522e-05,2.1576283989000777e-05
0.1905,666.1697120001596,308420165.8334233,0.9759733445842298,0.2599931130355692,101929.00000026294,2.159942136727712e-06,0.03793266396095153,0.01876871871613436,0.00012260123942046256,0.00013431609944818078,6.39531687546577e-05
0.191,666.1032560001596,307993523.3334261,0.9758759830809681,0.25963346044467,101788.00000026438,2.162718387032616e-06,0.03795514090489033,0.018785637227291412,0.00020314795048046282,0.0002390515361666092,0.0002867987218818029
0.1915,666.0663360001596,307675810.8334282,0.9758218933569339,0.2593656340471919,101683.00000026546,2.1648316589982417e-06,0.037972627649248095,0.018805514607539354,0.0004449766515943514,4.329657379244442e-05,0.0001820409649120551
0.192,666.0109560001596,307333891.6667638,0.9757407587708826,0.25907740182895356,101570.00000026659,2.167059911252165e-06,0.03799058568322897,0.01882366892082705,0.00021670230909911887,4.3341138712860355e-05,2.1670579933139394e-05
0.1925,665.9740360001596,306982895.0000994,0.9756866690468483,0.2587815174279301,101454.00000026777,2.1694174067905115e-06,0.038010191020364216,0.018841042413015305,0.0002669611347559204,4.338828849250606e-05,0.00022233227495486077
0.193,665.9445000001596,306628872.50010175,0.975643397267621,0.2584830822993116,101337.00000026896,2.17182581199994e-06,0.038030440538215374,0.018861232563563635,0.00022481337157283275,0.00028947849684031576,0.00014326359636711715
0.1935,665.9075800001596,306293005.00010395,0.9755893075435867,0.2581999515362633,101226.00000027008,2.1740868029288934e-06,0.03804917650132328,0.018873955429636508,0.00015457831754127842,0.00021066644331796486,2.1740848724772403e-05
0.194,665.8300480001595,305875440.0001067,0.9754757191231148,0.2578479511281492,101088.0000002715,2.176801275708593e-06,0.038070705879417695,0.01889609576679313,0.00014642000081488302,0.00034651736713780206,2.1767993403919438e-05
0.1945,665.7857440001595,305530495.00010896,0.9754108114542737,0.25755716818231583,100974.00000027266,2.179113885178375e-06,0.03808965614621445,0.01891636748383677,0.00021790766421097736,0.00032422188594723167,2.1791119457236975e-05
0.195,665.7340560001595,305227911.6667776,0.9753350858406258,0.25730209542281285,100874.00000027368,2.1811047763120445e-06,0.038105572733140594,0.01892963670330597,0.00020718354023559148,0.00019751519115105386,2.1811028332841473e-05
0.1955,665.7082120001595,304849682.5001134,0.9752972230338018,0.2569832544734341,100749.00000027496,2.1837261122944153e-06,0.038127724136410676,0.018947613249484685,0.000333433393907811,4.36744618017813e-05,0.0003592752919615365
0.196,665.6454480001595,304519866.66678226,0.9752052705029436,0.25670522516557587,100640.00000027606,2.185885128895499e-06,0.03814476931288453,0.018962977179048105,0.00014376215260060473,0.00010302001717382993,0.00018981879602774068
0.1965,665.5937600001595,304187025.0001178,0.9751295448892956,0.2564246451301226,100530.00000027717,2.1881070042349825e-06,0.03816266900726967,0.01898015914066777,0.000261512859301056,4.376207939288235e-05,0.00024369731041835958
0.197,665.5494560001595,303817873.33345354,0.9750646372204546,0.256113456363529,100408.0000002784,2.1906198233100313e-06,0.03818330482084586,0.019000708308101022,0.00024428510448179497,0.0003899950480472753,0.0003241182986562984
0.1975,665.5162280001595,303445695.833456,0.9750159564688238,0.25579971686934033,100285.00000027967,2.193197126003802e-06,0.038204806133523714,0.0190219209471036,0.00030693357885341074,4.386388154219213e-05,2.193195161253115e-05
0.198,665.4719240001594,303100750.83345824,0.9749510487999826,0.25550893392350693,100171.00000028082,2.1955469333885275e-06,0.03822399472306448,0.0190390979366879,0.0003939505616455848,0.00012324332250400474,2.195544964401381e-05
0.1985,665.4313120001594,302764883.33346045,0.974891550103545,0.2552258031604586,100060.00000028196,2.1978483920384648e-06,0.03824285642710545,0.01905445623858267,0.00021978104865237762,4.3956906600266326e-05,2.1978464188990677e-05
0.199,665.3685480001594,302407835.00012946,0.9747995975726867,0.2549248173042451,99942.00000028315,2.2002358106888155e-06,0.03826181690180812,0.01907362427512591,0.0002477568915170163,0.00019468323200766578,2.200233833226125e-05
0.1995,665.3131680001594,302096174.1667982,0.9747184629866354,0.2546620923619571,99839.00000028421,2.202322389004556e-06,0.03827836216280689,0.01908548982031725,0.00022022843225405505,4.4046386284831824e-05,2.2023204077591247e-05
0.2,665.2688640001594,301739125.8334672,0.9746535553177943,0.25436110650574356,99721.0000002854,2.2047815713741012e-06,0.038298452362355476,0.019106046490958466,0.0005022684491316171,0.00011373542281289541,0.00019051334632104442
0.2005,665.2061000001594,301412335.83346933,0.9745616027869362,0.25408562792548034,99613.0000002865,2.206963753360402e-06,0.038315593058013075,0.019123726487201332,0.00010700835354186294,0.00032380810652943596,0.00024338683577844702
0.201,665.1396440001594,301076468.33347154,0.9744642412836745,0.25380249716243203,99502.00000028763,2.20920501586146e-06,0.038333128696034224,0.019144597595358998,3.069680120559461e-05,4.418403842934856e-05,0.0002345377792657162
0.2015,665.0842640001594,300767833.33347356,0.9743831066976231,0.253542322947739,99400.00000028867,2.2112878781912602e-06,0.038349598261139775,0.01915786585704738,0.0003759603676698452,0.00028767953013049494,0.00034702276477570327
0.202,665.0399600001593,300422888.3334758,0.974318199028782,0.25325154000190564,99286.00000028982,2.213679402689021e-06,0.03836905230911698,0.019175794691691672,0.00023323989588801747,9.81164729078132e-05,0.000262053441178904
0.2025,665.0030400001593,300108201.6668112,0.9742641093047478,0.25298626433202254,99182.00000029088,2.2158775945032812e-06,0.038387032290144125,0.019190412843191958,0.000283156806836278,4.431748962170864e-05,2.2158755886217507e-05
0.203,664.9735040001593,299748127.5001469,0.9742208375255204,0.252682727748214,99063.00000029209,2.218440894179842e-06,0.0384083756973309,0.019209726315078505,0.0003771265072773739,4.436875546977929e-05,2.2184388836384372e-05
0.20350000000000001,664.9292000001593,299382001.666816,0.9741559298566793,0.2523740897092154,98942.00000029331,2.221005926535834e-06,0.038429293520430986,0.019229620159679318,0.0002220967190055813,4.442005597050905e-05,2.2210039113177262e-05
0.20400000000000001,664.8922800001593,299049160.0001515,0.974101840132645,0.2520935096737621,98832.00000029444,2.2233544478099268e-06,0.038448538494269824,0.019245829271236217,0.0003881416331557045,4.4467026261965834e-05,2.2233524283070912e-05
0.20450000000000002,664.8332080001593,298667905.000154,0.9740152965741903,0.2517721179967884,98706.00000029572,2.2259948152106146e-06,0.038469652661397305,0.019267206357599792,0.0002225955899135826,4.451983345833631e-05,2.2259927908752634e-05
0.20500000000000002,664.7999800001593,298289675.83348984,0.9739666158225595,0.25145327704740966,98581.00000029699,2.2287059655771037e-06,0.03849211062415158,0.019285981930388593,0.00031035564296741125,0.00022901343965018957,0.0001125321390826016
0.20550000000000002,664.7556760001593,297947756.6668254,0.9739017081537183,0.2511650448291713,98468.00000029814,2.2311148888545253e-06,0.038511623999793125,0.019306063475010744,0.00025699782388856,4.4622234638282064e-05,2.2311128551523447e-05
0.20600000000000002,664.7113720001593,297563475.8334946,0.9738368004848773,0.2508411024246025,98341.00000029942,2.2338473165708915e-06,0.038533915051959626,0.019325032417144155,0.00025005218174285477,0.00023632674433715902,0.00011624174958257105
0.20650000000000002,664.6966040001593,297200375.833497,0.9738151645952636,0.2505350151131989,98221.00000030066,2.2365267948804604e-06,0.03855659031750059,0.019346275072341334,0.0002236487501956668,0.0002949814913493242,2.2365247512667815e-05
0.20700000000000002,664.6486080001592,296897792.50016564,0.973744847954019,0.250279942353696,98121.00000030166,2.2386444924469705e-06,0.03857344728889372,0.019366621681653855,0.00022386051223562944,4.477282627839071e-05,0.00017977788804357492
0.20750000000000002,664.5784600001592,296540744.16683465,0.973642077478354,0.24997895649748245,98003.00000030287,2.241103366309304e-06,0.03859258881321696,0.019379052234274597,0.00022410639056979657,4.482200361272156e-05,2.2411013142562775e-05
0.20800000000000002,664.5156960001592,296201850.83350354,0.9735501249474958,0.24969327500683913,97891.00000030402,2.243455583178265e-06,0.038611013108697675,0.01939796133159706,0.0002729427842588139,4.486904781342476e-05,2.243453526779629e-05
0.2085,664.4898520001592,295793363.3335062,0.9735122621406718,0.2493489267815101,97756.00000030539,2.246466399758093e-06,0.03863616191890599,0.019419816218208506,0.00038744746722591206,4.4929263972345586e-05,0.00029376351650101215
0.209,664.4233960001592,295448418.3335085,0.9734149006374102,0.24905814383567673,97642.00000030655,2.248864284831418e-06,0.038654843490181605,0.019438756667012832,0.0002248824541567385,7.918906584438716e-05,3.333207515981766e-05
0.2095,664.3569400001592,295133731.6668439,0.9733175391341485,0.24879286816579363,97538.0000003076,2.25103696635431e-06,0.038671577529369144,0.019454898150442008,0.00020489928608971532,4.5020675037386495e-05,7.055841751977042e-05
0.21,664.3052520001592,294791812.50017947,0.9732418135205007,0.24850463594755526,97425.00000030876,2.253472531567527e-06,0.038690987496656976,0.01947179393494428,0.00033668898193068355,0.00021289253337177777,0.00020880779063369136
0.2105,664.2461800001591,294395428.3335154,0.9731552699620458,0.24817049063260638,97294.00000031007,2.2563060294796642e-06,0.03871358332486143,0.019494881278804797,0.0003467635406934664,0.0002469827911436916,0.00021788713590770514
0.211,664.2092600001591,294041405.83351773,0.9731011802380116,0.2478720555039879,97177.00000031127,2.258897035665193e-06,0.03873472858637433,0.019513780929876576,0.0002672515245070302,0.0003559112290449615,0.00017665582954110284
0.2115,664.1723400001591,293726719.16685313,0.9730470905139773,0.2476067798341048,97073.00000031233,2.2611914295167415e-06,0.03875331818945694,0.019529965544608365,0.00038414221937215127,9.692192495413454e-05,4.343465509875934e-05
0.212,664.1243440001591,293393877.50018865,0.9729767738727328,0.24732619979865153,96963.00000031343,2.263593056742406e-06,0.038772491788672384,0.019548621256213514,0.00016524824136250464,4.5271796115139484e-05,0.00022681968976641817
0.2125,664.0800400001591,293054984.16685754,0.9729118662038917,0.2470405183080082,96851.00000031458,2.26605953107438e-06,0.03879231582938537,0.019568670370704536,0.0004271064576073976,4.532112545794396e-05,2.2660574327750353e-05
0.213,664.0320440001591,292791736.66685927,0.9728415495626472,0.24681860500724062,96764.00000031547,2.267933007807867e-06,0.03880694592629455,0.019580442862941177,0.00014534237596797262,4.5358594882581334e-05,2.2679309060095384e-05
0.2135,663.9692800001591,292419559.1668617,0.972749597031789,0.24650486551305195,96641.00000031674,2.2706048866631455e-06,0.03882796351407322,0.019601287475909383,0.00022705643447351744,0.00010784858035445173,4.941640493460255e-05
0.214,663.9397440001591,292083691.6668639,0.9727063252525616,0.24622173475000367,96530.00000031786,2.2731147371193036e-06,0.03884855303588101,0.019621339645934394,0.00022730741037847222,4.546222916587103e-05,0.00012872415264328994
0.2145,663.895440000159,291747824.1668661,0.9726414175837206,0.24593860398695536,96419.00000031899,2.2755797473246688e-06,0.03886831449758332,0.019637189472086373,0.00022755390232140558,0.0001463799277026556,2.2755776312490543e-05
0.215,663.847444000159,291445240.8335348,0.972571100942476,0.24568353122745237,96319.00000032,2.277777609617341e-06,0.03888567469095715,0.01965482396782895,0.0002298089587961963,0.00035842485133853454,0.0001778993572776921
0.2155,663.784680000159,291151735.0002034,0.9724791484116179,0.2454361106507345,96222.00000032099,2.279858232683021e-06,0.03890159144853932,0.019669899023865536,0.00022798173487620583,4.559709868017055e-05,2.279856108577433e-05
0.216,663.725608000159,290879410.00020516,0.972392604853163,0.24520654516718182,96132.0000003219,2.2817895842118593e-06,0.038916333681928005,0.019682644851910503,0.00022817486275036165,4.563572559613056e-05,0.00015507818825702424
0.2165,663.684996000159,290613136.6668736,0.9723331061567254,0.2449820811388192,96044.0000003228,2.2837405205151937e-06,0.0389317757669848,0.01969686869735889,0.0002891815833848469,4.567474420721469e-05,2.2837383891103204e-05
0.217,663.648076000159,290283320.8335424,0.9722790164326911,0.24470405183096097,95935.0000003239,2.2862080883410992e-06,0.038951719382471994,0.01971575743997716,0.00047578241247176085,0.00020343969234827748,9.936988174433616e-05
0.2175,663.607464000159,289983763.3335444,0.9722195177362535,0.24445152979905302,95836.0000003249,2.2884297257597353e-06,0.03896944814146763,0.0197350902465188,0.0004186596316902369,0.00033353125223318814,0.000352024862809105
0.218,663.533624000159,289681180.000213,0.972111338288185,0.24419645703955004,95736.00000032593,2.290565179276303e-06,0.03898545695357834,0.019746979813576093,0.0001494367260767746,0.0003074765770231751,2.2905630350233848e-05
0.2185,663.489320000159,289372545.00021505,0.9720464306193439,0.24393628282485702,95634.00000032697,2.2928551151929977e-06,0.039003637245458835,0.019761445279303104,0.0003607192619392037,0.00019204076782449982,2.292852966624159e-05
0.219,663.4302480001589,289036677.50021726,0.9719598870608891,0.2436531520618087,95523.00000032809,2.295315091973614e-06,0.03902281763276246,0.019784508844090026,0.00022952736306153023,0.0002175670996744506,0.0002748391915608371
0.2195,663.3674840001589,288743171.66688585,0.9718679345300308,0.24340573148509081,95426.00000032909,2.2974308973978636e-06,0.039038952176002624,0.019799536997974,0.0002747175542651287,0.0002835495799863868,0.0002893729558839335
0.22,663.3231800001589,288413355.8335547,0.9718030268611898,0.2431277021772326,95317.0000003302,2.2999045175389425e-06,0.039058658562424825,0.019818987733858373,0.0004527439279255051,4.599802318983242e-05,0.00029786985975673556
0.2205,663.3010280001589,288095643.3335568,0.9717705730267693,0.24285987577975446,95212.00000033126,2.3023639660950715e-06,0.03907888449710077,0.01983428067606512,0.0003793862428186,4.604721201617102e-05,2.302361799554951e-05
0.221,663.2493400001589,287793060.0002254,0.9716948474131213,0.24260480302025147,95112.00000033226,2.304605051976025e-06,0.03909637585723969,0.019856533414156757,0.00023045632434075852,0.00022640379123213344,2.3046028811849007e-05
0.2215,663.1976520001589,287445089.1668944,0.9716191217994734,0.24231146934682307,94997.00000033344,2.307215106448027e-06,0.039116984347361564,0.01987120092142504,0.0002307173200000105,4.6144234534297965e-05,0.0001343512726815264
0.222,663.1422720001589,287127376.66689646,0.971537987213422,0.24204364294934494,94892.0000003345,2.3095752125701567e-06,0.03913535198010372,0.019891634936120044,0.0002416874639826802,4.61914365156948e-05,0.00023677843532487984
0.2225,663.1053520001589,286800586.6668986,0.9714838974893878,0.24176816436908175,94784.00000033561,2.3120780877980394e-06,0.03915546159175164,0.01990492912154686,0.000301321683272504,4.624149387156805e-05,0.00022052033634121425
0.223,663.0610480001588,286491951.66690063,0.9714189898205466,0.2415079901543887,94682.00000033664,2.314414224002665e-06,0.03917392929930067,0.019924882772863705,0.0002245126699264397,0.00016276164829894728,2.3144120345783253e-05
0.2235,663.0278200001588,286131877.50023633,0.9713703090689159,0.24120445357058015,94563.00000033787,2.317210601603141e-06,0.03919660581133293,0.01994489528352919,0.0002441904934841671,4.6344143842159194e-05,2.3172084068645987e-05
0.224,662.9502880001588,285805087.5002385,0.9712567206484439,0.24092897499031696,94455.00000033896,2.3195888281715965e-06,0.03921442199730295,0.019963620746048183,0.00023195464558962376,4.6391708229689504e-05,2.3195866288782337e-05
0.2245,662.9059840001588,285505530.00024045,0.9711918129796029,0.240676452958409,94356.00000033996,2.3218674048085883e-06,0.03923236681014929,0.019982378027515336,0.0003302544393947185,4.643727962593852e-05,0.0002445306186066549
0.225,662.8432200001588,285166636.66690934,0.9710998604487446,0.24039077146776566,94244.00000034111,2.324406626762572e-06,0.03925195510057513,0.019997762422984105,0.0002835460543872907,0.00023901244046674018,0.00011744235752787248
0.2255,662.7915320001588,284885234.1669112,0.9710241348350968,0.24015355380142792,94151.00000034204,2.3265211829541026e-06,0.039268274002186285,0.020013311128756622,0.00023264785472573506,4.65303549084609e-05,0.00013315059611949788
0.226,662.7546120001588,284546340.8335801,0.9709700451110624,0.23986787231078457,94039.00000034318,2.329162308180156e-06,0.03928946249924308,0.020037582993567653,0.0003163469287517349,0.00020550477271455184,0.00027064555962773144
0.2265,662.7066160001588,284261912.5002486,0.970899728469818,0.23962810391685177,93945.00000034414,2.3313239898066863e-06,0.03930626707321106,0.02005229623444612,0.00025028921496727033,4.6626410757163096e-05,2.3313217680531907e-05
0.227,662.6696960001588,283950251.6669173,0.9708456387457837,0.23936537897456373,93842.00000034519,2.3337528039154245e-06,0.039325641228696834,0.020070259271153246,0.0002333709895204079,4.667498689357953e-05,0.0002657722183158012
0.2275,662.5995480001587,283614384.1669195,0.9707428682701187,0.2390822482115154,93731.0000003463,2.33626919151671e-06,0.03934475447528226,0.02008772079306265,7.383946822928988e-05,4.672531449283902e-05,2.3362669602611197e-05
0.228,662.5478600001587,283266413.3335885,0.9706671426564707,0.238788914538087,93616.00000034749,2.3389566458057623e-06,0.039365841945617625,0.020111128285037506,0.00011076495781842165,0.00022980633681929328,0.00021013394990454393
0.2285,662.4998640001587,282988036.66692364,0.9705968260152262,0.23855424759934427,93524.00000034842,2.3410878841493916e-06,0.03938234622696727,0.02012563074178637,0.00014065058978788414,0.00016656302145184952,2.3410856436178945e-05
0.229,662.4075640001587,282703608.3335922,0.9704616017051406,0.23831447920541146,93430.00000034938,2.343116764249126e-06,0.0393966630000202,0.0201362376621271,0.0003790842969925386,0.0001936797152975628,0.0002006667579192386
0.2295,662.3484920001587,282416154.1669274,0.9703750581466858,0.23807216008388363,93335.00000035034,2.3452925132910956e-06,0.03941319252816423,0.020155257423160867,0.0001938968600932817,0.00016742137179830748,8.067969133021561e-05
0.23,662.3115720001587,282065157.50026304,0.9703209684226516,0.2377762756828602,93219.00000035152,2.3480800601880118e-06,0.039435509110035745,0.02017881521638339,0.00023480366005277547,0.0003175525139182754,2.3480778061345552e-05
0.2305,662.2635760001587,281801910.00026476,0.970250651781407,0.2375543623820926,93132.00000035242,2.350103219667803e-06,0.039451065168329594,0.02018873868196939,0.00041447763971852713,4.700199421536354e-05,0.0001628011503603227
0.231,662.2303480001586,281450913.3336004,0.9702019710297762,0.23725847798106917,93016.00000035358,2.3529159673226035e-06,0.03947367651651951,0.020208967195427467,0.00034703851519238537,0.0001249370473775532,5.8315687937423024e-05
0.2315,662.1638920001586,281154381.6669357,0.9701046095265146,0.23700850667675624,92918.00000035459,2.3551612038704728e-06,0.039490523986583634,0.020226387033622287,0.00018371233175889297,4.710315359196904e-05,2.3551589361079632e-05
0.232,662.1158960001586,280845746.6669377,0.9700342928852701,0.2367483324620632,92816.00000035563,2.3575785065578333e-06,0.039509353048694046,0.02024426220282409,0.00011085288099283068,4.715149949851785e-05,2.3575762341073193e-05
0.2325,662.0752840001586,280546189.1669397,0.9699747941888325,0.23649581043015527,92717.00000035664,2.3599510867217276e-06,0.03952801610073968,0.020262157987266365,0.00027306135005849793,4.719895095749631e-05,2.359948809669296e-05
0.233,662.0088280001586,280267812.50027484,0.9698774326855708,0.23626114349141253,92625.00000035757,2.3620579976500493e-06,0.039543672257058446,0.020278005641330716,0.0003150473651195131,4.724108904624658e-05,2.362055716487707e-05
0.2335,661.9386800001586,279928919.1669437,0.9697746622099057,0.2359754620007692,92513.0000003587,2.364667008932336e-06,0.0395634089110703,0.020296385462966405,0.00027202063643657796,4.7293269111585456e-05,2.3646647226831436e-05
0.234,661.8943760001586,279593051.66694593,0.9697097545410647,0.2356923312377209,92402.00000035984,2.3673491599806057e-06,0.03958451538650941,0.020317382758505226,0.0002746560151878297,4.734691196897546e-05,2.3673468685137306e-05
0.23450000000000001,661.8426880001585,279305597.50028116,0.9696340289274167,0.23545001211619307,92307.00000036079,2.369600516149671e-06,0.03960178703680483,0.02033359130106737,0.0001524980200434077,4.739193895416132e-05,0.00016002380971287024
0.23500000000000001,661.7799240001585,279033272.50028294,0.9695420763965585,0.23522044663264038,92217.0000003617,2.3716882150657766e-06,0.039617349806485166,0.02034918656673903,0.00021699060823882678,0.0002357287712507148,0.00011568069486545739
0.23550000000000001,661.7097760001585,278748844.1669515,0.9694393059208934,0.2349806782387076,92123.00000036266,2.373856573209106e-06,0.039633355376448215,0.02036717940911263,0.00023738121154628602,4.747705983190702e-05,2.3738542690085167e-05
0.23600000000000002,661.6248600001585,278461390.0002867,0.9693148995556147,0.23473835911717977,92028.00000036364,2.3760021452147362e-06,0.03964871803286515,0.020381105965940092,0.0002779107539170514,4.751997113809401e-05,0.00018260133671038243
0.23650000000000002,661.5436360001585,278179987.50028855,0.9691959021627393,0.234501141450842,91935.00000036458,2.3781136879930025e-06,0.0396638970488254,0.02039637003632395,0.00010772277894308624,4.7562201861848204e-05,2.3781113754132915e-05
0.23700000000000002,661.5030240001585,277868326.66695726,0.9691364034663017,0.23423841650855395,91832.00000036562,2.3806348565700747e-06,0.03968369825117561,0.02041378615526753,0.00029273833662744913,0.0001772430900761537,2.380632539058086e-05
0.23750000000000002,661.4513360001584,277599027.50029236,0.9690606778526537,0.2340114017525963,91743.00000036653,2.382758116829e-06,0.03969983989686353,0.020431420767669763,0.00023827133082837934,0.0002492212851145908,2.382755795147713e-05
0.23800000000000002,661.4181080001584,277272237.5002945,0.9690119971010229,0.23373592317233308,91635.00000036764,2.3854465703565287e-06,0.03972123239038286,0.02044795262516122,0.00030260299002825617,4.770885905851256e-05,2.385444243411599e-05
0.23850000000000002,661.3774960001584,276978731.6669631,0.9689524984045853,0.2334885025956152,91538.00000036863,2.3878277296590165e-06,0.03973983225783634,0.02046858169604215,7.487274305540706e-05,4.775648209793585e-05,0.00024087209850547992
0.23900000000000002,661.3258080001584,276724561.66696477,0.9688767727909373,0.2332742414776327,91454.00000036947,2.389834151390065e-06,0.03975497128904982,0.02047946145220177,0.00033966482153482307,0.00026648441059299097,2.389831815817055e-05
0.23950000000000002,661.2408920001584,276421978.3336334,0.9687523664256585,0.23301916871812972,91354.00000037049,2.392142969189156e-06,0.03977161663107229,0.020500065204613532,9.665599883596086e-05,4.784278661912824e-05,2.392140629045618e-05
0.24,661.1744360001584,276158730.83363515,0.968655004922397,0.23279725541736215,91267.00000037136,2.3941826282452977e-06,0.039786569157528394,0.020512351415001143,0.0002394137370847097,0.0002030032365337905,0.000266649811142054
0.2405,661.1190560001584,275865225.00030375,0.9685738703363456,0.23254983484064426,91170.00000037235,2.396529160206512e-06,0.03980439461216649,0.0205320065411247,0.00025488682423809527,4.793051016598836e-05,0.0002699650158921774
0.241,661.0415240001583,275550538.33363914,0.9684602819158736,0.23228455917076116,91066.00000037342,2.398984694414798e-06,0.03982244631110921,0.02055107513122832,0.00023187916481186088,0.00024012418147095044,0.00011786655748799485
0.2415,660.9639920001583,275263084.16697437,0.9683466934954018,0.23204224004923335,90971.00000037439,2.4012082622718058e-06,0.03983856082130152,0.020565598066218313,0.0003879862338782885,0.00025721637928272003,2.4012059041755547e-05
0.242,660.9123040001583,274942345.83364314,0.9682709678817538,0.2317718629241602,90865.00000037547,2.4038214338945463e-06,0.03985867395316767,0.020584282949859475,0.00024037757940314084,0.00010352886559388905,0.0002514052734716235
0.2425,660.8458480001583,274633710.83364516,0.9681736063784921,0.23151168870946714,90763.00000037649,2.4062808822492107e-06,0.03987705424149431,0.020603882354501293,0.00014858823328808054,0.00017653630922592287,8.523823208909013e-05
0.243,660.8015440001583,274319024.16698056,0.9681086987096511,0.23124641303958407,90659.00000037755,2.408879755995057e-06,0.03989724531801304,0.020622758722668232,0.00024088339164963346,0.00010031900608137283,0.00018012416064064167
0.2435,660.7350880001583,273995260.000316,0.9680113372063894,0.23097348518691588,90552.00000037866,2.411483643911928e-06,0.03991679567225686,0.020639740416303284,0.0002821450553516943,0.0001814850626160184,2.4114812654383223e-05
0.244,660.6944760001583,273665444.16698486,0.9679518385099518,0.23069545587905763,90443.00000037975,2.4142415130681114e-06,0.03993838689670609,0.020660594979724625,0.0001405124073201363,3.3143136274682596e-05,2.414239129124052e-05
0.2445,660.6575560001583,273381015.8336534,0.9678977487859176,0.23045568748512485,90349.0000003807,2.4166182643865605e-06,0.03995692468455087,0.02068051203796662,0.00039962858150445756,0.00031425692945036445,2.4166158757216468e-05
0.245,660.6058680001582,273129871.6669884,0.9678220231722696,0.23024397709473737,90266.00000038155,2.4186511126311267e-06,0.039972163181604736,0.020693541410929498,0.000112262050714194,4.8372947832357946e-05,2.4186487199112164e-05
0.2455,660.5504880001582,272824262.5003237,0.9677408885862183,0.22998635360763936,90165.00000038257,2.421157421801422e-06,0.03999119185081836,0.020712522240304856,0.00029113976871178253,0.00020459072343955847,2.4211550240828726e-05
0.246,660.4914160001582,272473265.83365935,0.9676543450277635,0.22969046920661593,90049.00000038376,2.4240595273790193e-06,0.04001336296372675,0.020731995028199092,0.00016872272680316797,0.0002614180733167067,0.00021633710184912515
0.2465,660.4397280001582,272149501.6669948,0.9675786194141155,0.22941754135394773,89942.00000038485,2.4267533982416754e-06,0.04003402375337344,0.02075133459022034,0.00024267068515693415,4.853499303616024e-05,2.4267509893519612e-05
0.247,660.3880400001582,271846918.33366346,0.9675028938004676,0.22916246859444475,89842.00000038586,2.429264396477732e-06,0.040053162853201055,0.020771322330908507,0.000334230666555222,0.00037236928501227414,0.00025359360848504776
0.2475,660.3142000001582,271538283.3336655,0.9673947143523991,0.22890229437975174,89740.0000003869,2.431753607239116e-06,0.04007143790797478,0.020787198222091276,0.00029076254837832947,0.00020180087460644857,0.00031636092184227175
0.248,660.2625120001582,271241751.6670008,0.9673189887387512,0.2286523230754388,89642.0000003879,2.434221530949085e-06,0.04009019729162695,0.020808658060249303,8.858987197280363e-05,4.8684355218793375e-05,2.4342191070898468e-05
0.2485,660.2034400001581,270933116.6670028,0.9672324451802964,0.2283921488607458,89540.00000038893,2.436776456573221e-06,0.04010943644994173,0.020826540629140765,4.102659761745282e-05,4.8735453569696504e-05,2.4367740275829835e-05
0.249,660.1369840001581,270660791.6670046,0.9671350836770347,0.2281625833771931,89450.00000038986,2.4389826835810344e-06,0.04012556994779508,0.02084133884408338,0.00022378275374018009,4.877957796933735e-05,2.438980250145101e-05
0.2495,660.0963720001581,270400570.0003396,0.9670755849805971,0.22794322080402055,89364.00000039073,2.441179661711989e-06,0.04014240310353716,0.02085685080379678,0.00034618070955471264,0.000282064121551664,0.00013909832541105288
0.25,660.0483760001581,270085883.333675,0.9670052683393526,0.22767794513413744,89260.00000039178,2.443846260504877e-06,0.04016286147134884,0.020875384892756147,0.00028559789066016797,4.8876849200739416e-05,2.4438438172935156e-05
0.2505,659.9856120001581,269819610.00034344,0.9669133158084944,0.22745348110577485,89172.00000039268,2.446025372282311e-06,0.04017885309272294,0.02089378967486356,0.0002445978052222589,0.00018750439836907987,0.00019545235738725581
0.251,659.9376160001581,269547285.00034523,0.9668429991672498,0.22722391562222216,89082.0000003936,2.4483185426976676e-06,0.040196221013847434,0.020911224238407,0.00018615421896446741,0.0002369017891068573,2.448316090459681e-05
0.2515,659.8896200001581,269281011.66701365,0.9667726825260053,0.22699945159385954,88994.00000039449,2.450561277659494e-06,0.04021316487628547,0.020927557375703027,0.00030033387028955983,4.901114911679738e-05,2.4505588208937097e-05
0.252,659.837932000158,268945144.16701585,0.9666969569123574,0.22671632083081125,88883.00000039562,2.453429430911742e-06,0.04023511498843155,0.02094728773896064,0.0002453381813743518,4.9068511999956326e-05,2.453426968356039e-05
0.2525,659.804704000158,268660715.8336844,0.9666482761607266,0.22647655243687845,88789.00000039657,2.45590317122736e-06,0.04025438036576728,0.020964568083813154,0.00012460094333772555,0.00027127565907217023,0.00013360062963434506
0.253,659.756708000158,268300641.66701874,0.9665779595194821,0.2261730158530688,88670.0000003969,2.4590202390159233e-06,0.040278452899418914,0.020987939686933584,0.00023678632815568286,4.9180327807938366e-05,2.4590177651678223e-05
0.2535,659.705020000158,267988980.83368438,0.9665022339058341,0.22591029091077813,88567.00000039591,2.4616871109695924e-06,0.04029870980520353,0.02100715949041183,0.00039771935851573196,0.00023408266024761793,0.00036353655055405246
0.254,659.671792000158,267737836.6670169,0.9664535531542033,0.22569858052038858,88484.00000039513,2.46387212286542e-06,0.04031557520078631,0.021025778150983155,0.0002463824087903351,4.9277365176143355e-05,2.463869639186192e-05
0.2545,659.623796000158,267483666.66701606,0.9663832365129588,0.22548431940240396,88400.00000039433,2.466033923564042e-06,0.04033179044500537,0.021038783267586646,0.0003505275589765484,4.93206010517604e-05,2.4660314354910078e-05
0.255,659.553648000158,267217393.33368185,0.9662804660372938,0.22525985537403914,88312.00000039348,2.468228732313674e-06,0.04034758883785271,0.02105364300260418,0.00022850342659426026,0.0002623140546811034,0.0003678541054710883
0.2555,659.490884000158,266948094.1670143,0.9661885135064355,0.22503284061807927,88223.00000039264,2.470483582428395e-06,0.040364093695656536,0.02107040099956676,0.00022573064634004504,4.940959394194842e-05,2.4704810852751777e-05
0.256,659.431812000158,266672743.33368006,0.9661019699479807,0.22480072440692928,88132.00000039178,2.472812945772375e-06,0.040381309751864644,0.021086680430048126,0.00024727645447015036,0.00027281587761214716,2.4728104438663932e-05
0.2565,659.3948920001579,266382263.3336791,0.9660478802239465,0.224555854557804,88036.00000039085,2.4753708589605997e-06,0.04040105881703299,0.021106490450367714,0.000336300825606711,0.00011663025384545463,5.3320747324307734e-05
0.257,659.3395120001579,266109938.33367822,0.9659667456378952,0.22432628907424906,87946.00000039,2.47769593322518e-06,0.0404183309658542,0.021123458823539002,0.00038317664315527024,0.0003835196679030501,0.0003087096349369833
0.2575,659.2878240001579,265849716.6670107,0.9658910200242472,0.22410692650107433,87860.00000038918,2.4799267505932572e-06,0.040434937364074004,0.0211395349821414,0.0002479878060461112,4.959845669857104e-05,2.4799242341697383e-05
0.258,659.2213680001579,265568314.16700977,0.9657936585209855,0.22386970883473425,87767.00000038829,2.4823042992455375e-06,0.0404522765996411,0.021157848161985997,0.00027493620059436906,4.964600751761547e-05,2.4823017779475225e-05
0.2585,659.1364520001579,265268756.6670088,0.9656692521557069,0.2236171868028238,87668.00000038736,2.484787354085465e-06,0.04046989701016145,0.02117462775526885,0.0003004036072053561,4.969566845252727e-05,0.00023536031032273455
0.259,659.0921480001579,264960121.66700777,0.9656043444868657,0.2233570125881282,87566.00000038637,2.487514512951805e-06,0.040490738744402066,0.02119476602727348,0.00024874655104851535,4.9750211454637725e-05,2.4875119809665584e-05
0.2595,659.0330760001578,264678719.16700685,0.965517800928411,0.2231197949217881,87473.0000003855,2.4899360178039907e-06,0.04050862662143085,0.021210693503961577,0.00021512713973352636,4.9798641394807905e-05,2.4899334808446e-05
0.26,658.9555440001578,264382187.5003392,0.9654042125079391,0.22286982361747273,87375.00000038456,2.4924354784654787e-06,0.0405265692132289,0.021230735993824024,0.0002401705353975283,4.9848630444995296e-05,0.00018640193476629068
0.2605,658.8890880001578,264055397.50033814,0.9653068510046774,0.22259434503720682,87267.00000038353,2.495268395334786e-06,0.04054754924613828,0.02124803696740289,0.0002495219072347141,4.9905288598601035e-05,0.00015688317589041204
0.261,658.8300160001578,263746762.50033712,0.9652203074462227,0.22233417082251122,87165.00000038256,2.497964372166713e-06,0.0405676291748969,0.02127092652662052,0.0002741188712375688,0.0002478985759902984,0.00027084841432057434
0.2615,658.8041720001578,263468385.83366954,0.9651824446393986,0.22209950388376618,87073.00000038168,2.500505591650256e-06,0.04058746287783948,0.021287625061560764,0.0002733944266128051,0.0003624232963034356,2.5005030329419777e-05
0.262,658.7414080001578,263205138.33366868,0.9650904921085405,0.2218775905829964,86986.00000038085,2.5027680392966434e-06,0.04060388610043765,0.02130487614085426,0.0003551344618678777,5.0055280991869036e-05,2.502765475910761e-05
0.2625,658.6528000001578,262981226.66700128,0.9649606767708583,0.22168883674096235,86912.00000038014,2.5045620493442054e-06,0.0406157042189723,0.021318042543704542,0.0003861543853873021,0.00027864299704042495,2.5045594822180333e-05
0.263,658.5826520001577,262681669.1670003,0.9648579062951932,0.2214363147090519,86813.00000037921,2.5071511616650446e-06,0.040634528186854604,0.021336831228916175,0.00019272071104914817,0.00020043855820781913,0.00026038134861697135
0.2635,658.5125040001577,262442628.33366618,0.9647551358195281,0.22123480722904257,86734.00000037845,2.5091674633090987e-06,0.04064869945492427,0.021350112052820135,0.00031415149355569646,5.018326905025085e-05,0.00015496659021433347
0.264,658.4571240001577,262164251.6669986,0.9646740012334768,0.22100014029029752,86642.00000037758,2.5116205577735704e-06,0.04066685461658269,0.02136825177393113,0.0001831523873411134,0.00028539186320399246,2.5116179760150506e-05
0.2645,658.4238960001577,261925210.83366448,0.9646253204818459,0.2207986328102882,86563.00000037682,2.513785877672881e-06,0.04068335414693862,0.02138499422700699,0.00038338190174924116,8.135574175115626e-05,2.5137832914366553e-05
0.265,658.3685160001577,261625653.3336635,0.9645441858957946,0.22054611077837777,86464.00000037588,2.516452448799084e-06,0.04070321455085273,0.02140524817828382,0.00021853345675455305,5.032896828517283e-05,0.0001599504128505984
0.2655,658.3020600001577,261341225.00032923,0.9644468243925329,0.2203063423844426,86370.00000037497,2.51893691857964e-06,0.0407212471603615,0.02142141765896349,0.0003198450388909754,5.037865751748328e-05,0.0001613755006878326
0.266,658.2429880001577,261096132.50032842,0.9643602808340782,0.22009973344924316,86289.00000037422,2.521075213549284e-06,0.04073669950868496,0.021437964282056098,0.00025210248177357127,5.042142327608013e-05,0.00023129918414570766
0.2665,658.1691480001576,260817755.83366084,0.9642521013860097,0.21986506651049811,86197.00000037333,2.5234829043614335e-06,0.04075386111981054,0.021456312145740144,0.000306543787801219,0.0002787724805950774,2.5234802979465546e-05
0.267,658.1100760001576,260484914.16699308,0.9641655578275549,0.21958448647504208,86087.00000037228,2.526480576062278e-06,0.04077622988723177,0.02147581737937463,0.0003100154618864379,5.052953017081674e-05,2.526477963407825e-05
0.2675,658.0546960001576,260209563.33365884,0.9640844232415036,0.2193523702638921,85996.00000037142,2.528941240934923e-06,0.04079436550234849,0.02149334434907003,0.0002998248972373914,0.00012954213695006147,6.010124775776869e-05
0.268,657.9993160001576,259958419.16699135,0.9640032886554522,0.21914065987350254,85913.00000037062,2.531171400828814e-06,0.040810631521174104,0.021510082655022803,0.00026583330656070134,5.0623346357231774e-05,2.5311687783817863e-05
0.2685,657.9587040001576,259692145.83365715,0.9639437899590145,0.2189161958451377,85825.00000036978,2.5336103326806253e-06,0.04082902843697188,0.021531325181819123,0.0003538909990700948,0.00031744111432867875,0.0001568657499383769
0.269,657.9033240001576,259404691.66698954,0.9638626553729631,0.2186738767236075,85730.00000036889,2.5362044139307247e-06,0.04084820563406245,0.02154733204726103,0.00032008864734602287,5.072400628849729e-05,2.5362017809730076e-05
0.2695,657.8553280001576,259123289.1669886,0.9637923387317187,0.2184366590572674,85637.000000368,2.538773454578262e-06,0.04086739813717098,0.021566862277620814,0.0001762257102569227,0.00021372315405759594,0.00026147387638360427
0.27,657.8073320001575,258872145.00032112,0.9637220220904741,0.21822494866687783,85554.0000003672,2.541051035055709e-06,0.04088423395533587,0.02158227207750669,5.016091932946963e-05,0.00022108332743869574,0.000200925770286455
0.2705,657.7371840001575,258624026.66698697,0.9636192516148091,0.21801578900408333,85472.00000036643,2.5432176293778076e-06,0.040899479015657596,0.02159574862300795,0.00027952820212377206,5.0864270133434576e-05,2.5432149817142815e-05
0.271,657.6744200001575,258324469.166986,0.9635272990839509,0.2177632669721729,85373.00000036549,2.5459238225513353e-06,0.04091928093679506,0.02161498180210187,0.00021198440316768874,5.091839381757418e-05,0.00023559258960467432
0.2715,657.6227320001575,258121738.333652,0.963451573470303,0.21759236822330422,85306.00000036485,2.5477231644477174e-06,0.04093212973925421,0.021628904842993398,0.00031886570713969797,0.00022818124373256654,2.547720507308873e-05
0.272,657.5525840001575,257906904.16698462,0.9633488029946379,0.21741126656405532,85235.00000036416,2.549573405659656e-06,0.04094480621549823,0.021643170916148962,0.0002539207874561734,5.099138523533552e-05,2.549570744607284e-05
0.2725,657.5045880001575,257622475.83365035,0.9632784863533933,0.2171714981701202,85141.00000036327,2.5522019609217457e-06,0.04096441225360439,0.021660697201156282,0.0002552150257446629,0.00027857289515780583,2.552199294343419e-05
0.273,657.4418240001575,257341073.33364943,0.9631865338225352,0.21693428050378008,85048.00000036239,2.554748899907505e-06,0.04098289089742697,0.02167972213688669,0.00034460684278440494,0.0001955040499462973,9.465624021558233e-05
0.2735,657.3716760001574,257050593.33364847,0.9630837633468701,0.2166894106546548,84952.00000036147,2.5573629979795345e-06,0.04100166541688557,0.02169992413950234,0.00031435263677991884,5.1147176563585716e-05,0.0002256635188453226
0.274,657.3015280001574,256775242.50031424,0.962980992871205,0.2164572944435048,84861.00000036061,2.5598321769644633e-06,0.04101926578580912,0.02171668793026696,0.00020909993188276708,0.00017348777351297064,0.000188239772743787
0.2745,657.2461480001574,256551330.83364683,0.9628998582851537,0.21626854060147074,84787.0000003599,2.561850472045804e-06,0.04103370464150633,0.021729813018024104,0.00017929180847949466,0.0004019668331511198,0.0003110646237098657
0.275,657.1870760001574,256248747.5003125,0.9628133147266988,0.21601346784196526,84687.00000035894,2.564645027189278e-06,0.04105423395313062,0.02175048751553327,0.000364608295367398,5.129281666092668e-05,2.5646423343045337e-05
0.2755,657.1243120001574,255961293.3336449,0.9627213621958407,0.21577114872043507,84592.00000035804,2.5672800111366743e-06,0.0410733571495212,0.021770588074211877,0.0004007615326499359,5.134551616358773e-05,2.567277312667715e-05
0.276,657.0393960001574,255664761.66697726,0.9625969558305619,0.21552117741611967,84494.0000003571,2.569925521672013e-06,0.04109185887859376,0.021789455388304704,0.00025026215385409874,0.00012704516655366385,5.858330269989748e-05
0.2765,656.9987840001573,255386385.00030968,0.9625374571341242,0.21528651047737463,84402.00000035623,2.5725677741174834e-06,0.041111706967704595,0.021809131972406203,0.0003713118118803585,5.145127106888163e-05,0.00022244854537240138
0.277,656.9286360001573,255101956.6669754,0.9624346866584592,0.2150467420834395,84308.00000035533,2.575161102577309e-06,0.04113022755282146,0.02182682488309796,0.00026902904422458656,0.0001583208668848872,0.00030104305649819216
0.2775,656.9027920001573,254829631.6669745,0.9623968238516352,0.21481717659988453,84218.00000035448,2.5778116449920327e-06,0.04115057972889437,0.021845528085834565,0.00022235882483609442,7.597416316131824e-05,2.5778089241675674e-05
0.278,656.8511040001573,254578487.50030702,0.9623210982379873,0.214605466209495,84135.00000035368,2.5801516477285423e-06,0.041167632923183727,0.02186511895751717,0.0003537276533212016,0.00024148800538484797,0.0002655163850202184
0.2785,656.7846480001573,254339446.6669729,0.9622237367347256,0.21440395872948564,84056.00000035293,2.5823153136766012e-06,0.041182807026772864,0.021879422333260228,0.00034508430215126864,5.9979013106580596e-05,2.582312583245488e-05
0.279,656.7218840001573,254042915.00030527,0.9621317842038675,0.21415398742517028,83958.000000352,2.585082461360389e-06,0.04120289748915936,0.021899229310682812,0.00030826940661667676,0.0003459794012733746,0.00037700519105407287
0.2795,656.6701960001573,253770590.00030437,0.9620560585902195,0.21392442194161534,83868.00000035114,2.587652871829512e-06,0.04122175460763356,0.021915658176425094,0.00025875996573481835,5.175297200984943e-05,2.5876501300104805e-05
0.28,656.6000480001572,253507342.5003035,0.9619532881145544,0.21370250864084556,83781.00000035031,2.5900632365288243e-06,0.041238746068091255,0.021932561658347394,0.0003260245255563114,5.180117914024832e-05,0.00028662944931245985
0.2805,656.5520520001572,253238043.33363596,0.9618829714733099,0.21347549388488568,83692.00000034946,2.5926280402315513e-06,0.04125765127570344,0.021952668397209846,0.0002528084532715433,0.00011790414178240429,0.00017600064883386096
0.281,656.4929800001572,252999002.50030184,0.9617964279148551,0.21327398640487635,83613.00000034871,2.594844143701215e-06,0.04127342354658788,0.02196811978933148,0.00023727442401467257,5.1896796960738714e-05,2.5948413864832043e-05
0.28150000000000003,656.4302160001572,252648005.83363402,0.961704475383997,0.21297810200384998,83497.0000003476,2.5982006619613275e-06,0.04129813488120045,0.021991128209709585,0.0002490176938031192,5.196392709960126e-05,0.00025378695364156777
0.28200000000000003,656.3526840001572,252399887.50029987,0.961590886963525,0.21276894234105548,83415.00000034683,2.600447609151083e-06,0.04131354848206592,0.022007119955616224,0.00021071651222639295,5.2008865889475946e-05,3.663270528684781e-05
0.28250000000000003,656.3009960001572,252142691.6669657,0.9615151613498771,0.21255213049547583,83330.00000034602,2.6028951767795456e-06,0.041331358731993485,0.022026288472590583,0.0003327439432557071,5.205781707627643e-05,2.6028924022744007e-05
0.28300000000000003,656.2530000001572,251809850.00029793,0.9614448447086326,0.21227155046001978,83220.00000034497,2.6061450733534874e-06,0.041355640932818835,0.02204891308546037,0.00026060910627156877,0.00030309997431060396,2.6061422918778516e-05
0.28350000000000003,656.1939280001571,251492137.5002969,0.9613583011501777,0.21200372406253903,83115.00000034396,2.6092025560814303e-06,0.04137803022461564,0.022070953710965558,0.0003384785384902225,5.218396423601741e-05,2.6091997680289218e-05
0.28400000000000003,656.1237800001571,251234941.6669627,0.9612555306745127,0.21178691221695936,83030.00000034316,2.611594452772877e-06,0.04139477904990667,0.022089558555953962,0.00026115402057991997,5.2231802006029766e-05,2.6115916595507654e-05
0.28450000000000003,656.0314800001571,250932358.3336284,0.9611203063644271,0.21153183945745388,82930.0000003422,2.614375779818429e-06,0.04141390246620666,0.022107555124243408,0.00020291091032334163,0.0002445746464904103,0.0003129001926385089
0.28500000000000003,655.9834840001571,250672136.66696087,0.9610499897231826,0.21131247688427915,82844.00000034137,2.6168982828422076e-06,0.04143236121094789,0.022126482428436782,0.00035737990934525937,0.00032101515065691334,2.616895478151586e-05
0.28550000000000003,655.9096440001571,250430070.0002934,0.9609418102751142,0.21110841867667476,82764.00000034062,2.6191329339938635e-06,0.041447714661938376,0.022139759551061525,0.0002619078356334994,0.00027361359367129623,2.6191301244523122e-05
0.28600000000000003,655.8690320001571,250145641.66695914,0.9608823115786764,0.21086865028273963,82670.00000033971,2.6219486681018136e-06,0.041468704248133745,0.02216112315848713,0.0002229689140184244,5.2438885604710925e-05,2.6219458524836997e-05
0.28650000000000003,655.798884000157,249876342.5002916,0.9607795411030114,0.21064163552677972,82581.00000033887,2.624493689311111e-06,0.041486606592862574,0.02218029575321277,8.762554140053564e-05,0.00017496895921012133,2.6244908681681635e-05
0.28700000000000003,655.717660000157,249655456.66695753,0.9606605437101361,0.21045543241234071,82508.00000033817,2.6264903990257657e-06,0.04149981482496201,0.022192077198327192,0.00021549558317908207,0.00011914118209471354,5.401323357923562e-05
0.28750000000000003,655.684432000157,249398260.83362335,0.9606118629585052,0.21023862056676107,82423.00000033737,2.629065775392765e-06,0.04151910390373157,0.022213481133277924,0.00029976194471987807,0.0003297077932186047,0.00023288008803575992
0.28800000000000003,655.640128000157,249128961.6669558,0.9605469552896642,0.2100116058108012,82334.00000033651,2.6317298623699936e-06,0.04153873120365719,0.02223128376002931,0.00034725327474926593,5.26345088193483e-05,0.00024484357237629226
0.2885,655.566288000157,248841507.5002882,0.9604387758415956,0.20976928668927097,82239.00000033563,2.6344732218735566e-06,0.041558035495506684,0.02225275858111653,9.977692753250982e-05,0.0001960686675236024,2.6344703790475233e-05
0.289,655.499832000157,248538924.16695386,0.9603414143383341,0.2095142139297655,82139.00000033466,2.6374131705818067e-06,0.04157910978512684,0.022270871827399844,0.0002637357795277786,5.274817459216312e-05,2.637410321353531e-05
0.2895,655.403840000157,248299883.33361974,0.960200781055845,0.20931270644975614,82060.00000033391,2.6395656381342142e-06,0.041593027457598505,0.022284660899955153,0.00024121857375201662,5.2791223791949134e-05,0.0003990870413991993
0.29,655.3558440001569,248103204.16695243,0.9601304644146005,0.2091469091560776,81995.00000033328,2.6414646525852927e-06,0.04160646311046953,0.02229944813275513,0.0001932066588212797,5.2829203949787565e-05,2.6414617944796412e-05
0.2905,655.3004640001569,247818775.83361816,0.9600493298285492,0.20890714076214242,81901.0000003324,2.6442728634900363e-06,0.04162681476076491,0.02232043178824616,0.0004401962312108552,0.00021134324081866887,0.00025603371374327387
0.291,655.2413920001569,247558554.16695064,0.9599627862700943,0.20868777818896772,81815.00000033157,2.64681377787604e-06,0.041644932632917596,0.02233516739176205,0.00022439192432995746,5.293618608689522e-05,2.6468109080896447e-05
0.2915,655.2044720001569,247280177.50028306,0.9599086965460601,0.20845311125022267,81723.00000033069,2.6496441349384217e-06,0.04166601916476936,0.02236035267967861,0.00032927176372831606,5.2992793034275825e-05,0.00019511786694467699
0.292,655.1232480001569,247029033.33361557,0.9597896991531848,0.20824140085983311,81640.0000003299,2.6520091147156996e-06,0.04168202597313791,0.02237496201917343,0.0003751374660246867,0.00024334213458719947,0.00011899453676484302
0.2925,655.0826360001569,246762760.00028136,0.9597302004567471,0.20801693683146827,81552.00000032908,2.6547062287656775e-06,0.04170192340145615,0.022393829026968896,0.00020706871130299876,5.309403455988759e-05,2.6547033417088007e-05
0.293,655.0051040001568,246550951.66694734,0.9596166120362752,0.20783838589981443,81482.00000032841,2.6566723818002886e-06,0.04171489456683384,0.02240964435774497,0.0003421176872912112,5.3133357482093245e-05,0.00016069349545446508
0.2935,654.9644920001568,246287704.16694647,0.9595571133398375,0.20761647259904467,81395.00000032758,2.6593471006420534e-06,0.041734594508892366,0.02242647564952643,0.0003834100173794536,5.318685167462679e-05,0.00013144826528510082
0.294,654.8943440001568,246015379.16694558,0.9594543428641725,0.20738690711548974,81305.00000032672,2.6620057096338953e-06,0.04175321467652408,0.022445045320344123,0.0003956547236172131,5.3240023669111706e-05,2.6620028065229746e-05
0.2945,654.8426560001568,245776338.33361146,0.9593786172505245,0.20718539963548038,81226.00000032596,2.664384457999727e-06,0.041770217208376884,0.022464323194583666,0.00026771782925983446,0.0001695915257217627,0.00029732145828572596
0.295,654.7835840001568,245482832.50027716,0.9592920736920697,0.20693797905876007,81129.00000032505,2.6673294312726226e-06,0.041791410264329684,0.022483250814778217,0.0002803948915676612,0.0001818732418688455,0.0002492505418746583
0.2955,654.7097440001568,245195378.33360955,0.9591838942440013,0.20669565993722985,81034.00000032414,2.6701553204211194e-06,0.04181118451319565,0.022505063332584743,8.787465255629786e-05,0.00025449376534064655,0.0002645426990074017
0.296,654.6211360001568,244956337.50027543,0.9590540789063191,0.20649415245722053,80955.00000032339,2.6723992638052107e-06,0.0418259188023133,0.022520067873388255,0.000267234233652178,5.344789402607202e-05,2.672396337752634e-05
0.2965,654.5657560001567,244638625.0002744,0.9589729443202677,0.20622632605973976,80850.00000032238,2.6756435374807332e-06,0.041849528943763044,0.02254241160262842,0.0002818826505318466,0.00024134284443041206,2.675640604273173e-05
0.297,654.4734560001567,244317886.66694,0.9588377200101821,0.20595594893466396,80744.00000032136,2.6787783118489014e-06,0.041871084703721834,0.02256372084681888,0.0001911639432729264,5.3575474540902634e-05,2.678775371686946e-05
0.2975,654.4476120001567,244066742.5002725,0.9587998572033581,0.2057442385442744,80661.00000032058,2.6814288800508165e-06,0.041890967509715084,0.022581659462575485,0.00036142397561775237,5.362848572165518e-05,0.00013224887765811167
0.298,654.4106920001567,243812572.50027168,0.9587457674793239,0.20552997742628978,80577.00000031978,2.68407279119877e-06,0.041910432604151476,0.02260325614626158,0.00010229657381735329,0.00023338155017910473,0.00011382550579075669
0.2985,654.3553120001567,243561428.3336042,0.9586646328932725,0.20531826703590023,80494.00000031899,2.686613050667002e-06,0.041928486100708276,0.022620218538136623,0.0003645506495730764,0.0001696131371845702,0.000183224326460042
0.299,654.3036240001567,243273974.16693658,0.9585889072796246,0.20507594791437003,80399.00000031809,2.689575102477539e-06,0.04194993633977493,0.02264215311965454,0.0002689517414286555,5.379140960135076e-05,2.689572138423807e-05
0.2995,654.2445520001567,242989545.8336023,0.9585023637211698,0.20483617952043487,80305.00000031719,2.6924802454183736e-06,0.04197069156994171,0.022661785010633494,0.0002910672864192816,1.7452052967799094e-05,2.692477274907928e-05
0.3,654.1928640001566,242735375.83360147,0.9584266381075219,0.20462191840245025,80221.00000031639,2.6950866216081132e-06,0.04198934212108418,0.02267882391379125,0.00028309412799996437,0.0002859887419502689,0.00027143957060147243
0.3005,654.1559440001566,242514490.00026742,0.9583725483834876,0.20443571528801124,80148.00000031569,2.697389108582482e-06,0.04200608922494174,0.02269465113050998,0.00029053095346701123,5.394768917544984e-05,2.69738612715533e-05
0.301,654.0710280001566,242217958.33359978,0.9582481420182088,0.20418574398369588,80050.00000031476,2.7003407695284242e-06,0.042026337850172936,0.022715691596372975,0.0002963908349065922,0.00032080050695690386,0.00036417850656276645
0.3015,654.0082640001566,241978917.50026566,0.9581561894873507,0.20398423650368655,79971.000000314,2.702748945058152e-06,0.04204305594543446,0.02273620060221632,0.00027437429597695033,0.00014281735629009804,2.702745951644694e-05
0.302,653.9418080001566,241700540.83359808,0.958058827984089,0.2037495695649415,79879.00000031313,2.70558686275498e-06,0.042062985733206715,0.022753138359031824,0.00041900821584486066,0.00030462467296215283,2.7055838629951173e-05
0.3025,653.8421240001566,241422164.1669305,0.9579127857291966,0.20351490262619645,79787.00000031224,2.7082936906656995e-06,0.042080813923858054,0.022776353094797672,0.00039678092044055424,5.416578004216765e-05,2.708290684815066e-05
0.303,653.7756680001565,241213381.6669298,0.957815424225935,0.20333890242213767,79718.0000003116,2.7103623500577485e-06,0.04209474260401353,0.022787343341040912,0.0003277567323589742,5.4207153082136605e-05,2.7103593395563814e-05
0.3035,653.7055200001565,240959211.66692898,0.9577126537502699,0.20312464130415306,79634.00000031079,2.7129301904579394e-06,0.04211241903655387,0.022808097000094663,0.0003802107726047431,5.425850970726343e-05,0.00022549767379976881
0.304,653.6501400001565,240680835.0002614,0.9576315191642185,0.202889974365408,79542.00000030991,2.7158379270183543e-06,0.042133196342255576,0.022826615489405778,0.00030411788218800626,5.431666423282203e-05,2.7158349042325235e-05
0.3045,653.6095280001565,240408510.0002605,0.9575720204677809,0.20266040888185308,79452.00000030905,2.718745388836062e-06,0.042154433691921296,0.022845903810808147,0.0002599243673333373,5.4374813264334435e-05,2.718742359539506e-05
0.305,653.5319960001565,240130133.33359292,0.957458432047309,0.20242574194310803,79360.00000030818,2.7215742852741373e-06,0.04217385755924177,0.022868559857715173,0.0002792433598537089,7.52146844052829e-05,2.7215712496030267e-05
0.3055,653.4692320001565,239903195.83359218,0.9573664795164507,0.2022344373734789,79285.00000030747,2.723887148437291e-06,0.04218974788505263,0.02288228382749424,0.00028658449993109467,0.00019918493255762542,0.00025001356905850165
0.306,653.4212360001565,239682310.00025812,0.9572961628752062,0.2020482342590399,79212.00000030677,2.7261971732475908e-06,0.042206083777043886,0.022899579561423,0.0002726137826695593,0.00013089488606764764,0.00023837207810832112
0.3065,653.3510880001564,239452346.66692403,0.9571933923995412,0.20185437896181574,79136.00000030604,2.7285223849109387e-06,0.04222181245951535,0.02291587259546971,0.00018784413915039092,5.457035248682825e-05,0.00016013877283441887
0.307,653.3141680001564,239176995.8335898,0.957139302675507,0.20162226275066575,79045.00000030518,2.7315092144342655e-06,0.04224372195834725,0.02293747138423673,0.00015000148940983495,5.4630088866149564e-05,2.7315061563693564e-05
0.3075,653.2661720001564,238974265.0002558,0.9570689860342624,0.20145136400179706,78978.00000030454,2.733625614454582e-06,0.04225853184232908,0.022953214032432532,0.00034110607305845293,0.00022000764741036917,0.00019479745847121008
0.308,653.2107920001564,238714043.33358827,0.9569878514482111,0.20123200142862235,78892.00000030371,2.73637354081986e-06,0.04227797414135556,0.02297101493238431,0.00035121019020518897,0.00016478333340149353,2.7363704717628445e-05
0.3085,653.1738720001564,238484080.00025418,0.9569337617241769,0.20103814613139817,78816.000000303,2.738857335883637e-06,0.04229596219141505,0.02298799739116395,0.00038262552402706,0.00024838550590261993,2.7388542612201017e-05
0.309,653.1184920001564,238190574.1669199,0.9568526271381255,0.20079072555467786,78719.00000030207,2.7419997381695805e-06,0.04231842503252158,0.023012380691806868,0.00032370391956969757,5.483989859270573e-05,2.741996656397829e-05
0.3095,653.0631120001564,237975740.00025252,0.956771492552074,0.20060962389542897,78648.0000003014,2.7442423836961845e-06,0.04233393239320395,0.02302720526158297,0.0002542259105399607,0.00025731285542391323,2.7442392968324045e-05
0.31,652.9708120001563,237688285.8335849,0.9566362682419886,0.20036730477389875,78553.0000003005,2.747172876905374e-06,0.042353536584859235,0.023047174837352472,0.00019660671093896196,0.00017608973453526086,2.7471697833636672e-05
0.3105,652.8785120001563,237409909.16691732,0.9565010439319029,0.2001326378351537,78461.00000029962,2.7500053148208435e-06,0.04237236991195135,0.023067365871366787,0.0002906753114677399,5.500000954632505e-05,2.7500022148148717e-05
0.311,652.7935960001563,237173894.16691655,0.9563766375666242,0.19993368108273943,78383.00000029887,2.7523838502256824e-06,0.04238793345556859,0.023083768185547228,0.00034041907564314594,5.5047580080949905e-05,0.00025817932198929626
0.3115,652.7308320001563,236995370.0002493,0.9562846850357659,0.1997831881546312,78324.00000029831,2.754192337172957e-06,0.04239981845781303,0.023096683576967994,0.0002754131704138616,8.191331626133881e-05,0.00016520286307069527
0.312,652.6717600001563,236698838.33358166,0.9561981414773112,0.1995332168503158,78226.00000029737,2.757393169291099e-06,0.0424225293765868,0.02312160006481891,0.0004801546059254188,0.00022383603585362374,2.7573900524220607e-05
0.3125,652.6126880001563,236450720.0002475,0.9561115979188564,0.1993240571875213,78144.0000002966,2.7600367975173565e-06,0.04244093986031852,0.023139656684981923,0.00035716798729801594,0.0001818415075237841,8.698398284315303e-05
0.313,652.5610000001562,236226808.3335801,0.9560358723052085,0.19913530334548726,78070.00000029588,2.7624341394760883e-06,0.04245768628285058,0.02315603034135734,0.00045185650414893597,5.5248585140169984e-05,2.7624310111011145e-05
0.3135,652.4834680001562,236021051.66691276,0.9559222838847365,0.19896185386902351,78002.00000029524,2.764513857522254e-06,0.042471142283535955,0.02317074630313619,0.00033166570372834613,5.529017934843957e-05,2.764510724365491e-05
0.314,652.4133200001562,235769907.50024527,0.9558195134090715,0.19875014347863396,77919.00000029446,2.7671611144839486e-06,0.042489188088014086,0.023187835736656306,0.0002400192141098455,0.00012989980731918294,0.00017230812825507483
0.3145,652.3653240001562,235542970.00024453,0.955749196767827,0.19855883890900486,77844.00000029374,2.7696234109618255e-06,0.042506524271239084,0.023204939029488263,0.00040442526524195284,5.539237004685303e-05,0.00022479008553132838
0.315,652.3025600001562,235297877.50024372,0.9556572442369687,0.19835222997380542,77763.00000029297,2.7722415813099737e-06,0.04252456477622853,0.023222940177922296,0.0003105697112395916,5.544473326358647e-05,2.772238430449009e-05
0.3155,652.2545640001562,235040681.66690955,0.9555869275957242,0.19813541812822574,77678.00000029216,2.7750709339947617e-06,0.04254469423587117,0.02324291972122584,0.0003611576227532834,0.0003134539375778739,2.7750677766555397e-05
0.316,652.1918000001561,234804666.66690877,0.955494975064866,0.19793646137581147,77600.0000002914,2.7775930063832504e-06,0.042561974873374674,0.02326122185169847,0.0004694047238984087,0.00014914016179942753,0.00023872203670289427
0.3165,652.1216520001561,234607987.50024146,0.9553922045892009,0.1977706640821329,77535.00000029079,2.7796225480152717e-06,0.04257523186657403,0.023274006322822807,0.00027795607348637713,5.5592352060080374e-05,0.00013861640574810765
0.317,652.0588880001561,234371972.50024068,0.9553002520583428,0.19757170732971863,77457.00000029005,2.7821538601399385e-06,0.04259256354991231,0.02329140024247676,0.00017631282298615462,5.564297811779145e-05,2.7821506864848924e-05
0.3175,652.0108920001561,234078466.6669064,0.9552299354170982,0.1973242867529983,77360.00000028913,2.785437299228243e-06,0.042616121029799066,0.023315632417501786,0.00037242087314053285,5.5708646662040216e-05,2.7854341180340278e-05
0.318,651.9739720001561,233815219.16690552,0.955175845693064,0.19710237345222853,77273.0000002883,2.7884154603929102e-06,0.042637690055313794,0.023337984109975465,0.00020733206191185277,5.576820967012985e-05,0.00012757504555016875
0.3185,651.9112080001561,233558023.33357134,0.9550838931622058,0.19688556160664886,77188.00000028749,2.7912173544519426e-06,0.04265705316197386,0.023356611502365364,0.00042889251447398994,5.582424734657058e-05,2.791214159950105e-05
0.319,651.8484440001561,233334111.66690394,0.9549919406313475,0.19669680776461482,77114.00000028679,2.793626869828198e-06,0.04267340662102785,0.023371656296700922,0.0003666040563065425,0.00011360937745556495,5.008409893155419e-05
0.3195,651.770912000156,233076915.83356977,0.9548783522108757,0.19647999591903514,77029.00000028597,2.7963769370689533e-06,0.04269186629198656,0.023392055508138585,0.00045529372964496284,5.592743861949338e-05,2.7963737306169982e-05
0.32,651.722916000156,232807616.6669022,0.9548080355696311,0.19625298116307527,76940.00000028513,2.799405471912166e-06,0.04271340532736644,0.023414997573168894,0.0004776894505078545,0.0002562452624549984,0.0002595915335862732
0.3205,651.652768000156,232535291.66690132,0.9547052650939661,0.19602341567952034,76850.00000028426,2.8023822247748348e-06,0.042733808954867246,0.023434330020754953,0.0002433909991604799,0.0001461072124651282,2.802379004427011e-05
0.321,651.597388000156,232368870.83356744,0.9546241305079147,0.1958831256617923,76795.00000028375,2.804150941831008e-06,0.042745476032511574,0.02344540708036554,0.0003391737722788954,5.6082918144426884e-05,0.00015392958072125003
0.3215,651.516164000156,232126804.16689998,0.9545051331150394,0.19567906745418792,76715.00000028298,2.806725256647714e-06,0.042762426989518015,0.02346304896092508,0.0002806662176091542,0.00017545450809818363,0.00024189504915267623
0.322,651.442324000156,231878685.83356583,0.9543969536669709,0.19546990779139342,76633.00000028219,2.8094101088175816e-06,0.04278045040135517,0.023484600722587356,0.0003084054806380015,0.00011719424104895918,2.809406872101748e-05
0.3225,651.375868000156,231627541.66689834,0.9542995921637093,0.19525819740100386,76550.0000002814,2.8121693271558106e-06,0.04279927007938535,0.02350294316426309,0.00028121059885865716,0.00032223473648426926,0.00015884070602714014
0.323,651.3094120001559,231340087.50023073,0.9542022306604476,0.19501587827947364,76455.0000002805,2.8153763536529585e-06,0.04282148288731055,0.023521113528500535,0.00016326257614890138,5.6307425551569164e-05,0.00014620258792784642
0.3235,651.2651080001559,231134330.8335634,0.9541373229916066,0.19484242880300992,76387.00000027985,2.8176909317254252e-06,0.042837624412552594,0.023541098572090306,0.00038343076427465326,0.00017699842150650292,2.817687675735033e-05
0.324,651.1986520001559,230889238.33356258,0.9540399614883449,0.19463581986781048,76306.00000027908,2.820394127938427e-06,0.04285598123187834,0.023560395046935925,0.00021429682811782065,0.0003042893610413706,2.820390865635349e-05
0.3245,651.1321960001559,230662300.83356184,0.9539425999850832,0.19444451529818135,76231.00000027836,2.822880868035696e-06,0.042872682318109735,0.02357632534405517,0.00027680671390456485,5.6457515283963344e-05,0.0002149222858940556
0.325,651.0435880001559,230441415.00022778,0.9538127846474012,0.19425831218374237,76158.00000027768,2.8252021799098583e-06,0.04288738779664359,0.02359237110477278,0.0002956830491548035,5.6503941346824774e-05,2.825198906328554e-05
0.3255,650.9919000001559,230193296.66689363,0.9537370590337532,0.19404915252094787,76076.0000002769,2.828022837442518e-06,0.04290708828032135,0.02361244387409178,0.00031284939748967363,5.656035428930104e-05,0.00012854255949358258
0.326,650.9365200001558,229975436.66689292,0.9536559244477018,0.19386550013410392,76004.0000002762,2.8304610676443784e-06,0.042923754951375785,0.023629311041099298,0.0002830396860933988,0.000249820283382442,0.00012191829512241829
0.3265,650.8516040001558,229739421.66689214,0.9535315180824231,0.19366654338168962,75926.00000027547,2.8329992270279594e-06,0.04294019503840454,0.02364578811307548,0.00039190598536649067,5.6659881709472714e-05,2.8329959351709353e-05
0.327,650.7777640001558,229491303.333558,0.9534233386343546,0.19345738371889512,75844.00000027468,2.8357404160726385e-06,0.042958527243524836,0.02366648838476466,0.000352407372214678,5.671470528566558e-05,9.690061711328377e-05
0.3275,650.7039240001558,229288572.500224,0.9533151591862861,0.19328648497002646,75777.00000027404,2.8379256624292523e-06,0.04297263801382628,0.023684066700450465,0.00032408872347189035,5.675841004831891e-05,2.837922358973135e-05
0.328,650.6522360001558,229025325.00022313,0.9532394335726382,0.1930645716692567,75690.00000027321,2.840961959117499e-06,0.04299391236854654,0.02370245284853147,0.00018904506587736028,6.169889420457918e-05,0.00022596765326884244
0.3285,650.5599360001557,228795361.66688904,0.9531042092625526,0.1928707163720325,75614.00000027248,2.8434140065624586e-06,0.04300941153684312,0.02371934535400547,0.0004795808034111653,0.00016600563125593413,7.838268175510628e-05
0.329,650.4934800001557,228556320.83355492,0.9530068477592909,0.19266920889202319,75535.00000027174,2.846097091639284e-06,0.04302750103295702,0.02373754563633894,0.00036096086396597587,5.692183802125282e-05,2.8460937689307086e-05
0.3295,650.4381000001557,228317280.0002208,0.9529257131732396,0.19246770141201386,75456.00000027097,2.8488343063631746e-06,0.04304635424506052,0.023758098455005396,0.00017283936413176046,5.697658211170567e-05,2.8488309772072325e-05
0.33,650.3790280001557,228051006.6668866,0.9528391696147848,0.192243237383649,75368.00000027014,2.851901587745071e-06,0.043067565746201845,0.023777864605763366,0.00023223417858864084,0.00012448623359231787,5.589164221249656e-05
0.3305,650.3051880001557,227821043.3335525,0.9527309901667163,0.19204938208642486,75292.00000026941,2.8544561928287047e-06,0.04308440442854153,0.02379623804645015,0.00033627858342897643,0.0001470255544373902,0.0001730480337611883
0.331,650.2128880001557,227566873.33355168,0.9525957658566306,0.19183512096844024,75208.00000026861,2.857238746902845e-06,0.043102339702638,0.0238152986103716,0.0003614826161851076,5.714467029048581e-05,2.8572353978576733e-05
0.3315,650.1168960001556,227382297.50021774,0.9524551325741416,0.1916795265851419,75147.00000026805,2.8591359272352023e-06,0.04311346428617534,0.023826458552104215,0.0002443116754795854,5.718261375069159e-05,0.00011862993866119053
0.332,650.0504400001556,227188644.16688377,0.95235777107088,0.19151628001905838,75083.00000026742,2.8612805115499274e-06,0.043127426095863,0.02384173596947004,0.00029016332519066695,5.722550527456966e-05,7.857569398132019e-05
0.3325,649.9802920001556,226961706.66688302,0.952255000595215,0.19132497544942928,75008.00000026672,2.8638324127256708e-06,0.04314432582360954,0.023859512825709844,0.00020176158262552184,0.000183682160978474,0.00018131626358374673
0.333,649.9027600001556,226746872.50021565,0.952141412174743,0.19114387379018039,74937.00000026602,2.866203854695008e-06,0.04315961093687775,0.02387681678079511,7.301955521138899e-05,5.7323971764481695e-05,2.8662004842989495e-05
0.3335,649.8326120001556,226535064.16688162,0.952038641699078,0.19096532285852652,74867.00000026537,2.868574074349229e-06,0.04317512248090948,0.02389209937776903,0.00025519024340206427,5.737137597782197e-05,0.0001408722955110497
0.334,649.7624640001555,226283920.00021413,0.9519358712234129,0.190753612468137,74784.00000026458,2.8714477988517286e-06,0.043194411804481525,0.02391087618616498,0.00028713816047788406,5.742885025088991e-05,0.00012219069293893474
0.3345,649.6997000001555,226060008.33354673,0.9518439186925547,0.19056485862610292,74710.00000026387,2.874014315002313e-06,0.04321162400773555,0.02392842787248271,0.00039788186739604013,0.00023078275634605568,0.00019403654441662948
0.335,649.6553960001555,225787683.33354583,0.9517790110237137,0.190335293142548,74620.00000026301,2.877284475435488e-06,0.04323472669808379,0.023954238433316326,0.00028788961523518267,5.754558334391887e-05,2.8772810786869526e-05
0.3355,649.5630960001555,225569823.33354512,0.951643786713628,0.19015164075570404,74548.00000026233,2.8796542303429517e-06,0.04324945458119171,0.023968576983855117,0.00021904738401325313,0.000268648026406726,0.0002595451507917487
0.336,649.5224840001555,225324730.8335443,0.9515842880171903,0.1899450318205046,74467.00000026156,2.88260627937899e-06,0.043270264525079656,0.02399021594418976,0.00034118026632028094,0.0001023571815445817,2.882602869922778e-05
0.3365,649.4449520001555,225073586.66687682,0.9514706995967185,0.18973332143011504,74384.00000026077,2.88547830786282e-06,0.043289230980812936,0.024011387914588563,0.0002624637311691366,0.00020059368366596991,0.00018514457272227083
0.337,649.3821880001555,224870855.83354282,0.9513787470658602,0.18956242268124637,74317.00000026013,2.8878005804400485e-06,0.04330455465851471,0.02402687337371639,0.00033839608846483087,5.775590464495313e-05,0.00022049753881957912
0.3375,649.3046560001554,224607608.33354196,0.9512651586453883,0.18934050938047658,74230.0000002593,2.890839988981758e-06,0.04332475107777653,0.02404645710880038,0.00030969985452881585,5.781669258436366e-05,2.890836559804782e-05
0.338,649.2160480001554,224398825.83354127,0.9511353433077061,0.1891645091764178,74161.00000025865,2.893134781737864e-06,0.04333898612086204,0.024061629010540653,0.00034250744807482126,0.0002217692105026053,2.8931313470264955e-05
0.3385,649.1311320001554,224171888.33354053,0.9510109369424274,0.18897320460678868,74086.00000025793,2.895684810551835e-06,0.04335524587327403,0.02408104740221293,0.00033918806901491464,0.00022081256033929065,2.8956813696985698e-05
0.339,649.0462160001554,223960080.0002065,0.9508865305771487,0.18879465367513484,74016.00000025726,2.898044222879171e-06,0.04337006824460056,0.02409529254021322,0.00024484958983661596,0.00022410354327478347,0.00019142580164773488
0.3395,649.0056040001554,223718013.33353904,0.9508270318807109,0.18859059546753046,73936.00000025649,2.9009984235491985e-06,0.04339081024267227,0.024115992703725185,0.00020664484357660752,5.8019860497130414e-05,0.00010729916803317673
0.34,648.9686840001553,223488050.00020495,0.9507729421566767,0.18839674017030628,73860.00000025578,2.9038182757402924e-06,0.043410658840129374,0.024133416999899283,0.00019030899055318557,5.80762573279867e-05,0.00020524672862871375
0.3405,648.9022280001553,223264138.33353755,0.9506755806534151,0.18820798632827224,73786.00000025507,2.9064328594982452e-06,0.043427974057979185,0.024154913674537933,0.00034302727824674843,0.00012562537668630262,0.00016718775032143997
0.341,648.8542320001553,223022071.6668701,0.9506052640121706,0.18800392812066785,73706.00000025431,2.909372274908083e-06,0.043448321974913974,0.024174573594115897,0.00036815819287055356,0.00030886897934440875,2.9093688011709468e-05
0.3415,648.7545480001553,222801185.83353603,0.9504592217572781,0.18781772500622884,73633.00000025361,2.9118092238739994e-06,0.04346317571596787,0.02419156700619042,0.0003724850694415618,5.823607567715965e-05,2.9118057442146967e-05
0.342,648.6807080001553,222547015.8335352,0.9503510423092096,0.18760346388824423,73549.00000025281,2.9148029937429823e-06,0.043483038446694516,0.024211168526314195,0.000378030983057335,5.829595084473609e-05,2.9147995068502644e-05
0.3425,648.6216360001553,222350336.66686788,0.9502644987507549,0.18743766659456565,73484.00000025218,2.9171156010972908e-06,0.043498304034686686,0.024226800151541363,0.00018758813473580734,0.00015197867444011914,0.0002331502240298089
0.343,648.5551800001552,222111295.83353376,0.9501671372474932,0.18723615911455632,73405.00000025144,2.9199558607151135e-06,0.04351724549970249,0.024248014751121958,0.00040518868069228824,0.0002743440704896368,2.9199523613558646e-05
0.3435,648.4739560001552,221917642.5001998,0.9500481398546179,0.1870729125484728,73341.00000025083,2.9221379097859307e-06,0.043530776290911184,0.024259944729676748,0.00015983481336047834,5.84426485993831e-05,2.922134405112217e-05
0.34400000000000003,648.3964240001552,221693730.8335324,0.949934551434146,0.18688415870643876,73267.00000025012,2.9247395565147017e-06,0.043547546667939245,0.02427772777184922,0.0002944434346937524,5.849468133241032e-05,0.00023553649530063498
0.34450000000000003,648.3373520001552,221469819.166865,0.9498480078756912,0.1866954048644047,73193.00000024942,2.9274298161216706e-06,0.043565585537680536,0.02429734306075716,0.00034410947436117636,0.0001923166562490947,9.194198513411969e-05
0.34500000000000003,648.2782800001552,221245907.5001976,0.9497614643172364,0.18650665102237063,73119.0000002487,2.930125521076932e-06,0.04358365378861795,0.024315321299094927,0.00032816570385356294,0.00017970844744816947,2.9301219970173108e-05
0.34550000000000003,648.1933640001552,220979634.16686338,0.9496370579519576,0.1862821869940058,73031.00000024788,2.9332719571374596e-06,0.04360419198041564,0.024336989219653892,0.00035061677142839473,5.866532868667266e-05,2.9332684254184143e-05
0.34600000000000003,648.1306000001551,220779929.16686273,0.9495451054210995,0.18611383897273218,72965.00000024724,2.935640945469758e-06,0.04361968438083837,0.024356098712610453,0.00018498914650335682,5.871270826968228e-05,0.00026844434768354814
0.34650000000000003,648.0641440001551,220565095.00019535,0.9494477439178378,0.18593273731348328,72894.00000024657,2.9381990110428904e-06,0.043636447634484064,0.024373490992504007,0.00028771214840778327,5.8763869382778644e-05,2.9381954673165633e-05
0.34700000000000003,648.0087640001551,220365390.0001947,0.9493666093317864,0.18576438929220968,72828.00000024594,2.9406104288862357e-06,0.04365248517131222,0.02438895491772534,0.00020149510075328895,0.00016829624473884878,2.940606879283747e-05
0.34750000000000003,647.9496920001551,220168710.8335274,0.9492800657733317,0.1855985919985311,72763.00000024532,2.9429690056643827e-06,0.043667997323908476,0.02440468117096859,0.00034046123397003987,5.885926890559587e-05,0.00010885085045186539
0.34800000000000003,647.8537000001551,219920592.50019324,0.9491394324908426,0.1853894323357366,72681.00000024453,2.945852830946633e-06,0.04368615092093868,0.024426534141738523,0.00023116996032256022,5.891694518525104e-05,0.00020347509302599798
0.34850000000000003,647.787244000155,219693655.0001925,0.949042070987581,0.1851981277661075,72606.00000024383,2.9485933219126766e-06,0.04370422478684348,0.0244441150809674,0.0002613295722650556,0.0001798547044589922,0.00023677753259765755
0.34900000000000003,647.735556000155,219472769.16685843,0.9489663453739331,0.1850119246516685,72533.00000024313,2.95132538974665e-06,0.04372272305740009,0.024460769017073745,0.0002842153119535603,0.00023644491216754065,0.00029371595741356797
0.34950000000000003,647.694944000155,219227676.66685763,0.9489068466774954,0.18480531571646905,72452.00000024235,2.9544396667780414e-06,0.043744413929282897,0.024483799366447526,0.0003266365150352682,5.908868123808981e-05,2.9544360833842867e-05
0.35000000000000003,647.632180000155,218991661.66685686,0.9488148941466372,0.18460635896405475,72374.00000024162,2.9573371655829146e-06,0.0437637387300306,0.024503768025024405,0.00034225105731078325,5.9146630988971243e-05,2.9573335750916266e-05
0.35050000000000003,647.595260000155,218764724.1668561,0.9487608044226029,0.18441505439442565,72299.0000002409,2.960236219374297e-06,0.04378393600911502,0.024522515517548565,0.0003919952236444551,0.000277671608750318,0.00030220358387087544
0.35100000000000003,647.506652000155,218504502.5001886,0.9486309890849208,0.18419569182125092,72213.00000024008,2.9633561074998723e-06,0.04380400548494423,0.024545086555427375,0.0002934811424945844,6.397931705414306e-05,0.00015642422336464563
0.35150000000000003,647.436504000155,218289668.33352122,0.9485282186092557,0.18401459016200203,72142.00000023941,2.965951201185332e-06,0.043820807595967494,0.024561076397737306,0.0003767048638085016,5.931891102930677e-05,2.9659475895418066e-05
0.352,647.373740000155,218014317.50018698,0.9484362660783975,0.18378247395085204,72051.00000023853,2.9694092912021696e-06,0.0438442207795402,0.024588643903413313,0.00036592406515423243,9.588683025726779e-05,3.848846230005026e-05
0.3525,647.3109760001549,217787380.00018623,0.9483443135475393,0.18359116938122294,71976.00000023782,2.9722152679351825e-06,0.043862804970527365,0.02460693685522499,7.540282378975434e-05,5.944419187592973e-05,2.972211640887733e-05
0.353,647.2297520001549,217539261.6668521,0.948225316154664,0.18338200971842844,71894.00000023704,2.975231905454139e-06,0.04388230507168071,0.024624916952387117,0.00039623609192080274,0.00035408571851273897,0.00023382765276418828
0.3535,647.1448360001549,217327453.33351806,0.9481009097893852,0.1832034587867746,71824.00000023638,2.9777408517598766e-06,0.043897923670144376,0.024641931270281026,0.00021688695860956928,5.955470311601831e-05,0.0001873790094395485
0.354,647.0820720001549,217121696.66685072,0.948008957258527,0.18303000931031085,71756.00000023573,2.9802736526742922e-06,0.04391445928721045,0.024658902290526575,0.00020717067836849477,9.02967135325054e-05,0.00015912333857648158
0.3545,647.0008480001549,216885681.66684994,0.9478899598656517,0.18283105255789658,71678.00000023498,2.983142285040231e-06,0.04393283133362537,0.024679952529595733,0.00033649208048427726,0.00018369560051035026,2.9831386309454267e-05
0.355,646.9528520001548,216637563.3335158,0.9478196432244071,0.18262189289510208,71596.0000002342,2.986337374023009e-06,0.04395472168205574,0.024700660763873766,0.0003929882953053965,0.00019711030633289394,2.9863337120454672e-05
0.3555,646.8863960001548,216425755.00018176,0.9477222817211455,0.18244334196344825,71526.00000023353,2.9889529367686003e-06,0.04397170757068235,0.0247194415064982,0.00028556880062737336,5.977894393463816e-05,0.00017646416580894322
0.356,646.8236320001548,216201843.33351436,0.9476303291902873,0.18225458812141418,71452.00000023283,2.9917581738762536e-06,0.04399020298087499,0.024736692563832634,0.0003727318380528492,5.983504845583094e-05,6.128582315110887e-05
0.3565,646.7461000001548,216014241.66684708,0.9475167407698154,0.18209644301052078,71390.00000023223,2.993997502246235e-06,0.04400402567218253,0.024754883719649907,0.00036999214370480926,5.9879834844333665e-05,0.00030318467617950477
0.357,646.6648760001548,215781252.50017965,0.94739774337694,0.18190003698570156,71313.0000002315,2.9968538439159183e-06,0.04402224646231967,0.024774482072252604,0.0003647807322432116,7.740069579446708e-05,0.00015691091407181134
0.3575,646.6168800001548,215542211.66684553,0.9473274267356956,0.18169852950569224,71234.00000023075,2.999954742041912e-06,0.04404338129443869,0.024793659789426315,0.00029578350711954263,0.00019565119244158426,2.9999510462304403e-05
0.358,646.5208880001547,215312248.33351144,0.9471867934532066,0.18150467420846805,71158.00000023004,3.00271300404014e-06,0.0440603533204428,0.024810872320067102,0.00039177297354069075,6.00541441891155e-05,3.002709301325922e-05
0.3585,646.4359720001547,215100440.0001774,0.9470623870879278,0.18132612327681422,71088.00000022935,3.005274986883437e-06,0.04407625110110182,0.024830148068813306,0.00030052021214239174,0.00018289336071520963,3.0052712777562975e-05
0.359,646.3621320001547,214915864.16684347,0.9469542076398593,0.18117052889351587,71027.00000022877,3.0075124258783004e-06,0.04409013716133956,0.02484592027186128,0.0002514296597977029,6.015013224136442e-05,3.0075087111462672e-05
0.3595,646.3067520001547,214691952.50017607,0.946873073053808,0.1809817750514818,70953.00000022807,3.0103911416969607e-06,0.04410934332517523,0.024864115992480614,0.00023856702490964314,6.020770633023249e-05,0.00010907658587127056
0.36,646.2366040001547,214446860.00017527,0.9467703025781429,0.18077516611628236,70872.0000002273,3.0135046230083598e-06,0.04412975229552094,0.024885500697122708,0.00032473661917959285,0.00022062451008661446,0.00018744093883118508
0.3605,646.1738400001547,214247155.0001746,0.9466783500472846,0.18060681809500875,70806.00000022668,3.016020632804333e-06,0.044146026713459297,0.024903951327508684,0.0001961876459842776,6.0320295704664766e-05,0.00013126892752740417
0.361,646.1258440001546,214011140.00017384,0.9466080334060402,0.18040786134259446,70728.00000022593,3.0191224811924736e-06,0.0441670816140761,0.024922561222601572,0.00023773720345696448,6.03823324275537e-05,3.0191187374669087e-05
0.3615,646.0556960001546,213826564.1668399,0.9465052629303751,0.1802522669592961,70667.00000022535,3.021400537942818e-06,0.04418134291259112,0.024939030090309903,0.00020613963307893271,6.0427893379498643e-05,0.00018992310174792163
0.362,646.0077000001546,213648040.00017264,0.9464349462891306,0.18010177403118788,70608.00000022478,3.023700568465934e-06,0.044196514352840346,0.024956436219847073,0.00030236267599170855,6.047389380697827e-05,3.0236968132486833e-05
0.3625,645.9523200001546,213405973.33350518,0.9463538117030792,0.1798977158235835,70528.00000022403,3.0268708504737e-06,0.044217782343011124,0.024976867924016755,0.0003127080014758124,0.00014172321586569556,0.00016692277560281598
0.363,645.8489440001546,213176010.0001711,0.9462023604757833,0.1797038605263593,70452.0000002233,3.0296511507070434e-06,0.04423454555495603,0.02499495906559402,0.0002545017346566247,0.00012093667367248322,0.0002239160777197563
0.3635,645.7824880001546,212985382.50017047,0.9461049989725216,0.17954316468787088,70389.0000002227,3.032050746485561e-06,0.04424978300367023,0.02501235127170183,0.00021963503581976616,6.064089669730875e-05,3.0320469702509107e-05
0.364,645.7271080001545,212761470.83350307,0.9460238643864703,0.1793544108458368,70315.00000022199,3.0349814065041395e-06,0.044269264549726975,0.025031689243114403,0.0003811506032193511,0.0001158697788839872,3.0349776229048862e-05
0.3645,645.6237320001545,212567817.5001691,0.9458724131591745,0.1791911642797533,70251.00000022138,3.037260012323554e-06,0.044282334615314924,0.025047404468395613,0.00023803438209201157,6.074508159340747e-05,9.5355716910735e-05
0.365,645.5388160001545,212365086.6668351,0.9457480067938957,0.17902026553088463,70184.00000022075,3.039759624014355e-06,0.04429763921944935,0.025065101733535926,0.0003502208897152592,0.0002469130664800015,0.0002480672499539658
0.3655,645.4391320001545,212141175.0001677,0.9456019645390032,0.17883151168885056,70110.00000022004,3.0424981477529964e-06,0.04431416672151861,0.02508090100421489,0.00024303630698189208,0.00012876359791160364,0.00031224093536376884
0.366,645.3911360001545,211950547.50016707,0.9455316478977588,0.1786708158503621,70047.00000021943,3.045008109732039e-06,0.04433079345561657,0.025097392508071897,0.00021013975314208724,6.090004291473113e-05,3.0450043007179264e-05
0.3665,645.3357560001544,211723610.00016633,0.9454505133117074,0.178479511280733,69972.00000021872,3.048010356519273e-06,0.04435073921786241,0.025119936800645344,0.00036992369478697657,6.096008761020922e-05,3.048006539928651e-05
0.367,645.2656080001544,211481543.33349887,0.9453477428360423,0.1782754530731286,69892.00000021796,3.0511674817059264e-06,0.044371290695885184,0.02514124849725354,0.00044727330034631237,6.102322985994361e-05,3.051163657126364e-05
0.3675,645.1917680001544,211242502.50016475,0.9452395633879739,0.17807394559311926,69813.00000021722,3.0542706148808817e-06,0.04439130828948232,0.025160454978113776,0.00019379325776203109,6.10852922730728e-05,0.0002074734748020208
0.368,645.1363880001544,211054900.83349746,0.9451584288019225,0.17791580048222586,69751.00000021662,3.0567230869900837e-06,0.044407221059007455,0.02517926429591369,0.00035804928896300553,6.113434151745612e-05,0.0002025539084869134
0.3685,645.0773160001544,210837040.83349675,0.9450718852434676,0.1777321480953819,69679.00000021594,3.059601450722257e-06,0.044426090069603914,0.025195842462499615,0.0003928653074912635,6.119190856026346e-05,0.000226851523174137
0.369,644.9887080001544,210646413.33349612,0.9449420699057856,0.17757145225689347,69616.00000021534,3.061949633004223e-06,0.0444400823788495,0.025213818099741447,0.0003431404742478454,0.000215627053750406,3.0619457810346036e-05
0.3695,644.9444040001543,210407372.500162,0.9448771622369444,0.17736994477688411,69537.00000021457,3.0652177076145837e-06,0.044462264762841125,0.025237446577511317,0.00011362293801219884,0.00026792247827922685,0.000130658014752228
0.37,644.8816400001543,210147150.83349448,0.9447852097060863,0.1771505822037094,69451.00000021375,3.0687146480092527e-06,0.04448545504382214,0.025261402427154456,0.00019892365722704584,6.13741717696583e-05,0.00022951274566590578
0.3705,644.8336440001543,209926265.00016043,0.9447148930648417,0.1769643790892704,69378.00000021307,3.0717149376218433e-06,0.04450554019820035,0.025280639904476734,0.0002880008104066892,0.0002848315043761953,0.00013929926829959736
0.371,644.7745720001543,209711430.83349305,0.944628349506387,0.1767832774300215,69307.00000021239,3.074580004711776e-06,0.04452425153758127,0.025299148844041427,0.0002427564221359219,6.14914784302576e-05,3.0745761206549526e-05
0.3715,644.7081160001543,209514751.66682574,0.9445309880031253,0.17661748013634293,69242.00000021176,3.077149035431076e-06,0.04454055368242568,0.02531755457397953,0.000395471112701464,0.0001867932923806166,3.0771451448050466e-05
0.372,644.6121240001543,209348330.83349186,0.9443903547206363,0.17647719011861493,69187.00000021125,3.0791366782515956e-06,0.044551619466479474,0.02533053312691531,0.00035468833527159947,0.00014911996455300907,6.838640914105867e-05
0.3725,644.5604360001543,209154677.5001579,0.9443146291069883,0.1763139435525314,69123.00000021064,3.0817404788839476e-06,0.04456866551844746,0.02534742455248769,0.00021135978516164305,6.16346873267752e-05,0.0001698889862712225
0.373,644.4644440001542,208951946.6668239,0.9441739958244992,0.17614304480366275,69056.00000021,3.084271069404104e-06,0.04458364045615654,0.025364534893698568,0.00035204850641239443,6.1685298927529e-05,3.0842671604686666e-05
0.3735,644.4090640001542,208709880.00015643,0.9440928612384479,0.17593898659605833,68976.00000020923,3.08758293569845e-06,0.04460565414699222,0.025387233166402526,0.0002729840772891068,0.00016293253372083762,3.087579018300183e-05
0.374,644.3573760001542,208467813.33348897,0.9440171356247999,0.17573492838845395,68896.00000020847,3.0909202034434277e-06,0.04462796410140189,0.02540915017092255,0.00017619974867785307,6.181828106988817e-05,3.090916277512753e-05
0.3745,644.2872280001542,208222720.83348817,0.943914365149135,0.1755283194532545,68815.0000002077,3.0942215403830916e-06,0.04464936016237037,0.02543357826620972,0.00020146106442810348,6.188430753932604e-05,3.0942176059806765e-05
0.375,644.2133880001542,208010912.50015414,0.9438061857010664,0.17534976852160067,68745.00000020703,3.097017268263158e-06,0.04466696684602926,0.025450707864452204,0.0002694328030499692,6.19402218672479e-05,3.097013326662504e-05
0.3755,644.1506240001542,207793052.50015342,0.9437142331702082,0.17516611613475672,68673.00000020635,3.0999622761674312e-06,0.04468602210241015,0.025469918955371096,0.00023410514743728018,0.00018780468468785307,0.00017604625099069344
0.376,644.1173960001541,207523753.33348587,0.9436655524185774,0.17493910137879684,68584.0000002055,3.1038249147560106e-06,0.044712700135316315,0.025497521788078154,0.00038448804106862614,6.207637424466516e-05,3.103820955696597e-05
0.3765,644.0620160001541,207333125.83348525,0.943584417832526,0.17477840554030838,68521.00000020489,3.106411546206164e-06,0.04472940432489726,0.025514376041502484,0.00022198093058276925,6.212810666167003e-05,3.1064075804808834e-05
0.377,643.9992520001541,207088033.33348444,0.9434924653016679,0.17457179660510894,68440.00000020412,3.10978496262548e-06,0.044751504039157966,0.0255356249951484,0.00020114900625263653,6.219557471417033e-05,9.642987039851044e-05
0.3775,643.9327960001541,206842940.83348364,0.9433951037984062,0.1743651876699095,68359.00000020336,3.1131485242155027e-06,0.04477338889778637,0.025559016439206664,0.00028101341687486453,9.39477763870089e-05,3.1131445411194016e-05
0.378,643.8368040001541,206640210.00014964,0.9432544705159172,0.17419428892104083,68292.00000020272,3.115738238940465e-06,0.0447886689513341,0.025576773014190406,0.00022332045145547627,6.231463974797591e-05,0.0002077056249699105
0.3785,643.7703480001541,206413272.5001489,0.9431571090126556,0.1740029843514117,68217.000000202,3.1188418273814718e-06,0.04480865766048789,0.025599196286868145,0.0002918656970247344,6.237671126134739e-05,3.118837829512961e-05
0.379,643.678048000154,206213567.50014824,0.94302188470257,0.1738346363301381,68151.00000020137,3.121414637277401e-06,0.04482392207702369,0.025616932796173237,0.00011218196140679531,6.24281672437966e-05,3.121410632701783e-05
0.3795,643.607900000154,206001759.1668142,0.9429191142269049,0.17365608539848423,68081.0000002007,3.124283513904263e-06,0.04484207240125583,0.025633298533763893,0.00032244387786320363,3.357888954929906e-05,0.00026073835492120446
0.38,643.545136000154,205802054.16681355,0.9428271616960466,0.17348773737721063,68015.00000020007,3.127010265303408e-06,0.04485944882666298,0.02565309289131454,0.0003993805740530256,0.00024054325191787945,0.0003239573350919755
0.3805,643.515600000154,205575116.6668128,0.9427838899168193,0.1732964328075815,67940.00000019936,3.1303185445500004e-06,0.044882142490965254,0.025674945571371885,0.0003953734677260298,0.0001975778819272934,0.00017795822161707837
0.381,643.456528000154,205384489.16681218,0.9426973463583644,0.17313573696909304,67877.00000019876,3.1329363313192656e-06,0.04489884440564361,0.02569331168562756,0.00034373122447544854,2.6101407278858638e-05,0.00014851729737848685
0.3815,643.408532000154,205221094.16681165,0.94262702971712,0.1729979976789601,67823.00000019826,3.135196869563353e-06,0.04491336446157436,0.025707679160062034,0.00034897118477686357,0.00016148367238685225,0.0002719470863169966
0.382,643.331000000154,205015337.5001443,0.942513441296648,0.17282454820249635,67755.0000001976,3.1379652266245747e-06,0.04493048181050003,0.02572896683705815,0.00040518067046209843,6.275917766331505e-05,3.137961179057095e-05
0.3825,643.2682360001539,204761167.50014347,0.9424214887657899,0.17261028708451176,67671.0000001968,3.141553859325906e-06,0.044953973052169985,0.025751167100203726,0.00029916798099333445,0.00022233859415758623,3.141549802420559e-05
0.383,643.1796280001539,204516075.00014266,0.9422916734281077,0.17240367814931232,67590.00000019601,3.14488544726719e-06,0.04497470546452344,0.02577233383549392,0.00019430537389577754,8.330754326592128e-05,0.00026254552392744796
0.3835,643.1094800001539,204331499.16680872,0.9421889029524426,0.17224808376601397,67529.00000019545,3.147382966515324e-06,0.04499010668222168,0.02579030672250389,0.00036539702635896514,5.655991070353682e-05,3.1473788943508954e-05
0.384,643.0208720001539,204113639.166808,0.9420590876147604,0.17206443137917002,67457.00000019476,3.15030820392486e-06,0.0450079082079175,0.02580817442608428,0.00025778805787784987,6.300603617953543e-05,0.00011273802240872962
0.3845,642.9138040001538,203919985.83347404,0.9419022274150611,0.1719011848130865,67393.00000019415,3.1527748561397642e-06,0.045021776351026555,0.02582627754463397,0.0002971693458794162,6.30553690131714e-05,9.114309807659266e-05
0.385,642.8399640001538,203759616.66680685,0.9417940479669926,0.17176599625054859,67340.00000019364,3.1548938622678255e-06,0.04503431718184982,0.025838264618072353,0.0003906172509970168,6.309774895635473e-05,3.1548897703202074e-05
0.3855,642.7919680001538,203523601.66680607,0.9417237313257482,0.17156703949813432,67262.0000001929,3.158316591962075e-06,0.04505705716548981,0.025860734947410556,0.0002680057453637955,0.00010117355527020976,0.0001556395813138647
0.386,642.7365880001538,203326922.50013876,0.9416425967396967,0.17140124220445574,67197.00000019227,3.161099278427898e-06,0.04507496005145612,0.025881523952243832,0.0003705750756832753,6.322185676439235e-05,0.00017632400093052354
0.3865,642.6849000001538,203163527.50013822,0.9415668711260489,0.1712635029143228,67143.00000019178,3.163387188183748e-06,0.04508945591631619,0.025896179203458814,0.0003458613997441052,0.00023415442038947161,0.0002405915846490487
0.387,642.6036760001538,202975925.83347094,0.9414478737331735,0.1711053578034294,67081.00000019118,3.165910801300495e-06,0.045104587038067114,0.025912800757033304,0.00035083066207980754,6.331808681653807e-05,3.165906680438059e-05
0.3875,642.5150680001537,202764117.5001369,0.9413180583954913,0.17092680687177556,67011.00000019051,3.1687809259432697e-06,0.045121916421120185,0.025931757196184256,0.00033070924067734524,0.0001980844931973074,3.168776797497996e-05
0.388,642.4375360001537,202485740.83346933,0.9412044699750194,0.1706921399330305,66919.00000018964,3.1727544535025537e-06,0.045147473878472844,0.02595978011450226,0.000297528936105308,0.00018514451248798482,0.00017352231767451564
0.3885,642.3858480001537,202283010.00013533,0.9411287443613715,0.17052124118416181,66852.00000018899,3.1756787087542547e-06,0.04516645769649186,0.02597942911075005,0.00027002155261985315,6.726865780527888e-05,3.1756745621580204e-05
0.389,642.3304680001537,202013710.83346778,0.9410476097753201,0.17029422642820194,66763.00000018814,3.1796379827390324e-06,0.045192656357899486,0.026005992685950004,0.00026423176797335545,6.266962600172795e-05,0.0002118812689544148
0.3895,642.2750880001537,201807954.16680044,0.9409664751892688,0.17012077695173822,66695.00000018749,3.1826054163816243e-06,0.04521179055638541,0.026025830329862717,0.0002915541024746562,6.365197771960782e-05,0.0002415595996468803
0.39,642.1938640001537,201590094.16679972,0.9408474777963934,0.16993712456489427,66623.00000018682,3.185641966458875e-06,0.04523049360020487,0.026045828881990134,0.00031820458897545965,0.0002692298249064932,3.1856377935669564e-05
0.3905,642.1089480001536,201357105.0001323,0.9407230714311147,0.16974071854007503,66546.00000018608,3.1889063363308275e-06,0.045250669786656636,0.026067408678095042,0.00024242856842042964,6.377799558453881e-05,0.00024218343801872365
0.391,642.0277240001536,201090831.66679808,0.9406040740382393,0.1695162545117102,66458.00000018523,3.192724992375464e-06,0.04527489126125834,0.026092785450717786,0.0003212255643642444,6.385436838313006e-05,3.1927208007013626e-05
0.3915,641.9760360001536,200909281.6667975,0.9405283484245914,0.16936321085600692,66398.00000018466,3.195352801394478e-06,0.04529169614965874,0.026111183664272074,0.0003086811146261334,0.00015629154293632578,0.00016570452494818185
0.392,641.8837360001536,200733783.33346358,0.9403931241145058,0.16921526865549374,66340.00000018413,3.1976866342116493e-06,0.045304976058150155,0.026123713099423417,0.00034394292786429757,6.395360079664297e-05,3.197682429320697e-05
0.3925,641.8246640001536,200564336.66679636,0.940306580556051,0.16907242791017066,66284.00000018357,3.200093669027692e-06,0.04531993880305606,0.026141283906390145,0.00040231382637917837,0.00019272152535496542,0.00017491501872290448
0.393,641.7286720001536,200355554.16679567,0.940165947273562,0.16889642770611188,66215.00000018292,3.2029492502409766e-06,0.045336764048703286,0.02615955253690741,0.0003351773707452504,0.0002652449383491089,0.00019716385633214954
0.3935,641.6732920001535,200155849.16679502,0.9400848126875107,0.16872807968483824,66149.0000001823,3.205868300483343e-06,0.04535546128014488,0.02617943477183103,0.0003318171694691232,0.0002642777597569606,0.00024686706560076533
0.394,641.5957600001535,199947066.66679433,0.9399712242670387,0.16855207948077947,66080.00000018164,3.2088280698278673e-06,0.04537365184818769,0.026199553293346643,0.00020854995101033896,6.417642855951763e-05,3.208823835224391e-05
0.3945,641.5293040001535,199732232.50012696,0.939873862763777,0.16837097782153057,66009.00000018095,3.2119467948156324e-06,0.045393345169165614,0.02621921718248481,0.00032118629528251204,6.423880279427109e-05,3.211942551893486e-05
0.395,641.4628480001535,199526475.83345962,0.9397765012605155,0.16819752834506685,65941.00000018031,3.2149259656927357e-06,0.04541203976828452,0.02624001125302787,0.0002697307455151708,6.429838595811077e-05,3.2149217148126323e-05
0.3955,641.3742400001535,199360055.00012574,0.9396466859228333,0.16805723832733882,65886.00000017979,3.2171652440592923e-06,0.045424714646551595,0.026255443176963458,0.00033884591127198083,6.434317133068956e-05,3.217160987143982e-05
0.396,641.2967080001534,199160350.00012508,0.9395330975023614,0.1678888903060652,65820.00000017916,3.220001913030132e-06,0.04544198950455384,0.026271832147016734,0.00013422708010731415,0.0002531053101973674,0.0002434504761897381
0.3965,641.2376360001534,198960645.00012442,0.9394465539439066,0.16772054228479158,65754.00000017854,3.222937058732155e-06,0.045460601848065336,0.02629197132956388,0.00030758350252100614,6.445860713071967e-05,0.00025182459777099627
0.397,641.1711800001534,198718578.33345696,0.939349192440645,0.1675164840771872,65674.00000017777,3.2265286183974454e-06,0.04548356776402652,0.02631757604930765,0.00037339369225841126,6.453043801837825e-05,3.2265243364100604e-05
0.3975,641.1010320001534,198524925.000123,0.9392464219649799,0.16735323751110368,65610.00000017716,3.229322625356772e-06,0.045500767458105974,0.026334751204453465,0.0002247719344654642,6.458631791766617e-05,0.00032801954907866847
0.398,641.0456520001534,198367581.66678914,0.9391652873789286,0.16722059967616082,65558.00000017667,3.231604915549957e-06,0.04551487722189331,0.02635028711829366,0.0003553123531384288,6.46319635255945e-05,0.00014178194197437727
0.3985,640.9718120001534,198186031.66678855,0.9390571079308601,0.16706755602045753,65498.00000017609,3.2341926754849375e-06,0.04553047446383892,0.026367243799683034,0.0003509580029642362,0.0002204277000769534,0.00023489199864617222
0.399,640.8979720001533,197971197.50012118,0.9389489284827915,0.16688645436120864,65427.000000175416,3.237329369590549e-06,0.04554992413461384,0.026387752756774466,0.00035395787781096054,0.00031219487374435325,0.00021298961850940677
0.3995,640.8425920001533,197762415.0001205,0.9388677938967402,0.16671045415714986,65358.000000174754,3.2404670624585712e-06,0.045570023794355305,0.026409369505152946,0.00036540268480699884,6.480920570273896e-05,3.2404627429755e-05
0.4,640.7835200001533,197574813.3334532,0.9387812503382854,0.16655230904625645,65296.000000174165,3.243244972316805e-06,0.04558745093788087,0.02642689885129641,0.00038964081772105484,7.973656266301027e-05,0.00015013282593858183
0.4005,640.7244480001533,197378134.1667859,0.9386947067798306,0.1663865117525779,65231.00000017355,3.246177448707346e-06,0.045605953594653074,0.02644340681579811,0.00030797578920673945,6.492341293744336e-05,0.00013218309776766968
0.401,640.6469160001533,197151196.66678515,0.9385811183593588,0.16619520718294878,65156.00000017284,3.249520808554573e-06,0.045626672350317275,0.026468392452964448,0.0004071349756614677,0.0003227826279407305,0.00030120254235963814
0.4015,640.5656920001533,196933336.66678444,0.9384621209664834,0.16601155479610483,65084.00000017215,3.25270318800318e-06,0.045646114943661525,0.026490311489689992,0.00030707723688810077,0.00014268339756323987,3.252698835480658e-05
0.402,640.4586240001532,196769941.6667839,0.9383052607667841,0.16587381550597186,65030.000000171625,3.2548600592905853e-06,0.045657430209749654,0.02650463923882195,0.00040042766501776174,0.0002610198646653492,0.00019464397086069017
0.4025,640.3884760001532,196555107.50011653,0.938202490291119,0.16569271384672296,64959.00000017096,3.2580607247754862e-06,0.0456773716027312,0.026524105192006826,0.0003456591151026571,6.516107742623913e-05,3.258056357673777e-05
0.403,640.3072520001532,196340273.33344916,0.9380834928982437,0.16551161218747407,64888.00000017029,3.2612119822849837e-06,0.04569655799520809,0.026545077228793606,0.00027205356463721374,0.00015929485962420543,3.2612076066259755e-05
0.4035,640.2334120001532,196122413.33344844,0.9379753134501753,0.16532795980063011,64816.00000016959,3.264458157118558e-06,0.04571665899869291,0.026566586793831504,0.00022818912701273288,6.528902551816082e-05,3.264453772648282e-05
0.404,640.1817240001532,195934811.66678116,0.9378995878365273,0.1651698146897367,64754.000000169,3.267319975221584e-06,0.04573484728783002,0.026586099758570184,0.00032009800160796457,0.00013688933150233305,0.00030115936674188866
0.4045,640.0746560001531,195719977.5001138,0.937742727636828,0.16498871303048782,64683.00000016833,3.2703593377420096e-06,0.04575228787947478,0.02660449347568383,0.00037233389415210715,0.00015246642552443898,3.2703549371985886e-05
0.405,640.0118920001531,195511195.0001131,0.9376507751059697,0.16481271282642904,64614.00000016767,3.2735306640613747e-06,0.04577222157372701,0.026625941321966565,0.00022935573585902908,6.547047486781843e-05,3.2735262548971615e-05
0.4055,639.9454360001531,195338722.50011253,0.9375534136027082,0.16466732135351092,64557.00000016712,3.2760807883331195e-06,0.045787669291606256,0.02664197099185346,0.0003275993357764478,6.552147713055204e-05,3.276076372209569e-05
0.406,639.8457520001531,195108759.16677845,0.9374073713478157,0.16447346605628674,64481.0000001664,3.279431198951015e-06,0.04580750842113829,0.026665411452456083,0.0004679948761835219,0.0001353313652957583,0.0001588447735775325
0.40650000000000003,639.7534520001531,194921157.50011116,0.9372721470377301,0.16431532094539333,64419.00000016581,3.2821139593314197e-06,0.045822935720959884,0.02668307170674388,0.0003289055692718055,0.00015461405137044676,3.282109526675031e-05
0.40700000000000003,639.642692000153,194736581.66677722,0.9371098778656274,0.164159726562095,64358.00000016522,3.284656054478122e-06,0.04583670953124728,0.026700165302914036,0.00038408313760724365,3.001053296548433e-05,0.0002531277388255967
0.40750000000000003,639.572544000153,194539902.5001099,0.9370071073899623,0.16399392926841644,64293.00000016461,3.2876162462340686e-06,0.045854844695990035,0.02671671273160283,0.00022047218166641497,6.575218527115755e-05,0.00013416084996096706
0.40800000000000003,639.502396000153,194325068.33344254,0.9369043369142972,0.16381282760916754,64222.000000163935,3.2908898552544456e-06,0.04587515273762164,0.026739366905738617,0.00037311632187062406,6.581765716588034e-05,0.0001338493337098332
0.40850000000000003,639.421172000153,194113260.0001085,0.936785339521422,0.1636342766775137,64152.000000163265,3.294062301564538e-06,0.04589434458577966,0.0267609906044583,0.00020845002321096974,0.0001131020717119462,3.294057836135095e-05
0.40900000000000003,639.339948000153,193928684.16677457,0.9366663421285466,0.16347868229421536,64091.00000016268,3.29677866246096e-06,0.04591034722626936,0.02677883227744333,0.0003483128381477738,0.0002658173456282601,3.29677418955592e-05
0.40950000000000003,639.2698000001529,193707798.3334405,0.9365635716528815,0.16329247917977635,64018.000000161985,3.3001758602394552e-06,0.045931475498305334,0.026801083680328533,0.00048137800636620154,6.600337644993982e-05,0.0001645671071269742
0.41000000000000003,639.1738080001529,193505067.5001065,0.9364229383703925,0.16312158043090766,63951.000000161344,3.303137309310006e-06,0.04594862922639659,0.026819677717014427,0.0002499758936929335,0.00022394551204016412,0.00018165117482479566
0.41050000000000003,639.0999680001529,193263000.83343905,0.936314758922324,0.16291752222330327,63871.00000016059,3.306892500085684e-06,0.045972084588073385,0.026845682496186882,0.00028051283494569425,7.505299809932496e-05,3.306887999373542e-05
0.41100000000000003,639.0224360001529,193060270.00010505,0.9362011705018521,0.1627466234744346,63804.00000015995,3.3099634430212136e-06,0.045990635661728126,0.026866017574510057,0.000355347925554573,6.088008928359663e-05,3.30995893384204e-05
0.41150000000000003,638.9781320001529,192842410.00010434,0.936136262833011,0.16256297108759066,63732.00000015927,3.3134730685008923e-06,0.04601341645026712,0.026888425583862428,0.00038039355887015103,0.00017723543793458655,3.313468549694736e-05
0.41200000000000003,638.8932160001528,192594291.6667702,0.9360118564677322,0.16235381142479616,63650.00000015848,3.317300894387755e-06,0.046036927497029465,0.026913554676899203,0.0002695070157001242,0.0002424772161923521,3.317296365020601e-05
0.41250000000000003,638.8267600001528,192400638.33343622,0.9359144949644707,0.16219056485871264,63586.000000157874,3.320294389528201e-06,0.04605529892979303,0.026933172552038608,0.00035969856717078976,6.640574526650754e-05,3.320289851893116e-05
0.41300000000000003,638.7639960001528,192206985.00010225,0.9358225424336124,0.16202731829262915,63522.00000015727,3.3233131251697904e-06,0.04607396683738808,0.026951217936562726,0.00033063226665999744,6.64661197132677e-05,0.00012793620449651005
0.41350000000000003,638.7086160001528,191989125.00010154,0.9357414078475611,0.1618436659057852,63450.00000015658,3.326795806792781e-06,0.04609610383955345,0.026976783692426076,0.00027090788441238347,0.0002601323054638117,0.0001260059824640067
0.41400000000000003,638.6532360001528,191816652.50010097,0.9356602732615097,0.16169827443286705,63393.000000156026,3.329498391698899e-06,0.04611282427190513,0.026993758306551298,0.0003871816440162542,6.658982449980218e-05,3.329493828636181e-05
0.41450000000000004,638.5830880001528,191619973.33343366,0.9355575027858446,0.1615324771391885,63328.00000015541,3.3325497175024054e-06,0.04613141581991766,0.02701339121883368,0.0003433121778964296,6.66508507453936e-05,3.3325451459766953e-05
0.41500000000000004,638.4797120001527,191386984.16676623,0.9354060515585487,0.16133607111436926,63251.00000015467,3.3360665291836644e-06,0.0461520143454136,0.027036566707847723,0.00046007472140744456,0.00016610919323532691,3.336061947863199e-05
0.41550000000000004,638.4206400001527,191172150.00009885,0.935319508000094,0.16115496945512037,63180.000000154,3.3395065128462624e-06,0.04617366686563134,0.02705972605468252,0.000300691492797337,6.678998603431282e-05,3.339501921992073e-05
0.41600000000000004,638.3468000001527,191002703.33343163,0.9352113285520255,0.1610121287097973,63124.00000015347,3.3420825405062287e-06,0.046188800791377514,0.0270761695835541,0.0002695330463582555,6.684150635683078e-05,3.342077942465543e-05
0.4165,638.2840360001527,190836282.50009775,0.9351193760211672,0.16087183869206928,63069.00000015294,3.344668150302214e-06,0.046204392714162934,0.027094592376158837,0.0003662711927438692,6.689321832225818e-05,3.344663545058052e-05
0.417,638.2065040001527,190666835.83343053,0.9350057876006954,0.16072899794674622,63013.0000001524,3.3472339392976536e-06,0.04621930426591986,0.027109378238952517,0.00042972854875620545,6.694453387157041e-05,3.3472293268785423e-05
0.4175,638.1326640001527,190439898.33342978,0.9348976081526269,0.1605376933771171,62938.0000001517,3.3508349331445476e-06,0.04624148390918999,0.027133914123136666,0.0003692880239231332,0.00019868746803985166,3.350830310694131e-05
0.418,638.0366720001526,190267425.83342922,0.9347569748701379,0.16039230190419898,62881.00000015115,3.353367867386432e-06,0.046255478404861584,0.027149376609466706,0.0002727322064148679,6.706721188297831e-05,3.353363237812496e-05
0.4185,637.9665240001526,190040488.33342847,0.9346542043944728,0.16020099733456986,62806.00000015043,3.357003181768467e-06,0.046277999681401165,0.027172521698844435,0.0003781720681952686,6.713991784728965e-05,3.3569985420543514e-05
0.419,637.8963760001526,189843809.16676116,0.9345514339188077,0.16003520004089128,62741.00000014983,3.360111550647493e-06,0.04629687441402129,0.02719496855550544,0.00032516287883629057,0.0002781905632892092,3.360106902239949e-05
0.4195,637.8151520001526,189592665.00009367,0.9344324365259324,0.15982348965050172,62658.00000014903,3.364134113520887e-06,0.046321628908998665,0.027218761760130526,0.00029278264078430626,6.72825358454757e-05,3.3641294538640275e-05
0.42,637.7597720001526,189408089.16675973,0.934351301939881,0.15966789526720337,62597.000000148444,3.367120035927571e-06,0.0463401693608419,0.027239891348897875,0.00034893621475293526,6.734225402739395e-05,0.00028505743640157744
0.4205,637.6674720001525,189232590.83342582,0.9342160776297954,0.1595199530666902,62539.00000014789,3.369755015199611e-06,0.04635494308331308,0.027257450766023532,0.0004989379654216723,0.00010499576717374461,3.369750339752598e-05
0.421,637.5640960001525,189044989.16675854,0.9340646264024995,0.1593618079557968,62477.0000001473,3.3725522099808246e-06,0.04637041927795347,0.027274794197694924,0.00039569716927377504,0.00023228714136790083,0.00023322844531475101
0.4215,637.4791800001525,188784767.50009102,0.9339402200372208,0.1591424453826221,62391.00000014648,3.3767511459834554e-06,0.046396186574706344,0.027303048034190917,0.00039906264274822947,6.753487535666128e-05,3.376746450838331e-05
0.422,637.3868800001525,188603217.50009042,0.9338049957271352,0.1589894017269188,62331.00000014591,3.379512229158269e-06,0.04641179084176131,0.02732127868683812,0.00032907194312234813,6.759009676836461e-05,0.00013242116533763524
0.4225,637.3315000001525,188394435.00008973,0.9337238611410839,0.15881340152286,62262.00000014526,3.3829635148185185e-06,0.046433466165222,0.02734236677117014,0.000418516206001195,9.829601650910557e-05,3.6580423052209873e-05
0.423,637.2576600001524,188231040.0000892,0.9336156816930153,0.15867566223272705,62208.00000014474,3.3855078312261914e-06,0.04644823316164009,0.027358654289969385,0.0003493660445015356,6.771000827019592e-05,3.3855031113858574e-05
0.4235,637.1948960001524,188061593.33342198,0.9335237291621572,0.15853282148740397,62152.00000014421,3.3882244891461913e-06,0.046464576967924796,0.02737861292868957,0.00031336469438346485,6.77643411833128e-05,9.348689192733835e-05
0.424,637.1358240001524,187873991.6667547,0.9334371856037024,0.15837467637651056,62090.00000014362,3.3912933788636644e-06,0.04648346005695919,0.027397593143202417,0.00045114117545742366,6.782571870165839e-05,0.0002321667105993517
0.4245,637.0693680001524,187625873.33342054,0.9333398241004407,0.15816551671371606,62008.000000142834,3.3954238649594362e-06,0.046509333337916604,0.027423568818747,0.0003079775403287357,6.790832805315185e-05,3.395419117162793e-05
0.425,637.0066040001524,187411039.16675317,0.9332478715695826,0.15798441505446717,61937.00000014216,3.398981227745936e-06,0.046531398386603626,0.027446972832054103,0.0003131533311459801,0.0001855446843283874,8.670938137701467e-05
0.4255,636.9327640001524,187250670.00008598,0.933139692121514,0.15784922649192928,61884.000000141656,3.401497917202966e-06,0.04654592370505497,0.02746245048549835,0.00034893975755856025,0.00013555680460310363,5.9194503392678097e-05
0.426,636.8552320001523,187032810.00008526,0.9330261037010421,0.15766557410508533,61812.00000014097,3.405045521156753e-06,0.046567355452744416,0.02748752294832937,0.00034693858440386556,6.810076030558275e-05,3.405040746108261e-05
0.4265,636.8109280001523,186845208.33341798,0.9329611960322011,0.15750742899419193,61750.000000140375,3.408227236225336e-06,0.04658748633765904,0.027507302953756807,0.0003483791018353913,6.816439432120466e-05,7.587587065660322e-05
0.427,636.7223200001523,186675761.66675076,0.9328313806945189,0.15736458824886884,61694.000000139844,3.4108462411784033e-06,0.04660214010642443,0.0275234353675135,0.00041394068589519373,0.00013811269764242402,0.00015619779083746462
0.4275,636.6410960001523,186509340.83341688,0.9327123833016435,0.15722429823114084,61639.00000013932,3.4134542171202895e-06,0.04661697932292437,0.027540020098615035,0.00042709136844786997,6.826893345789913e-05,3.4134494181512296e-05
0.428,636.5709480001523,186300558.3334162,0.9326096128259784,0.15704829802708203,61570.00000013866,3.416903060810486e-06,0.0466379538944874,0.027563633151325016,0.0002783765553776494,6.833791001856837e-05,3.416898252038047e-05
0.4285,636.4860320001522,186122034.16674894,0.9324852064606998,0.1568978050989738,61511.0000001381,3.4197242408704647e-06,0.04665409126363724,0.027580433200256185,0.0004215521787610066,0.00017696924951735713,0.00016550194819257616
0.429,636.3715800001522,185916277.5000816,0.9323175283161935,0.15672435562251008,61443.00000013745,3.4228932966876604e-06,0.04667150662098666,0.02760166396143575,0.0003918515111392333,5.88352071128981e-05,3.422888470751459e-05
0.4295,636.3125080001522,185737753.33341435,0.9322309847577388,0.15657386269440185,61384.00000013689,3.425865213616101e-06,0.04668959623596834,0.02762141931359055,0.00044860089396442214,6.85171522505398e-05,0.00016288859332738557
0.43,636.2386680001522,185531996.666747,0.9321228053096703,0.1564004132179381,61316.000000136235,3.4292665385527304e-06,0.04671005759582514,0.027642284669133873,0.00037825008127836794,0.0001960926087374579,3.4292616944355333e-05
0.4305,636.1611360001522,185359524.16674644,0.9320092168891984,0.15625502174501998,61259.0000001357,3.43203910810578e-06,0.046726089074404974,0.02766049646994832,0.00023697811127263783,0.00021081802087531408,0.00017486921803906114
0.431,636.0872960001522,185165870.83341247,0.93190103744113,0.15609177517893646,61195.00000013509,3.4352296842673484e-06,0.04674509021214677,0.027681404133645057,0.0003771735771112592,0.00022517515618682366,3.4352248230679744e-05
0.4315,635.9765360001521,184990372.50007856,0.9317387682690271,0.1559438329784233,61137.00000013453,3.437889915054266e-06,0.04675911476789836,0.02769828450174349,0.00036054686590852094,2.2327627347720327e-05,3.437885046161191e-05
0.432,635.8953120001521,184811848.3334113,0.9316197708761519,0.15579334005031506,61078.00000013397,3.4407713452059636e-06,0.04677571868870414,0.027716090761119166,0.00029703564603132833,6.881527350772413e-05,3.440766468028969e-05
0.4325,635.8436240001521,184606091.66674396,0.9315440452625039,0.1556198905738513,61010.000000133325,3.4443263397179474e-06,0.04679797461184602,0.0277403405248326,0.0003435125857892809,0.00020444506466684446,0.00017270047990190535
0.433,635.7734760001521,184439670.83341008,0.9314412747868388,0.1554796005561233,60955.0000001328,3.4470538421986043e-06,0.04681391764376386,0.027758350013088566,0.00033810378554046387,6.894092287257083e-05,3.447048947015874e-05
0.4335,635.662716000152,184227862.50007606,0.9312790056147361,0.15530104962446947,60885.00000013213,3.4504157371955048e-06,0.04683266078554124,0.027778085466342004,0.0002881837896663195,6.900816045897637e-05,0.0001362516147729281
0.434,635.563032000152,184028157.5000754,0.9311329633598436,0.15513270160319584,60819.000000131506,3.453618406193583e-06,0.04685071673781181,0.027799031015916062,0.0002951465187889685,6.90722135406196e-05,0.000138882161565013
0.4345,635.478116000152,183831478.3334081,0.931008556994565,0.1549669043095173,60754.00000013089,3.4568514694072673e-06,0.04686950957553427,0.027820820241995146,0.00039569159786086036,0.00010985120097429928,0.00014932513025498888
0.435,635.404276000152,183649928.3334075,0.9309003775464965,0.15481386065381397,60694.00000013031,3.4598667245140792e-06,0.046887221882072325,0.0278389457083461,0.00034318569150488756,8.267945819835517e-05,3.4598617923254336e-05
0.4355,635.323052000152,183495610.83340698,0.9307813801536211,0.1546837735464662,60643.00000012983,3.4623337807079895e-06,0.046900937365784316,0.027853851440448277,0.00045377928303048985,6.924652022122953e-05,0.00016067920034056437
0.436,635.271364000152,183265647.5000729,0.9307056545399732,0.15448991824924202,60567.000000129105,3.466396308669355e-06,0.04692653584797614,0.02788288306914016,7.99741599965982e-05,6.932777040942767e-05,3.466391357648934e-05
0.4365,635.1975240001519,183071994.16673893,0.9305974750919047,0.1543266716831585,60503.00000012849,3.469659719889349e-06,0.046945891348516365,0.027902532804517675,0.0001702616328247414,0.0002179067577168044,0.00022668039066474132
0.437,635.1495280001519,182926754.16673845,0.9305271584506601,0.15420423675859588,60455.000000128035,3.472152178577501e-06,0.04696097597775087,0.027918378097019983,0.0003049027961243329,6.944288727531593e-05,3.4721472109193246e-05
0.4375,635.0867640001519,182736126.66673782,0.930435205919802,0.1540435409201074,60392.00000012744,3.4754308060736207e-06,0.04698082105521984,0.02794071936049862,0.0003512933963240618,6.95084595224121e-05,0.00024192183933632915
0.438,635.0055400001519,182551550.8334039,0.9303162085269266,0.15388794653680907,60331.000000126856,3.4784998379973033e-06,0.04699855430684125,0.02795969162521176,0.0003486699847105328,3.482211516571916e-05,0.0001992349648118412
0.4385,634.8984720001519,182373026.66673663,0.9301593483272274,0.15373745360870084,60272.000000126296,3.48131784400523e-06,0.0470136237170315,0.027976520906203305,0.00037165674380223865,0.00021639785091249293,0.00010276995168707323
0.439,634.8283240001518,182185425.00006935,0.9300565778515623,0.15357930849780743,60210.00000012571,3.484517622635895e-06,0.04703262604807917,0.02799689773780188,0.0003629184274478585,6.969019500257206e-05,3.484512619048295e-05
0.4395,634.7175640001518,182000849.1667354,0.9298943086794595,0.15342371411450909,60149.00000012512,3.487442871316889e-06,0.04704825895294227,0.028017066947133126,0.00033273992166515584,0.00022639772400823288,0.0001785231346641246
0.44,634.6548000001518,181816273.33340147,0.9298023561486013,0.15326811973121074,60088.00000012454,3.4906380400634872e-06,0.04706747931996631,0.02803681553653944,0.0002861318720524902,6.981260277653809e-05,0.00024100672178932518
0.4405,634.6031120001518,181619594.16673416,0.9297266305349534,0.15310232243753216,60023.00000012392,3.494133520734334e-06,0.04708912213414313,0.028060562170107772,0.00040974589036596286,0.00025583125655076873,0.00023566052887070589
0.441,634.5366560001518,181392656.6667334,0.9296292690316917,0.15291101786790307,59948.00000012321,3.4981386107926324e-06,0.04711363484301064,0.02808536357194087,0.00027036005083516695,0.00023366815323317756,0.0002700171024507224
0.4415,634.4775840001518,181123357.50006586,0.929542725473237,0.1526840031119432,59859.00000012235,3.5030135966860102e-06,0.047144257428470955,0.028117542450217737,0.00036415285155288335,0.00020829885721129667,0.000264599826008678
0.442,634.3742080001517,180902471.6667318,0.9293912742459411,0.15249779999750418,59786.00000012166,3.5067194060721834e-06,0.04716534475143668,0.028141064228203137,0.0004685413918806324,0.0002967735121776399,0.0002847953720227338
0.4425,634.2819080001517,180687637.50006443,0.9292560499358555,0.15231669833825529,59715.000000120985,3.510378002479143e-06,0.04718650921471727,0.028164957178055474,0.0002875697266995832,9.041622752405638e-05,0.00020248207390269712
0.443,634.2265280001517,180497010.0000638,0.9291749153498041,0.15215600249976682,59652.00000012038,3.5137785828137955e-06,0.047207297956646785,0.02818663464023973,0.00036369037105936857,0.00012690917009567686,3.513773493916281e-05
0.4435,634.1674560001517,180309408.33339652,0.9290883717913494,0.15199785738887342,59590.00000011979,3.5171068546104954e-06,0.04722745061576609,0.028207969766446284,0.00043122586436013683,7.034197660194212e-05,0.00016763024092251137
0.444,634.0936160001517,180133910.0000626,0.9289801923432809,0.15184991518836025,59532.000000119246,3.520123534763284e-06,0.047244949380703755,0.02822656624054816,0.00033417769454531087,6.919754234377487e-05,0.00014150443192728632
0.4445,634.0087000001516,179967489.16672873,0.9288557859780021,0.15170962517063222,59477.000000118715,3.5229068479850927e-06,0.04726045882326183,0.028245154241243735,0.00030865811526751175,0.0002273515610829548,0.00010838663269115082
0.445,633.9348600001516,179791990.83339483,0.9287476065299336,0.15156168297011904,59419.00000011816,3.5259349265874176e-06,0.047278012193755874,0.028265511591181448,0.00032263937897489915,7.051853720602597e-05,3.5259298019667764e-05
0.4455,633.8499440001516,179589260.00006083,0.9286232001646548,0.15139078422125035,59352.00000011753,3.5294423731126066e-06,0.04729835323352587,0.028286540676548063,0.00038821572430646704,7.0588685804881e-05,0.00030820184322612534
0.446,633.7687200001516,179422839.16672695,0.9285042027717796,0.15125049420352235,59297.000000117,3.5322633558999037e-06,0.04731421974267615,0.028304574572294242,0.00028291762518194207,7.064510519201687e-05,3.5322582126092276e-05
0.4465,633.6838040001516,179241289.16672635,0.9283797964065008,0.15109745054781906,59237.00000011643,3.5353673639934192e-06,0.047331832837333346,0.028325179444540934,0.0003111121582643386,0.0002084204929447703,9.836833032291708e-05
0.447,633.6247320001515,179056713.3333924,0.928293252848046,0.15094185616452072,59176.00000011585,3.538681796422689e-06,0.047351807355871356,0.02834594290809865,0.00040528845611149705,7.077347339551075e-05,3.5386766341989076e-05
0.4475,633.5582760001515,178884240.83339185,0.9281958913447844,0.15079646469160257,59119.00000011531,3.5417221385657515e-06,0.04736966036324916,0.02836443697948085,0.00036075222766191855,7.08342799506582e-05,3.5417169673638485e-05
0.448,633.4770520001515,178678484.1667245,0.9280768939519091,0.15062301521513885,59051.00000011466,3.5453460160824703e-06,0.04739085025908617,0.028388073942351696,0.0003589845627513731,4.4210697987590914e-05,0.0002804418060890605
0.4485,633.3736760001515,178518115.0000573,0.9279254427246132,0.15048782665260094,58998.00000011415,3.5479518479116146e-06,0.04740439480160017,0.028407052063724937,0.0003575692721756419,7.09588735411229e-05,0.00017578853685128174
0.449,633.3035280001515,178348668.3333901,0.9278226722489481,0.15034498590727788,58942.00000011362,3.5509293897070586e-06,0.047421655901412535,0.028423492104295334,0.00034394929697138457,7.101842409380821e-05,3.550924191183287e-05
0.4495,633.1927680001514,178200402.50005627,0.9276604030768454,0.1502200002551202,58893.000000113156,3.5532622772833048e-06,0.047433082465090676,0.028438038807271124,0.00028045609794763167,7.106508161621816e-05,3.553257071752286e-05
0.45,633.1189280001514,178055162.5000558,0.9275522236287769,0.15009756533055754,58845.00000011269,3.5557459784405467e-06,0.04744689045440327,0.02845294435890012,0.00033371797354195547,7.111475540079744e-05,3.5557407655133064e-05
0.4505,633.0450880001514,177870586.66672185,0.9274440441807084,0.1499419709472592,58784.000000112115,3.559020633278144e-06,0.047465965250152925,0.028476033757330092,0.00030503932897189546,0.00011984516265488994,0.00024826032396435484
0.451,632.9970920001514,177658778.33338782,0.9273737275394639,0.14976342001560536,58714.00000011145,3.562993610213241e-06,0.04749065082264878,0.02850125815385921,0.0003863313894286237,7.125970735088968e-05,3.562988375820511e-05
0.4515,632.9269440001514,177480254.16672057,0.9272709570637988,0.14961292708749713,58655.00000011088,3.5661823168542197e-06,0.04750926427782109,0.02852048324116086,0.0003310696631808559,0.00013103310680282422,3.5661770729769167e-05
0.452,632.8346440001513,177277523.33338657,0.9271357327537132,0.14944202833862844,58588.000000110245,3.5697398750886655e-06,0.04752948952953965,0.02854490125322466,0.00039164915844679354,7.139463200286217e-05,3.569734620596938e-05
0.4525,632.7681880001513,177123205.83338606,0.9270383712504516,0.14931194123128064,58537.000000109765,3.572474792463814e-06,0.04754519648794853,0.028561533471551097,0.00035450658924267764,7.144933008820583e-05,3.572469529811766e-05
0.453,632.6574280001513,176974940.00005224,0.9268761020783489,0.14918695557912295,58488.00000010929,3.5748418843931494e-06,0.047556782661812465,0.028575517202832305,0.00032715240765576753,7.149667169291332e-05,0.00026812950235353657
0.4535,632.5688200001513,176775235.0000516,0.9267462867406667,0.14901860755784935,58422.00000010867,3.578379177377231e-06,0.04757697335687293,0.02859689196102882,0.00022666257726361577,0.00021079176193725257,3.578373896996305e-05
0.454,632.4765200001513,176587633.3333843,0.9266110624305811,0.14886046244695594,58360.00000010808,3.5816580587276043e-06,0.04759529304621414,0.028618423096285248,0.0004051692349135747,7.163299452279355e-05,3.5816527685174186e-05
0.4545,632.4248320001512,176412135.0000504,0.9265353368169331,0.14871252024644277,58302.00000010752,3.5849281683483426e-06,0.04761506993835941,0.028639327905957874,0.00036708611721753855,7.169839640411569e-05,0.0001060818437728835
0.455,632.3620680001512,176254791.66671655,0.926443384286075,0.14857988241149991,58250.00000010702,3.5877723494513353e-06,0.0476315906652637,0.028657601771550734,0.00029825962414162287,0.00026369110612983645,0.00023515630607150222
0.4555,632.2919200001512,176094422.50004935,0.9263406138104099,0.148444693848962,58197.00000010652,3.590641378774924e-06,0.047647988565377775,0.028675828786808587,0.0003606575948071589,0.00010618168150058602,3.99402378121027e-05
0.456,632.2143880001512,175903795.00004873,0.926227025389938,0.14828399801047354,58134.00000010592,3.5940918045570084e-06,0.047667953894989123,0.02869862651731492,0.00031539880931246686,1.3418004872441647e-05,0.0001354563530500185
0.4565,632.0962440001512,175698038.33338138,0.9260539382730284,0.14811054853400982,58066.000000105276,3.597628351437646e-06,0.04768694413939325,0.028720030769672094,0.0003240776613785765,7.195239883826785e-05,3.597623013329623e-05
0.457,632.0076360001511,175519514.16671413,0.9259241229353462,0.14796005560590159,58007.00000010471,3.6007827334791376e-06,0.047704501378227585,0.028739681819890863,0.00030424199136187157,0.0002411894277776907,3.60077738586238e-05
0.4575,631.9153360001511,175328886.6667135,0.9257888986252606,0.14779935976741312,57944.000000104104,3.6041712692864623e-06,0.0477234571524667,0.028762435251457694,0.00033443410317694663,0.00024164778953241064,0.00011560731487245381
0.458,631.8378040001511,175165491.66671297,0.9256753102047888,0.14766162047728015,57890.000000103595,3.6070906317686567e-06,0.04773985214827492,0.0287793086398044,0.000333293730479802,0.00011970219680915105,4.844187925524705e-05
0.4585,631.7787320001511,174965786.6667123,0.9255887666463339,0.14749327245600655,57824.00000010296,3.610870125161153e-06,0.047762623495840345,0.028802475009388193,0.00031181035995264775,0.0002688655022832067,0.00023597513979524854
0.459,631.6938160001511,174805417.50004512,0.9254643602810552,0.14735808389346863,57771.00000010246,3.6136970182859924e-06,0.04777810491913682,0.02882243385976567,0.00033194651687943016,7.227377061680408e-05,3.613691631728562e-05
0.4595,631.612592000151,174623867.50004452,0.9253453628881798,0.14720504023776534,57711.00000010189,3.61698890903324e-06,0.047796788447219775,0.028842125299068568,0.0003591474355778268,0.0002806071416933875,3.6169835125244355e-05
0.46,631.516600000151,174457446.66671064,0.9252047296056908,0.14706475022003732,57656.00000010136,3.6198890449578887e-06,0.04781231288814422,0.02886039936704389,0.00031670126122252724,0.00019184569402871647,0.00016530268349714764
0.4605,631.453836000151,174275896.66671005,0.9251127770748326,0.14691170656433403,57596.000000100794,3.623299882988182e-06,0.04783245599794469,0.028881657013937287,0.00021117140238259265,0.00014723148410648653,3.623294467369874e-05
0.461,631.365228000151,174115527.50004286,0.9249829617371504,0.1467765180017961,57543.000000100285,3.626128221103058e-06,0.04784776383368674,0.028900212044689354,0.0003690068878541665,0.00020091698157783893,0.0002585241031656353
0.4615,631.284004000151,173918848.33337554,0.9248639643442751,0.14661072070811756,57478.000000099666,3.6297618691108e-06,0.04786865189044903,0.028922780040160623,0.0003245295171272017,7.25950660665366e-05,3.629756433877625e-05
0.462,631.2175480001509,173716117.50004154,0.9247666028410134,0.14643982195924887,57411.00000009903,3.633615332210035e-06,0.047891533516194545,0.028948141712021445,0.00035589885097909454,7.267213495577339e-05,3.63360988532024e-05
0.4625,631.1363240001509,173498257.50004083,0.9246476054481382,0.14625616957240492,57339.00000009834,3.6377098715242277e-06,0.047915426033832226,0.028972958231434417,0.00029535359376896747,7.27540253441138e-05,0.0001825587136280621
0.463,631.0624840001509,173325785.00004026,0.9245394260000697,0.1461107780994868,57282.0000000978,3.640903654352434e-06,0.047933651180788274,0.028993924659993633,0.0003757448679234431,7.281790068854362e-05,3.640898185331941e-05
0.4635,630.9960280001509,173153312.5000397,0.924442064496808,0.14596538662656866,57225.00000009726,3.64414644392094e-06,0.047952467489890994,0.02901352973759231,0.0004174612304289156,0.0002127888300987821,3.6441409650432824e-05
0.464,630.9000360001509,172965710.8333724,0.924301431214319,0.14580724151567528,57163.00000009667,3.647543972504078e-06,0.04797116660693166,0.029035819754856182,0.00037176913255420105,8.014912216977039e-05,0.0002407281514810042
0.4645,630.8261960001508,172759954.16670507,0.9241932517662506,0.14563379203921153,57095.00000009601,3.651460774245366e-06,0.04799410699701555,0.029059402160251286,0.0003744218087309161,7.302904205352957e-05,0.00013365369230118983
0.465,630.7412800001508,172584455.83337116,0.9240688454009718,0.14548584983869836,57037.00000009546,3.654681859698455e-06,0.04801203917784568,0.02907986323477362,0.0004381643663588382,0.00022463477735691886,3.654676348668139e-05
0.4655,630.6637480001508,172427112.5000373,0.9239552569804999,0.1453532120037555,56985.00000009497,3.657567182191341e-06,0.04802803572258891,0.02909821608429808,0.00036985015119506224,0.00023219495389279444,0.00026388604855894366
0.466,630.5936000001508,172227407.50003666,0.9238524865048348,0.1451848639824819,56919.00000009435,3.6614009881093786e-06,0.04805052770051901,0.02912260326663842,0.0003663245567278715,0.00015037343648110688,3.6613954565475346e-05
0.4665,630.5086840001508,172033754.1667027,0.923728080139556,0.14502161741639838,56855.000000093736,3.66502891862245e-06,0.04807109045047943,0.02914638597255137,0.0003345866425094521,0.0003024242748822194,0.0002017089602485729
0.467,630.4385360001507,171846152.5000354,0.923625309663891,0.14486347230550498,56793.00000009314,3.668621769114213e-06,0.04809197135504206,0.029168334319520726,0.0003553958604287549,0.00022064864810925606,3.668616215450417e-05
0.4675,630.3499280001507,171661576.66670147,0.9234954943262088,0.14470787792220663,56732.00000009256,3.6720502062266368e-06,0.04811105642031931,0.029189513581145642,0.000350294604090371,0.00015360507851996648,0.0001538619782447526
0.468,630.2687040001507,171495155.8333676,0.9233764969333335,0.1445675879044786,56677.00000009203,3.675139982452613e-06,0.04812819211377543,0.029208027779336475,0.0003391514202035051,0.00018707654832995736,3.675134408747747e-05
0.4685,630.2059400001507,171319657.50003368,0.9232845444024752,0.14441964570396543,56619.00000009148,3.6785384070711606e-06,0.04814804162260582,0.02923057785652254,0.0003558082350552923,0.00011677980971983177,4.6055241832370405e-05
0.46900000000000003,630.1099480001507,171171391.66669986,0.9231439111199862,0.14429466005180774,56570.000000091015,3.681163901658772e-06,0.04816155259586872,0.029246398710186056,0.00032997139786504275,5.82753921036148e-05,0.00023784542707616386
0.46950000000000003,630.0324160001506,170956557.50003248,0.9230303226995143,0.14411355839255885,56499.00000009034,3.6853363521901223e-06,0.04818587462273121,0.02927240107067991,0.0004244287162577002,7.370655027106209e-05,0.00021012292993003354
0.47000000000000003,629.9511920001506,170796188.3333653,0.922911325306639,0.14397836983002094,56446.000000089836,3.6883211396415496e-06,0.04820227631417608,0.029291428309421462,0.00038205723113576547,7.376624572249942e-05,3.688315525340092e-05
0.47050000000000003,629.8625840001506,170647922.50003147,0.9227815099689568,0.14385338417786325,56397.00000008937,3.6910064580483506e-06,0.04821642878700651,0.029308696288710044,0.0003260288545395641,0.0001518561014700509,0.000283285183086276
0.47100000000000003,629.7518240001506,170484527.50003093,0.9226192407968541,0.14371564488773028,56343.000000088854,3.6938942978273283e-06,0.048231046095643555,0.02932602244559621,0.00029022561463084196,0.00018391622665814262,8.45947696814529e-05
0.47150000000000003,629.6447560001506,170248512.50003016,0.9224623805971548,0.143516688135316,56265.000000088105,3.6983862399387427e-06,0.048256260016437486,0.029354574320692342,0.0003207097910510194,7.39675467184391e-05,3.6983805944252926e-05
0.47200000000000003,629.5746080001505,170073014.16669625,0.9223596101214897,0.14336874593480284,56207.00000008756,3.701790146337243e-06,0.04827577243849352,0.02937585774162284,0.000351251969604796,0.00016767371589479233,3.701784490305786e-05
0.47250000000000003,629.4896920001505,169891464.16669565,0.9222352037562109,0.14321570227909952,56147.000000086984,3.7052461410450974e-06,0.048295044999732396,0.02939762407302816,0.0004047565536936077,0.00024978239696456993,3.705240474300689e-05
0.47300000000000003,629.3752400001505,169703862.50002837,0.9220675256117048,0.14305755716820612,56085.000000086395,3.708667738779636e-06,0.04831294611710121,0.029418698877138317,0.0003411903892432969,7.417317566633972e-05,1.001370119229927e-05
0.47350000000000003,629.2570960001505,169534415.83336115,0.9218944384947952,0.14291471642288306,56029.00000008586,3.711677613698567e-06,0.04832801037511995,0.029436478904956046,0.0004309660196846338,7.423337285743955e-05,0.00011277921414193034
0.47400000000000003,629.1869480001504,169361943.33336058,0.9217916680191302,0.14276932494996494,55972.00000008532,3.715043271331042e-06,0.04834722166767652,0.02945881266390268,0.0004400373214226088,7.430068567477986e-05,0.00011580867064860226
0.47450000000000003,629.1057240001504,169201574.1666934,0.9216726706262549,0.14263413638742703,55919.000000084816,3.7180843446549165e-06,0.048363883681615046,0.029476093703155692,0.0002729726317055163,7.436150683550667e-05,3.718078637903256e-05
0.47500000000000003,629.0503440001504,169023050.00002614,0.9215915360402035,0.1424836434593188,55860.00000008425,3.7216837821826852e-06,0.048385158458590455,0.029498300018562674,0.0003735808443035917,0.0002422227650712621,3.721678064279485e-05
0.47550000000000003,628.9801960001504,168889913.33335903,0.9214887655645384,0.14237141144513638,55816.000000083826,3.7242022545103325e-06,0.0483988280435135,0.029514584279335107,0.00045146577347733786,7.448386442197844e-05,0.00010431531780198837
0.47600000000000003,628.8878960001504,168729544.16669184,0.9213535412544528,0.14223622288259846,55763.000000083324,3.727194897052868e-06,0.048414717231733594,0.029534552248335514,0.00030392737644868706,0.0002661572640859559,0.0002320563941897839
0.47650000000000003,628.7660600001503,168581278.33335802,0.9211750451651398,0.14211123723044078,55714.000000082866,3.729750220287262e-06,0.048426619076841135,0.02955040619349941,0.00036647202044537587,7.459482316870322e-05,0.00010341236720423141
0.47700000000000004,628.6589920001503,168417883.33335748,0.9210181849654405,0.1419734979403078,55660.00000008234,3.7327330064813594e-06,0.04844185431554693,0.02956700144775115,0.0004476313564034716,7.311987182987053e-05,3.73272725388686e-05
0.47750000000000004,628.5777680001503,168218178.33335683,0.9208991875725652,0.1418051499190342,55594.000000081716,3.736681577626539e-06,0.04846433781698106,0.029591966962083244,0.00036521445116266223,0.00017023335548738242,7.688989377024525e-05
0.47800000000000004,628.4928520001503,168072938.33335635,0.9207747812072864,0.14168271499447155,55546.00000008126,3.7394053928752987e-06,0.048478723485591596,0.02960932705723817,0.0003446920685420126,7.478792564224805e-05,0.00010066153220680778
0.47850000000000004,628.4042440001502,167930724.16668922,0.9206449658696043,0.14156283079750398,55499.00000008081,3.7420445074505352e-06,0.048492408855159354,0.029625881664151907,0.00032714395149060745,0.00016448704575600285,0.00020667664602472374
0.47900000000000004,628.3414800001502,167761277.500022,0.9205530133387461,0.14141999005218092,55443.000000080276,3.7454500190013625e-06,0.048512046648790774,0.02964760456677919,0.0003637482662713255,0.00013639271927252258,0.00014810980167688674
0.47950000000000004,628.2602560001502,167585779.16668808,0.9204340159458707,0.14127204785166772,55385.00000007973,3.748887639059489e-06,0.04853116693969932,0.029667141020159504,0.0004062210181309603,0.000115874766320144,3.748881835855382e-05
0.48,628.1605720001502,167434487.50002092,0.9202879736909783,0.14114451147191498,55335.00000007925,3.7516797248838697e-06,0.048545384278937474,0.02968487686256145,0.0003909775945904614,0.0002326704938083894,3.751673912854605e-05
0.4805,628.1051920001502,167249911.66668698,0.920206839104927,0.14098891708861663,55274.00000007867,3.75548893115055e-06,0.04856788180913328,0.029708497546398333,0.0003753621115237657,7.510959478153457e-05,3.7554831072140305e-05
0.481,627.9612040001501,167074413.33335307,0.9199958891811933,0.14084097488810346,55216.000000078115,3.7585719528891515e-06,0.048582243790848946,0.02972880454776035,0.00045568599848683195,0.00017726661738118907,0.00020881622976114933
0.4815,627.8836720001501,166914044.16668588,0.9198823007607214,0.14070578632556555,55163.000000077605,3.7617186446763264e-06,0.04859957565765784,0.029746893510306734,0.00033720820696798005,0.00019755243398493133,3.761712801004562e-05
0.482,627.7618360001501,166690132.50001848,0.9197038046714084,0.14051703248353148,55089.0000000769,3.766040776289385e-06,0.04862276939982859,0.029773638298563464,0.0003499100394054372,0.00014456845333935559,6.220478092553985e-05
0.4825,627.6584600001501,166511608.33335122,0.9195523534441126,0.14036653955542325,55030.00000007634,3.769457674948384e-06,0.04864081646500415,0.02979374941544273,0.00036386892113507094,0.0002243444094573351,3.769451806801408e-05
0.483,627.55139200015,166311903.33335057,0.9193954932444133,0.14019819153414964,54964.00000007571,3.773340208501522e-06,0.0486617089906534,0.029819052301523926,0.0004243708746958755,7.546661849664843e-05,0.00010390886612639357
0.4835,627.47755200015,166166663.3333501,0.9192873137963448,0.140075756609587,54916.00000007525,3.776193969432698e-06,0.048677242785983274,0.02983674279728013,0.0003884116420487377,7.55236934236225e-05,3.776188079965895e-05
0.484,627.40002000015,165966958.33334944,0.9191737253758729,0.13990740858831338,54850.00000007463,3.780270641220037e-06,0.048700501921486575,0.029863584476242672,0.00043302945805475686,0.00018975653267454072,8.737993498509846e-05
0.4845,627.30033600015,165788434.16668218,0.9190276831209805,0.13975691566020515,54791.00000007406,3.7837400368319293e-06,0.04871897374673529,0.029883820099700014,0.00035398423529632626,0.00021149777812651266,0.00021593056401771648
0.485,627.24864800015,165606884.1666816,0.9189519575073325,0.13960387200450186,54731.00000007349,3.7875759281167973e-06,0.04874165446994649,0.029907414004835684,0.00026743329320886883,0.00024418268993012303,3.78757000267607e-05
0.4855,627.1526560001499,165455592.50001442,0.9188113242248435,0.1394763356247491,54681.000000073014,3.790459098565044e-06,0.04875647123734987,0.02992477095213252,0.00043102938236325215,0.00023424749088884786,3.7904531639244944e-05
0.486,627.0492800001499,165304300.83334726,0.9186598729975476,0.13934879924499635,54631.00000007254,3.7933028774146306e-06,0.0487707374402616,0.029943086759304176,0.0004415395729550952,0.00026899745589369697,0.0001872580977402025
0.4865,626.9569800001499,165146957.5000134,0.918524648687462,0.13921616141005352,54579.00000007205,3.7963580406868773e-06,0.048786782638400535,0.029960578123899493,0.00038911315990770363,7.592697278109505e-05,0.00014834963015564624
0.487,626.8683720001499,164938175.00001273,0.9183948333497798,0.13904016120599472,54510.00000007139,3.800626337717763e-06,0.048810751136496376,0.02998640991418327,0.00031899199916154085,0.00013250628781998742,3.800620370675042e-05
0.4875,626.7613040001498,164741495.8333454,0.9182379731500805,0.13887436391231617,54445.000000070766,3.804513858695259e-06,0.048831537381717034,0.030010801008149422,0.0003767805131163759,0.00029300843342701665,0.0001958772473584023
0.488,626.6874640001498,164584152.50001156,0.9181297937020121,0.1387417260773733,54393.00000007027,3.8077023484998397e-06,0.04884911769724033,0.03003155072071534,0.0004144316136926987,7.615385777213448e-05,3.807696358883737e-05
0.4885,626.6099320001498,164417731.66667768,0.9180162052815402,0.13860143605964528,54338.00000006975,3.811084885117315e-06,0.04886778700990336,0.030052768938977795,0.0003218737033472574,7.62215081567203e-05,5.774938115974559e-05
0.489,626.5102480001498,164263414.16667718,0.9178701630266477,0.13847134895229748,54287.00000006926,3.8140583597296552e-06,0.048882958287001434,0.03007033850370454,0.00034922969176206397,7.628097733830349e-05,3.8140523497722436e-05
0.4895,626.4105640001497,164072786.66667655,0.9177241207717552,0.13831065311380902,54224.00000006866,3.8178821529540996e-06,0.0489035649943854,0.03009394263253645,0.00031670468624767886,7.635745280711091e-05,0.00017935342294739704
0.49,626.3367240001497,163854926.66667584,0.9176159413236867,0.13812700072696507,54152.00000006797,3.8225077313316545e-06,0.04893029653628375,0.030122877464409364,0.00037494106699621245,0.00013629173560597425,0.00024045582721336667
0.4905,626.2407320001497,163697583.333342,0.9174753080411977,0.13799436289202224,54100.00000006748,3.825595462365001e-06,0.048946303718167716,0.030142000484747307,0.00045037288814059177,0.0002533421235504428,0.00012100972794645571
0.491,626.1668920001497,163497878.33334133,0.9173671285931292,0.1378260148707486,54034.00000006685,3.82981662137238e-06,0.0489704125914993,0.030167311772664657,0.0004464273699665505,7.659614094773949e-05,3.8298105610087703e-05
0.4915,626.0967440001497,163316328.33334073,0.9172643581174642,0.13767297121504532,53974.00000006628,3.8336445007644295e-06,0.04899213480065249,0.030192461020336712,0.00034948727355631264,0.00024414813154389304,3.8336384281486996e-05
0.492,626.0118280001496,163140830.00000682,0.9171399517521854,0.13752502901453215,53916.00000006573,3.837248026751632e-06,0.049011831011557816,0.03021329771153162,0.0003697526834703449,7.674476828820853e-05,3.8372419425548435e-05
0.4925,625.9158360001496,162947176.66667286,0.9169993184696964,0.13736178244844863,53852.00000006512,3.8412192761126035e-06,0.0490334263126584,0.030237688766228562,0.0004360514753542125,0.00014320694795884743,3.8412131791352494e-05
0.493,625.8309200001496,162795885.0000057,0.9168749121044176,0.1372342460686959,53802.00000006464,3.84426743956168e-06,0.04904954990193693,0.030256875794070593,0.000374593600055159,8.034945102277226e-05,3.844261332743919e-05
0.4935,625.7201600001496,162617360.83333844,0.9167126429323149,0.13708375314058766,53743.00000006408,3.84780663511955e-06,0.0490677806269201,0.030278464704523323,0.0004243260602514801,7.695593935203959e-05,3.847800516842853e-05
0.494,625.6241680001496,162438836.6666712,0.9165720096498259,0.1369332602124794,53684.00000006352,3.8514445242177334e-06,0.049087204876449776,0.030301946836260252,0.0003764883617291781,7.702869675367743e-05,3.8514383941847266e-05
0.4945,625.5134080001495,162260312.50000393,0.9164097404777232,0.13678276728437117,53625.00000006295,3.854999404121907e-06,0.049105505972181974,0.030322065244099652,0.00034781254523441195,7.709979397714557e-05,0.0001619573655376587
0.495,625.4100320001495,162069685.0000033,0.9162582892504273,0.1366220714458827,53562.00000006235,3.858895832370728e-06,0.049126256337702935,0.030347446650382512,0.00034696910623889965,7.717772213380188e-05,3.858889678188036e-05
0.4955,625.2918880001495,161915367.5000028,0.9160852021335177,0.1364919843385349,53511.00000006187,3.861843984636842e-06,0.04914037655322862,0.030363806708110282,0.0003653809751545592,0.00012199629749446627,3.861837820821839e-05
0.496,625.1958960001494,161706585.00000212,0.9159445688510287,0.13631598413447613,53442.000000061205,3.866236467736557e-06,0.049164540653403165,0.03039101765419514,0.0003731950098154016,7.732453406763881e-05,3.8662302897085604e-05
0.4965,625.0962120001494,161552267.5000016,0.9157985265961363,0.13618589702712833,53391.000000060725,3.869312524506307e-06,0.04918017367535464,0.030409255867231456,0.00038617305033086785,7.738605487688669e-05,3.869306336452741e-05
0.497,625.0371400001494,161410053.33333448,0.9157119830376814,0.13606601283016076,53344.000000060274,3.872355699612835e-06,0.04919718495563532,0.030428846026716385,0.000447954828655374,0.0001654188636882161,0.0002030807780915938
0.4975,624.9633000001494,161267839.16666734,0.915603803589613,0.1359461286331932,53297.00000005982,3.8753126676067215e-06,0.04921305786790011,0.030447718351433978,0.00031885117073212103,7.750605711131293e-05,0.00023784291111570848
0.498,624.8746920001494,161077211.66666672,0.9154739882519308,0.13578543279470473,53234.000000059226,3.879348826159628e-06,0.04923518831448021,0.030470143445509093,0.0004162220048685837,7.758677985972874e-05,0.00022339177652589372
0.4985,624.7750080001493,160925919.99999955,0.9153279459970384,0.135657896414952,53184.00000005875,3.882376487269118e-06,0.04925046864471702,0.03049031398831396,0.0003388756024881797,0.00011709658104312002,4.450170752964638e-05
0.499,624.7011680001493,160759499.16666567,0.9152197665489699,0.13551760639722396,53129.00000005822,3.885936266525047e-06,0.04927013070753563,0.030512162893185202,0.00035900082313351794,0.00014925610316716257,3.8859300244219984e-05
0.4995,624.6014840001493,160590052.49999845,0.9150737242940774,0.1353747656519009,53073.0000000577,3.8894157781046575e-06,0.049288251311993554,0.03053231614345271,0.0004277583887733096,0.00015448399805856276,0.00020042824060256158
0.5,624.4685720001493,160426657.4999979,0.9148790012875542,0.13523702636176793,53019.000000057174,3.892548668229639e-06,0.04930285137996685,0.030551140231916116,0.0003110530213262734,7.785077529744543e-05,3.8925424044134134e-05
0.5005000000000001,624.3947320001492,160284443.33333078,0.9147708218394857,0.13511714216480034,52972.00000005674,3.895541694596308e-06,0.049318886380337004,0.03056887661437177,0.0004646526677286629,0.00014595073583219812,0.00019863935069341614
0.501,624.2987400001492,160124074.1666636,0.9146301885569966,0.13498195360226245,52919.00000005622,3.898843713846263e-06,0.049335991472709284,0.030590333590531166,0.0004046463956994176,7.797667554214321e-05,0.00014729285405751775
0.5015000000000001,624.2212080001492,159987911.66666314,0.9145166001365247,0.13486717086048497,52874.0000000558,3.901677329851784e-06,0.049350851751970765,0.030607553173130856,0.0003326335309749128,6.865999853041824e-05,3.901671036138789e-05
0.502,624.1547520001492,159821490.83332926,0.9144192386332631,0.13472688084275697,52819.00000005527,3.905324301167059e-06,0.04937128261767577,0.03062896696145519,0.00041673450347758437,0.00029353382752371796,0.00014168406769141448
0.5025000000000001,624.0993720001492,159645992.49999535,0.9143381040472117,0.13457893864224377,52761.00000005472,3.909270519271991e-06,0.04939402896098346,0.03065438881623275,0.00043837251537662416,7.818521055499295e-05,6.146266418795236e-05
0.503,623.9923040001491,159425106.6666613,0.9141812438475124,0.13439273552780476,52688.000000054024,3.914015283081114e-06,0.04941975544165648,0.03068251172373509,0.0003483894334266741,7.828010532895777e-05,0.000161980665370064
0.5035000000000001,623.9110800001491,159285918.3333275,0.9140622464546371,0.13427540205843225,52642.00000005359,3.9169255294402745e-06,0.04943490716632478,0.030699732022843682,0.00045326575006514086,0.0002668357098430872,3.9169191858272634e-05
0.504,623.8113960001491,159098316.66666022,0.9139162041997446,0.13411725694753884,52580.00000005299,3.920917638036026e-06,0.04945614126275529,0.030724901256304882,0.00039842523404316006,0.00020089664240375118,9.279649824664657e-05
0.5045000000000001,623.7154040001491,158977283.3333265,0.9137755709172556,0.13401522784373665,52540.00000005261,3.923298919962103e-06,0.04946735055247145,0.030738512856400134,0.00044735477056526883,0.00023602089605174185,0.0002557265573952296
0.505,623.6415640001491,158835069.16665936,0.9136673914691871,0.13389534364676908,52493.00000005216,3.926346790240552e-06,0.04948363212678461,0.030757699180952638,0.00034888700449792057,7.852673415224452e-05,3.9263404155407674e-05
0.5055000000000001,623.571416000149,158641415.8333254,0.9135646209935221,0.13373209708068556,52429.00000005156,3.9306974961399524e-06,0.04950825579668892,0.03078266442008397,0.00045381342374847805,0.00021499804822763333,0.00016637974754691603
0.506,623.508652000149,158484072.49999154,0.9134726684626638,0.1335994592457427,52377.000000051055,3.934203874021361e-06,0.049527840021854216,0.030805493933813346,0.00045255121716050376,7.868387499883129e-05,3.9341974735185e-05
0.5065000000000001,623.434812000149,158296470.83332425,0.9133644890145953,0.1334413141348493,52315.00000005047,3.938399944851485e-06,0.04955131083852454,0.03083139725723947,0.0004136734979680344,7.876779597150029e-05,0.00010725135803591329
0.507,623.342512000149,158093739.99999025,0.9132292647045098,0.13327041538598064,52248.00000004983,3.9428665043928204e-06,0.04957573076835733,0.030858755936933435,0.00041719042839707287,0.0003102709757118377,7.084225586875172e-05
0.5075000000000001,623.250212000149,157960603.33332315,0.9130940403944242,0.13315818337179822,52204.00000004941,3.9456054158326256e-06,0.04958927482576115,0.03087487396868097,0.00046545771215451425,0.0002983677571676401,3.94559897766036e-05
0.508,623.1505280001489,157760898.3333225,0.9129479981395318,0.13298983535052458,52138.000000048785,3.949968177054467e-06,0.049612715249760644,0.030901125434064924,0.00045228899907282107,0.00018572768085195278,0.00027781589337087396
0.5085000000000001,623.0434600001489,157621709.9999887,0.9127911379398325,0.13287250188115207,52092.00000004835,3.952776936630072e-06,0.04962608764091819,0.03091793080743466,0.0004474151398711143,0.00019854417670199786,9.137993973576548e-05
0.509,622.9733120001489,157458314.99998817,0.9126883674641674,0.1327347625910191,52038.00000004783,3.956433243936312e-06,0.04964623924451027,0.030940344500186564,0.00040496730703149506,7.912846001621833e-05,3.956426769821196e-05
0.5095000000000001,622.8994720001489,157303997.49998766,0.9125801880160989,0.1326046754836713,51987.000000047345,3.959845152696757e-06,0.0496646977122504,0.03096181179994144,0.00042709861864533136,7.919669782600609e-05,7.124768250272891e-05
0.51,622.8034800001489,157158757.49998719,0.9124395547336098,0.13248224055910868,51939.00000004689,3.962893890912822e-06,0.04967998436035143,0.03098038110006131,0.0004124488531183358,7.925767225864731e-05,0.00024485925750955
0.5105000000000001,622.7296400001488,156977207.4999866,0.9123313752855413,0.1323291969034054,51879.00000004631,3.967006738861768e-06,0.049702810905089344,0.031004596093608103,0.0004053439905491788,7.933992877874514e-05,3.9670002296023165e-05
0.511,622.6521080001488,156795657.499986,0.9122177868650695,0.1321761532477021,51819.00000004574,3.971105564579838e-06,0.049725385651300455,0.031030445036360713,0.00032645935486957955,7.942190485458727e-05,0.0002605830907126074
0.5115000000000001,622.5524240001488,156617133.33331874,0.912071744610177,0.13202566031959387,51760.000000045184,3.974995651818044e-06,0.04974575257694499,0.03105382678636319,0.0004584347504096809,0.00012881122934868682,0.0002340714796099538
0.512,622.4527400001488,156490048.33331832,0.9119257023552846,0.13191852976060156,51718.000000044776,3.977586732380236e-06,0.04975797903611538,0.03106857855651447,0.0004767307870596601,7.955152750364879e-05,5.810760647041965e-05
0.5125,622.3567480001487,156320601.6666511,0.9117850690727956,0.13177568901527847,51662.00000004425,3.981284241262745e-06,0.04977726212968665,0.03109189135053688,0.000316399093178272,5.288136009058293e-05,3.981277684302048e-05
0.513,622.2533720001487,156136025.83331716,0.9116336178454997,0.13162009463198013,51601.00000004367,3.985328617653139e-06,0.04979840234922592,0.031116535321004536,0.0003919506129005942,9.91193171289194e-05,3.9853220471519655e-05
0.5135,622.1647640001487,155936320.8333165,0.9115038025078175,0.13145174661070652,51535.00000004304,3.989864328434382e-06,0.049823184331669275,0.031143192774974085,0.0004049607551914484,7.979707809663022e-05,3.989857742786741e-05
0.514,622.0946160001487,155775951.6666493,0.9114010320321524,0.1313165580481686,51482.000000042535,3.993521524627831e-06,0.04984320346947718,0.031165268050100756,0.0003714572899554977,8.877633160702362e-05,3.993514926757055e-05
0.5145,622.0170840001487,155636763.33331552,0.9112874436116805,0.13119922457879607,51436.0000000421,3.9965948319551054e-06,0.04985927147018595,0.031183651390866065,0.00040322097928995314,0.00012904950576458766,0.00014107427383177224
0.515,621.9174000001486,155482445.833315,0.911141401356788,0.13106913747144827,51385.000000041604,3.999920355426331e-06,0.049876013784868015,0.03120414916699415,0.00041693230907929353,7.999819754337089e-05,0.0001107148845242023
0.5155,621.8066400001486,155337205.83331454,0.9109791321846853,0.13094670254688565,51337.00000004115,4.002947244122452e-06,0.049890438510467865,0.031221648715912466,0.00036042186238583883,0.0001590301123096184,0.00019816254592013358
0.516,621.6884960001486,155173810.833314,0.9108060450677757,0.13080896325675267,51283.00000004063,4.0064009040028e-06,0.049907214168004595,0.031242667426456462,0.00043402379704194017,0.00016438047722738876,0.00014977952668940878
0.5165,621.6072720001486,154995286.66664675,0.9106870476749004,0.13065847032864444,51224.000000040076,4.010491450214605e-06,0.04992942336188735,0.03126724165603093,0.0004658141729194679,8.02096182783747e-05,5.703896482403924e-05
0.517,621.5149720001485,154853072.49997962,0.9105518233648148,0.13053858613167688,51177.000000039625,4.013578561705518e-06,0.04994492797277596,0.03128492194590296,0.00047976263286752803,0.00019616067622895892,0.00015892408296489367
0.5175,621.4005200001485,154677574.1666457,0.9103841452203086,0.1303906439311637,51119.00000003908,4.017392458784409e-06,0.049964051277396775,0.031308551501833023,0.000347773260218096,0.00010702802357759646,4.017385780352641e-05
0.518,621.2786840001485,154514179.16664517,0.9102056491309957,0.13025290464103073,51065.000000038555,4.020852243793709e-06,0.04998066068276372,0.0313305450496089,0.0003366939605534541,0.00015580329598821672,4.020845553598943e-05
0.5185,621.1494640001484,154353809.99997798,0.9100163350968759,0.13011771607849282,51012.00000003805,4.024192626020939e-06,0.04999621725534703,0.031349279960914904,0.00042547763769802726,0.0002134786601145256,4.0241859244344854e-05
0.519,621.0719320001484,154205544.16664416,0.9099027466764039,0.12999273042633513,50963.00000003758,4.027559030750407e-06,0.050014003139395385,0.03136900105495114,0.00043693046224370184,0.00011183836944904591,4.027552317783963e-05
0.5195,621.0054760001484,154054252.499977,0.9098053851731422,0.1298651940465824,50913.000000037115,4.031082984874054e-06,0.05003320141587148,0.03139023788786929,0.0003384144711206145,0.00022948476415113745,4.031076260015334e-05
0.52,620.9390200001484,153945322.49997663,0.9097080236698807,0.1297733678531604,50877.000000036765,4.033503648675279e-06,0.05004554361049022,0.03140466706686945,0.0004403296497203196,7.858486642385884e-05,4.033496915597403e-05
0.5205,620.8762560001484,153757720.83330935,0.9096160711390224,0.129615222742267,50815.000000036176,4.038016774931569e-06,0.0500710032047347,0.03143176791821186,0.00041457786068585403,8.076012174669228e-05,4.038010026645142e-05
0.521,620.7987240001484,153591299.99997547,0.9095024827185505,0.129474932724539,50760.00000003565,4.041887294399146e-06,0.05009186654799754,0.031455333485665364,0.0003984039886920624,8.083753171293247e-05,0.00017893548812561672
0.5215,620.6953480001483,153449085.83330834,0.9093510314912546,0.12935504852757143,50713.00000003521,4.044959568377027e-06,0.050106728106360944,0.03147395560547457,0.00041043219023721516,0.00025687413187030025,0.0001787480067614924
0.522,620.6178160001483,153297794.16664118,0.9092374430707828,0.12922751214781866,50663.00000003473,4.048445832987724e-06,0.050125185489795866,0.03149457983528802,0.00044333276915100477,9.638442009889159e-05,4.048439049248851e-05
0.5225,620.5033640001483,153167683.33330742,0.9090697649262766,0.12911783086123133,50620.00000003432,4.051137619218762e-06,0.050137222960811835,0.03150991193858069,0.00039550510604885626,6.696047291132113e-05,0.00018315069914570428
0.523,620.3852200001483,152967978.33330676,0.908896677809367,0.1289494828399577,50554.000000033695,4.0556541752050306e-06,0.05016038781900784,0.03153745407362632,0.0004343040099962522,0.00021395366964128588,0.00020933020082026258
0.5235,620.3224560001482,152786428.33330616,0.9088047252785089,0.1287964391842544,50494.00000003312,4.060062551150842e-06,0.05018510301610088,0.03156348457065115,0.000436287861410482,0.00025316613080779286,0.00017717685682790176
0.524,620.2264640001482,152623033.33330563,0.9086640919960198,0.12865869989412143,50440.0000000326,4.063780220156334e-06,0.050204189289699594,0.03158618940937703,0.0004378616985787232,8.12753878034568e-05,0.00021476576192549032
0.5245,620.1526240001482,152444509.16663837,0.9085559125479513,0.1285082069660132,50381.00000003204,4.068054844286023e-06,0.05022759665033869,0.03161190793528249,0.00036814525892907627,8.136087981742851e-05,2.5501114118895884e-05
0.525,620.0787840001482,152287165.83330452,0.9084477330998828,0.12837556913107034,50329.00000003154,4.071773091364076e-06,0.05024755397110701,0.03163416941351695,0.0004465990863876975,8.143524434926915e-05,4.071766228062765e-05
0.5255,619.9643320001481,152157054.99997076,0.9082800549553767,0.12826588784448298,50286.000000031134,4.07450270380343e-06,0.05025975443720398,0.03165009700823952,0.0004155229678370466,8.148983628660518e-05,0.00012218678449616468
0.526,619.8424960001481,152011814.9999703,0.9081015588660637,0.12814345291992035,50238.00000003068,4.077594205425869e-06,0.05027387725880555,0.0316688341982027,0.00033021524448527704,0.00013072924820095559,0.00019083138329904618
0.5265,619.7428120001481,151857497.49996978,0.9079555166111712,0.12801336581257255,50187.000000030195,4.081081423064221e-06,0.0502913256576519,0.031689836466282074,0.0003714283446344177,8.162140992955601e-05,4.081074527619142e-05
0.527,619.6689720001481,151685024.9999692,0.9078473371631027,0.12786797433965444,50130.00000002965,4.085234992711205e-06,0.050313913793691024,0.03171413818242721,0.0003610641280859732,0.00016559057572588574,4.085228083062713e-05
0.5275,619.572980000148,151557939.9999688,0.9077067038806137,0.12776084378066213,50088.00000002924,4.088027192770472e-06,0.05032720674578081,0.0317308171767753,0.0003986145600675862,8.176032454962553e-05,0.00015569463814817355
0.528,619.506524000148,151349157.4999681,0.9076093423773521,0.12758484357660335,50019.00000002859,4.093227436699002e-06,0.05035650545331154,0.03176244782584066,0.0004149250834276422,8.186432885829563e-05,9.310257376875234e-05
0.5285,619.440068000148,151237201.6666344,0.9075119808740905,0.1274904666555863,49982.000000028245,4.0958181001361875e-06,0.05036973673373313,0.03177805777937419,0.00033266705578414535,8.191614183700612e-05,0.00016352526186180877
0.529,619.336692000148,151073806.66663387,0.9073605296467946,0.12735272736545336,49928.00000002772,4.0995636878787575e-06,0.050388557664595414,0.03180107642850449,0.00038371375116973036,0.00013250017436822095,5.254445540581724e-05
0.5295,619.237008000148,150904359.99996665,0.9072144873919021,0.12720988662013027,49872.00000002719,4.103506406311155e-06,0.05040872497655488,0.031824162457704384,0.0004870711308156537,0.00014309049251017488,0.00019234028450377613
0.53,619.1336320001479,150725835.8332994,0.9070630361646063,0.12705939369202204,49813.00000002663,4.107680866901284e-06,0.05043014864134825,0.031848678652547306,0.00044956359617138856,0.00016242493884669195,0.00019603146415555743
0.5305,619.0450240001479,150550337.4999655,0.9069332208269241,0.12691145149150887,49755.00000002608,4.111880679113654e-06,0.05045231198761603,0.03187356842583691,0.0003867539080510672,8.223739161665105e-05,0.0002168866817445452
0.531,618.9527240001479,150383916.6666316,0.9067979965168385,0.12677116147378084,49700.00000002555,4.115817287644072e-06,0.05047269387309116,0.03189795628384926,0.0004003932350520122,0.00014363610993331697,4.11581027257476e-05
0.5315,618.8530400001479,150202366.666631,0.906651954261946,0.12661811781807755,49640.00000002498,4.120128422301566e-06,0.050495054189144836,0.031922824351049976,0.000289723030525864,2.867254729032469e-05,4.120121392307747e-05
0.532,618.7681240001478,150045023.33329716,0.9065275478966672,0.1264854799831347,49588.00000002449,4.1238830202696515e-06,0.050514590489488476,0.031946108162342106,0.0003772928358785778,0.0002729319840859371,0.0001302839065784693
0.5325,618.6795160001478,149881628.33329663,0.906397732558985,0.12634774069300173,49534.000000023974,4.12778752726365e-06,0.05053487979356407,0.0319685526494759,0.00043329016793072187,0.00011973427119204423,4.395079765495481e-05
0.533,618.5946000001478,149681923.33329597,0.9062733261937064,0.12617939267172812,49468.00000002334,4.1327274945734526e-06,0.05056163950858042,0.03199790860767061,0.0004488963439922556,0.00019491178264243825,0.00020267529679135916
0.5335,618.4912240001478,149506424.99996206,0.9061218749664105,0.12603145047121495,49410.00000002279,4.136887254178573e-06,0.050582852163994114,0.03202158171650009,0.00042056190819500196,6.625394986519436e-05,0.00018064997000981781
0.534,618.4063080001478,149358159.16662824,0.9059974686011317,0.12590646481905723,49361.00000002232,4.140425347036019e-06,0.05060100412527841,0.03204343196801925,0.00036733344056916726,8.280828176822865e-05,4.140418246607622e-05
0.5345,618.3250840001477,149228048.33329448,0.9058784712082564,0.1257967835324699,49318.00000002191,4.143491058860095e-06,0.050616409577364824,0.032062059216358504,0.0004089642718687326,0.00015519177694327537,0.00014464745475128087
0.535,618.2401680001477,149097937.49996072,0.9057540648429776,0.12568710224588253,49275.0000000215,4.146537359045028e-06,0.05063153572888543,0.03208040668566462,0.00039547959469005546,0.00024532831746524,0.00011566280914371769
0.5355,618.1626360001477,148958749.16662693,0.9056404764225057,0.12556976877651,49229.000000021064,4.149891426039461e-06,0.0506488329050123,0.03209925633689217,0.0004605920634388728,0.0001879704828246369,0.00015394640676835982
0.536,618.0518760001477,148786276.66662636,0.905478207250403,0.12542437730359188,49172.00000002052,4.153957541292384e-06,0.05066910001701826,0.03212358377959209,0.0003922181326817197,9.207097825539927e-05,0.00018297938420576494
0.5365,617.9485000001476,148610778.33329245,0.9053267560231071,0.1252764351030787,49114.00000001997,4.158167442029419e-06,0.05069052941373768,0.03214906283046945,0.00044465429471415564,0.00021555546498660673,4.158160279583084e-05
0.537,617.8525080001476,148450409.16662526,0.905186122740618,0.1251412465405408,49061.000000019456,4.1620128328959416e-06,0.050710023662606914,0.032171606084382756,0.00039763152228405554,8.324002903085797e-05,4.1620056569783645e-05
0.5375,617.7454400001476,148311220.83329147,0.9050292625409188,0.12502391307116825,49015.00000001903,4.165196918542809e-06,0.050725021742224985,0.03219019663745659,0.00042855120473246573,0.00018453928443980654,8.26356176557894e-05
0.538,617.6309880001476,148141774.16662425,0.9048615843964126,0.1248810723258452,48959.000000018495,4.169188545733627e-06,0.05074462003070252,0.03221325948102883,0.0003550830484817316,8.565878734959306e-05,4.169181344546289e-05
0.5385,617.4906920001475,148005611.6666238,0.9046560434450825,0.12476628958406773,48914.000000018066,4.1720762141844894e-06,0.05075642467328178,0.03222991615126471,0.0004001619357660358,0.00014592941848976402,6.027060331358128e-05
0.539,617.3947000001475,147872474.9999567,0.9045154101625935,0.1246540575698853,48870.000000017644,4.175183380141087e-06,0.05077137483773639,0.03224843009036903,0.00039381344079303154,8.35034384491637e-05,0.00010325621821223706
0.5395,617.3024000001475,147687899.16662276,0.9043801858525079,0.12449846318658696,48809.00000001706,4.179776430455562e-06,0.05079549612890883,0.032275432351464975,0.00035255340637898566,8.359529893407646e-05,4.179769191893369e-05
0.54,617.2027160001475,147548710.83328897,0.9042341435976154,0.12438112971721443,48763.00000001662,4.183043772557979e-06,0.05081124262943109,0.03229461695018679,0.00040466777912163623,0.00010780662440008894,0.00013261147972588522
0.5405,617.0734960001474,147421625.83328855,0.9040448295634956,0.12427399915822214,48721.000000016225,4.185773237218017e-06,0.05082249621453774,0.03231015795809594,0.00046081288447099206,8.371523436770143e-05,4.1857659773439105e-05
0.541,616.9848880001474,147243101.6666213,0.9039150142258134,0.1241235062301139,48662.000000015665,4.190246476857615e-06,0.050845994356896525,0.03233582917518097,0.0004435367109728197,8.38046986514892e-05,4.190239201253996e-05
0.5415,616.8778200001474,147103913.3332875,0.9037581540261141,0.12400617276074137,48616.00000001523,4.193483409258541e-06,0.0508612159497614,0.0323555380898074,0.0004121265511025683,8.386943692286831e-05,4.193476122162558e-05
0.542,616.7559840001474,146916311.66662022,0.9035796579368011,0.12384802764984797,48554.000000014625,4.1980089004662645e-06,0.05088362690772615,0.0323816038726989,0.0003892364907320106,8.395994622503669e-05,4.198001597351576e-05
0.5425,616.6747600001473,146758968.33328637,0.9034606605439258,0.12371538981490512,48502.00000001414,4.201956221167299e-06,0.050904191527162364,0.032406058222757994,0.00048607922736703383,0.00028098142519134207,0.00018523867819356015
0.543,616.5787680001473,146571366.6666191,0.9033200272614368,0.12355724470401172,48440.00000001355,4.206679531088592e-06,0.05092882922033549,0.03243372697917203,0.0003834914685984741,9.691588572656797e-05,0.00018213087732759712
0.5435,616.4901600001473,146386790.83328515,0.9031902119237546,0.12340165032071337,48379.000000012966,4.211378338789096e-06,0.05095360302398562,0.03246185219836815,0.0004603728097766532,9.263314230308875e-05,4.211370988463831e-05
0.544,616.3830920001473,146202214.9999512,0.9030333517240553,0.12324605593741503,48318.000000012384,4.215962747215238e-06,0.05097690164801601,0.032488715656522296,0.00033552685934576696,8.431902110347407e-05,4.215955380628093e-05
0.5445,616.2907920001472,146014613.33328393,0.9028981274139697,0.12308791082652162,48256.00000001179,4.2207473480304325e-06,0.05100200060750536,0.03251618830027223,0.00034074923870341007,0.0001704912958541704,4.220739964497047e-05
0.545,616.2132600001472,145860295.83328342,0.9027845389934978,0.12295782371917383,48205.0000000113,4.2246812710737375e-06,0.051022553369927934,0.03254091505470267,0.00045074433616361614,0.0002235719125624874,0.0002435975041379866
0.5455,616.1025000001472,145718081.6666163,0.902622269821395,0.12283793952220624,48158.00000001086,4.228044268450557e-06,0.05103826968769106,0.032559368816450364,0.00035755127892113706,8.456065013321205e-05,4.228036858922266e-05
0.546,615.9954320001472,145554686.66661575,0.9024654096216957,0.12270020023207329,48104.00000001035,4.2320549486053145e-06,0.05105803402817578,0.03258325810095519,0.0004723705880762771,8.46408632696007e-05,4.2320475247605295e-05
0.5465,615.8994400001471,145418524.1666153,0.9023247763392067,0.12258541749029582,48059.00000000992,4.235357520851138e-06,0.0510739722601948,0.03260216979404027,0.00042651042130899947,2.443980303402299e-05,0.00012060915967582798
0.547,615.8108320001471,145288413.33328155,0.9021949610015245,0.12247573620370845,48016.00000000951,4.23854055441792e-06,0.05108948519445449,0.03262030869207537,0.0004204306047541963,8.477057462790437e-05,4.238533107364582e-05
0.5475,615.7628360001471,145167379.99994782,0.9021246443602801,0.12237370709990626,47976.000000009124,4.241743813247635e-06,0.05110679511716823,0.03264064920123352,0.0004244504942917222,8.483463943784692e-05,4.241736354820034e-05
0.548,615.6889960001471,145037269.16661406,0.9020164649122115,0.1222640258133189,47933.00000000872,4.245039909658419e-06,0.05112358224515808,0.03265885116817385,0.0004438405153048991,8.490056098382271e-05,4.245032439459525e-05
0.5485,615.5819280001471,144846641.66661343,0.9018596047125123,0.12210332997483045,47870.00000000811,4.249887473518388e-06,0.051148315891146205,0.032688243228602344,0.00039776071358867154,8.499751169854889e-05,4.2498799859936835e-05
0.549,615.482244000147,144677194.9999462,0.9017135624576198,0.12196048922950738,47814.00000000758,4.254175953579801e-06,0.05116997214498817,0.03271339840795157,0.0005217966980242092,0.00023437258745371124,4.254168450698376e-05
0.5495,615.423172000147,144528929.1666124,0.901627018899165,0.1218355035773497,47765.00000000711,4.258131403510847e-06,0.0511912982382634,0.032736422641070975,0.00039977552477014,0.0001173503000277849,0.00018375812537069374
0.55,615.308720000147,144347379.1666118,0.9014593407546588,0.12168245992164639,47705.00000000654,4.2626940894433e-06,0.05121395431887963,0.03276314241033362,0.0003983487491378517,8.525364252946173e-05,4.2626865560695155e-05
0.5505,615.190576000147,144208190.833278,0.9012862536377493,0.12156512645227387,47659.0000000061,4.2659891400439325e-06,0.051228825716254596,0.03278192273137837,0.0003625916527037029,3.0830116118782004e-05,0.00017459520892278282
0.551,615.1130440001469,144053873.3332775,0.9011726652172773,0.12143503934492607,47608.00000000562,4.270020859328406e-06,0.0512497979513129,0.0328057118806337,0.0004885932862492207,0.00018080896070206312,0.00019591073213542026
0.5515,615.0207440001469,143899555.833277,0.9010374409071917,0.12130495223757827,47557.00000000513,4.273958598681945e-06,0.05126957628386157,0.03282888534350908,0.00036258707686076975,0.0002467979251125247,4.2739510247454964e-05
0.552,614.9173680001469,143730109.16660976,0.9008859896798959,0.1211621114922552,47501.0000000046,4.278278027934593e-06,0.0512911660318079,0.03285379343053017,0.00043886355989691253,0.0002172594619244464,4.278270438431236e-05
0.5525,614.7955320001469,143557636.6666092,0.9007074935905829,0.12101672001933708,47444.00000000405,4.28256933086685e-06,0.051311799146677724,0.03287778093440506,0.00040486984943431605,8.565114502207132e-05,7.544599150638377e-05
0.553,614.6958480001468,143427525.83327544,0.9005614513356904,0.12090703873274972,47401.000000003645,4.285759267120652e-06,0.05132674413381157,0.03289672833500876,0.0003938497401371067,8.571494336772253e-05,0.00023749774017802372
0.5535,614.5813960001468,143282285.83327496,0.9003937731911843,0.12078460380818708,47353.000000003194,4.289304797351442e-06,0.05134319001785904,0.03291706418101555,0.0004512027739007894,0.00018103695852149095,0.00026462772616607505
0.554,614.5001720001468,143130994.1666078,0.900274775798309,0.12065706742843434,47303.000000002714,4.2932711784622575e-06,0.05136352890968512,0.03293980760801814,0.0003927012156903291,8.586518070737186e-05,4.2932635346536715e-05
0.5545,614.4078720001468,142997857.4999407,0.9001395514882233,0.12054483541425193,47259.00000000229,4.2966229196853635e-06,0.051379715492107916,0.03296065010853691,0.00038862448094714416,6.256972281062508e-05,0.0001226865666007045
0.555,614.2786520001467,142843539.9999402,0.8999502374541035,0.12041474830690413,47208.000000001804,4.3003600442862445e-06,0.0513966495452763,0.03298147485064942,0.00040303617563228043,0.00017043685233984269,4.300352374671963e-05
0.5555,614.1678920001467,142701325.83327305,0.8997879682820008,0.12029486410993655,47161.00000000136,4.303869557019517e-06,0.05141298183437423,0.033000826068050076,0.00044065993892450166,8.265918532420388e-05,0.00012546581265178506
0.556,614.0719000001467,142577266.66660598,0.8996473349995118,0.1201902842785393,47120.00000000097,4.3069411720176616e-06,0.05142730550680124,0.0330197617957594,0.0004512008025214778,3.9694641399840314e-05,4.3069334784024454e-05
0.5565,613.9648320001467,142425974.99993882,0.8994904747998125,0.12006274789878656,47070.00000000049,4.310764465543665e-06,0.05144564100086959,0.033041318610230797,0.00046762054099610596,0.00023370372909973486,0.0001088042094107611
0.557,613.8909920001466,142277709.166605,0.899382295351744,0.11993776224662887,47021.00000000002,4.314737674622592e-06,0.05146624895617581,0.033065178715908757,0.000408977677202263,8.629450807562326e-05,4.3147299526812504e-05
0.5575,613.7913080001466,142090107.4999377,0.8992362530968515,0.11977961713573547,46958.99999999943,4.319732870920769e-06,0.05149185053195959,0.03309368661585236,0.0004028629985548075,0.00013364067642854125,4.3197251308428033e-05
0.558,613.6805480001466,141935789.9999372,0.8990739839247488,0.11964953002838767,46907.99999999895,4.3236490810416326e-06,0.05151053788803143,0.03311569425821981,0.0004121168718134303,0.00025560611625026155,0.00012044060763570977
0.5585,613.5624040001466,141745162.49993658,0.8989008968078392,0.11948883418989921,46844.99999999835,4.328630291001438e-06,0.0515352401297011,0.03314564969227919,0.0004657848311689313,8.657235875488775e-05,4.328622518436531e-05
0.559,613.4627200001465,141602948.33326945,0.8987548545529468,0.11936894999293164,46797.9999999979,4.332273637102047e-06,0.051552735438447225,0.03316747696025384,0.0004159524677989998,0.0001449022496086932,4.332265851199008e-05
0.5595,613.3593440001465,141415346.66660216,0.8986034033256509,0.11921080488203824,46735.99999999731,4.337289823615746e-06,0.051578225976923256,0.03319475232082259,0.000419892495632923,0.00014217741124246223,0.00013752701643524894
0.56,613.2781200001465,141285235.8332684,0.8984844059327756,0.11910112359545087,46692.9999999969,4.340709178727492e-06,0.051595136524156975,0.03321581987157991,0.0004412028227779538,8.681393507169515e-05,4.340701362012246e-05
0.5605,613.1858200001465,141133944.16660124,0.89834918162269,0.11897358721569813,46642.99999999642,4.344708309691343e-06,0.05161501399050603,0.03323867507882627,0.00036076116417588694,8.689391721433433e-05,7.440924453349472e-05
0.561,613.1193640001464,140994755.83326745,0.8982518201194283,0.11885625374632561,46596.99999999598,4.348526016990216e-06,0.051634887831778255,0.03326076170021086,0.0004549781369156235,8.697027090919219e-05,0.00011408259662491115
0.5615,613.0344480001464,140879774.1666004,0.8981274137541496,0.11875932609771353,46558.99999999562,4.3514723928730135e-06,0.05164880063347753,0.033278653140821575,0.0004343704931969151,8.702919807161565e-05,4.351464536731509e-05
0.562,612.9532240001464,140698224.1665998,0.8980084163612743,0.11860628244201023,46498.99999999505,4.356510024421863e-06,0.05167526475025363,0.03330759404662141,0.00043043934487101626,8.712995010750271e-05,4.356502149874865e-05
0.5625,612.8387720001464,140516674.1665992,0.8978407382167681,0.11845323878630694,46438.99999999448,4.361324203229812e-06,0.0516989814547121,0.033336830045344254,0.00041218512371307133,8.722623310680649e-05,4.361316310979852e-05
0.5630000000000001,612.6984760001463,140356304.99993202,0.897635197265438,0.11831805022376904,46385.999999993976,4.365307821408116e-06,0.051716666150297984,0.03335794956445615,0.00041192458413972957,0.0002284194422633596,0.00010572495141375306
0.5635,612.6061760001463,140226194.16659826,0.8974999729553523,0.11820836893718167,46342.99999999356,4.368700011014551e-06,0.051732859098621624,0.033377386512968135,0.00042477824025373477,8.737374836565554e-05,0.00013403159806549495
0.5640000000000001,612.5249520001463,140099109.16659784,0.8973809755624771,0.11810123837818937,46300.99999999316,4.3720831320331e-06,0.05174945514468322,0.033396513313546095,0.00042487598747945233,8.744141037925325e-05,0.00020658587811902746
0.5645,612.4548040001463,139962946.6665974,0.897278205086812,0.1179864556364119,46255.99999999274,4.375835309176943e-06,0.051768691767617676,0.033418658367915556,0.0004010148855910379,8.751645347463551e-05,4.375827363341695e-05
0.5650000000000001,612.3588120001463,139802577.4999302,0.897137571804323,0.117851267073874,46202.99999999223,4.380168255484789e-06,0.051790256932770916,0.03344387235582092,0.0004301245472657208,8.760311188043919e-05,4.3801602936603296e-05
0.5655,612.2406680001462,139657337.49992973,0.8969644846874134,0.11772883214931136,46154.99999999176,4.383877560321199e-06,0.051807182935510086,0.03346535833710889,0.0004797671304908379,8.767729752387227e-05,0.00010999046811292786
0.5660000000000001,612.1520600001462,139506045.83326256,0.8968346693497312,0.11760129576955862,46104.9999999913,4.387996637305522e-06,0.0518277652580344,0.033488967693927486,0.00044477672539359006,0.0001552210257245248,0.00018738437335813482
0.5665,612.0376080001462,139378960.83326215,0.8966669912052251,0.11749416521056631,46062.9999999909,4.3911764325199804e-06,0.051841693511318246,0.03350602898200952,0.0004598022003631698,0.00019713527251662973,0.0001526418105706043
0.5670000000000001,611.9120800001461,139245824.16659504,0.8964830861435086,0.1173819331963839,46018.999999990476,4.394473469222665e-06,0.05185583344341282,0.03352506445546934,0.00041115346894083927,8.788921440636132e-05,4.3944654541570736e-05
0.5675,611.8197800001461,139097558.33326122,0.8963478618334231,0.1172569475442262,45969.99999999001,4.398494030601879e-06,0.05187563690567987,0.03354960872264409,0.0004547054414716456,5.138286581910092e-05,4.398486000624934e-05
0.5680000000000001,611.7090200001461,138946266.66659406,0.8961855926613203,0.11712941116447347,45919.99999998954,4.402486188908991e-06,0.05189447523365444,0.03357189456748625,0.0004363787838439979,0.00012670118517516966,4.402478144062327e-05
0.5685,611.6388720001461,138785897.49992687,0.8960828221856553,0.11699422260193557,45866.999999989035,4.407067886709948e-06,0.05191849450222932,0.033597648477440116,0.00041772297680368377,0.00022709191547484297,0.00010482111230640765
0.5690000000000001,611.5576480001461,138652760.83325976,0.8959638247927799,0.11688199058775314,45822.999999988606,4.410713817199713e-06,0.05193651703909249,0.033618956325761805,0.00047737062093322846,0.0001824547156435015,0.00019287567426205484
0.5695,611.472732000146,138552908.33325943,0.8958394184275011,0.11679781657711634,45789.99999998829,4.413279658694561e-06,0.051948014400569474,0.03363438816869298,0.00045930493885413957,8.826533591729238e-05,4.413271573737688e-05
0.5700000000000001,611.343512000146,138398590.83325893,0.8956501043933813,0.11666772946976854,45738.999999987805,4.417266883422865e-06,0.051965983813736676,0.03365658574397111,0.0004140091231584452,1.4984684966193471e-05,0.00024413672139177506
0.5705,611.236444000146,138226118.33325836,0.895493244193682,0.11652233799685041,45681.99999998727,4.4220039698031326e-06,0.05198928733792635,0.033683834813004396,0.0003709421530581312,0.0001799493764119028,0.00019201175595268295
0.5710000000000001,611.162604000146,138062723.33325782,0.8953850647456135,0.11638459870671745,45627.99999998675,4.426702510603914e-06,0.05201375819412508,0.03371078083893846,0.0004190595126225082,0.00024991633750865366,0.00011700772053311412
0.5715,611.0186160001459,137929586.66659072,0.89517411482188,0.11627236669253503,45583.99999998633,4.429931465517447e-06,0.05202659508386375,0.03372947374183831,0.00043254939065314266,7.652659167488367e-05,4.429923318242024e-05
0.5720000000000001,610.9078560001459,137778294.99992356,0.8950118456497773,0.11614483031278229,45533.999999985856,4.433991986912633e-06,0.05204571581533035,0.033752313676717126,0.00048416588385293664,0.00017032346830146155,0.0001895116150582213
0.5725,610.8118640001459,137645158.33325645,0.8948712123672883,0.11603259829859988,45489.99999998544,4.43758335851736e-06,0.05206269829083105,0.033772940639181674,0.00044283920774738336,0.00015599792490076863,4.437575182526381e-05
0.5730000000000001,610.7306400001459,137484789.16658926,0.8947522149744129,0.11589740973606197,45436.99999998493,4.442168793379231e-06,0.05208612649250143,0.0338001164223675,0.0004235085080587302,0.00018714742486050453,4.442160600267924e-05
0.5735,610.6457240001458,137312316.6665887,0.8946278086091342,0.11575201826314384,45379.999999984386,4.4471300086129145e-06,0.052111581229949154,0.03382715105788957,0.00038589378196030223,8.894233877894827e-05,0.00013813100124113116
0.5740000000000001,610.5386560001458,137145895.8332548,0.8944709484094349,0.11561172824541582,45324.99999998386,4.451745728814612e-06,0.05213404665635795,0.03385452319305557,0.0004418770009348104,8.903465261733092e-05,0.00016681389584040978
0.5745,610.4648160001458,137003681.66658768,0.8943627689613664,0.11549184404844824,45277.99999998341,4.455827818450702e-06,0.052154789513040034,0.03387811460611066,0.0003676879192493008,8.91162939136859e-05,0.0002292613568337185
0.5750000000000001,610.3614400001458,136876596.66658726,0.8942113177340705,0.11538471348945595,45235.99999998302,4.459209644778815e-06,0.052170159808787975,0.03389626247323303,0.0004178329798147216,8.918393001964082e-05,9.146156206721491e-05
0.5755,610.2469880001457,136731356.6665868,0.8940436395895643,0.11526227856489331,45187.99999998256,4.463109288736199e-06,0.05218807285693023,0.033918530941816544,0.0004458767223236994,8.926192241432777e-05,4.463101016905395e-05
0.5760000000000001,610.0993080001457,136564935.8332529,0.8938272806934274,0.1151219885471653,45132.999999982036,4.467466734983004e-06,0.05220722464417839,0.03394434115594099,0.0005086158448679912,8.934907079309689e-05,0.00016049512380961412
0.5765,609.9700880001457,136398514.99991903,0.8936379666593075,0.11498169852943728,45077.99999998151,4.47197015305121e-06,0.05222799978679615,0.03396897701993776,0.00043941938228735366,8.94391385943569e-05,4.471961847598945e-05
0.577,609.8297920001456,136289584.99991867,0.8934324257079774,0.1148898723360153,45041.99999998116,4.474514996876023e-06,0.05223684982550354,0.03398237848830059,0.0004518893106695158,8.949003513956555e-05,4.474506681590827e-05
0.5775,609.7374920001456,136111060.83325142,0.8932972013978918,0.11473937940790706,44982.9999999806,4.4797056776093324e-06,0.05226318423165919,0.0340126543361028,0.0004284869619699314,0.00014339112544510386,4.479697342771539e-05
0.578,609.6267320001456,135962794.9999176,0.8931349322257891,0.11461439375574937,44933.99999998013,4.483776109490211e-06,0.052282173743099444,0.034034704818320966,0.00047695315823355496,8.967525625066425e-05,9.715777805416143e-05
0.5785,609.5270480001456,135778219.16658366,0.8929888899708966,0.11445879937245103,44872.999999979555,4.489137151315327e-06,0.0523091428063628,0.03406713820105441,0.0004307693919288794,8.978247642922088e-05,4.4891287807741196e-05
0.579,609.4347480001455,135632979.16658318,0.892853665660811,0.11433636444788839,44824.9999999791,4.49326374562372e-06,0.05232921705061608,0.03409023939795783,0.0004089071983536218,0.00013157741692619479,4.4932553594355615e-05
0.5795,609.3646000001455,135493790.8332494,0.8927508951851459,0.11421903097851586,44778.99999997866,4.4973618071553064e-06,0.05235006179972238,0.03411359804330134,0.00044973990155315694,0.00017315817735948926,0.00018865374242559095
0.58,609.2464560001455,135330395.83324885,0.8925778080682364,0.11408129168838291,44724.99999997815,4.501918820594049e-06,0.052371499602047046,0.034138925359972754,0.00045286860942623267,0.0001970088280823093,0.00015077113082070102
0.5805,609.1356960001455,135182129.99991503,0.8924155388961337,0.11395630603622522,44675.99999997768,4.5060371219223156e-06,0.05239068558120077,0.03416206371197467,0.000464700294827523,4.898295182230474e-05,0.00011665414311335362
0.581,609.0249360001454,135033864.1665812,0.892253269724031,0.11383132038406753,44626.999999977204,4.510164466957983e-06,0.05240990838043881,0.03418648683390902,0.0004343342690304697,5.40040732667507e-05,4.5101560164415627e-05
0.5815,608.9474040001454,134894675.83324742,0.892139681303559,0.113713986914695,44580.999999976775,4.514243429095061e-06,0.05243026493150812,0.03420934639291937,0.00039537469272994056,9.028459886720579e-05,4.514234963073558e-05
0.582,608.8624880001454,134710099.99991348,0.8920152749382803,0.11355839253139666,44519.99999997619,4.519798352169113e-06,0.05245885553476154,0.03424193484160013,0.0004867865312129729,0.00019126041610758037,4.519789865065456e-05
0.5825,608.7591120001454,134561834.16657966,0.8918638237109844,0.11343340687923897,44470.99999997573,4.524010212632338e-06,0.052478836560511416,0.0342650796378191,0.0004736628840400405,0.00019398211287892307,4.524001709418183e-05
0.583,608.6705040001453,134386335.83324575,0.8917340083733022,0.11328546467872579,44412.999999975174,4.529258873129918e-06,0.052505448469220846,0.03429546099181884,0.000418680214040773,0.00010384370219021398,0.00017468137775098006
0.5835,608.5634360001453,134228992.4999119,0.8915771481736029,0.11315282684378294,44360.99999997468,4.533770422217426e-06,0.05252697151223707,0.034321623812167815,0.00045104437853720354,0.00016652705196342526,0.00018630938293356328
0.584,608.4563680001453,134098881.66657872,0.8914202879739036,0.11304314555719606,44317.99999997465,4.537370934330394e-06,0.05254320187588063,0.03434089809987392,0.0003959567676187633,6.080924558507926e-05,0.00020870650095006923
0.5845,608.3197640001453,133968770.8332456,0.891220155994977,0.11293346427060925,44274.999999974665,4.540757970806022e-06,0.05255690855022456,0.03435997325659736,0.0005113638530766225,0.00013816322639083475,0.00018023817262605027
0.585,608.2126960001452,133814453.33324586,0.8910632957952777,0.1128033771632621,44223.99999997468,4.545194340744927e-06,0.052577948947343016,0.03438426046076789,0.00044794483633460924,0.00010505695934055779,0.0002452490779300798
0.5855,608.0834760001452,133654084.16657946,0.8908739817611578,0.11266818860072485,44170.9999999747,4.549681214696453e-06,0.052598305792305594,0.03441058522392535,0.0005128170204213905,9.099335013480746e-05,0.00017883714926641801
0.586,607.9653320001452,133490689.16657972,0.8907008946442482,0.11253044931059257,44116.999999974716,4.5543650706715604e-06,0.05262026100994282,0.03443613712697417,0.0004337187527144553,4.028526967867493e-05,4.5543564507419854e-05
0.5865,607.8176520001451,133315190.83324668,0.8904845357481113,0.11238250711008012,44058.99999997474,4.559252761828288e-06,0.05264209434750639,0.0344645766079421,0.00047453362884072837,6.716286637804589e-05,0.00011779999751502893
0.587,607.7068920001451,133169950.83324692,0.8903222665760085,0.11226007218551809,44010.99999997475,4.563393529829451e-06,0.05266119520598068,0.03448600020297572,0.00049018675816597,0.0002272005528892469,0.00016010588586240482
0.5875,607.5850560001451,133021684.99991383,0.8901437704866956,0.11213508653336102,43961.99999997477,4.567563972750298e-06,0.05267997140348557,0.03451024934013265,0.0005088266498629478,0.00018695026204034203,8.17153325393796e-05
0.588,607.481680000145,132837109.1665808,0.8899923192593997,0.11197949215006343,43900.99999997478,4.573132340890895e-06,0.05270758847111416,0.034542460280898496,0.00044303003146487977,8.809293587075452e-05,0.0002100437117207699
0.5885,607.378304000145,132691869.16658103,0.8898408680321038,0.1118570572255014,43852.999999974796,4.57735886769101e-06,0.05272745227930081,0.034565921286283906,0.00043230711929319456,9.154689968889079e-05,4.577350158836903e-05
0.589,607.263852000145,132522422.49991465,0.8896731898875977,0.11171421648017903,43796.99999997482,4.582347957007321e-06,0.052751208717425536,0.034593584665739634,0.0005273830023907652,0.0001874613392192763,0.00019009688296033365
0.5895,607.119864000145,132383234.16658154,0.8894622399638641,0.11159688301080709,43750.99999997483,4.586078198060858e-06,0.0527664184448797,0.0346138953116179,0.0004051078819010502,0.0001427402690796254,4.586069455259497e-05
0.59,606.9980280001449,132234968.33324845,0.8892837438745511,0.11147189735865001,43701.99999997485,4.590298887283997e-06,0.05278539674176691,0.03463805607988805,0.0005105112270256009,9.180569842170397e-05,4.5902901280344805e-05
0.5905,606.8872680001449,132068547.49991539,0.8891214747024484,0.11133160734092269,43646.99999997487,4.595244511192445e-06,0.05280900600594276,0.034666079295873946,0.0005100452815343337,9.190461027226245e-05,8.382981564266606e-05
0.591,606.7986600001449,131926333.33324896,0.8889916593647662,0.11121172314395569,43599.99999997488,4.599526452898205e-06,0.052829747387575725,0.03469054512203537,0.00047803871170952396,0.00018531605838010228,4.599517657824541e-05
0.5915,606.7063600001449,131759912.4999159,0.8888564350546806,0.11107143312622837,43544.9999999749,4.604635419749023e-06,0.052855059423965116,0.03471879153296834,0.00047845232508173576,9.209242725633136e-05,4.6046266048603266e-05
0.592,606.5808320001448,131584414.16658285,0.8886725299929642,0.11092349092571592,43486.99999997492,4.609822795823124e-06,0.05287935183283907,0.03474854835867055,0.0004075592005738655,0.00015847642992191963,4.609813960699932e-05
0.5925,606.4774560001448,131427070.83324978,0.8885210787656683,0.11079085309077372,43434.999999974934,4.614555069629627e-06,0.052901978360830416,0.034774460225556914,0.0004049937280296477,2.7256540248390882e-05,0.00016511185611002934
0.593,606.3260840001448,131278804.99991669,0.8882993108971279,0.11066586743861664,43385.99999997495,4.618613674922845e-06,0.0529186321789106,0.03479788893046379,0.0004837936327836341,9.237199056211451e-05,0.0001998953782114383
0.5935,606.2116320001447,131100280.83325031,0.8881316327526217,0.11051537451050915,43326.99999997497,4.624030003194274e-06,0.05294465463176234,0.03482609660608284,0.0005000639356618097,9.637562224228969e-05,4.6240211124551724e-05
0.594,606.1377920001447,130948989.1665839,0.8880234533045532,0.11038783813075703,43276.999999974985,4.628808483806314e-06,0.052968777831946263,0.03485449682751602,0.00048793797079851447,3.0426598926016404e-05,4.628799574467055e-05
0.5945,606.0307240001447,130809800.83325079,0.8878665931048539,0.11027050466138509,43230.999999975,4.6329152719426555e-06,0.05298758968511578,0.034877347582361,0.00046210752475553407,9.265802067855862e-05,0.00019277162082713425
0.595,605.9051960001447,130655483.33325104,0.8876826880431375,0.11014041755403793,43179.999999975014,4.637426463416904e-06,0.05300789042101221,0.03490207200329997,0.00043274987545958407,9.376848241272474e-05,0.00012072388719479601
0.5955,605.8055120001446,130479984.999918,0.8875366457882451,0.10999247535352548,43121.999999975036,4.6428999206317e-06,0.05303479999598811,0.0349335895722507,0.00045324562674460333,0.00018427690391937214,4.6428909559894006e-05
0.596,605.6836760001446,130313564.16658494,0.8873581496989321,0.10985218533579816,43066.99999997505,4.647894329909321e-06,0.05305798113431995,0.034961978380367416,0.0004450142032937048,9.295759991185598e-05,4.647885345611329e-05
0.5965,605.5876840001446,130153194.99991854,0.8872175164164431,0.10971699677326091,43013.99999997507,4.652883734437127e-06,0.05308224481222378,0.03499024668283764,0.00043243108518432167,0.00029046960232487884,6.706889696622696e-05
0.597,605.4916920001446,130014006.66658543,0.887076883133954,0.10959966330388897,42967.99999997508,4.657126624463612e-06,0.05310223255665167,0.03501334440907141,0.0004380437089438044,9.314224461748496e-05,9.148706440230478e-05
0.5975,605.3735480001445,129868766.66658567,0.8869037960170445,0.10947722837932694,42919.999999975094,4.661425249031051e-06,0.053121550777158,0.03503779708212848,0.00047626714120402574,9.322821654915233e-05,0.00010663842379119148
0.598,605.2812480001445,129705371.66658594,0.8867685717069589,0.10933948908919465,42865.999999975116,4.666585818481364e-06,0.05314689543458644,0.035066402282084436,0.0004932150067171468,0.00021631054060757774,4.666576760582312e-05
0.5985,605.1815640001445,129566183.33325283,0.8866225294520664,0.10922215561982271,42819.99999997513,4.670829597901926e-06,0.05316667716075346,0.03508972899143675,0.00047293013677780245,0.00010294834311646705,4.670820523224101e-05
0.599,605.0929560001445,129390684.99991979,0.8864927141143842,0.10907421341931026,42761.99999997515,4.676480041824646e-06,0.05319493134803548,0.03512274279773245,0.0004574437712090402,0.00015818687875379696,6.393164586823645e-05
0.5995,604.9821960001444,129251496.66658668,0.8863304449422815,0.1089568799499383,42715.99999997516,4.68065911500227e-06,0.05321382350526702,0.03514524703188653,0.00048341351513618656,6.688082226725858e-05,4.6806500014934424e-05
0.6,604.8788200001444,129085075.83325362,0.8861789937149857,0.10881658993221098,42660.99999997518,4.685892742407341e-06,0.05323901619743422,0.03517460339298794,0.00047936167145827405,0.00023182287677048192,4.685883608196668e-05
0.6005,604.7680600001444,128939835.83325386,0.8860167245428829,0.10869415500764895,42612.999999975196,4.690312005532842e-06,0.05325923823621358,0.03519923969130101,0.0005006318359713694,9.380594794778098e-05,0.0002201041079802694
0.601,604.6536080001443,128752234.1665875,0.8858490463983768,0.10853600989675632,42550.99999997522,4.6962572099355305e-06,0.053287938793333704,0.035231925995063064,0.000439093033144875,9.392485126709343e-05,4.696248034594288e-05
0.6015,604.5391560001443,128594890.83325443,0.8856813682538707,0.10840337206181412,42498.99999997523,4.701113334152864e-06,0.05331043644325077,0.03525899341685235,0.00042944405370799445,9.402197311764231e-05,0.0002477613362331973
0.602,604.4468560001443,128452676.666588,0.8855461439437851,0.10828348786484714,42451.99999997525,4.705599538178933e-06,0.0533317952541814,0.035285069838070116,0.00041375094775776355,9.411169661523505e-05,4.7055903256698714e-05
0.6025,604.3582480001443,128304410.8332549,0.8854163286061029,0.10815850221269006,42402.99999997526,4.710346620784312e-06,0.053354778243160005,0.03531163653364525,0.0004604853418531253,0.00031314332544548224,0.00014937193257564632
0.603,604.2622560001442,128165222.4999218,0.8852756953236138,0.10804116874331812,42356.999999975276,4.714713119625825e-06,0.053375263080176434,0.035337115097260285,0.0004909813842587116,0.00017305489878972788,7.266255793848453e-05
0.6035,604.1921080001442,128004853.3332554,0.8851729248479487,0.10790598018078087,42303.99999997529,4.720071874362098e-06,0.05340248766510712,0.03536595770273843,0.0004645384495905139,0.00024897944952687474,4.720062604321759e-05
0.604,604.0924240001442,127856587.4999223,0.8850268825930563,0.1077809945286238,42254.99999997531,4.724765738022778e-06,0.05342462627560021,0.035392772105198964,0.00048569145332554925,9.449501812439404e-05,0.00019836902309046555
0.6045,603.9484360001442,127717399.1665892,0.8848159326693228,0.10766366105925186,42208.99999997533,4.728787463111265e-06,0.05344098886472031,0.03541366826660359,0.00045902088357732435,9.457545208565576e-05,4.728778158058588e-05
0.605,603.8598280001441,127587288.33325608,0.8846861173316406,0.10755397977266504,42165.99999997534,4.732915291865686e-06,0.05346038631648577,0.03543624583724218,0.00045307624066367926,0.00014227934990246498,4.732905970288783e-05
0.6055,603.7712200001441,127451125.8332563,0.8845563019939584,0.10743919703088814,42120.999999975356,4.7372764740427256e-06,0.053481087122328935,0.03546169749877978,0.00048602013666153244,9.474523119273439e-05,0.00017508020097971628
0.606,603.6161560001441,127278653.33325659,0.8843291251530145,0.10729380555797073,42063.99999997537,4.742477549787412e-06,0.053503565705161855,0.03548951629460433,0.0004141390577952796,9.484925201400875e-05,0.00016040860776490062
0.6065,603.457400000144,127142490.83325681,0.8840965393396674,0.10717902281619382,42018.999999975385,4.746307831829082e-06,0.05351812825716779,0.03551093456667489,0.00045016048212930297,0.00021600517775836767,0.00022753434820722994
0.607,603.324488000144,126991199.1665904,0.8839018163331441,0.1070514864364417,41968.9999999754,4.750915748174699e-06,0.053538203855114874,0.035535353447034665,0.0004744917922040603,0.00013957474279059883,0.00017556606874629692
0.6075,603.206344000144,126852010.83325729,0.8837287292162345,0.10693415296706976,41922.999999975415,4.755197336154478e-06,0.0535570784658058,0.03555729488337712,0.00045310626080348487,0.00018319511258156667,0.00021998035728661448
0.608,603.084508000144,126727951.66659082,0.8835502331269215,0.10682957313567303,41881.99999997543,4.758890994993763e-06,0.05357246383824823,0.03557920808216301,0.00045810549452342004,9.517751871274328e-05,0.00010773773088192538
0.6085,602.9589800001439,126606918.33325769,0.8833663280652051,0.10672754403187133,41841.999999975444,4.7624489083054785e-06,0.0535869086397364,0.03559801013791558,0.0005177843374754945,0.00019740279040831706,0.00027886613987720385
0.609,602.8519120001439,126446549.16659129,0.8832094678655058,0.1065923554693341,41788.99999997546,4.767642264447219e-06,0.053611357820125854,0.03562634945593272,0.00047642919204364255,9.535254293490472e-05,4.7676328024309825e-05
0.6095,602.7337680001439,126258947.49992493,0.8830363807485963,0.10643421035844147,41726.99999997548,4.773790530770124e-06,0.053640657860291686,0.035660130412924644,0.000503763973339856,8.295191901668214e-05,0.0001160573656284207
0.61,602.5934720001438,126113707.49992517,0.8828308397972661,0.10631177543387944,41678.999999975495,4.778175853727093e-06,0.053659043893506966,0.03568418277013544,0.0005258919321944875,4.8787312017132447e-05,4.778166349042016e-05
0.6105,602.4679440001438,125947286.6665921,0.8826469347355497,0.10617148541615211,41623.99999997552,4.783492840103797e-06,0.05368329815987031,0.035713525297646695,0.0004490646089462635,9.566955233751662e-05,0.00015174232493647848
0.611,602.3461080001438,125783891.66659237,0.8824684386462367,0.10603374612601983,41569.99999997553,4.788738049199063e-06,0.0537072911446321,0.03574241039094286,0.0004237775635926408,0.0002133350181716691,0.00015185057251568601
0.6115,602.2759600001438,125659832.49992591,0.8823656681705716,0.1059291662946231,41528.999999975546,4.7929075506327674e-06,0.05372753841789836,0.03576576585601183,0.00044644566890065005,9.5857845299828e-05,4.7928979862443706e-05
0.612,602.1467400001437,125490385.83325952,0.8821763541364518,0.10578632554930073,41472.99999997556,4.798349578749585e-06,0.05375226446405684,0.035794923502154,0.0005094158898131145,0.00015611909559883405,4.798339992219246e-05
0.6125,602.0470560001437,125354223.33325975,0.8820303118815593,0.10567154280752382,41427.999999975575,4.8027664325243754e-06,0.05377254654874624,0.03582008044933131,0.0004578964990542405,8.997728735676418e-05,0.00011680065313852099
0.613,601.9362960001437,125227138.33325996,0.8818680427094566,0.10556441224853205,41385.99999997559,4.806755979668276e-06,0.05378992706968868,0.03584224938852763,0.0004905132134709145,0.0003086218196870873,0.00014665887923983142
0.6135,601.7849240001436,125048614.16659358,0.8816462748409162,0.10541391932042456,41326.999999975604,4.8124077824519306e-06,0.053814773121811085,0.03587281233466751,0.0005011898705348898,9.624784731802995e-05,4.812398138509947e-05
0.614,601.6593960001436,124921529.16659379,0.8814623697791998,0.10530678876143278,41284.99999997562,4.816298679771828e-06,0.05383090842898741,0.035893403861710554,0.00047293317500000064,9.632566473347917e-05,0.0001962720779773315
0.6145,601.5560200001436,124779314.99992736,0.8813109185519039,0.10518690456446579,41237.99999997563,4.820959467524676e-06,0.053852321485968864,0.03591980656890657,0.0004921161855177923,0.0001665486498306482,6.794504166363616e-05
0.615,601.4268000001435,124597764.99992765,0.8811216045177841,0.10503386090876325,41177.999999975655,4.826946936010391e-06,0.053879964536225164,0.03595276730445344,0.0004979291811308574,0.00017006732247765172,7.004522139332435e-05
0.6155,601.3234240001435,124452524.9999279,0.8809701532904882,0.10491142598420122,41129.99999997568,4.8317494884132875e-06,0.05390212859209043,0.03597837068463982,0.0005229438842295315,9.663467883474183e-05,0.0001388283565996581
0.616,601.1794360001435,124243742.49992824,0.8807592033667546,0.1047354257801433,41060.99999997569,4.838709973667211e-06,0.05393448100161116,0.03601703819065197,0.0004953300427376972,9.677388760603059e-05,0.00020165711321238413
0.6165,601.1019040001435,124107579.99992846,0.8806456149462828,0.10462064303836639,41015.999999975706,4.843393965142902e-06,0.053957099939966086,0.036043274301209675,0.000463974971482539,9.352293432189527e-05,0.00016553747215206113
0.617,601.0096040001434,123932081.66659541,0.8805103906361972,0.10447270083785394,40957.99999997573,4.849507858804402e-06,0.05398699923485594,0.03607671239807794,0.0005210606171114039,0.00020146804093113766,4.849498063073572e-05
0.6175,600.8693080001434,123777764.16659567,0.880304849684867,0.10434261373050678,40906.99999997574,4.85442043686795e-06,0.05400803207800098,0.0361029416239594,0.000467284877448432,0.0001406520209646367,4.854410620823091e-05
0.618,600.7363960001434,123602265.83326262,0.8801101266783438,0.10419467152999433,40848.99999997576,4.860237730678228e-06,0.05403440540878523,0.036135476006418615,0.0005316334310228085,0.00012056266432998088,0.00012246331168312276
0.6185,600.5997920001433,123450974.1665962,0.8799099946994171,0.10406713515024221,40798.99999997578,4.865087505827522e-06,0.054055210716695154,0.0361615055908256,0.0005332607120344775,0.00019411806525200686,4.865077645712087e-05
0.619,600.4816480001433,123320863.33326308,0.8797369075825074,0.1039574538636554,40755.99999997579,4.869262440836129e-06,0.05407308007824991,0.03618419119932628,0.0004932714737547776,9.738493281529642e-05,0.00022287748422987035
0.6195,600.3745800001433,123133261.66659673,0.8795800473828082,0.10379930875276278,40693.99999997581,4.875811554685807e-06,0.054104607535185444,0.03621966993133749,0.0004988999640088635,9.751591421344052e-05,4.875801650311069e-05
0.62,600.2416680001432,122972892.49993032,0.8793853243762849,0.10366412019022553,40640.99999997583,4.8810892855958755e-06,0.05412788937125455,0.03624853538601225,0.0005035406534671369,0.00012459528186321562,0.00012309466520703445
0.6205,600.1272160001432,122794368.33326395,0.8792176462317788,0.10351362726211803,40581.999999975844,4.887253578041933e-06,0.05415689342628859,0.03628288804181386,0.0005015327961510045,0.00022150596667646727,4.8872436263077925e-05
0.621,600.0053800001432,122585585.83326429,0.8790391501424658,0.10333762705806011,40512.999999975866,4.894583453035376e-06,0.05419198846092718,0.036323141876353444,0.0005055230685585991,6.409867191236933e-05,0.00011064058424960904
0.6215,599.8687760001432,122425216.66659789,0.878839018163539,0.10320243849552288,40459.99999997589,4.899879226955124e-06,0.05421512476900185,0.03635245015442287,0.0005020389500122503,9.799726438790913e-05,0.00010134043871082811
0.622,599.7690920001431,122225511.66659822,0.8786929759086466,0.10303409047425009,40393.99999997591,4.907069594735417e-06,0.05425038120878386,0.03639185486549389,0.00045872821100367817,9.175005348630932e-05,0.00011517608879192695
0.6225,599.6435640001431,122046987.49993184,0.8785090708469302,0.1028835975461426,40334.99999997593,4.9132188862955585e-06,0.05427868143716794,0.03642523768888686,0.0004443972616130091,0.0001806326700430249,7.577401513137284e-05
0.623,599.5106520001431,121916876.66659872,0.878314347840407,0.10277391625955577,40291.99999997594,4.9173721341271e-06,0.05429559965634406,0.03644699065295662,0.00046896522191856356,9.834712014503244e-05,4.917362057284673e-05
0.6235,599.385124000143,121756507.49993232,0.8781304427786906,0.10263872769701853,40238.99999997596,4.922817977515298e-06,0.05431996890821955,0.036476923180526484,0.0005092361432494955,9.845603626413822e-05,0.00013708465940842878
0.624,599.263288000143,121584034.9999326,0.8779519466893775,0.10249333622410112,40181.999999975975,4.928799147030079e-06,0.05434743352190652,0.036510510784830905,0.0005177824577361368,0.0001848912836470953,0.00014004479323408687
0.6245,599.148836000143,121466027.4999328,0.8777842685448713,0.10239385784789447,40142.99999997599,4.932645352219776e-06,0.05436344232979492,0.03653066944993729,0.0005010631947521386,0.0001865225551417208,0.00014052276906660675
0.625,599.038076000143,121302632.49993306,0.8776219993727686,0.10225611855776219,40088.999999976004,4.938376551724659e-06,0.0543899873013077,0.03656130677324819,0.0005168930984439184,0.0002315007881901902,0.00015627831585947907
0.6255000000000001,598.8571680001429,121115030.8332667,0.8773569597250008,0.10209797344686956,40026.999999976026,4.944532184651475e-06,0.054415656395057695,0.03659506806185723,0.00045036132550284764,0.00021281698634046916,9.419831596857319e-05
0.626,598.7353320001429,120987945.83326691,0.8771784636356879,0.10199084288787778,39984.99999997603,4.948718881674857e-06,0.054433151249949144,0.036616712485990834,0.0005468922263880293,0.00011743859173892963,0.00012010924408128577
0.6265000000000001,598.6208800001428,120863886.66660045,0.8770107854911817,0.10188626305648105,39943.99999997605,4.952851480371646e-06,0.05445066957014734,0.03663892081095147,0.00048472121159437746,4.1587610112909026e-05,4.9528412545530104e-05
0.627,598.4362800001428,120697465.83326739,0.8767403368710105,0.10174597303875373,39888.99999997607,4.958151158093313e-06,0.05447139277482198,0.03666615845581292,0.0005117239059478722,8.968853367806042e-05,4.9581409097458416e-05
0.6275000000000001,598.3107520001428,120537096.66660099,0.8765564318092941,0.10161078447621648,39835.999999976084,4.963706348884755e-06,0.05449618302662156,0.036696733045215986,0.0004932750452914357,9.927379800362901e-05,0.0001411878346006808
0.628,598.1926080001427,120373701.66660126,0.8763833446923845,0.1014730451860842,39781.999999976106,4.969462596215205e-06,0.05452238867407713,0.036726965932649375,0.00047271588687145124,9.938892215418876e-05,4.969452300213177e-05
0.6285000000000001,598.0375440001427,120216358.33326818,0.8761561678514407,0.101340407351142,39729.99999997612,4.974676926597969e-06,0.054543914767545616,0.036755164694148156,0.0005129651884932553,0.00026993453124297197,4.974666608441637e-05
0.629,597.8714040001427,120065066.66660176,0.8759127640932867,0.10121287097138988,39679.999999976135,4.9795616710089355e-06,0.05456310645700481,0.036781203153805515,0.0004580287218966521,8.768506838639754e-05,4.979551332003351e-05
0.6295000000000001,597.7237240001426,119892594.16660205,0.8756964051971496,0.10106747949847247,39622.99999997615,4.9854932921840795e-06,0.054588851098889106,0.0368133066568102,0.0005424655841648218,9.970953381219177e-05,4.985482928018784e-05
0.63,597.5871200001426,119750379.99993561,0.875496273218223,0.10094759530150549,39575.99999997617,4.990273266777641e-06,0.0546087728207206,0.036837436534926576,0.00048336603876264966,0.0001899131026402798,4.9902628822528225e-05
0.6305000000000001,597.5058960001426,119565804.16660258,0.8753772758253476,0.1007920009182079,39514.99999997619,4.997297514660462e-06,0.05464347861687269,0.03687655311000649,0.0005259575809097818,9.994561662662493e-05,4.997287100596813e-05
0.631,597.3545240001425,119420564.16660282,0.8751555079568073,0.10066956599364588,39466.99999997621,5.002107703718241e-06,0.054662845554171065,0.03690256399127513,0.0004888532936932139,0.00021044578510700962,5.002097269066119e-05
0.6315000000000001,597.2105360001425,119302556.66660301,0.8749445580330737,0.10057008761743923,39427.99999997622,5.005848597772111e-06,0.054676690974892556,0.03692188749550932,0.0004536923714916514,0.00010011663706301718,0.0001420592031081046
0.632,597.0702400001425,119136135.83326995,0.8747390170817436,0.10042979759971189,39372.99999997624,5.0116636386103485e-06,0.054702012875906814,0.03695247809850677,0.000497176840613148,0.00010314424457434801,1.1649967682019487e-05
0.6325000000000001,596.8967160001424,118948534.1666036,0.8744847953787827,0.10027165248881928,39310.99999997625,5.018109051803088e-06,0.05472922257155936,0.03698720299338976,0.000520319899556605,6.169627719308958e-05,5.018098548668442e-05
0.633,596.7564200001424,118785139.16660386,0.8742792544274526,0.10013391319868699,39256.99999997627,5.0238306255057105e-06,0.05475397846921571,0.03701756105213863,0.000462934791831266,0.00010047627507873169,5.023820097909376e-05
0.6335000000000001,596.6493520001424,118652002.49993742,0.8741223942277533,0.10002168118450513,39212.99999997628,5.028565379673698e-06,0.054774859619573575,0.0370426993923802,0.0004719248572476022,0.0001438263476777802,0.00017021997073677245
0.634,596.5053640001423,118537020.83327094,0.8739114443040197,0.09992475353589353,39174.999999976295,5.0322284110645995e-06,0.05478819402912212,0.03706200344881006,0.0004907674157912182,0.00010064422958943604,7.918777418046004e-05
0.6345000000000001,596.3429160001423,118382703.33327119,0.873673449518269,0.09979466642854637,39123.99999997632,5.037415933316852e-06,0.05480896151661944,0.03708850470091409,0.00048524413955248677,4.7883262006390456e-05,0.00015590535820298381
0.635,596.2173880001423,118186024.16660485,0.8734895444565526,0.09962886913486861,39058.99999997633,5.044736822347663e-06,0.05484300095295351,0.037129003271414114,0.00048572972409840137,0.00021667564386718905,0.00018819867693092322
0.6355000000000001,596.0586320001422,118031706.6666051,0.8732569586432054,0.09949878202752147,39007.999999976346,5.0499874045181965e-06,0.05486422802685996,0.03715619463730003,0.00048082831043929193,0.0001093847329722089,5.0499767645105175e-05
0.636,595.8998760001422,117877389.16660535,0.8730243728298581,0.0993686949201743,38956.99999997637,5.055251734138005e-06,0.054885506330504985,0.03718342621317671,0.0005242964224366724,0.00010110469277109862,9.449484817478259e-05
0.6365000000000001,595.7928080001421,117689787.499939,0.8728675126301588,0.09921054980928168,38894.99999997638,5.062400235878164e-06,0.054919364181586716,0.0372226291066179,0.0005038412418896189,0.00026207666087200136,3.90376415638011e-05
0.637,595.6488200001421,117541521.6666059,0.8726565627064253,0.0990855641571246,38845.999999976404,5.0675609057507096e-06,0.0549407096316301,0.03724958710065643,0.0004332808515175404,0.00015850638017602482,5.0675501900796855e-05
0.6375000000000001,595.5011400001421,117390229.99993949,0.8724402038102883,0.09895802777737249,38795.99999997642,5.072833914717171e-06,0.05496247147825488,0.037276883468150585,0.0005067060986863903,0.00015677784622798656,5.0728231761986765e-05
0.638,595.346076000142,117257093.33327304,0.8722130269693446,0.09884579576319064,38751.99999997643,5.0772713110670785e-06,0.054979345540012,0.0373006490260061,0.00048190765168926603,0.00010154508116365065,5.0772605531898835e-05
0.6385000000000001,595.220548000142,117072517.49994001,0.872029121907628,0.09869020137989305,38690.999999976455,5.0842038824393355e-06,0.05501106700075036,0.03733777256332691,0.00045307415731941843,0.00011703941037365083,0.00022980390087933773
0.639,595.091328000142,116930303.33327357,0.8718398078735082,0.09857031718292607,38643.99999997647,5.08928234201205e-06,0.05503255990481032,0.037364632589617926,0.0005027500380291232,0.00010178530007355842,5.089271532244865e-05
0.6395000000000001,594.980568000142,116785063.33327381,0.8716775387014055,0.09844788225836403,38595.999999976484,5.094663230196006e-06,0.05505652073002103,0.0373935568898141,0.0004951998725150914,0.00010189291707110251,5.0946523971525114e-05
0.64,594.8698080001419,116615616.66660742,0.8715152695293028,0.09830504151304166,38539.999999976506,5.101116171265605e-06,0.055086249080152104,0.03742819189828181,0.0004929954514520862,0.00016114147639588098,6.218598480196609e-05
0.6405,594.7332040001419,116470376.66660766,0.8713151375503762,0.09818260658847963,38491.99999997651,5.106304461455848e-06,0.05510792723143068,0.037455274200208256,0.00048440726560666347,0.00010212574003336453,0.00015209286786708854
0.641,594.6409040001419,116310007.49994126,0.8711799132402905,0.09804741802594238,38438.999999976535,5.1125515059436495e-06,0.05513734730913985,0.037489498668742,0.0005059435640752351,0.00013313598339435888,4.235517376046526e-05
0.6415,594.5301440001418,116143586.6666082,0.8710176440681878,0.09790712800821506,38383.99999997655,5.118923576096793e-06,0.05516655851070405,0.03752375063514956,0.0005232330821125012,0.000232754858878234,0.00022267251110811835
0.642,594.4156920001418,115998346.66660844,0.8708499659236816,0.09778469308365303,38335.999999976564,5.12434624355945e-06,0.055190457648596425,0.03755199474600665,0.0004729459555963105,0.00014853661117157185,5.352807804370942e-05
0.6425,594.2643200001418,115853106.66660868,0.8706281980551412,0.097662258159091,38287.999999976586,5.129463827933941e-06,0.05521097827193107,0.03757810424744564,0.0005296639954465664,6.78990337914013e-05,0.00010657597064275946
0.643,594.1055640001417,115674582.4999423,0.870395612241794,0.09751176523098351,38228.9999999766,5.136007852031263e-06,0.05523880536261835,0.03761315332087217,0.0005100958316892441,6.616986957405455e-05,5.135996839183387e-05
0.6435,593.9874200001417,115565652.49994248,0.8702225251248844,0.09741993903756198,38192.999999976615,5.1398266452953e-06,0.05525384274269855,0.03763327030552559,0.0004841529412866625,0.00010279617888718753,0.00011097588112001617
0.644,593.8249720001417,115447644.99994268,0.8699845303391338,0.09732046066135533,38153.99999997662,5.143673324825609e-06,0.05526695605227917,0.03765235371189249,0.0005591977447817675,0.00011333404753946308,5.143662278027859e-05
0.6445,593.6736000001416,115329637.49994287,0.8697627624705934,0.09722098228514868,38114.99999997664,5.147623914108251e-06,0.05528112857820506,0.03767323881657587,0.0005450132470517669,0.00010295212309419585,5.147612849766184e-05
0.645,593.5886840001416,115223733.33327638,0.8696383561053146,0.0971317068193222,38079.99999997665,5.151618219861258e-06,0.05529861687821142,0.037693863947864836,0.0005324063271645521,0.00010303200863224626,5.151607138022024e-05
0.6455,593.4705400001416,115072441.66660996,0.869465268988405,0.09700417043957009,38029.999999976666,5.157364625316247e-06,0.05532394334750448,0.03772424850904857,0.0005035660079667694,0.000250056837325784,5.1573535182946315e-05
0.646,593.3376280001415,114896943.33327691,0.8692705459818818,0.09685622823905764,37971.99999997668,5.164085403726287e-06,0.05535377954553807,0.03776027583514289,0.0005252166017447317,0.00016475100382696607,5.164074267234514e-05
0.6465,593.2305600001415,114733548.33327718,0.8691136857821825,0.09671848894892535,37917.999999976695,5.170506522442152e-06,0.05538318511435509,0.03779517674646097,0.0005561508060977602,0.00010340977196152313,5.170495357831968e-05
0.647,593.0902640001415,114588308.33327742,0.8689081448308523,0.09659605402436332,37869.99999997672,5.175835760443834e-06,0.055405166739613536,0.03782212824979653,0.000542128006824142,0.00019336635888919375,5.175824572273004e-05
0.6475,592.9499680001414,114409784.16661105,0.8687026038795223,0.09644556109625582,37810.99999997674,5.182685836874308e-06,0.055435260368606055,0.03785859865806951,0.0005034088902931879,0.00021536939641858755,9.422343745983246e-05
0.648,592.7764440001414,114273621.66661127,0.8684483821765613,0.09633077835447892,37765.999999976746,5.18734275990257e-06,0.055452044851632847,0.03788167534402222,0.0005244245712174567,0.00011655370260190478,0.00016138941060764216
0.6485,592.6250720001414,114101149.16661155,0.868226614308021,0.09618538688156152,37708.99999997677,5.193857172593282e-06,0.05547976795215443,0.03791602202547372,0.0004922285466584681,0.00010387678153345553,5.193845904591018e-05
0.649,592.4847760001413,113925650.8332785,0.8680210733566908,0.09603744468104906,37650.99999997679,5.200626651386855e-06,0.05550933953051295,0.037952266124698264,0.00048229725167445235,0.00015174038084870344,0.0001682677932300557
0.6495,592.3555560001413,113716868.33327885,0.867831759322571,0.09586144447699115,37581.999999976804,5.209038594556428e-06,0.05554815564125755,0.03799742893295206,0.0005350582737881628,0.00010570163200193334,5.209027259544616e-05
0.65,592.2189520001413,113586757.49994573,0.8676316273436443,0.09575176319040432,37538.999999976826,5.213802779786404e-06,0.055567143636041635,0.038021126300976885,0.0005623463590294105,8.489987606923548e-05,5.213791423501879e-05
0.6505,592.0712720001412,113417310.83327934,0.8674152684475073,0.09560892244508196,37482.99999997684,5.220290162499721e-06,0.05559477006427582,0.0380557495981825,0.0005326127557678474,0.00010440543746636515,0.00013030730582789962
0.651,591.9199000001412,113223657.49994633,0.8671935005789669,0.09544567587899924,37418.99999997686,5.227881814367477e-06,0.05562806744965628,0.03809519789660971,0.0005284120746771961,0.0001045572693918422,0.00018592599306569685
0.6515,591.7500680001411,113063288.33327992,0.8669446878484094,0.09531048731646201,37365.99999997688,5.233794954342937e-06,0.055651532924271455,0.03812582025440926,0.0005709954961574087,0.00019789557991589592,5.233783508968389e-05
0.652,591.6208480001411,112933177.4999468,0.8667553738142896,0.09520080602987518,37322.99999997689,5.238680617132372e-06,0.05567142226597394,0.038152201274824785,0.0005466809055450706,0.00019723330934980182,8.33188222752534e-05
0.6525,591.5137800001411,112763730.83328041,0.8665985136145903,0.09505796528455282,37266.999999976906,5.245603135237569e-06,0.055703151738114486,0.03818880749268333,0.0004929903878306171,0.00010491169318998515,7.056219679223387e-05
0.653,591.358716000141,112585206.66661404,0.8663713367736464,0.09490747235644532,37207.99999997693,5.252543682326447e-06,0.05573268385065612,0.03822495604211893,0.000520018417061455,0.00018583874290880044,0.00023629004765995698
0.6535,591.207344000141,112406682.49994767,0.8661495689051061,0.09475697942833783,37148.99999997695,5.259539120375839e-06,0.05576264612256318,0.03826139319691253,0.0005743268102089594,7.286759928202824e-05,0.00018962908049115467
0.654,591.074432000141,112261442.4999479,0.8659548458985827,0.0946345445037758,37100.999999976964,5.265159780932044e-06,0.05578616194841985,0.03829011498312112,0.0005103245942817705,0.00020762230783128593,0.0002129636836509296
0.6545,590.9415200001409,112122254.1666148,0.8657601228920595,0.09451721103440384,37054.99999997698,5.270510519008973e-06,0.055808225429344,0.03831792369738821,0.00047852496640961973,2.6730933552768093e-05,9.902741165373962e-05
0.655,590.8012240001409,111983065.8332817,0.8655545819407294,0.0943998775650319,37008.99999997699,5.275808619847172e-06,0.05582964005609962,0.03834492143446877,0.0005125388204967152,0.0001633202522383334,0.00016943141478420183
0.6555,590.6240080001409,111795464.16661534,0.865294951265365,0.09424173245413928,36946.999999977015,5.283076665077389e-06,0.055859703002544024,0.03838337134887336,0.0004928324509741036,0.00022351291799695516,5.28306499865155e-05
0.656,590.5169400001408,111659301.66661556,0.8651380910656657,0.09412694971236238,36901.99999997702,5.28856021116149e-06,0.05588361913301889,0.03841155083670513,0.0004788561399262382,0.00010577082831239636,5.2885485200755936e-05
0.6565,590.3544920001408,111495906.66661583,0.864900096279915,0.09398921042223009,36847.999999977044,5.294853503145736e-06,0.05590916770251723,0.03844395852870282,0.0005222327687850178,2.741903168302883e-05,0.00021645553707206792
0.657,590.2252720001408,111299227.49994949,0.8647107822457952,0.09382341312855234,36782.999999977066,5.303049133925108e-06,0.055946296432723114,0.03848745809199812,0.0005405791301340282,0.00010606060461097305,0.0002212775895421148
0.6575,590.0517480001407,111135832.49994975,0.8644565605428343,0.09368567383842005,36728.99999997708,5.309284456031834e-06,0.05597094808619353,0.03851935824564894,0.0005515850582756164,0.00010618531010734405,9.301081465349365e-05
0.658,589.8929920001407,110984540.83328333,0.8642239747294871,0.09355813745866794,36678.999999977095,5.315091521496268e-06,0.055994014730322575,0.0385497159639118,0.0005281493913705474,0.000134091305272879,0.0001180827352958082
0.6585,589.7342360001406,110827197.49995026,0.8639913889161398,0.09342549962372575,36626.99999997712,5.321204986712809e-06,0.05601866824042819,0.03858009901589286,0.0005516802464030169,0.00015935768143572813,0.0002009502483057599
0.659,589.5570200001406,110681957.4999505,0.8637317582407754,0.09330306469916372,36578.999999977124,5.3265864944645945e-06,0.056038566046432835,0.03860799084749955,0.0005764272692672781,0.00014567679818668587,5.326574630738451e-05
0.6595,589.4093400001406,110524614.16661742,0.8635153993446385,0.09317042686422151,36526.999999977146,5.332833273786395e-06,0.05606439291291434,0.03864005739890819,0.0005307232025518808,9.92352966587238e-05,0.00010880109928479392
0.66,589.2579680001405,110382399.99995099,0.8632936314760981,0.09305054266725453,36479.99999997716,5.338332632742196e-06,0.05608608955974381,0.03866821663821723,0.0005482704876575541,0.00015164331373693189,0.00019902799913532377
0.6605,589.1065960001405,110258340.83328453,0.8630718636075577,0.09294596283585779,36438.999999977175,5.342966269471583e-06,0.056103217964194194,0.03869060632303135,0.0005636557287776114,0.0001903151224030734,0.00013560489872648125
0.661,588.9773760001405,110119152.49995142,0.8628825495734379,0.09282862936648585,36392.99999997719,5.348546212253134e-06,0.05612634940156495,0.038719216088923814,0.0005728946164615695,7.706644998148504e-05,5.3485342481175595e-05
0.6615,588.8444640001404,109955757.49995169,0.8626878265669146,0.09269089007635356,36338.999999977204,5.355285411047249e-06,0.05615536072689943,0.03875554627437466,0.0005339438625348133,0.00010710532221288322,5.355273416193433e-05
0.662,588.7226280001404,109798414.16661862,0.8625093304776016,0.09255825224141136,36286.999999977226,5.3618500091153994e-06,0.056183954885454114,0.03878901099575939,0.0004883209342313101,0.00011365157916097538,5.361837984331428e-05
0.6625,588.5638720001403,109701587.49995211,0.8622767446642544,0.09247662895837001,36254.99999997723,5.3651354133813e-06,0.05619358705008438,0.03880518197271152,0.000562088476707779,0.00010730232074507099,5.365123373197367e-05
0.663,588.4125000001403,109507934.16661909,0.862054976795714,0.0923133823922873,36190.999999977255,5.373240801939116e-06,0.056228786138583814,0.03884733911085368,0.0005021640775575867,0.0001619660167741607,5.3732287247173306e-05
0.6635,588.2574360001403,109344539.16661936,0.8618277999547702,0.09217564310215502,36136.99999997727,5.379851984228977e-06,0.056255953099785344,0.038881029772104565,0.0005411249310488584,0.000162004109513407,6.0077600512510657e-05
0.664,588.1097560001402,109135756.6666197,0.8616114410586332,0.0919996428980971,36067.99999997729,5.3887907498241565e-06,0.05629560125052378,0.03892781285738285,0.0005208300554825605,0.00014609461598775702,5.388778601329091e-05
0.6645,587.9510000001402,109014723.33328657,0.861378855245286,0.09189761379429541,36027.999999977306,5.393317361386314e-06,0.05631163854054005,0.03894995841128311,0.0005085670510580668,0.00010786595541727229,0.00014092889319578414
0.665,587.7996280001402,108830147.49995354,0.8611570873767456,0.09174201941099783,35966.99999997733,5.4010735214742874e-06,0.05634486037859495,0.03899014137813158,0.0005360760960664031,0.0001080210774401862,5.4010613162270936e-05
0.6655,587.6334880001401,108648597.49995384,0.8609136836185914,0.09158897575529529,35906.99999997734,5.408569475555263e-06,0.0563759772978751,0.039029422785353235,0.000541909678686644,0.0001812246628530408,0.000231243894656803
0.666,587.4636560001401,108457969.99995415,0.860664870888034,0.09142827991680762,35843.999999977364,5.416509787158919e-06,0.0564091916019289,0.039070022802052934,0.0005662403915469022,9.412550080406092e-05,0.0001879958393152633
0.6665,587.26798000014,108273394.16662112,0.8603781953506525,0.09127268553351005,35782.999999977386,5.423936180447042e-06,0.05643844687282011,0.03910749054396975,0.0005179212428230067,0.00010847832710433694,0.00015554370308709347
0.667,587.12768400014,108076714.99995477,0.8601726543993223,0.09110688823983229,35717.99999997741,5.432508602804828e-06,0.05647628190905997,0.039151830101541704,0.0005355857325370705,8.674509877523919e-05,5.4324962521985634e-05
0.6675,586.97262000014,107910294.16662171,0.8599454775583786,0.09096659822210497,35662.99999997742,5.439449725656475e-06,0.05650488711522191,0.03918762529266962,0.0005329891989015096,0.00017508808438616356,0.00020144751748215245
0.668,586.8286320001399,107765054.16662195,0.859734527634645,0.09084416329754294,35614.99999997744,5.4454445973999074e-06,0.05652908104171801,0.03921780135763065,0.0005319985351871695,4.814070821801301e-05,9.75292512868804e-05
0.6685,586.6846440001399,107577452.4999556,0.8595235777109115,0.09068601818665031,35552.99999997746,5.453602315042569e-06,0.05656446690552078,0.0392599020236618,0.0005524490073508819,0.00018377267020502252,0.00013170052865809078
0.669,586.5406560001398,107447341.66662247,0.859312627787178,0.09057633690006349,35509.99999997747,5.4588661469169066e-06,0.056584813375878014,0.0392868480942752,0.0005444083578953858,0.00010917692105866646,5.4588536736345114e-05
0.6695,586.3892840001398,107250662.49995613,0.8590908599186375,0.09041053960638575,35444.99999997749,5.467465378131157e-06,0.05662205634987226,0.03933103410491885,0.0005603426707636489,0.00010934890436318826,0.00016719401662119028
0.67,586.2379120001398,107105422.49995637,0.8588690920500972,0.09028810468182372,35396.99999997751,5.473466219699368e-06,0.056645807910199186,0.039361019756427834,0.000574006870585186,8.348724733620471e-05,0.00010279854788763434
0.6705,586.0311600001397,106939001.66662331,0.8585661895955055,0.09014781466409638,35341.999999977525,5.480050784718011e-06,0.05666987428814871,0.039394733375100896,0.0005008326107063407,0.00010960061051138142,0.0001792448084324753
0.671,585.8908640001397,106730219.16662365,0.8583606486441753,0.08997181446003846,35272.99999997755,5.489456206264005e-06,0.05671169504194742,0.039442925729322814,0.0005475143166858239,0.0001741769160675359,5.48944358994718e-05
0.6715,585.7321080001396,106536565.83329064,0.8581280628308281,0.08980856789395576,35208.99999997757,5.4979443294305025e-06,0.05674783361455441,0.039487495008531916,0.0005297683059668226,0.00010995847864996095,5.497931673368212e-05
0.672,585.5991960001396,106418558.33329083,0.8579333398243048,0.08970908951774911,35169.99999997758,5.502792042776124e-06,0.056766404546977185,0.03951100447274341,0.0005277813391371111,0.00011005543215023898,0.000164523757238357
0.6725,585.3998280001396,106255163.3332911,0.8576412553145198,0.08957135022761682,35115.9999999776,5.5093777058524015e-06,0.056790693237341316,0.03954291916321892,0.0005097517201841521,0.00011018714436230668,5.509364995626356e-05
0.673,585.2299960001395,106040329.16662478,0.8573924425839624,0.08939024856836883,35044.99999997762,5.5189379418140775e-06,0.05683169967235406,0.03959236688599107,0.0005174531318062465,3.1000823270263005e-05,5.518925186683637e-05
0.6735,585.0749320001395,105876934.16662505,0.8571652657430185,0.08925250927823654,34990.99999997764,5.525990496469902e-06,0.05686046569030867,0.03962792629379409,0.0005557528793686161,0.0001261830036038407,5.5259777080281206e-05
0.674,584.9087920001394,105716564.99995865,0.8569218619848644,0.0891173207156993,34937.999999977656,5.532801713717885e-06,0.05688741862934708,0.039662672948504826,0.000541936943640635,0.000174646854954387,0.00022678866332910075
0.6745,584.7094240001394,105522911.66662563,0.8566297774750795,0.08895407414961659,34873.99999997768,5.541066056321387e-06,0.0569201858555195,0.039703983071450795,0.0005230224908649977,0.0001603494497576011,0.00016342674337702207
0.675,584.5248240001393,105410955.83329248,0.8563593288549084,0.08885969722860003,34836.999999977685,5.545199921387354e-06,0.05693242500293409,0.03972344993296409,0.0005589043324139235,0.00011090358301269173,5.545187041407872e-05
0.6755,584.3734520001393,105274793.33329271,0.856137560986368,0.08874491448682312,34791.9999999777,5.550934212238759e-06,0.05695447818386885,0.039751979673414206,0.0005385502017530812,0.00018691854133780808,0.0001701377211107606
0.676,584.2294640001393,105123501.66662629,0.8559266110626345,0.08861737810707102,34741.999999977714,5.55755330385475e-06,0.0569814037463003,0.039785730138048876,0.0005695111649336972,0.0001703733558138713,6.39124443020639e-05
0.6765,584.0522480001392,104920770.83329329,0.8556669803872701,0.08844647935820317,34674.99999997774,5.566602717093351e-06,0.05701912659878412,0.03983164996412688,0.0005493332410926544,0.00011133163554230319,0.00010584746180403908
0.677,583.8861080001392,104778556.66662686,0.855423576629116,0.08832659516123618,34627.99999997776,5.572572543234063e-06,0.05704157825493963,0.039860728936585724,0.0005442108147238665,0.00020206306082717912,8.376365193052693e-05
0.6775,583.7162760001391,104633316.6666271,0.8551747638985585,0.08820416023667416,34579.99999997777,5.5786846350280706e-06,0.057064550859078925,0.03989097354009245,0.0005629416127172064,0.0001753391289202075,0.00016649437152855252
0.678,583.5390600001391,104460844.16662738,0.8549151332231941,0.08805876876375675,34522.99999997779,5.5861989691498706e-06,0.05709430116532639,0.03992945058605012,0.0005205149255380398,0.00015251525182614678,0.00016062940048142534
0.6785,583.354460000139,104336784.99996091,0.8546446846030229,0.08795418893236001,34481.9999999778,5.591071835310601e-06,0.05711016207928059,0.03995265566802496,0.0005576517573005827,0.00011182101396064466,5.5910587359896524e-05
0.679,583.158784000139,104179441.66662784,0.8543580090656414,0.08782155109741781,34429.999999977816,5.597637832099692e-06,0.057134101731056784,0.039984687970525463,0.0005869203641110342,0.00015202167724664937,0.00022095029745334264
0.6795,582.988952000139,104016046.6666281,0.8541091963350839,0.08768381180728553,34375.99999997784,5.6047982083824154e-06,0.05716230688944461,0.04002002243509752,0.000531524830237332,0.00014367127168456417,4.390133816027708e-05
0.68,582.8745000001389,103828444.99996175,0.8539415181905777,0.0875256666963929,34313.99999997785,5.6138228786952715e-06,0.0572026929474582,0.04006719699466558,0.0005783628491606216,0.00014962299408689472,5.613809670326536e-05
0.6805,582.6862080001389,103695308.3332953,0.8536656605980031,0.08741343468221105,34269.99999997787,5.619214768398981e-06,0.057220912369282936,0.04009259820502145,0.0005265228958501119,0.00018761094121122368,5.619201533770443e-05
0.681,582.5237600001389,103510732.49996227,0.8534276658122525,0.08725784029891347,34208.99999997789,5.6276653244662445e-06,0.057255939561973196,0.040135730756013135,0.0005178248862789405,0.00011255287788225634,0.00022351137032447906
0.6815,582.3428520001388,103383647.49996248,0.8531626261644847,0.08715070973992169,34166.9999999779,5.632833296971362e-06,0.05727332754351331,0.04016063549165826,0.0005492893007948886,9.334981171133128e-05,5.632819996509967e-05
0.682,582.1767120001388,103256562.49996269,0.8529192224063306,0.0870435791809299,34124.99999997791,5.638157013026161e-06,0.05729221188575135,0.040185815999899586,0.0005841834453311364,0.00015345700921895835,0.00022015107446806043
0.6825,582.0438000001387,103056857.49996302,0.8527244993998073,0.08687523115965712,34058.99999997794,5.64779301562099e-06,0.05733460316125966,0.040235252145246654,0.0005908300798063764,0.00011295542845338415,5.6477796430118464e-05
0.683,581.8739680001387,102902539.99996327,0.8524756866692498,0.08674514405230996,34007.999999977954,5.65461229625961e-06,0.057360835877136224,0.040268665267030074,0.0005211719287269239,4.469380471461314e-05,0.00014160311977909842
0.6835,581.7115200001386,102724015.8332969,0.8522376918834992,0.08659465112420246,33948.999999977976,5.662858050099547e-06,0.05739462993932821,0.040309895218133586,0.0005741577594083729,0.00013665817215802956,5.662844604481112e-05
0.684,581.5453800001386,102554569.1666305,0.8519942881253451,0.0864518103788801,33892.99999997799,5.670594540309994e-06,0.05742561992362331,0.040349579624808986,0.0005637484626938719,0.00014092331644819682,0.00011416290820175712
0.6845,581.3977000001386,102369993.33329748,0.8517779292292081,0.08629621599558251,33831.99999997801,5.67937616355231e-06,0.05746277044887771,0.04039351851689523,0.0005688084665194605,0.00011937484518768979,5.679362637883511e-05
0.685,581.2352520001385,102227779.16663104,0.8515399344434574,0.08617633179861553,33784.99999997803,5.685687948407119e-06,0.05748665935758573,0.040424260246139924,0.0005499181759081556,0.00021923345655868855,0.00023254527175452932
0.6855,581.1023400001385,102082539.16663128,0.8513452114369342,0.0860538968740535,33736.99999997804,5.6924753708525416e-06,0.05751438499839946,0.04045821946080001,0.000584991207553167,0.0001826814568221423,5.692461781302863e-05
0.686,580.9546600001385,101907040.83329824,0.8511288525407972,0.08590595467354105,33678.999999978056,5.7008294544679874e-06,0.05754925841352458,0.040501102250926645,0.0005628015918903026,5.5346177527472704e-05,5.70081582429115e-05
0.6865,580.7774440001384,101755749.16663182,0.8508692218654329,0.08577841829378893,33628.99999997808,5.707563933798735e-06,0.057574456892247786,0.04053420894587403,0.0005882902158021238,2.566628478657966e-05,8.998079542919203e-05
0.687,580.6223800001384,101589328.33329876,0.850642045024489,0.0856381282760616,33573.99999997809,5.715387526682003e-06,0.05760621135072087,0.04057259613680278,0.0005778419857344276,0.00018515876915584336,7.207915714633544e-05
0.6875,580.4082440001383,101480398.33329894,0.8503283246250904,0.08554630208264008,33537.99999997811,5.719412354826045e-06,0.057615863726168434,0.04059009122922655,0.0005726747078792134,0.00015420285859754493,5.0627045272468074e-05
0.6880000000000001,580.2494880001383,101313977.49996588,0.8500957388117432,0.08540601206491276,33482.99999997812,5.727240231984118e-06,0.05764739255125627,0.04062942538329992,0.0005831111338255915,0.0002661238256207136,5.7272264717925114e-05
0.6885,580.0464280001382,101153608.33329947,0.8497982453295548,0.08527082350237551,33429.999999978136,5.7343127700288735e-06,0.05767288168299243,0.040664316766767364,0.0005868936453375475,8.889799246213206e-05,5.7342989748396495e-05
0.6890000000000001,579.8839800001382,101020471.66663302,0.8495602505438042,0.08515859148819364,33385.99999997815,5.7402620521685146e-06,0.05769471064204989,0.040693089786657824,0.0005878988357475051,0.00015003157362104965,5.740248227544115e-05
0.6895,579.7141480001382,100860102.49996662,0.8493114378132467,0.08502340292565641,33332.99999997817,5.7477053228290145e-06,0.057723649489114404,0.04072851217553637,0.0005759395043468746,0.00019002779284278895,0.00016734401651844792
0.6900000000000001,579.5369320001381,100690655.83330023,0.8490518071378823,0.08488056218033405,33276.99999997819,5.755617809855149e-06,0.05775453824465849,0.040768139416461686,0.0005486603625322714,0.00011511190670626869,4.560608893585509e-05
0.6905,579.3560240001381,100512131.66663386,0.8487867674901145,0.08473006925222655,33217.99999997821,5.764040761981589e-06,0.05778776100423884,0.04080967062719854,0.0005870818961907557,0.00016942994133867703,0.0001614131420443897
0.6910000000000001,579.182500000138,100357814.16663411,0.8485325457871536,0.08459998214487939,33166.99999997822,5.771174918561533e-06,0.05781485178637425,0.040844786456128164,0.0005641577673590528,0.0001812725307932008,5.771160941159574e-05
0.6915,578.972056000138,100206522.4999677,0.8482242343601585,0.08447244576512727,33116.99999997824,5.777788127517594e-06,0.05783745696943438,0.04087653014361796,0.0005959456915557953,0.00014143989660220227,3.92662923657256e-05
0.6920000000000001,578.8059160001379,100055230.83330128,0.8479808306020044,0.08434490938537516,33066.99999997825,5.784864131336296e-06,0.05786455846078442,0.04091098687629958,0.0005859893134109491,0.0002104874920547592,5.7848500856674805e-05
0.6925,578.6250080001379,99925119.99996816,0.8477157909542365,0.08423522809878833,33023.99999997827,5.790586070853078e-06,0.05788412083070439,0.04093789165941014,0.0006129703206357327,0.00011581126608314795,0.00010087953476552904
0.6930000000000001,578.4034880001378,99719363.33330183,0.8473912526100311,0.08406177862232546,32955.99999997829,5.800312684176322e-06,0.05792162464450832,0.04098536251331624,0.000570513053328007,0.0001160057967295848,0.00014165488729022015
0.6935,578.2115040001378,99549916.66663544,0.847109986045053,0.0839189378770031,32899.9999999783,5.808257036883364e-06,0.05795165687770253,0.04102370957301317,0.0005504245841756489,0.00021231036733770963,5.808242874393076e-05
0.6940000000000001,578.0269040001377,99395599.16663569,0.8468395374248818,0.08378885076965593,32848.999999978325,5.815417471663726e-06,0.05797811001146674,0.04105840717395796,0.0005619847220479217,5.4646039279685846e-05,0.00017418874527853095
0.6945,577.8570720001377,99256410.83330259,0.8465907246943244,0.08367151730028399,32802.99999997834,5.8218614510515285e-06,0.05800170069026233,0.04109037987775041,0.000570992186718953,0.0001182892801270908,5.821847220341662e-05
0.6950000000000001,577.6429360001376,99074860.83330289,0.8462770042949258,0.08351847364458145,32742.999999978358,5.8303683814609965e-06,0.05803330564901755,0.04113102307494644,0.000568844301182285,3.200889237029532e-05,5.830354108042506e-05
0.6955,577.4804880001376,98929620.83330312,0.8460390095091751,0.08339603872001942,32694.999999978376,5.837285972956421e-06,0.05805955729511138,0.04116405937040844,0.0005745969854768549,0.00013701571163246266,3.395765796902518e-05
0.6960000000000001,577.3401920001376,98760174.16663674,0.845833468557845,0.08325319797469705,32638.99999997839,5.845880658594213e-06,0.058095226010684564,0.04120800460716527,0.0005687381254623846,0.00011298445665941243,0.0002333732505738436
0.6965,577.1555920001375,98596779.166637,0.8455630199376738,0.08311545868456477,32584.999999978405,5.8536962046670424e-06,0.05812475295677063,0.041245200817364304,0.0005938063593380311,0.00018597386423895238,0.00012661332299222986
0.6970000000000001,576.9673000001375,98415229.1666373,0.8452871623450992,0.08296241502886223,32524.99999997843,5.862581481400736e-06,0.05815936036612576,0.041288622462569764,0.0005964396574406118,0.00019376501907895067,0.00012937711657471342
0.6975,576.7679320001374,98263937.49997088,0.8449950778353142,0.08283487864911011,32474.999999978445,5.8695788778086395e-06,0.05818400336396588,0.04132179967247891,0.0006208132341747084,0.00012567881128102099,1.9100913504298806e-05
0.6980000000000001,576.5759480001374,98070284.16663787,0.8447138112703362,0.08267163208302741,32410.999999978463,5.87921155627976e-06,0.05822203477378257,0.04136887693665308,0.0005876997034580679,0.00011758376089802818,5.8791970371758004e-05
0.6985,576.3876560001373,97897811.66663815,0.8444379536777615,0.08252624061010999,32353.999999978478,5.887645966621336e-06,0.0582542684963229,0.04140983133081211,0.0005827671316552238,0.00014592338572215672,0.00011217817290242328
0.6990000000000001,576.1956720001373,97743494.1666384,0.8441566871127835,0.08239615350276285,32302.9999999785,5.894977224957885e-06,0.058280817505858715,0.04144531605474225,0.0005901011497871796,0.00011993260422886347,0.0001803682014654013
0.6995,576.0479920001372,97610357.49997196,0.8439403282166466,0.08228392148858098,32258.999999978514,5.901504786521274e-06,0.05830560260011936,0.041476799676313875,0.0005788520233930243,0.00017152368019082793,5.901490154331467e-05
0.7000000000000001,575.9076960001372,97440910.83330557,0.8437347872653164,0.08214108074325861,32202.99999997853,5.910327511052887e-06,0.05834206367399748,0.04152034029059374,0.0005695337709581821,0.00022558521423370805,5.91031283434171e-05
0.7005,575.7083280001372,97238179.99997257,0.8434427027555315,0.08197018199439078,32135.99999997855,5.9205995834177435e-06,0.058382632348905394,0.041570382067773165,0.0006063231989864276,0.00021525400292727947,5.9205848545925636e-05
0.7010000000000001,575.5348040001371,97044526.66663955,0.8431884810525706,0.08180693542830807,32071.999999978576,5.930626113280693e-06,0.05842324015280817,0.04161983946314269,0.0005954432522670767,0.00021572811491509818,0.00017180313591160372
0.7015,575.287440000137,96902312.49997312,0.8428260799015411,0.08168705123134108,32024.999999978587,5.936777205397412e-06,0.05844096681046161,0.04164795317075238,0.0006032357258420882,8.444819304966755e-05,5.9367623937319694e-05
0.7020000000000001,575.106532000137,96732865.83330673,0.8425610402537733,0.08154421048601872,31968.999999978605,5.945306458625754e-06,0.058473736013530724,0.04168923357293938,0.0005788869796519803,1.5252617176961302e-05,5.9452916034041887e-05
0.7025,574.921932000137,96548289.9999737,0.8422905916336022,0.08138861610272113,31907.999999978627,5.95476037949811e-06,0.05851081563695058,0.04173452136282068,0.0006196586417106345,0.00011909472449206425,5.954745476005198e-05
0.7030000000000001,574.7004120001369,96393972.49997395,0.8419660532893967,0.08125852899537397,31856.999999978638,5.961995310446327e-06,0.05853506942070276,0.041769176898223286,0.0005975824545173609,0.00011923942184108358,0.00012803890689325317
0.7035,574.5047360001369,96257809.99997418,0.8416793777520153,0.08114374625359708,31811.999999978652,5.968396081318399e-06,0.058556511111626984,0.04179842038928857,0.000606231514233481,0.00014405952515495767,3.8315159729726e-05
0.704,574.3127520001368,96103492.49997443,0.8413981111870372,0.08101365914624992,31760.999999978674,5.975982111163022e-06,0.05858392181724527,0.041834455735134085,0.000624021338067075,0.0001195191554123323,5.9759670979597155e-05
0.7045,574.1244600001368,95891684.16664144,0.8411222535944626,0.08083510821459695,31690.999999978696,5.987218443284592e-06,0.05862935864790233,0.04188970285485872,0.0005525768716557643,0.0002465803060736507,0.00020830945740364868
0.705,573.9583200001367,95710134.16664174,0.8408788498363085,0.08068206455889441,31630.99999997871,5.996839571876609e-06,0.05866795620897828,0.04193682292175024,0.0005771402740296774,0.0002054977679201874,0.00013200015821614928
0.7055,573.7404920001367,95531609.99997537,0.8405597204645064,0.08053157163078692,31571.999999978732,6.005765965844024e-06,0.05870046185561733,0.04197877205135307,0.000589012374224151,0.00017812957945208263,0.00015928909637269516
0.706,573.5595840001366,95377292.49997562,0.8402946808167386,0.08040148452343976,31520.99999997875,6.013586347088677e-06,0.05872940634593622,0.042016844599811934,0.0006187447806915766,0.00018529868531479734,0.00019122794606792705
0.7065,573.3860600001366,95241129.99997585,0.8400404591137777,0.08028670178166286,31475.99999997876,6.020361791174485e-06,0.05875359222980072,0.04204832192026776,0.0006465394080061213,0.00010859032041673525,9.863719781558788e-05
0.707,573.2014600001365,95068657.49997613,0.8397700104936066,0.08014131030874545,31418.999999978783,6.029342109940707e-06,0.05878793034591675,0.042090781339537656,0.0006410231337368559,0.00015013993832998707,4.278214442058173e-05
0.7075,573.0020920001365,94914339.99997638,0.8394779259838216,0.0800112232013983,31367.999999978798,6.037044476106341e-06,0.05881523742465235,0.042127930945959936,0.0006047692272042947,0.00015894668987864478,4.999766483838753e-05
0.708,572.7288840001364,94747919.16664332,0.8390776620259682,0.07987093318367096,31312.999999978816,6.044764772013797e-06,0.05883880017619281,0.04216215796367632,0.0005865069641620334,0.00015400793551265303,0.00021018685233837502
0.7085,572.5332080001364,94584524.16664359,0.8387909864885867,0.07973319389353868,31258.99999997883,6.05313832304553e-06,0.058869480292900345,0.04220246352096561,0.0005880354020790426,0.00015192813687885313,0.00015143616490863386
0.709,572.3707600001363,94369689.99997728,0.838552991702836,0.07955209223429067,31187.999999978856,6.0651969928085405e-06,0.05891972839243862,0.04226190042851449,0.0005906308843441773,0.0001213034375323814,0.00012736905640094024
0.7095,572.1492400001363,94206294.99997754,0.8382284533586306,0.0794143529441584,31133.999999978874,6.073365267154097e-06,0.05894797950080494,0.042299615946774685,0.0006033840660340412,0.00019563043022677182,7.549666026243118e-05
0.71,571.9646400001362,94055003.33331113,0.8379580047384594,0.07928681656440628,31083.99999997889,6.0811718646504534e-06,0.05897633615224483,0.042336597211050216,0.0005753581214401602,0.00012162293213614168,6.081156305051861e-05
0.7105,571.7541960001362,93891608.3333114,0.8376496933114642,0.07914907727427399,31029.999999978907,6.089513281851899e-06,0.05900591244412937,0.04237563026983479,0.0005848545547705534,0.00012178975899794697,6.0894976783454187e-05
0.711,571.5437520001361,93725187.49997833,0.837341381884469,0.07900878725654667,30974.999999978925,6.098080646680683e-06,0.05903653790791115,0.04241640405135556,0.0006033284138858483,0.00017621966544026688,0.00011943727098346986
0.7115,571.3296160001361,93561792.4999786,0.8370276614850705,0.07887104796641438,30920.99999997894,6.106441537022356e-06,0.05906592754827642,0.042454721476855625,0.0005984368882152796,0.00021208428589011876,0.00019619267283418852
0.712,571.145016000136,93343932.49997896,0.8367572128648992,0.07868739557957134,30848.99999997896,6.118716029028076e-06,0.059115708882225414,0.04251476563160836,0.0006278169452096793,0.00018180884098041467,6.58077692408637e-05
0.7125,570.897652000136,93147253.33331262,0.8363948117138699,0.07852159828589358,30783.999999978983,6.1289799921128065e-06,0.05915245673894575,0.04256303136558101,0.0005970072435979987,0.00012257908622046227,7.799024718478594e-05
0.713,570.7056680001359,92968729.16664624,0.8361135451488918,0.07837110535778609,30724.999999979005,6.1386841910805004e-06,0.05918931232333693,0.04260848749551783,0.0006172716820965089,0.00011637866737318593,9.872173480715439e-05
0.7135,570.4915320001359,92790204.99997987,0.8357998247494932,0.0782206124296786,30665.999999979023,6.148186998835272e-06,0.05922399371728488,0.04265329580270313,0.0006290165010274923,0.00020264906343029718,6.148171085878492e-05
0.714,570.2367840001358,92629835.83331347,0.8354266056536569,0.07808542386714136,30612.999999979038,6.156081125160058e-06,0.05924876960180552,0.04268911808884183,0.000606325111117423,0.00018492265447435458,6.15606516982958e-05
0.7145,570.0189560001357,92463414.9999804,0.8351074762818549,0.07794513384941403,30557.999999979056,6.164805355721033e-06,0.059279412038358015,0.0427292643692314,0.0006193956674225146,0.00023849436521987473,0.00014312629549352636
0.715,569.7531320001357,92315149.16664732,0.8347180302688084,0.07782014819725695,30508.99999997907,6.171827020195973e-06,0.05929933001872207,0.04276072594113703,0.0006001818281753733,0.00013860509113329091,2.8134593504200483e-05
0.7155,569.5943760001356,92178986.66664754,0.8344854444554611,0.07770536545548005,30463.99999997909,6.179221497194305e-06,0.05932657552339454,0.04279534036063405,0.0006042110746974476,0.00020848500515245562,6.17920541791225e-05
0.716,569.3507040001356,91982307.4999812,0.8341284522768352,0.0775395681618023,30398.99999997911,6.189784964899385e-06,0.05936456144825295,0.04284475486053058,0.0006297282490030044,0.0001237951747051292,7.713475620479569e-05
0.7165,569.1624120001355,91788654.16664818,0.8338525946842605,0.0773763215957196,30334.99999997913,6.200792648803682e-06,0.059407497889690526,0.04289709352138453,0.0006064667550426724,8.905401097466531e-05,9.011157642191174e-05
0.717,568.9372000001355,91637362.49998176,0.8335226473676516,0.07724878521596748,30284.999999979143,6.2085724040808e-06,0.059432991589293445,0.04293297696534762,0.0006137211811540892,0.00011862384365936243,0.00017313129396749583
0.7175,568.7230640001354,91464889.99998204,0.833208926968253,0.07710339374305007,30227.99999997916,6.217938533575529e-06,0.059466610171494794,0.042976275516143976,0.0006291763429478953,0.00012435824099594169,5.842159687839582e-05
0.718,568.5495400001354,91301494.99998231,0.8329547052652921,0.07696565445291778,30173.99999997918,6.227165721659274e-06,0.05950163743682022,0.04301974088136468,0.0006358173266409477,0.00014542488772977303,0.00017777681514101143
0.7185,568.3243280001353,91144151.66664924,0.8326247579486832,0.07683301661797558,30121.999999979198,6.235444815798227e-06,0.05952938450238519,0.043057619705162656,0.0006431397501791994,0.00017878076061658707,0.00018504932296314398
0.719,568.0806560001353,90992859.99998282,0.8322677657700572,0.07670548023822348,30071.999999979213,6.243134417362445e-06,0.05955330817639193,0.043092034398373,0.0006099222492830051,0.00016205397025601572,0.00015051029231363933
0.7195,567.8702120001352,90817361.66664977,0.8319594543430621,0.07655753803771101,30013.99999997926,6.252881625041418e-06,0.05958873897994838,0.04313794438617305,0.0006165735432338498,0.00013735972285312166,0.00014405395634579544
0.72,567.6634600001352,90635811.66665007,0.8316565518884703,0.07640449438200848,29953.999999979478,6.263125464004753e-06,0.059626672292742086,0.04318543444905786,0.0006140270702216721,0.00024002495314929783,0.00014254678994532631
0.7205,567.4640920001351,90475442.49998367,0.8313644673786854,0.07626930581947124,29900.99999997967,6.272023394638137e-06,0.059658533502760305,0.043226886121128454,0.0005969169212066256,0.00015856917335508986,0.0002056845172654818
0.721,567.242572000135,90287840.83331731,0.83103992903448,0.07611116070857861,29838.9999999799,6.282602028852767e-06,0.05969716802653148,0.043276178330530886,0.0006130076505973956,5.953787616615255e-05,6.282585392681879e-05
0.7215,567.021052000135,90154704.16665086,0.8307153906902744,0.07599892869439676,29794.999999980057,6.289422800966628e-06,0.059717900638083035,0.04330592594965391,0.0006256023299230828,0.0001662874926617424,5.22222097895332e-05
0.722,566.810608000135,89954999.16665119,0.8304070792632793,0.07583058067312395,29728.9999999803,6.3010462259029996e-06,0.0597619639992894,0.043360919202238966,0.0006272904372995179,0.00012602037964665918,7.126343324648754e-05
0.7225,566.6075480001349,89794629.99998479,0.830109585781091,0.07569539211058672,29675.999999980493,6.310038228346516e-06,0.05979387734699503,0.04340215387609696,0.0006265755858624519,0.00021707867873616926,6.31002144262451e-05
0.723,566.4229480001349,89613079.99998508,0.8298391371609198,0.07554234845488418,29615.999999980715,6.320761969125814e-06,0.05983491526563376,0.0434526742012398,0.0006343767782119356,7.839286053907784e-05,6.320745125152687e-05
0.7235,566.2161960001348,89467839.99998532,0.8295362347063281,0.07541991353032215,29567.99999998089,6.328712037758235e-06,0.05986160452349117,0.043489046574250935,0.0006365192874325863,0.00012657369079184858,6.217197121496789e-05
0.724,566.0020600001347,89301419.16665226,0.8292225143069294,0.07527962351259482,29512.99999998109,6.338108232567667e-06,0.05989469706894396,0.04353205762235158,0.0006201059161211046,0.00017867589821318685,0.00011677930382312474
0.7245,565.7731560001347,89138024.16665253,0.8288871580179171,0.07514188422246254,29458.999999981286,6.347158368042405e-06,0.059925322058937296,0.04357377559281891,0.0006293201644363564,0.0001471813839454341,3.381293814420988e-05
0.725,565.5479440001346,88947396.66665284,0.8285572107013083,0.07498118838397487,29395.999999981515,6.3582293039967465e-06,0.059965622561864954,0.04362451982996442,0.000634104770248826,0.0001304415455305627,9.919691774198382e-05
0.7255,565.2636600001346,88780975.83331978,0.8281407198262446,0.07484089836624755,29340.999999981716,6.366945786464191e-06,0.05999162808378325,0.04366244690895538,0.0006257748321993071,8.646041612042163e-05,0.00016473060349508957
0.726,565.0606000001345,88605477.49998674,0.8278432263440563,0.0746929561657351,29282.99999998193,6.377264881849083e-06,0.060029438279368665,0.043710566499985656,0.0006297773513398725,0.00014268338700262624,0.00010299785197784064
0.7265,564.8870760001345,88436030.83332035,0.8275890046410953,0.07455011542041273,29226.999999982134,6.387521812967889e-06,0.06006846791245818,0.04375868995349715,0.0006341872554448931,8.10543228979319e-05,6.387504601512287e-05
0.727,564.6507880001344,88293816.66665392,0.8272428304072762,0.07443023122344573,29179.999999982305,6.395133989188929e-06,0.060091677865891466,0.04379251245552563,0.000623792972312026,0.00022509444496571711,0.00016711206360617268
0.7275,564.4218840001344,88106214.99998756,0.8269074741182639,0.07427208611255312,29117.99999998253,6.406152891713871e-06,0.060131232842873195,0.04384278216339318,0.0006362186159860469,0.00021523927092971306,6.406135576713696e-05
0.728,564.2594360001343,87921639.16665453,0.8266694793325132,0.07411649172925554,29056.999999982752,6.417753824295593e-06,0.06017699233497588,0.04389751552355432,0.0006284020053910918,0.00014369804296488807,6.417736445476706e-05
0.7285,564.0526840001343,87755218.33332147,0.8263665768779215,0.0739762017115282,29001.999999982956,6.427568578972565e-06,0.06021195513280537,0.04394290686416372,0.0006581371778092238,0.0001642609382769102,6.427551145615956e-05
0.729,563.8053200001342,87619055.83332169,0.8260041757268921,0.0738614189697513,28956.99999998312,6.4347340271808545e-06,0.06023229611826592,0.04397317421494709,0.0006433169278485858,0.00011369121930585307,6.434716553322939e-05
0.7295,563.5801080001341,87455660.83332196,0.8256742284102832,0.07372367967961901,28902.999999983316,6.444181001321774e-06,0.06026445406330834,0.04401596296992478,0.0006420567471704429,0.00014953660055990527,0.00014348687378450522
0.73,563.3475120001341,87292265.83332223,0.8253334631488675,0.07358594038948674,28848.999999983513,6.453578752048918e-06,0.06029593446205173,0.04405831542986729,0.0006426004330033635,8.384633600023359e-05,6.453561172692109e-05
0.7305,563.137068000134,87128870.8333225,0.8250251517218723,0.07344820109935445,28794.99999998371,6.463265994545196e-06,0.0603298998863809,0.04410273320786961,0.0006405785652953271,7.423735044914488e-05,6.463248360987827e-05
0.731,562.897088000134,86950346.66665612,0.8246735685156498,0.07329770817124695,28735.999999983927,6.473776236432129e-06,0.06036606603298305,0.044149802964716406,0.0006505649610006893,3.520963346817362e-05,0.00023187007537946392
0.7315,562.7051040001339,86771822.49998975,0.8243923019506717,0.07314721524313945,28676.999999984142,6.484882854687078e-06,0.060407522654596105,0.04420098919314448,0.0006275614086014528,0.00014101018453792016,0.0001714291809188454
0.732,562.4725080001339,86611453.33332334,0.824051536689256,0.07301202668060222,28623.999999984335,6.494204707955469e-06,0.06043842901790711,0.04424314678346261,0.0006563720328448598,0.00012988351307428056,6.494186900751615e-05
0.7325,562.2768320001338,86442006.66665696,0.8237648611518745,0.07286918593527986,28567.999999984542,6.504671208853593e-06,0.06047659043425694,0.04429082465653897,0.0006533708009571629,0.00013465864295766325,9.805843796510235e-05
0.733,562.0516200001338,86284663.33332388,0.8234349138352656,0.07273654810033765,28515.99999998473,6.513922617150255e-06,0.060507460780320786,0.04433290324968932,0.0006699895377479447,7.316498773385836e-05,7.992703417417371e-05
0.7335,561.7894880001337,86124294.16665748,0.8230508767946225,0.0726013595378004,28462.999999984924,6.523008326930675e-06,0.06053552296123252,0.044372329555701126,0.0006464017052293628,0.00013045957991993784,0.00011550431244456414
0.734,561.5716600001336,85948795.83332443,0.8227317474228205,0.07245341733728795,28404.999999985135,6.533793226017469e-06,0.06057379893076942,0.044421383303235015,0.0006577318980497806,9.561147262776534e-05,6.533775194960186e-05
0.7345,561.3575240001336,85794478.33332469,0.8224180270234218,0.0723233302299408,28353.999999985324,6.543049563390008e-06,0.06060513255104533,0.04446200307193192,0.0006633711181473661,0.00024468050494973046,2.9431497385681897e-05
0.735,561.0806240001335,85603850.833325,0.8220123540931651,0.07216263439145314,28290.999999985554,6.55438532890986e-06,0.06064264650981706,0.044512828378345574,0.0006484739016556916,6.057373883592403e-05,6.5543671806718e-05
0.7355,560.8664880001335,85464662.4999919,0.8216986336937665,0.07204530092208118,28244.99999998572,6.562554295469039e-06,0.06066884479141699,0.04454830420233777,0.00066077506895876,0.0001039055866622181,0.0001629650779273211
0.736,560.6523520001334,85304293.33332549,0.8213849132943679,0.07191011235954395,28191.999999985917,6.572381413551967e-06,0.06070266077425781,0.044592562831926266,0.0006566525809228316,0.00013144703211466987,6.572363162579229e-05
0.7365,560.4529840001334,85113665.8333258,0.821092828784583,0.07174941652105628,28128.999999986143,6.58475908084658e-06,0.060748989913268894,0.04464949983473536,0.0006856972824886861,0.00013169458310294797,6.584740759690158e-05
0.737,560.2499240001333,84962374.16665938,0.8207953353023947,0.07162188014130416,28078.99999998633,6.594094497655698e-06,0.06078102352660558,0.04469146288679765,0.0006721574057583611,0.00017411686946802726,5.406054080639697e-05
0.7375,560.0505560001333,84765694.99999304,0.8205032507926098,0.07145608284762642,28013.999999986565,6.607042577780778e-06,0.06082984234696692,0.04475142022611653,0.0006577987167085449,0.0002160318581282039,8.361117281487703e-05
0.738,559.8327280001332,84647687.49999323,0.8201841214208077,0.07135660447141977,27974.999999986707,6.613680119733666e-06,0.06084855315438395,0.04477929829939284,0.0006716439689687579,9.49086575400247e-05,6.613661632963372e-05
0.7385,559.6185920001332,84511524.99999346,0.8198704010214091,0.07124182172964286,27929.99999998687,6.6218020796592715e-06,0.0608742587386288,0.04481462885979035,0.0006855137689476666,0.00011450146303381335,6.62178354595716e-05
0.739,559.3564600001331,84342078.33332707,0.819486363980766,0.07109898098432049,27873.999999987078,6.631997587129745e-06,0.06090683452920118,0.04485890065265683,0.0006858397726273106,2.8408503258400474e-05,6.631978994469989e-05
0.7395,559.123864000133,84160528.33332737,0.8191455987193502,0.07094593732861795,27813.999999987296,6.64354032790359e-06,0.0609471386762772,0.04491062860224438,0.0006795342367164266,0.00012159892616376722,6.643521668826765e-05
0.74,558.839580000133,83982004.166661,0.8187291078442867,0.07079544440051046,27754.999999987514,6.654277729442184e-06,0.06098086194158002,0.04495804890992409,0.000634678157689463,0.0001725275179046968,0.00010959633781537474
0.7405,558.6365200001329,83812557.4999946,0.8184316143620983,0.07065260365518809,27698.999999987715,6.665308119253715e-06,0.06102029383463672,0.045007520340812554,0.0006671327766993261,7.501739187991359e-05,6.665289334236781e-05
0.741,558.3743880001329,83643110.83332822,0.8180475773214552,0.07050976290986573,27642.99999998792,6.6756769617617385e-06,0.06105340894263863,0.04505243267264681,0.0006958209549685243,0.00015201374953126742,6.675658116381386e-05
0.7415,558.1639440001328,83491819.1666618,0.81773926589446,0.07038222653011361,27592.999999988104,6.685253113073947e-06,0.06108566877119103,0.04509495099696229,0.0006868130771046012,0.00013424037485308798,6.685234212079268e-05
0.742,557.8796600001327,83301191.66666211,0.8173227750193963,0.07022153069162594,27529.999999988333,6.697139006516772e-06,0.0611243755913342,0.045147032846173135,0.0006528402571745588,0.00011736842845746464,0.00018871541478411832
0.7425,557.6286040001327,83119641.66666241,0.8169549648959635,0.0700684870359234,27469.999999988555,6.7087464866175684e-06,0.06116355591587662,0.045198497813380846,0.0006865663562526342,0.0001341743068398955,6.708727448675124e-05
0.743,557.3738560001326,82995582.49999595,0.8165817458001272,0.06996390720452667,27428.9999999887,6.715705091896425e-06,0.06118128850742196,0.04522729184861712,0.0006736051656685665,6.488868855960421e-05,6.715686012591321e-05
0.7435,557.1412600001325,82820084.1666629,0.8162409805387115,0.06981596500401421,27370.999999988915,6.727127430575535e-06,0.061220518200264425,0.04527797198047191,0.0006862405846554063,0.00013454192201717996,6.727108284618896e-05
0.744,556.9308160001325,82674844.16666314,0.8159326691117164,0.06969353007945218,27322.99999998909,6.736399948664226e-06,0.061251124853992235,0.04531805551583731,0.0006821364188342761,0.00016092530768537124,6.736380748351792e-05
0.7445,556.6797600001324,82456984.1666635,0.8155648589882835,0.06950987769260915,27250.999999989355,6.7511535332769575e-06,0.06130433973976264,0.04538497185310048,0.0006857751499484015,0.00013502243931615872,6.751134246924898e-05
0.745,556.4287040001324,82293589.16666377,0.8151970488648507,0.06937213840247686,27196.99999998955,6.761507301294565e-06,0.061337494773420646,0.045429943040768465,0.0006644372043370664,6.022532742287183e-05,6.761487953888312e-05
0.7455,556.1739560001323,82145323.33333068,0.8148238297690144,0.06924715275031978,27147.99999998973,6.770610102090417e-06,0.06136471711577186,0.04546826216739202,0.0006922090262801709,0.00011066830913334324,0.00015961423590552277
0.746,555.9229000001322,81930489.16666436,0.8144560196455816,0.06906605109107178,27076.99999998999,6.785299412399024e-06,0.061417381866169074,0.04553441787183849,0.0006580418800271619,3.691446194044061e-05,6.78527992483169e-05
0.7465,555.6866120001322,81791300.83333126,0.8141098454117623,0.06894871762169984,27030.999999990156,6.793957381023595e-06,0.06144349118707334,0.04557064950267836,0.0007076084360817823,0.00023114315519065108,0.0001321123786624652
0.747,555.4503240001321,81643034.99999817,0.8137636711779432,0.06882373196954276,26981.999999990338,6.8034012209387435e-06,0.06147310666033597,0.04561164474656619,0.0006939555501613174,0.00011463598374945984,6.803381625713291e-05
0.7475,555.2140360001321,81497794.9999984,0.8134174969441241,0.06870129704498074,26933.999999990512,6.812626476583114e-06,0.061501684955192336,0.04565123400591451,0.0007026316581016202,0.00013625188575202917,6.812606826402394e-05
0.748,554.999900000132,81301115.83333206,0.8131037765447255,0.06853549975130298,26868.99999999075,6.826473343095146e-06,0.06155228185519025,0.04571363166199458,0.0006959194632607808,0.00017400553061562132,6.826453611335077e-05
0.7485,554.752536000132,81161927.49999896,0.8127413753936961,0.06841816628193104,26822.999999990916,6.835132593421208e-06,0.06157758115556253,0.04575029381020766,0.0006799495254988157,0.0001367020035482101,6.835112809694036e-05
0.749,554.5494760001319,80968274.16666594,0.8124438819115077,0.06825491971584834,26758.99999999115,6.848972411819492e-06,0.0616286085438733,0.04581237341006874,0.0006868123975541847,0.00013413142538949173,6.848952546346845e-05
0.7495,554.3759520001319,80780672.49999958,0.8121896602085468,0.06809677460495571,26696.999999991378,6.862730091781976e-06,0.06168082218170101,0.045875208544938505,0.0006931950859154572,0.00013725394803888535,4.852886158402468e-05
0.75,554.1581240001318,80574915.83333325,0.8118705308367448,0.06792332512849283,26628.999999991625,6.8775513851778745e-06,0.06173525926079253,0.04594154081631214,0.0007028658323408354,0.00015540631164982012,0.00013714173716597984
0.7505000000000001,553.8886080001317,80414546.66666685,0.8114756758512949,0.06778813656595559,26575.999999991822,6.887915569506377e-06,0.061766732204066505,0.04598545199876796,0.0006812043992002891,0.0001377576524846671,6.88789547237857e-05
0.751,553.6375520001317,80257203.33333378,0.811107865727862,0.06765549873101338,26523.999999992007,6.898291106664884e-06,0.06179922507020872,0.04602921664802602,0.000703946428787095,0.0001305048137096094,6.898270946997498e-05
0.7515000000000001,553.4012640001316,80114989.16666734,0.8107616914940429,0.0675356145340464,26476.999999992182,6.907587078977973e-06,0.06182765254237935,0.0460685275938411,0.0006898180501645918,0.0001468181760339752,1.4687007531902146e-05
0.752,553.1612840001316,79915284.16666767,0.8104101082878202,0.06736726651277361,26410.99999999242,6.9218459243226066e-06,0.06187801180340359,0.046132266580252115,0.0006786803310413007,0.00019380068044702936,6.921825623021077e-05
0.7525000000000001,552.9434560001315,79785173.33333455,0.8100909789160182,0.06725758522618679,26367.99999999258,6.930403643920012e-06,0.06190405874892328,0.04616751530453568,0.0007178667139285922,0.0001386074052260988,6.930383290678873e-05
0.753,552.6665560001314,79639933.33333479,0.8096853059857615,0.06713515030162476,26319.999999992757,6.939565778978402e-06,0.06192945218159645,0.046205787314687614,0.0006966387681057529,0.00016714431894068786,6.939545369705228e-05
0.7535000000000001,552.4450360001314,79473512.50000173,0.809360767641556,0.06699486028389744,26264.999999992957,6.95131017394153e-06,0.06196941101076507,0.04625688230009691,0.0007007948868763038,0.00013902553147696837,6.951289693776571e-05
0.754,552.1607520001313,79322220.83333531,0.8089442767664924,0.06686732390414532,26214.999999993135,6.960984528664189e-06,0.06199656066013775,0.04629660954802161,0.000697044494849472,0.00015271380987846462,0.0001642707487021491
0.7545000000000001,551.9392320001313,79186058.33333553,0.8086197384222868,0.06675254116236841,26169.999999993302,6.970156661627611e-06,0.06202494640422157,0.04633569481621298,0.0007006708018395876,0.00020350007456293017,6.970136066230617e-05
0.755,551.6180280001312,79037792.50000244,0.808149157823189,0.06662755551021134,26120.999999993484,6.9791679467782975e-06,0.06204696530589908,0.0463707191738735,0.0006925365570274612,0.0001106229731556558,6.979147295524598e-05
0.7555000000000001,551.3374360001311,78838087.50000277,0.8077380759205287,0.06645920748893855,26054.99999999372,6.99328780648201e-06,0.062093899706069336,0.046432305746449576,0.0007017330736571969,0.0001660374407977037,0.00013811454172142642
0.756,551.093764000131,78707976.66666965,0.8073810837419028,0.06634952620235174,26011.999999993877,7.001752393331461e-06,0.062117735594662146,0.046467124740805804,0.0006812417146811924,0.00014003436520628766,5.0953765752599315e-05
0.7565000000000001,550.846400000131,78541555.83333659,0.8070186825908734,0.0662092361846244,25956.99999999408,7.013438862466827e-06,0.06215559924281145,0.04651655290700581,0.0007104065423275972,0.00010563570920982489,7.843464400515888e-05
0.757,550.6174960001309,78384212.50000352,0.806683326301861,0.0660765983496822,25904.999999994274,7.024596898260683e-06,0.06219209674742598,0.04656480663787848,0.000725235676301235,0.00014049125053321532,0.00010947948182939785
0.7575000000000001,550.3221360001309,78266205.00000371,0.8062506085095871,0.06597711997347555,25865.999999994412,7.03141459331144e-06,0.06220557875953434,0.046590484355851614,0.000719285124174496,0.00015229131668239942,9.537934099843329e-05
0.758,550.0526200001308,78102810.00000398,0.8058557535241372,0.06583938068334327,25811.99999999461,7.042673880749012e-06,0.06224011669085686,0.046637890945884594,0.0007029306765789235,0.0001408527862703655,7.042652839165433e-05
0.7585000000000001,549.7978720001307,77930337.50000426,0.8054825344283009,0.06569398921042587,25754.999999994816,7.0549915429289735e-06,0.06228009486053953,0.046689796898558636,0.0007136765313935507,7.935920210701694e-05,0.00014865726991533643
0.759,549.5283560001307,77751813.33333789,0.8050876794428509,0.06554349628231837,25695.99999999503,7.0677239853454024e-06,0.06232098837588449,0.046744332105104536,0.0007206980244462202,0.00016052012112833755,9.808131456804511e-05
0.7595000000000001,549.3363720001306,77588418.33333816,0.8048064128778729,0.06540575699218608,25641.999999995234,7.080133656547191e-06,0.06236477978179386,0.04679884279705587,0.0007192561112163812,0.00016438251368061657,3.578169068227658e-05
0.76,549.0779320001305,77406868.33333845,0.8044277848096332,0.06525271333648354,25581.999999995453,7.093400673899212e-06,0.06240849752878809,0.04685517544084458,0.0006971645755341812,0.00013050257067924274,0.00012628326911554502
0.7605000000000001,548.8305680001305,77222292.50000542,0.8040653836586038,0.06509711895318596,25520.999999995674,7.107151966513969e-06,0.062454887799483494,0.04691415969906836,0.0006915090204159142,0.00019857188255125737,0.00014656943954733572
0.761,548.5278240001304,77046794.16667238,0.803621847921523,0.0649491767526735,25462.999999995885,7.119411390609208e-06,0.06249148718649375,0.04696484535728992,0.00067496975670819,0.00017302349017499525,0.00013801485674471892
0.7615000000000001,548.2213880001303,76922735.00000592,0.8031729032120388,0.06484459692127678,25421.999999996035,7.126909723114865e-06,0.06250692008577637,0.04699315117998113,0.0007201625538121054,0.0001674474335174821,7.126888159752467e-05
0.762,547.9371040001303,76753288.33333953,0.8027564123369751,0.0647017561759544,25365.999999996242,7.138939788748066e-06,0.06254343039183251,0.047042912409325774,0.000719684649581641,0.00018590629375152422,0.0001691858832599166
0.7625000000000001,547.6602040001302,76568712.5000065,0.8023507394067183,0.06454616179265682,25304.99999999646,7.1525324916503425e-06,0.06258712378874039,0.0471006795920869,0.0007280366215448882,0.00010567572609673805,7.152510768178687e-05
0.763,547.3648440001301,76405317.50000677,0.8019180216144444,0.06440842250252454,25250.99999999666,7.163962691472117e-06,0.06262022003404948,0.047147700230664905,0.0006890868996514637,0.00014327853663458276,7.163940895985824e-05
0.7635000000000001,547.1285560001301,76260077.500007,0.8015718473806253,0.06428598757796251,25202.999999996835,7.174508260892861e-06,0.0626527649605176,0.047191523117182166,0.0006910386043885071,0.00020096279960350426,0.0001727765427489009
0.764,546.80735200013,76087605.00000729,0.8011012667815274,0.0641405961050451,25145.999999997042,7.1865496620649e-06,0.06268691073366059,0.04724035241031855,0.0007204998303522808,0.00014373027113210517,0.0001387629943807901
0.7645000000000001,546.5009160001299,75915132.50000757,0.8006523220720432,0.06399520463212768,25088.999999997253,7.198840310264563e-06,0.0627229095569704,0.04729088233858002,0.0007295508717654562,0.00014397608141148363,2.5582142878527155e-05
0.765,546.2424760001298,75754763.33334117,0.8002736940038034,0.06386001606959045,25035.999999997443,7.210668372053612e-06,0.06275957200354484,0.04733963656887292,0.0007299946974223891,0.00017084799092822957,9.998408881617669e-05
0.7655000000000001,545.9951120001298,75603471.66667475,0.7999112928527741,0.06373247968983833,24985.999999997624,7.2218259289381145e-06,0.06279388636586859,0.04738594077663088,0.0006992640072935223,0.00017342370381118142,4.22814998603151e-05
0.766,545.7219040001297,75409818.33334173,0.7995110288949207,0.06356923312375562,24921.99999999786,7.236748689511747e-06,0.06284300077981834,0.047449440668562264,0.0007183959270582576,0.0001334723046498008,0.0001242592369336355
0.7665000000000001,545.4302360001296,75237345.83334202,0.7990837200750501,0.06342384165083821,24864.99999999807,7.249461420506649e-06,0.06288136368090043,0.04750187091778612,0.0007361594757069621,0.00016995393182122262,9.895953400008975e-05
0.767,545.2124080001296,75073950.83334228,0.7987645907032481,0.06328610236070593,24810.99999999827,7.262338027346586e-06,0.06292461536413199,0.04755675977468711,0.0007291842822288036,0.00019303291524950703,0.00014206077532959163
0.7675000000000001,544.9428920001295,74940814.16667584,0.7983697357177981,0.06317387034652407,24766.99999999843,7.271643603819439e-06,0.06294935178543447,0.047593494324112855,0.0007297427157121472,0.00016837725506311003,9.790850029775827e-05
0.768,544.6586080001294,74762290.00000946,0.7979532448427344,0.06302337741841657,24707.999999998643,7.285204987702497e-06,0.06299158651553612,0.047649494373595995,0.0007521675964625329,0.00015293258482154668,9.110896396868021e-05
0.7685,544.3964760001294,74626127.50000969,0.7975692078020914,0.06290859467663967,24662.999999998807,7.294984936744289e-06,0.06301868322315073,0.04768843365695085,0.0007239845887018878,0.00021095362545835194,7.252756159078195e-05
0.769,544.1048080001293,74505094.16667655,0.7971418989822209,0.06280656557283798,24622.999999998952,7.3029208819319605e-06,0.06303605866059472,0.04771861792561782,0.0007225953065741959,0.0001154779172515699,7.302898203531287e-05
0.7695,543.8279080001292,74350776.6666768,0.796736226051964,0.06267647846549082,24571.99999999914,7.31435409798304e-06,0.06306932843432674,0.04776452215965253,0.0007235257720532264,0.0001738814070365342,7.314331346014594e-05
0.77,543.5325480001292,74175278.33334376,0.7963035082596901,0.06252853626497837,24513.999999999352,7.327677903108007e-06,0.06310960080215408,0.047818905637362796,0.0007471298931094907,0.0001858970699257932,0.0001888196873489671
0.7705,543.2076520001291,73972547.50001076,0.7958275186881888,0.06235763751611053,24446.999999999596,7.343368186691827e-06,0.06315824590936789,0.04788388793877426,0.0007283813006166309,8.903093445507882e-05,0.00014374793105044405
0.771,542.941828000129,73781920.00001107,0.7954380726751422,0.062196941677622866,24383.99999999983,7.358738129883954e-06,0.06320883586716482,0.047948267804645714,0.0007275848916600826,0.00017667832179839822,0.00010005633520865766
0.7715,542.5837040001289,73615499.16667801,0.7949134023520101,0.06205665165989554,24329.00000000003,7.370509065918675e-06,0.06323850317831253,0.04799399207616629,0.0007602301234107727,0.00015660797950387768,7.370485951806501e-05
0.772,542.2477320001288,73418820.00001167,0.7944211858632985,0.061890854366217794,24264.000000000266,7.385677568776544e-06,0.06328393991796787,0.04805596341679099,0.000740214361015216,0.00021520546195641656,7.385654356314554e-05
0.7725,541.9708320001288,73258450.83334526,0.7940155129330417,0.06175566580368055,24211.00000000046,7.398065695288199e-06,0.06332081752937241,0.048106172462308874,0.0007344702068186052,0.00018984049023963758,0.0001386274702766519
0.773,541.6939320001287,73134391.6666788,0.7936098400027849,0.06165108597228382,24170.00000000061,7.406828985041426e-06,0.06334212193038842,0.048139627317789715,0.0007510670200445896,0.00014751400250073593,7.406805634264012e-05
0.7735,541.4244160001286,72961919.16667908,0.7932149850173349,0.0615056944993664,24113.00000000082,7.420643839744162e-06,0.063385391214833,0.048196572664695694,0.0007347696085384888,0.00020708726448613712,0.00011278092847905273
0.774,541.1179800001286,72765240.00001274,0.7927660403078507,0.06133989720568866,24048.000000001055,7.436490005393149e-06,0.06343507291080046,0.04826163895440241,0.000756026571237347,0.00016301594444742483,0.00012910854530986994
0.7745,540.7967760001285,72604870.83334634,0.7922954597087528,0.06120470864315141,23995.00000000125,7.448491675461374e-06,0.06346739543173739,0.04830864108424876,0.0007421051073727311,0.00011515852075466875,0.0001152464187524866
0.775,540.5678720001284,72453579.16667992,0.7919601034197405,0.0610771722633993,23945.00000000143,7.460885690085076e-06,0.06350673248127377,0.048359693369369974,0.0007525182346210973,0.00010897892265052391,7.460861986523266e-05
0.7755,540.2872800001284,72281106.6666802,0.7915490215170803,0.060931780790481886,23888.000000001637,7.474806417832385e-06,0.0635494513385825,0.048416288877524125,0.0007550162057784947,0.00016144615500453808,7.474782623050832e-05
0.776,540.0140720001283,72087453.33334719,0.7911487575592269,0.06076853422439918,23824.00000000187,7.4910965366329745e-06,0.06360257418693736,0.04848423672555622,0.0007729306543962787,9.813529020028094e-05,0.000142066395609072
0.7765,539.7224040001282,71896825.8333475,0.7907214487393565,0.060607838385911515,23761.000000002103,7.5069016989869925e-06,0.06365243823414536,0.048549196626802474,0.0007361720605917003,0.00017581332707376776,7.506877693969272e-05
0.777,539.4270440001281,71697120.83334783,0.7902887309470825,0.06043949036463872,23695.000000002343,7.523691854432589e-06,0.06370614317871867,0.04861816926254217,0.0007587388396375906,8.28973745387998e-05,5.815407169822919e-05
0.7775,539.2018320001281,71551880.83334807,0.7899587836304736,0.06031705544007669,23647.000000002517,7.535816329636204e-06,0.06374414297555164,0.04866753078805621,0.0007511124937650131,0.0002000149049318819,7.535792134261538e-05
0.778,538.921240000128,71418744.16668162,0.7895477017278134,0.06020482342589483,23603.00000000268,7.545935542388694e-06,0.06377032782290805,0.04870685598244898,0.0007598267430016034,0.00010500842245801789,7.545911279241587e-05
0.7785,538.611112000128,71234168.33334859,0.7890933480459258,0.060049229042597255,23542.000000002907,7.561134278702245e-06,0.06381614746828443,0.04876780592414444,0.0007712356768239672,0.0001617583545164858,8.989725120783768e-05
0.779,538.3231360001279,71076825.00001551,0.7886714481984587,0.05991659120765505,23490.000000003092,7.5738208058676e-06,0.0638525854970174,0.0488184220062856,0.0007422107004591032,2.2127544293108848e-05,4.025156742351536e-05
0.7795,537.9982400001278,70937636.6666824,0.7881954586269573,0.05979925773828311,23444.00000000326,7.584101547222982e-06,0.06387662302734981,0.04885647469844264,0.0007578527696631648,9.874748654795145e-05,7.58407702886312e-05
0.78,537.6770360001277,70789370.83334932,0.7877248780278594,0.05967427208612604,23395.00000000344,7.595448718790204e-06,0.06390530505771957,0.04889971875953663,0.0007667555093102507,0.0001925945939925053,0.00013621314470833087
0.7805,537.4112120001276,70650182.50001621,0.7873354320148129,0.05955693861675409,23349.00000000361,7.606650018207728e-06,0.06393659859947061,0.048943331355481824,0.0007399223076981238,0.00015720568392395487,7.606625347965382e-05
0.781,537.1047760001276,70462580.83334985,0.7868864873053287,0.05939879350586146,23287.000000003834,7.622553270798116e-06,0.06398514956195199,0.04900744671397302,0.0007638455322757882,0.00016209320087343058,0.00019797181352613274
0.7815,536.8721800001275,70314315.00001676,0.7865457220439129,0.05927380785370439,23238.000000004013,7.635318355871056e-06,0.0640248356335758,0.04905956815006426,0.0007499536972899849,0.0001674152730164362,7.635293493876001e-05
0.782,536.6100480001274,70129739.16668373,0.7861616850032699,0.059118213470406814,23177.000000004235,7.651676084588274e-06,0.06407773247119493,0.04912689431157824,0.0007658716174457616,0.00016669608241307518,2.0014076255705108e-05
0.7825,536.2666920001274,69951215.00001736,0.7856586505697514,0.05896772054229932,23118.000000004453,7.666295603300017e-06,0.06411839421933375,0.04918336316302422,0.0007733050154841996,0.0001576196253903086,7.666270532980996e-05
0.783,536.0045600001273,69751510.00001769,0.7852746135291083,0.05879937252102652,23052.000000004693,7.684486830464192e-06,0.06417873036903662,0.04925883091869314,0.0007589607062028582,0.0001527845692099656,7.684461638333828e-05
0.7835,535.7387360001272,69579037.50001797,0.7848851675160617,0.058653981048109115,22995.0000000049,7.699714673402731e-06,0.06422635611502428,0.049320635257508086,0.0007598695106008651,0.00013239571869614125,7.394221458227825e-05
0.784,535.4064560001272,69403539.16668493,0.7843983599997536,0.05850603884759666,22937.00000000511,7.71439702396521e-06,0.06426762287252503,0.04937794502125657,0.0007739854832507735,0.00011177003351871659,7.714371629142413e-05
0.7845,535.0963280001271,69231066.66668521,0.783944006317866,0.05836064737467925,22880.000000005322,7.729135975563722e-06,0.06431035393913481,0.04943572418737167,0.0007624853485224976,0.00018162645741544306,9.60981976123551e-05
0.785,534.860040000127,69116085.00001873,0.7835978320840468,0.05826371972606764,22842.00000000546,7.738575470528778e-06,0.06433540323023515,0.049471462517064906,0.0007677554533835133,0.00012109055869104222,6.798138575843196e-05
0.7855,534.5646800001269,68919405.83335239,0.7831651142917728,0.05809792243238989,22777.000000005697,7.756373891160759e-06,0.06439155850569774,0.04954393761136448,0.0007831298385101991,0.00014492116765036297,0.0001706010169409347
0.786,534.2582440001269,68719700.83335271,0.7827161695822886,0.0579295744111171,22711.00000000594,7.774455323892035e-06,0.06444808830067696,0.04961681206950808,0.0007869577743516685,0.0002172017795580452,7.075541566437032e-05
0.7865,533.9038120001268,68586564.16668627,0.78219690823156,0.05781734239693524,22667.0000000061,7.784379032350676e-06,0.06446781255183993,0.04965153601005231,0.0007793177754376621,9.632766136276338e-05,5.589932447155095e-05
0.787,533.5826080001267,68465530.83335313,0.7817263276324621,0.05771531329313355,22627.000000006243,7.793448783722725e-06,0.06448595137228447,0.049683181426192255,0.0007926155630988705,8.52183797094227e-05,0.00018163739228103994
0.7875,533.2798640001266,68299110.00002007,0.7812827918953813,0.05757502327540622,22572.00000000645,7.808006048687456e-06,0.06452783559558752,0.04973995078844187,0.0007933607474533439,0.00015615925726389943,7.509245369964291e-05
0.788,532.9955800001266,68147818.33335365,0.7808663010203176,0.057447486895654105,22522.00000000663,7.821168645383649e-06,0.06456498625939067,0.04979086121115533,0.0007793678394115566,0.00021471274671978595,0.00016534034421851536
0.7885,532.7223720001265,67999552.50002056,0.7804660370624642,0.05732250124349703,22473.00000000681,7.83420408538667e-06,0.06460220494977441,0.04984197679202791,0.0007940276807849354,0.0001125882172497012,0.00016264899940234738
0.789,532.3827080001264,67836157.50002083,0.7799684116013492,0.05718476195336475,22419.000000007007,7.848066984041113e-06,0.06463872077558233,0.04989403565342983,0.0007801024816675639,0.0001096771821414122,0.0001618377878643747
0.7895,532.1095000001263,67684865.83335441,0.7795681476434958,0.05705722557361263,22369.000000007192,7.861572796941383e-06,0.06467771338029993,0.04994673567947693,0.000787588622173831,0.00018297155813170148,0.00012817936125693842
0.79,531.7255320001262,67530548.33335467,0.7790056145135397,0.05692713846626548,22318.000000007378,7.873851836288089e-06,0.06470484578295549,0.04999108707779302,0.0008014859300544703,0.00011523834981156021,6.182047083425552e-05
0.7905,531.4006360001262,67367153.33335494,0.7785296249420384,0.056789399176133196,22264.000000007574,7.888126627090508e-06,0.06474368297248986,0.050045269782933936,0.0007915359094953097,0.00019754018771492735,0.0002003166119634472
0.791,531.0535880001261,67209810.00002186,0.7780211815361165,0.05665676134119099,22212.00000000776,7.90142968712385e-06,0.06477709112120358,0.050094759553893864,0.0007895282089853642,0.00016841193644539915,7.901402998211756e-05
0.7915,530.717616000126,67031285.8333553,0.7775289650474049,0.056506268413083344,22153.000000007854,7.917461367510225e-06,0.06482225800057162,0.05015660584706032,0.0008075787421626494,0.00017998363104283898,0.00017544175282517883
0.792,530.4628680001259,66837632.50002181,0.7771557459515687,0.056343021847000234,22089.000000007774,7.936589734831688e-06,0.06488493673370652,0.050233844668663104,0.0007996522233180641,0.00017760834699054868,2.7598080284949765e-05
0.7925,530.1195120001258,66662134.16668833,0.7766527115180503,0.056195079646487414,22031.000000007698,7.952333339262207e-06,0.06492823649483521,0.05029409512683082,0.0008032449474188325,0.00012039233216560787,7.952306294874285e-05
0.793,529.7872320001258,66507816.666688204,0.776165904001742,0.056064992539139935,21980.000000007632,7.965788963652455e-06,0.06496277457087267,0.050343894985730046,0.0007880091844682108,0.00011170209618626896,5.759374264750469e-05
0.7935,529.5066400001257,66362576.666688085,0.7757548220990818,0.0559425576145776,21932.000000007574,7.978994586958545e-06,0.06499937982237361,0.05039404564719225,0.0007890989774731681,0.00014949614301208006,7.978967353977292e-05
0.794,529.2112800001256,66168923.33335459,0.7753221043068079,0.0557793110484945,21868.000000007494,7.997882591106927e-06,0.06505811555454077,0.05046929815683561,0.000812311990211325,0.0001406492429744173,0.00011129245480313945
0.7945,528.8863840001255,65993425.000021115,0.7748461147353065,0.05563136884798168,21810.000000007418,8.014228447757581e-06,0.06510456958854997,0.050531870686194066,0.000782431948444433,0.00011578806669333542,5.824347606017493e-05
0.795,528.5430280001254,65787668.33335428,0.7743430803017881,0.05545791937151837,21742.000000007334,8.03407449131549e-06,0.06516396770365897,0.050609438480175115,0.0008102270840401,0.00023198657192271743,7.827723282894758e-05
0.7955,528.2070560001254,65633350.83335415,0.7738508638130766,0.055327832264170894,21691.00000000727,8.047845330055833e-06,0.06519905893024631,0.05066016372235169,0.0008139371442099174,0.00013722861368141318,0.00010920007674025956
0.796,527.8600080001253,65476007.50002069,0.7733424204071546,0.05519519442922837,21639.0000000072,8.061884469665601e-06,0.06523446148021471,0.05071177631217686,0.0007975365695244054,0.00013207044146586286,6.513442856301348e-05
0.7965,527.5203440001252,65288405.83335387,0.7728447949460396,0.055037049318335356,21577.000000007123,8.079847214321643e-06,0.06528608046446335,0.05078043755111859,0.000812874633338077,0.00021915329140621123,8.079819265342625e-05
0.797,527.1843720001251,65137114.16668708,0.7723525784573281,0.05490951293858293,21527.000000007058,8.093456069469866e-06,0.06532022691686473,0.0508303461656848,0.000816524531286923,0.00012013808967669896,8.093428022306362e-05
0.7975,526.841016000125,64967667.50002027,0.7718495440238096,0.05476667219326021,21471.00000000699,8.109280143079797e-06,0.06536275576588199,0.050889913288547334,0.0008043033245354039,0.0002376071990209002,8.109251982070726e-05
0.798,526.564116000125,64764936.66668677,0.7714438710935527,0.054595773444391954,21404.000000006905,8.130388804517653e-06,0.06543056924108169,0.050973992992173034,0.000809589125091511,0.00016260683326177884,8.130360493411519e-05
0.7985,526.2982920001249,64613645.00001998,0.7710544250805063,0.054468237064639526,21354.00000000684,8.145311907414636e-06,0.0654740567358671,0.05103124558652123,0.000802625966788301,0.00011283984922043442,8.145283489102944e-05
0.799,525.9733960001248,64435120.83335317,0.770578435509005,0.054317744136531655,21295.000000006763,8.162837117360822e-06,0.06552422054111184,0.051098032532951365,0.0008135071800473669,0.00019513281492629012,8.162808572719722e-05
0.7995,525.6558840001247,64244493.33335301,0.7701132638823104,0.054157048298043596,21232.000000006683,8.182115800533935e-06,0.06558174733683343,0.0511724062520318,0.0008381715403380886,0.0002154997486836652,0.000199077350322331
0.8,525.3457560001247,64120434.166686244,0.7696589102004228,0.05405246846664661,21191.000000006632,8.193109775807911e-06,0.06560643028199402,0.05121145849633091,0.0008335938105675828,0.0001582893649589008,7.560590625995374e-05
0.8005,524.9470200001246,63954013.333352774,0.769074741180853,0.053912178448918935,21136.000000006563,8.20819511769965e-06,0.06564187518254531,0.05126500376023024,0.0008375274612297627,0.00016923218167416604,8.099208360961173e-05
0.801,524.6479680001245,63781540.83335263,0.7686366144161756,0.053766786976001166,21079.00000000649,8.225702313635164e-06,0.06569312118698256,0.05133211253568902,0.0008251413682795823,0.0001962455304351233,0.00019312272713430776
0.8015,524.3563000001244,63603016.66668582,0.7682093055963052,0.0536162940478933,21020.000000006414,8.244204873929719e-06,0.06574867971787929,0.05140330380368743,0.0008207300576077328,0.00018688193560984938,8.952993867341538e-05
0.802,524.0055600001243,63409363.33335233,0.7676954532179798,0.05345304748181019,20956.000000006334,8.263851463786983e-06,0.06580495563284915,0.051477711154640574,0.0008289333370130458,0.0001676892957698407,0.00011528385355345184
0.8025,523.6806640001242,63215710.000018835,0.7672194636464785,0.05328980091572708,20892.000000006254,8.284027245758503e-06,0.06586480782393307,0.05155523957281205,0.0008273339854548131,0.00015828608452105134,0.0001627108203245735
0.803,523.3520760001242,63028108.333352014,0.7667380651025738,0.05313165580483407,20830.000000006174,8.30347109946796e-06,0.06592136838640579,0.051628871047752545,0.0008213334082323668,0.0001232747213826468,9.94482439876906e-05
0.8035,523.0013360001241,62861687.500018544,0.7662242127242485,0.0529913657871064,20775.0000000061,8.319874263635856e-06,0.06596433345190977,0.051689306717273356,0.000822585726628631,7.565889768263531e-05,8.319844572753176e-05
0.804,522.665364000124,62619620.83335168,0.7657319962355369,0.05278730757950251,20695.000000006,8.346670852432701e-06,0.06604925148633775,0.05179402770049043,0.0008438705761652298,0.00013949068180497623,8.346640965704943e-05
0.8045,522.3183160001239,62438070.83335153,0.765223552829615,0.05263426392379959,20635.000000005926,8.365382034211178e-06,0.06610128647052176,0.05186395205080385,0.0008346920164043061,0.00021731310458399737,0.0001774711703275376
0.805,521.9269640001238,62274675.833351396,0.7646502017548521,0.05249652463366697,20581.000000005857,8.381046661676948e-06,0.06613835512729078,0.051919270112998836,0.0008408075622511055,0.0001922055266456494,0.00012242910037981247
0.8055,521.5909920001237,62081022.500017904,0.7641579852661404,0.052333278067583866,20517.000000005773,8.401778369548814e-06,0.06619878882203423,0.05199752375311514,0.0008388683173247531,0.00020523452996458005,4.909504069915487e-05
0.806,521.2402520001236,61947885.83335113,0.7636441328878152,0.05222104605340173,20473.00000000572,8.414173381192315e-06,0.06622532410436736,0.05204009897040229,0.0008504133357285098,0.0002426559143278843,8.414142990584413e-05
0.8065,520.9079720001236,61796594.16668434,0.7631573253715069,0.0520935096736493,20423.000000005653,8.429396134600481e-06,0.06626407252895514,0.05209464162624492,0.0008512795001710035,0.00010080671045644359,8.987805308505512e-05
0.807,520.5867680001235,61642276.66668421,0.762686744772409,0.05196342256630182,20372.00000000559,8.445287814644992e-06,0.06630605335675302,0.05215235382763322,0.0008477963120209713,0.00014988476379186328,8.44525719027357e-05
0.8075,520.2766400001234,61494010.833350755,0.7622323910905214,0.051838436914144435,20323.00000000553,8.460606698920276e-06,0.06634639109801857,0.052208599714358414,0.000839082434701048,0.0001673976547948518,0.00011137832216647328
0.808,519.8336000001233,61327590.000017285,0.7615833144021106,0.05169814689641677,20268.000000005457,8.476341561766519e-06,0.06637977628200836,0.05226176386387658,0.0008475042438111184,0.00018723557432955622,8.476310701768833e-05
0.8085,519.4717840001232,61179324.16668383,0.761053235106575,0.05157316124425938,20219.000000005395,8.4909696384487e-06,0.06641390413165248,0.05231250295913775,0.000860020557175932,0.00017939815258007007,8.069170873359783e-05
0.809,519.1025840001231,61031058.333350375,0.7605123378662326,0.051448175592102005,20170.000000005337,8.505547801003148e-06,0.0664472672414893,0.05236273620040174,0.000844956216408306,0.00020369311195088654,0.00014946126810037972
0.8095,518.740768000123,60843456.666683555,0.759982258570697,0.051290030481209,20108.000000005257,8.525826710371195e-06,0.06650324297776418,0.05243738708622944,0.0008555238623661733,0.00016940830407867285,7.431283741064854e-05
0.81,518.3014200001229,60667958.33335008,0.7593385908546896,0.05114208828069618,20050.00000000518,8.543248103920532e-06,0.06654295615596173,0.05249737910924592,0.0008477037725628148,0.0002058617667282002,9.424076032236395e-05
0.8105,517.9728320001228,60504563.33334994,0.7588571923107847,0.05100434899056355,19996.000000005115,8.5608886910951e-06,0.0665905031197301,0.05256137370077778,0.0008786608577401788,0.00018797557793667546,0.0001431664151286972
0.811,517.5814800001227,60371426.66668317,0.7582838412360219,0.050892116976381414,19952.000000005057,8.573285552083158e-06,0.06661352072644915,0.05260154170695639,0.000864802868228158,9.32305815070653e-05,8.573253951397016e-05
0.8115,517.2750440001226,60238290.00001639,0.7578348965265376,0.050779884962199276,19908.000000005002,8.587146879501093e-06,0.06664761110134182,0.052650254906592274,0.0008567417550226978,0.0001948957722883776,8.587115172328439e-05
0.812,516.9427640001226,60065817.50001625,0.7573480890102294,0.05063449348928151,19851.00000000493,8.606272011531062e-06,0.06670035440919231,0.052720132458179546,0.000857854987286254,0.00011536839804827632,3.741006284818268e-05
0.8125,516.6584800001225,59905448.33334945,0.7569315981351658,0.05049930492674393,19798.00000000486,8.624565784486382e-06,0.06675284442302518,0.05278832610608151,0.0008612413311478875,0.00019582474300921496,0.0001445736016296948
0.8130000000000001,516.2782040001224,59717846.66668263,0.7563744739776131,0.050341159815850925,19736.000000004784,8.64529169783613e-06,0.06680840372711244,0.05286306498941547,0.0008755635036548859,0.00011748977388799507,8.645259545874112e-05
0.8135,515.9163880001223,59566555.00001584,0.7558443946820775,0.05021362343609849,19686.00000000472,8.661175520390345e-06,0.0668463124610043,0.05291842494494394,0.0008656332933336421,0.00014608249757359728,5.6783119057563153e-05
0.8140000000000001,515.6062600001222,59409211.66668238,0.7553900410001899,0.05008098560115597,19634.000000004653,8.678894156901974e-06,0.06689453797999491,0.052982768388201,0.0008739310575810852,0.00014895430544206747,8.678861745012255e-05
0.8145,515.2481360001221,59236739.166682236,0.7548653706770577,0.0499355941282382,19577.00000000458,8.698117810811639e-06,0.06694532093142566,0.05305137653941121,0.0008668066212911995,0.00016563074275891036,0.00013333552269970367
0.8150000000000001,514.849400000122,59070318.333348766,0.754281201657488,0.04979530411051052,19522.00000000451,8.715873124209294e-06,0.0669876780570101,0.053112915183859744,0.0008725922428922841,0.00018968642909673094,1.1930795045370294e-05
0.8155,514.450664000122,58900871.66668196,0.7536970326379182,0.049652463365187804,19466.00000000444,8.734177431386428e-06,0.06703200949699346,0.05317650074418297,0.0008741688563011858,0.00022405062701947155,0.00015254779276372245
0.8160000000000001,514.0851560001219,58794967.50001521,0.7531615443699792,0.04956318789936111,19431.000000004395,8.74369317407972e-06,0.06704468486593802,0.05320438553670718,0.0008685075970652553,0.0001785927747497837,0.00013650631122382183
0.8165,513.6716520001218,58652753.33334842,0.7525557394607957,0.049443303702393825,19384.000000004333,8.757843797727761e-06,0.06707192377330133,0.05324988416922847,0.0008836090195798516,0.00016628403153470868,0.00013224693657102127
0.8170000000000001,513.3061440001217,58492384.166681625,0.7520202511928566,0.049308115139856244,19331.000000004267,8.775606453951156e-06,0.06711601547630704,0.0533114723003166,0.0008816252076650112,0.0002018180023402088,0.000119033796154879
0.8175,512.8667960001216,58313860.00001481,0.7513765834768492,0.04915762221174838,19272.000000004195,8.794938218804094e-06,0.06716113877742559,0.05337732202195282,0.000865010926570891,0.00016065231098212986,0.00010174301498977165
0.8180000000000001,512.4422160001214,58108103.333347976,0.7507545516504555,0.048984172735285075,19204.000000004104,8.818773744178176e-06,0.06722424172648332,0.053462432939269805,0.0008861224769258905,0.00016529051683582694,6.462142610942874e-05
0.8185,512.0619400001214,57938656.66668117,0.7501974274929027,0.04884133198996236,19148.000000004035,8.838001594444858e-06,0.06727251229073354,0.05352945438651842,0.0008849072677907825,0.00020886195558395581,8.837967930842931e-05
0.8190000000000001,511.64474400012125,57778287.50001437,0.7495862136113158,0.04870614342742478,19095.00000000397,8.855311677418511e-06,0.06731092260993275,0.05358731724490387,0.0008855962786580665,0.00018389908876368996,7.53247695206648e-05
0.8195,511.26816000012116,57620944.16668091,0.7490344984261665,0.048573505592482254,19043.000000003904,8.872957001904874e-06,0.06735315124707233,0.0536479213215472,0.0008850699084033373,0.00021325313179278754,0.00014602041052399947
0.8200000000000001,510.83619600012105,57499910.83334748,0.748401648654966,0.04847147648868031,19003.00000000385,8.884121533347805e-06,0.06736703503377713,0.05367920837560325,0.0008814909709625364,0.00016887040338529343,8.884087498999788e-05
0.8205,510.43376800012095,57342567.500014015,0.7478120706629927,0.04833883865373779,18951.000000003783,8.901480876314026e-06,0.06740625299493672,0.05373739990538831,0.0008902542150776187,0.00023003344472324766,6.257030746524888e-05
0.8210000000000001,510.06826000012086,57151940.00001386,0.7472765823950537,0.04817814281524973,18888.000000003703,8.924775956861607e-06,0.06747022603104487,0.053820894482358585,0.0008756222826970745,0.00016900147768520376,8.924741598576682e-05
0.8215,509.69167600012076,56988545.000013724,0.7467248672099044,0.048040403525117105,18834.000000003634,8.943756609332595e-06,0.06751699568099447,0.05388613991157823,0.0008973996766852204,0.00020232594127796003,0.0001407087459370615
0.8220000000000001,509.27448000012066,56828175.833346926,0.7461136533283175,0.047905214962579525,18781.00000000357,8.961654540761751e-06,0.0675568525228612,0.05394580295103165,0.0009023605024293415,0.00010894646784139518,8.96161988567275e-05
0.8225,508.91266400012057,56664780.83334679,0.745583574032782,0.04776747567244691,18727.0000000035,8.981110603724939e-06,0.06760611836288079,0.05401342774426872,0.0009053632965675381,0.00014372050790409003,4.4107795483078236e-05
0.8230000000000001,508.5508480001205,56537695.83334669,0.7450534947372464,0.04766034511345486,18685.00000000345,8.994898722069433e-06,0.06763393865099063,0.054057089314127345,0.0009075954775990952,0.00013612149909579245,8.994863798088118e-05
0.8235,508.2148760001204,56371275.00001322,0.7445612782485348,0.04752005509572719,18630.000000003376,9.015493724419063e-06,0.06768895224615719,0.054130437056432834,0.0009012237561683698,0.00019530656290323142,9.015458635046203e-05
0.8240000000000001,507.8567520001203,56183673.3333464,0.7440366079254026,0.04736190998483418,18568.000000003296,9.03922299609938e-06,0.06775408917138374,0.05421488132002332,0.0009076923774218973,0.00013484071060162727,3.361859014627752e-05
0.8245,507.4875520001202,56026330.000012934,0.7434957106850603,0.04722927214989165,18516.000000003234,9.058018827933279e-06,0.06779983718096416,0.0542785330267965,0.0009084907080160999,0.00019142503672375018,0.00010909216803269022
0.8250000000000001,507.1220440001201,55881090.000012815,0.7429602224171212,0.04710683722532932,18468.00000000317,9.075020619676599e-06,0.06783899383427248,0.05433556988658253,0.0009108977857177764,0.0001896586104539708,7.384461781954049e-05
0.8255,506.70115600012,55708617.50001267,0.7423435995631309,0.046961445752411554,18411.0000000031,9.095561490105274e-06,0.06788753603228964,0.054404195120586356,0.0009078130698450739,0.00019509631408998128,0.00013518329346662745
0.8260000000000001,506.35780000011994,55551274.16667921,0.7418405651296125,0.046828807917469024,18359.00000000303,9.11514285848449e-06,0.06793754235236935,0.05447211369251438,0.000913365205877989,0.00011342972643498336,0.00013431901776148836
0.8265,505.97383200011984,55369724.16667906,0.7412780319996564,0.04667576426176611,18299.000000002958,9.138095585901613e-06,0.06799722904029519,0.05455179648669866,0.000911017524952082,0.0001992241727854679,0.00013587688112319
0.8270000000000001,505.4606440001197,55179096.666678905,0.7405261848355804,0.04651506842327805,18236.000000002874,9.160364604253355e-06,0.06804549694217912,0.054623910457568536,0.0009142495492698042,0.00019459472402599327,0.00017360063420408556
0.8275,505.11728800011963,55070166.666678816,0.7400231504020619,0.046423242229856304,18200.00000000283,9.172249124601793e-06,0.06806649276663876,0.054659921770564675,0.0009247010227925871,0.0001759391075527051,6.212569507622294e-05
0.8280000000000001,504.6557880001195,54927952.50001203,0.739347028851634,0.04630335803288902,18153.00000000277,9.187595113799462e-06,0.06809228188430864,0.05470578820269311,0.0009203195992238304,6.571259995104296e-05,5.692415204921817e-05
0.8285,504.2865880001194,54764557.5000119,0.7388061316112915,0.0461656187427564,18099.000000002703,9.208265546562845e-06,0.0681438959892255,0.05477592836467264,0.0009217257032236134,0.00023504841785827485,9.901370852495539e-05
0.8290000000000001,503.8878520001193,54622343.333345115,0.7382219625917217,0.04604573454578911,18052.00000000264,9.224940221349175e-06,0.06817859649062177,0.05482913782924239,0.0009273512590876138,0.00013569269209723946,9.224903410766089e-05
0.8295,503.4928080001192,54452896.66667831,0.7376432025445553,0.045902893800466395,17996.00000000257,9.246391630589316e-06,0.06823105844928623,0.05490123972971806,0.0009244564026888441,0.00010033593999194094,0.00012849468364281054
0.8300000000000001,503.0276160001191,54277398.33334483,0.7369616720217239,0.045754951599953575,17938.0000000025,9.267717898171412e-06,0.06827813440841476,0.0549705316848447,0.0009274668759562705,0.0001961250900019423,9.267680730828604e-05
0.8305,502.580884000119,54123080.833344705,0.7363071863609095,0.045624864492606096,17887.000000002434,9.285888317179531e-06,0.068314680075943,0.05502769991862872,0.0009339758164191749,0.00021042370046782445,2.7849598025434735e-05
0.8310000000000001,502.1526120001189,53950608.333344564,0.7356797455621124,0.04547947301968833,17830.00000000236,9.307635771175537e-06,0.06836548188415074,0.055099128417036326,0.0009302095410070972,0.00020032578292919078,0.00010798664630819607
0.8315,501.7871040001188,53793265.0000111,0.7351442572941733,0.045346835184745804,17778.000000002296,9.32806558590588e-06,0.06841555716710714,0.05516774105503464,0.0009346267139092125,0.00024570042583004067,6.846944686314084e-05
0.8320000000000001,501.3625240001187,53644999.16667765,0.7345222254677796,0.04522184953258842,17729.000000002234,9.345932179854467e-06,0.06845206753250947,0.055223836899156976,0.0009338291940389669,0.0001713712834942978,9.381286414761282e-05
0.8325,500.8899480001186,53430165.0000108,0.7338298770001412,0.04504074787333997,17658.000000002143,9.37466594011112e-06,0.06852489519847815,0.055321662756514775,0.000945090606040644,0.00019532335731294243,9.374627872729861e-05
0.833,500.5539760001185,53260718.333344,0.7333376605114297,0.04489790712801725,17602.00000000207,9.398182969806953e-06,0.06858777672099822,0.05540252981909108,0.0009463214132180029,0.00012602163099811715,0.00010546467265743657
0.8335,500.1515480001184,53112452.50001054,0.7327480825194564,0.04477292147585987,17553.000000002008,9.416841521298967e-06,0.06862822364199384,0.05546232922098667,0.0009416166647807534,0.00018847339507951184,0.00010018091152918206
0.834,499.7860400001183,52946031.66667707,0.7322125942515175,0.0446326314581322,17498.00000000194,9.439537284806017e-06,0.06868576355106297,0.0555387359109759,0.0009367156913715289,0.0001834781930777193,9.734278243906424e-05
0.8345,499.3466920001182,52797765.83334362,0.73156892653551,0.04450764580597482,17449.000000001874,9.457723904005868e-06,0.06872167239620762,0.05559479005745164,0.0009538950357642,0.0001569891748720581,9.45768513150215e-05
0.835,498.8556560001181,52613190.00001013,0.7308495332058546,0.044352051422676855,17388.000000001797,9.481570229823016e-06,0.0687744137580762,0.055671009022219484,0.0009391548960375858,0.00019138098716180675,0.00012596850122744785
0.8355,498.471688000118,52431640.000009984,0.7302870000758985,0.04419900776697394,17328.00000000172,9.507077939961884e-06,0.06884035277940821,0.05575765830151572,0.0009427208808627775,0.00016243215630551964,0.00011480557146049098
0.836,498.00280400011786,52241012.50000983,0.7296000605806636,0.04403831192848588,17265.00000000164,9.532793875310594e-06,0.06890096512192784,0.05584186669113227,0.0009586276484118472,0.00018721719347769442,0.00014496236092575293
0.8365,497.58560800011776,52041307.50000966,0.7289888466990767,0.04386996390721267,17199.000000001557,9.561358695686601e-06,0.0689752079865512,0.05593853895418773,0.0009582945763599464,0.0001765733910792426,9.125158593005191e-05
0.837,497.14256800011765,51817395.83334281,0.7283397700106657,0.043681210065179076,17125.000000001462,9.594124907377583e-06,0.06906252703644312,0.05605075066500347,0.0009549934653673759,0.0002211508434434733,3.34367244095093e-05
0.8375,496.72906400011755,51635845.833342664,0.7277339651014822,0.04352816640947616,17065.000000001386,9.619849466654154e-06,0.06912628659794778,0.05613609379207403,0.0009553022528751973,0.00021468793759981604,9.61980930464411e-05
0.838,496.28971600011744,51454295.833342515,0.7270902973854748,0.04337512275377325,17005.000000001313,9.645253286675444e-06,0.06918688188153063,0.05621916413101419,0.000951284917922563,0.00018608158721894103,5.5877449313530244e-05
0.8385,495.7912960001173,51321159.16667574,0.7263600861110125,0.04326289073959111,16961.000000001255,9.660563090360757e-06,0.0692069914901235,0.05626017840243432,0.0009683796498688033,0.00022132912579554107,0.00020208310576370512
0.839,495.3445640001172,51175919.16667562,0.7257056004501983,0.04314045581502878,16913.000000001193,9.67925094587597e-06,0.06924268098749685,0.05631570732411667,0.0009574689151208983,0.0002128380400799833,9.679210259986229e-05
0.8395,494.9532120001171,51024627.50000883,0.7251322493754353,0.04301291943527635,16863.000000001128,9.700280751682733e-06,0.06929047258557808,0.05638312625246198,0.0009731791789328177,0.00017376063147500978,9.700239881297723e-05
0.84,494.473252000117,50827948.333342,0.7244290829629901,0.04284712214159819,16798.000000001048,9.728373231932196e-06,0.06935708146689398,0.05647421969635373,0.0009821158282159357,0.00011267201830634695,9.28409309942346e-05
0.8405,494.0154440001169,50667579.1666752,0.7237583703849655,0.04271193357906062,16745.00000000098,9.750129217245848e-06,0.0694024405911621,0.05654136403824606,0.0009796416017273824,0.0002012473706690708,6.48433595604784e-05
0.841,493.51702400011675,50464848.3333417,0.7230281591105033,0.042541034830192365,16678.000000000895,9.779421524072118e-06,0.06947154291053165,0.05663549407139441,0.0009746236916975853,0.00024239986221946287,0.00011944894921337001
0.8415,493.09613600011664,50307505.00000824,0.7224115362565129,0.042408396995249835,16626.00000000083,9.801641643727628e-06,0.06952075826879023,0.056705515286621745,0.000984148618707946,0.00016187035950032707,9.801599878200234e-05
0.842,492.65309600011653,50119903.33334142,0.721762459568102,0.042250251884356826,16564.00000000075,9.829490147328105e-06,0.06958816628378214,0.05679570710287366,0.0009809448512055213,0.0001110590289613293,4.945288458631632e-05
0.8425,492.1768280001164,49953482.50000795,0.7210647021280603,0.04210996186662915,16509.00000000068,9.85270302225752e-06,0.06963660097024178,0.056866531102744616,0.0009773066989154466,0.00018209627100514153,9.852660802059443e-05
0.843,491.7670160001163,49787061.66667448,0.7204643061912802,0.041969671848901484,16454.00000000061,9.877405886945243e-06,0.06969480917702654,0.05694603689349272,0.000985667982001186,0.00021345681200787142,0.00016469765356597597
0.8435,491.3129000001162,49620640.83334101,0.7197990025856591,0.04182938183117381,16399.00000000054,9.901381597433826e-06,0.06974711786840068,0.05702028619355244,0.0009933632246105673,0.00015305735550794162,9.901338941504803e-05
0.844,490.8144800001161,49402780.83334083,0.7190687913111968,0.04164572944433031,16327.000000000447,9.934956529185425e-06,0.06982982439001896,0.057129574563568465,0.001001493419969558,0.00019245382864754805,0.00011682656166881952
0.8445,490.37144000011597,49221230.83334068,0.7184197146227859,0.041492685788627394,16267.000000000373,9.96260011580117e-06,0.06989533848055952,0.05721785522139685,0.0009924491032538532,0.0001342551792639011,9.962556911382529e-05
0.845,489.91732400011585,49048758.33334054,0.7177544110171648,0.041347294315709625,16210.0000000003,9.988373623458233e-06,0.06995327715079076,0.057298668099680906,0.0009894648529569007,0.00015991410405491007,0.00010252604833036762
0.8455,489.42628800011573,48903518.33334042,0.7170350176875093,0.0412248593911473,16162.000000000238,1.0007997475029212e-05,0.06998686101214459,0.05735430841158576,0.0010099457586657174,0.00020022317439212763,9.275060063098193e-05
0.846,489.00909200011563,48737097.50000695,0.7164238038059224,0.04108456937341962,16107.000000000171,1.0033611295790561e-05,0.07004648984334923,0.05743512115119827,0.0009964448820636697,0.00016908561876898795,1.436744399369888e-05
0.8465,488.5475920001155,48534366.66667345,0.7157476822554943,0.04091367062455137,16040.000000000084,1.0066013539547865e-05,0.07012638715403449,0.05753987707293645,0.0010123769291504655,0.00023758279362528478,0.00015238623821133644
0.847,488.0159440001154,48383075.00000666,0.7149687902294013,0.04078613424479894,15990.00000000002,1.0086501199025655e-05,0.07015951007826456,0.05759620237978925,0.0010053643720135856,0.0001845077236471452,8.213465238883936e-05
0.8475,487.53229200011526,48228757.500006534,0.7142602148445527,0.04065604713745146,15938.999999999956,1.0108746674638035e-05,0.07020202154622335,0.05766111853349585,0.0010026663601071558,0.00021195361608094643,0.00015946155585625145
0.848,487.04494800011514,48050233.33333972,0.7135462304873008,0.0405055542093436,15879.99999999988,1.0136161974934226e-05,0.07026200823997077,0.057745217089319276,0.0010151867183206017,0.0002313024107678259,0.00010671451649146251
0.8485,486.535452000115,47911045.00000627,0.7127997922956282,0.040388220739971364,15833.999999999822,1.0154974745385982e-05,0.07029038699195157,0.057795635721764445,0.0010195212144755346,0.00016151592559412,0.00012280828876537307
0.849,486.0813360001149,47753701.66667281,0.7121344886900071,0.040255582905028835,15781.999999999756,1.017892475421125e-05,0.07034037642782244,0.05786769026061497,0.001021370119665965,0.0002416370795759193,0.00016827675622055774
0.8495,485.6715240001148,47575177.500006,0.711534092753227,0.04010508997692097,15722.999999999682,1.0208506820601007e-05,0.07041281271334485,0.057961973251141295,0.0010184728753908716,0.00019626920097777162,4.514531607209492e-05
0.85,485.1989480001147,47454144.166672565,0.7108417442855887,0.04000306087311903,15682.99999999963,1.022458536594732e-05,0.07043394888517425,0.05800337227528207,0.0010247570029484974,0.00018425332039090028,0.00014799498749343794
0.8505,484.8039040001146,47305878.33333911,0.7102629842384223,0.039878075220961644,15633.999999999569,1.0248280363466923e-05,0.07048680271534388,0.05807626132192307,0.0010319298555472596,0.00019711217824336873,8.496731675189293e-05
0.851,484.31286800011446,47145509.16667231,0.7095435909087668,0.03974288665842407,15580.999999999502,1.0272725367922861e-05,0.070535069638567,0.058147592464325215,0.0010239012604447864,0.00022299817067487272,0.0001424630907358542
0.8515,483.82921600011434,47006320.833338864,0.7088350155239184,0.03962555318905184,15534.999999999442,1.029285439538085e-05,0.07056887831455766,0.05820293624740703,0.0010438787746904438,0.000191069481189437,0.00010791462073094597
0.852,483.46001600011425,46836874.16667206,0.7082941182835759,0.03948271244372911,15478.999999999372,1.0322209255034621e-05,0.07064246797090426,0.05829742449528352,0.0010400178801921202,0.00023811172679930729,0.00010654303744456062
0.8525,482.9431360001141,46655324.16667191,0.7075368621470965,0.0393296687880262,15418.999999999296,1.03512974055189e-05,0.07070410724819459,0.05838434401443286,0.0010382642174973933,0.00024006581753777928,0.00017937455705942072
0.853,482.459484000114,46464696.66667175,0.706828286762248,0.03916897294953814,15355.999999999214,1.0383355937114576e-05,0.07077804185700272,0.058483202511143965,0.0010511971350307904,0.00021450201528766392,0.00013685660643741478
0.8535,481.9610640001139,46304327.500004955,0.7060980754877857,0.039033784387000565,15302.999999999147,1.040855336901421e-05,0.0708272550071781,0.0585557757922196,0.0010463103902002388,0.00019224004734310544,7.767891178904052e-05
0.854,481.50694800011377,46180268.333338186,0.7054327718821646,0.03892920455560357,15261.999999999096,1.0426681467602195e-05,0.07085550170729679,0.05860404439332404,0.0010439542788042116,0.00019608563682793688,0.00010426633940248474
0.8545,480.99006800011364,45968460.00000468,0.7046755157456852,0.03875065362395017,15191.999999999007,1.0463480133988928e-05,0.07094231789048963,0.058718728594359705,0.0010547083253751922,0.00019206809940583943,0.00010428939239098093
0.855,480.5285680001135,45792961.6666712,0.7039993941952571,0.03860271142343735,15133.999999998932,1.049350272423741e-05,0.071009930290409,0.058809963728159505,0.0010495480426416053,0.00021949907323223322,9.200269161983114e-05
0.8555,480.0707600001134,45650747.50000442,0.7033286816172326,0.03848282722647007,15086.999999998874,1.0516164275296192e-05,0.07105269367844043,0.058874066500385625,0.001039324647938594,0.000211474505647088,8.657754755121449e-05
0.856,479.5538800001133,45493404.166670956,0.7025714254807531,0.038350189391527546,15034.999999998807,1.054117379836439e-05,0.07109882581809697,0.058944057472962746,0.0010480024297208528,0.0002342393537806795,0.00014148581365318007
0.8565,479.02223200011315,45302776.6666708,0.7017925334546601,0.03818949355303949,14971.999999998727,1.0573794086059393e-05,0.07116926718528381,0.05904126682911203,0.001057898580104524,0.0002155331168396311,0.0001126892653648858
0.857,478.446280000113,45124252.500003986,0.7009487337597259,0.03803900062493162,14912.999999998652,1.060286328288919e-05,0.07122417122154748,0.059122994646181246,0.0010606915768624837,0.0002218795562069958,0.00011506240528027542
0.8575,477.9552440001129,44972960.833337195,0.7002293404300706,0.03791146424517919,14862.999999998588,1.0627613462483396e-05,0.07127065027904285,0.05919255927679978,0.001067413095043074,0.00020936106810964748,0.00012942926294458272
0.858,477.49005200011277,44779307.5000037,0.6995478099072391,0.03774821767909608,14798.999999998507,1.0663185266991306e-05,0.07135507543523326,0.05930224326472471,0.0010733220094161927,0.00025601340927826593,0.0001304342935785548
0.8585,476.98424800011264,44621964.16667024,0.69880678068797,0.037615579844153556,14746.999999998441,1.0689449846234905e-05,0.07140504904524148,0.05937619851511997,0.0010677172216872943,0.00021999525394453178,0.00018001428327226094
0.859,476.4156800001125,44443440.00000343,0.6979737989378426,0.037465086916045685,14687.999999998367,1.0719595062850125e-05,0.07146303186274541,0.05946096949567156,0.0010671537712183279,0.00020829203420230977,0.00012693331081021085
0.8595,475.85080400011236,44258864.16666994,0.6971462261601188,0.03730949253274773,14626.999999998288,1.0751536736418593e-05,0.07152698137805524,0.05955243647998382,0.001067623540082422,0.00020717678291602096,0.0001257402517731517
0.86,475.33761600011223,44107572.50000315,0.6963943789960428,0.03718195615299529,14576.999999998225,1.0776780245616062e-05,0.0715722755560786,0.05962138994080596,0.0010697408172770668,0.00020968318219794898,0.00012617583704439364
0.8605,474.7838160001121,43932074.166669674,0.6955830331355292,0.03703401395248248,14518.999999998152,1.0807225131207677e-05,0.07163153707697978,0.05970704816262972,0.0010857054583983392,0.00022888311814711818,5.66996778250972e-05
0.861,474.25955200011197,43729343.333336174,0.694814959054243,0.036863115203614225,14451.999999998066,1.0845338984053982e-05,0.07171810798943026,0.0598212498778601,0.0010843565649394625,0.00020885322858089957,2.965886115384179e-05
0.8615,473.6946760001118,43568974.166669376,0.693987386276519,0.03672792664107665,14398.999999998,1.087229353135636e-05,0.07176439853486705,0.05989307400182989,0.0010841283158167664,0.00021393460179650427,0.0001596652612818629
0.862,473.2036400001117,43438863.333335936,0.6932679929468637,0.036618245354489556,14355.999999997943,1.0893554842098385e-05,0.07179729163092076,0.05994786252034743,0.001090310214552914,0.0002084192690004011,0.00010893502746999939
0.8625,472.6719920001116,43263365.00000246,0.6924891009207705,0.036470303153976744,14297.99999999787,1.0925456029601135e-05,0.07186193886977851,0.060038625107066285,0.0010950451055356915,0.00021728341152808968,3.81403207653185e-05
0.863,472.0591200001114,43072737.5000023,0.6915912115018021,0.03630960731548868,14234.99999999779,1.0959580175281086e-05,0.07192740001712543,0.060133447300853925,0.0010924748530451876,0.00019770656815152997,0.00010959527416008851
0.8635,471.4684000001113,42903290.8333355,0.6907257759172543,0.03616676657016596,14178.999999997719,1.0989096426929197e-05,0.07197911316323861,0.06021250551267556,0.0010965781276601255,0.00016943240886153023,0.00010422172777126212
0.864,470.98844000011115,42688456.66666865,0.6900226095048092,0.03598566491091751,14107.999999997628,1.1033156894797304e-05,0.07208654689443292,0.06034766474308214,0.0011035192774590413,0.00024677133071716395,0.00015301684320570037
0.8645,470.412488000111,42470596.666668475,0.689178809809875,0.035802012524074014,14035.999999997535,1.1076192116916912e-05,0.0721828224326631,0.060474371835645774,0.001098676124348218,0.0002228787358895777,0.00012502927170019386
0.865,469.8993000001109,42334434.16666836,0.6884269626457991,0.035687229782296825,13990.99999999748,1.1099694828803968e-05,0.07221993860800158,0.06053429930143585,0.0011037563878337493,0.00021917408270591128,0.00014063760390028675
0.8655,469.39718800011076,42189194.16666824,0.6876913423989334,0.0355647948577345,13942.999999997419,1.1126005065319785e-05,0.07226683971917372,0.060604710136504494,0.0011084976798494681,0.00024609593096128267,0.00011562974059010758
0.866,468.8396960001106,42028825.000001445,0.6868745875660163,0.03542960629519692,13889.999999997352,1.1155193988889636e-05,0.07231858897528855,0.06068229097793908,0.0011172041092752973,0.0002173967394273806,0.00012064616240463947
0.8665,468.2637440001105,41859378.33333464,0.6860307878710822,0.0352867655498742,13833.99999999728,1.1186590977802684e-05,0.07237579319762924,0.0607664199389105,0.0011257265471844328,0.00023570679358840815,5.00273856572963e-05
0.867,467.5659560001103,41702035.00000118,0.685008492086835,0.03515412771493168,13781.999999997215,1.1212065694158501e-05,0.07240414782625744,0.06082375173098252,0.001125307960051589,0.0002445506537233995,0.00013168015085708638
0.8675,466.98631200011016,41559820.833334394,0.6841592834194974,0.03503424351796439,13734.999999997153,1.1236485207018715e-05,0.0724380088980036,0.0608829711608914,0.0011297545964097963,0.00021445545478989626,0.00011236429602772695
0.868,466.40297600011,41414580.833334275,0.6833046657797563,0.03491180859340206,13686.999999997093,1.126180602616907e-05,0.07247427218071362,0.06094462982632596,0.0011260913541630186,0.0002394783367303387,0.00010870234148335153
0.8685,465.8491760001099,41211850.000000775,0.6824933199192428,0.034740909844533804,13619.999999997008,1.1303767629943842e-05,0.07256604574357303,0.061065572934297305,0.0011293519287711017,0.0002465464079727846,0.00011165187027450324
0.869,465.33598800010975,41066610.000000656,0.6817414727551668,0.03461847491997147,13571.999999996946,1.1331249109680646e-05,0.07261417274803347,0.06113763628345712,0.0011350823758922233,0.00024983895161917105,0.0001624996083669562
0.8695,464.7341920001096,40909266.66666719,0.6808598102534087,0.03448583708502895,13519.99999999688,1.1360120331337406e-05,0.07265959229003878,0.06121024948873271,0.0011340588988696942,0.00021032568936458782,0.0001120974038165698
0.87,464.17670000010946,40764026.666667074,0.6800430554204916,0.03436340216046661,13471.999999996819,1.1386919741657142e-05,0.07270160085619441,0.061277196420891356,0.0011357321078454942,0.00022900545600567425,2.9612717150354753e-05
0.8705,463.66351200010934,40579450.83333359,0.6792912082564156,0.03420780777716865,13410.99999999674,1.1426066703180653e-05,0.07278619400753691,0.06138885805390845,0.0011475314814573627,0.00024602146025397157,0.0001589635416387123
0.871,463.0949440001092,40403952.50000011,0.6784582265062884,0.034059865576655836,13352.999999996668,1.1461624800200127e-05,0.0728546513026341,0.061484602384392836,0.0011450743395168873,0.00026446414188337886,0.0001513083895694763
0.8715,462.47838000010904,40201221.66666661,0.6775549281149166,0.03388896682778758,13285.999999996582,1.150408770745341e-05,0.07294087636189157,0.06160185331548114,0.0011548681304035956,0.00024057130087466047,7.890466641275219e-05
0.872,461.8618160001089,40071110.83333317,0.6766516297235446,0.033779285541200486,13242.999999996528,1.1526054716105073e-05,0.07296179897631878,0.061648175985634726,0.0011509564366004809,0.00022928499368041707,0.0001346447061738422
0.8725,461.28955600010875,39874431.666666344,0.675813239001014,0.03361348824752233,13177.999999996446,1.1568555004276862e-05,0.07305089337649048,0.06176716212886129,0.001156665979719108,0.0002391371415356232,0.00013793014933234649
0.873,460.6988360001086,39714062.499999546,0.6749478034164661,0.03347829968498476,13124.99999999638,1.160039560294578e-05,0.07310450113592667,0.06184763862852776,0.0011647155060990047,0.00025187744695175226,8.457891481301267e-05
0.8735,460.08965600010845,39571848.33333276,0.6740553229699011,0.033358415488017476,13077.99999999632,1.1626691079086106e-05,0.07313890597739132,0.061908278649193356,0.0011658347905861694,0.00025181648910257493,0.00015679658731918426
0.874,459.5358560001083,39399375.83333262,0.6732439771093874,0.03321302401509971,13020.999999996246,1.1663531370244e-05,0.07321058690023292,0.06200768890361135,0.0011669570416247806,0.0002428780706026984,3.688113934229445e-05
0.8745,458.95252000010817,39217825.83333247,0.6723893594696465,0.03305998035939679,12960.99999999617,1.170265077800488e-05,0.07328669806885064,0.06211213625726419,0.001181489362466888,0.0002605939695817641,0.0001719085125429311
0.875,458.321188000108,39012069.166665636,0.6714644251886609,0.03288653088293349,12892.999999996082,1.1748189670280971e-05,0.07337862877484422,0.062236243319638,0.001174724736379459,0.00023290118046422742,0.00014656165840177545
0.8755000000000001,457.74523600010787,38848674.1666655,0.6706206254937268,0.03274879159280086,12838.999999996015,1.1782776267635944e-05,0.07344037391039618,0.0623250976698335,0.0011721054142096162,0.00025635043589597716,0.00012443445664105638
0.876,457.1102120001077,38709485.833332054,0.6696902822403378,0.03263145812342863,12792.999999995956,1.1808738921726989e-05,0.07347022461318918,0.06238203274566999,0.0011838734570123115,0.0002652629015098413,0.00017138171329451662
0.8765000000000001,456.5933320001076,38530961.66666524,0.6689330261038584,0.03248096519532076,12733.999999995882,1.1850037275221338e-05,0.07355696181755038,0.06249582563552874,0.0011857706969133003,0.00023591590411910592,0.00015939512368249505
0.877,455.9693840001074,38349411.66666509,0.6680189097676797,0.032327921539617846,12673.999999995805,1.1889866472096495e-05,0.07363011343673376,0.06259870998460514,0.001183161538876135,0.0002502087522145597,3.6151636589927846e-05
0.8775000000000001,455.34543600010727,38170887.49999828,0.6671047934315011,0.03217742861150998,12614.999999995729,1.192912886817546e-05,0.07370110437775483,0.06269977004276739,0.0011861763708695785,0.00025152231704856097,0.00011839245777613728
0.878,454.7547160001071,38001440.83333147,0.6662393578469532,0.03203458786618726,12558.99999999566,1.1966775628181889e-05,0.07376941063113514,0.06279636948357248,0.0012028070726199532,0.00022370528271756676,0.0001375928469712657
0.8785000000000001,454.10123200010696,37831994.16666467,0.6652819697315472,0.03189174712086454,12502.999999995589,1.2003100603145957e-05,0.073828185429013,0.06288504155657779,0.0011971694801611453,0.00024810074402607796,9.462229774594494e-05
0.879,453.4772840001068,37686754.16666455,0.6643678533953685,0.031769312196302205,12454.999999995527,1.2032802878026193e-05,0.073868673211104,0.062952626851294,0.0011973684388755144,0.0001986116595765955,0.00012573745468711078
0.8795000000000001,452.91610000010667,37532436.66666442,0.663545689590048,0.03163922508895473,12403.999999995463,1.2067324698968398e-05,0.07392877420740722,0.06303918970671273,0.0012013183537548983,0.00024911899712087013,9.341086729786235e-05
0.88,452.36230000010653,37387196.6666643,0.6627343437295343,0.0315167901643924,12355.9999999954,1.2099390709425619e-05,0.07398166080521443,0.06311785200412738,0.0012056023064051181,0.0002515896252594827,0.00011406559437996422
0.8805000000000001,451.71989200010637,37235904.99999751,0.6617931825313386,0.03138925378463997,12305.999999995338,1.2131298863291668e-05,0.07402652803488458,0.06319057006787526,0.0012127690571065136,0.0002430459329897629,0.00010842959266891491
0.881,451.0737920001062,37060406.666664034,0.6608466123607394,0.03124131158412715,12247.999999995263,1.2171312529224043e-05,0.07409546424863796,0.0632902198777597,0.0012195641332000153,0.00024102761376341845,0.00010619533353862307
0.8815000000000001,450.40923200010604,36869779.16666388,0.659872997328123,0.03108061574563909,12184.999999995183,1.2216217242964865e-05,0.07417731877503543,0.06340418102164086,0.0012173231072926981,0.0002512688869970196,9.047012933974727e-05
0.882,449.65606400010586,36688229.16666373,0.6587695669578245,0.030927572089936177,12124.999999995107,1.2256139754182518e-05,0.07423627851210118,0.06349656050690236,0.0012264190750792096,0.00022813990247862574,0.00013194111661617996
0.8825000000000001,448.9139720001057,36533911.6666636,0.6576823635047362,0.030797484982588698,12073.999999995041,1.2287596688140293e-05,0.074270123486458,0.06356146963082421,0.0012293103816361042,0.0002649798184977747,0.00011661343980203174
0.883,448.2531040001055,36370516.66666347,0.6567141574445233,0.030659745692456074,12019.999999994972,1.2324628437598354e-05,0.07432718383562414,0.06364854020053541,0.0012357235966477026,0.0002661791044732417,0.00011633418928797177
0.8835000000000001,447.62915600010535,36195018.33332999,0.6558000411083447,0.030511803491943257,11961.9999999949,1.236714820469944e-05,0.07440344946335986,0.06375474387887377,0.0012396904512574742,0.0002702200583355638,0.00011759480065789055
0.884,446.9202920001052,36049778.33332987,0.6547615184068872,0.030389368567380927,11913.999999994838,1.2397310404178115e-05,0.07443511731561898,0.06381588535673462,0.001239980735663796,0.0002725844468985903,0.0001339943552406962
0.8845000000000001,446.189276000105,35904538.33332975,0.6536905418710092,0.030266933642818593,11865.999999994778,1.2427099656811708e-05,0.07446351878644958,0.06387446949936028,0.0012392174751663493,0.00025865075569073446,0.0001260558521048384
0.885,445.4841040001048,35744169.166662954,0.6526574281419552,0.03013174508028102,11812.99999999471,1.2463126557032655e-05,0.07451242649341999,0.06395417050622496,0.0012446779060854437,0.0002612937569359869,0.00010964739989209065
0.8855000000000001,444.85277200010466,35550515.83332946,0.6517324938609697,0.02996849851419791,11748.99999999463,1.2513257869047417e-05,0.0746092100971487,0.06408293024450444,0.0012495689708122907,0.0002737172911333051,0.0001459230698230057
0.886,444.1217560001045,35356862.49999597,0.6506615173250917,0.0298052519481148,11684.999999994548,1.2561118962412321e-05,0.07469031297991874,0.06419827104867068,0.001256454106589256,0.00026726999978836103,9.121051927017489e-05
0.8865000000000001,443.4276600001043,35163209.16666248,0.649644630513248,0.02964200538203169,11620.999999994467,1.2610557184880299e-05,0.07477864908160832,0.06432044491214892,0.0012579479964766836,0.00026365645909299243,0.00013887164100659063
0.887,442.75571600010414,34987710.833329,0.6486601975358247,0.029494063181518874,11562.999999994394,1.2654606587703325e-05,0.07485235979245398,0.06442560197126607,0.0012631251186850615,0.0002817879733858247,0.00013256299075073167
0.8875000000000001,442.06162000010397,34827341.6666622,0.6476433107239811,0.0293588746189813,11509.999999994325,1.2692947518967804e-05,0.07490688354654425,0.06451075433335664,0.0012690414124775428,0.0002466118277189377,7.0269756303729e-05
0.888,441.3786000001038,34630662.49999537,0.6466426508293476,0.02919307732530314,11444.999999994243,1.2745312048250962e-05,0.07500322719072362,0.06464093862537575,0.0012743260040562585,0.0002652695813165651,0.00013630684548882464
0.8885000000000001,440.5922040001036,34464241.6666619,0.6454905397074182,0.02905278730757547,11389.999999994174,1.2784038838327296e-05,0.07505014220928459,0.06472118786415686,0.0012762881923027315,0.00021806636611786397,0.00011220922614422556
0.889,439.8353440001034,34282691.666661754,0.6443817003647163,0.028899743651872555,11329.999999994096,1.282966192610313e-05,0.07511933595586345,0.0648249909761473,0.0012825056849268882,0.00022632891426790648,0.0001282958834839976
0.8895000000000001,439.20401200010326,34131399.99999496,0.6434567660837307,0.028772207272120126,11279.999999994034,1.286803389254962e-05,0.0751775755808272,0.06491181140676282,0.0012888557914495814,0.0002481002018998051,8.902737545185893e-05
0.89,438.4545360001031,33952875.83332815,0.6423587446858356,0.02862171434401226,11220.99999999396,1.2913619987668792e-05,0.07524633471124527,0.06501426155477434,0.0012910087293208495,0.00029063331707377635,0.0001795091554272849
0.8905000000000001,437.7161360001029,33801584.16666136,0.6412769502051509,0.02849417796425983,11170.999999993895,1.2949574606974312e-05,0.07528753743411115,0.0650868373326704,0.001293982273340007,0.00024384222776209128,0.00014799127600339317
0.891,436.9297400001027,33653318.333327904,0.6401248390832215,0.02836919231210245,11121.999999993832,1.2983258758391083e-05,0.07531764284274793,0.06514880282659098,0.00129574181755619,0.00028796890347198634,0.00015407415160108442
0.8915000000000001,436.1987240001025,33492949.166661184,0.6390538625473435,0.028234003749564942,11068.999999993817,1.3023598543967393e-05,0.07537142963441007,0.06523445834502173,0.001302036288952922,0.000256124894479674,6.5004462603336e-05
0.892,435.4381720001023,33323502.499994587,0.6379396142322381,0.028091163004242397,11012.999999993883,1.3066998944668948e-05,0.07543106356772064,0.06532754687023148,0.0013050349757760503,0.00026127872868274797,0.00013941960645710494
0.8925000000000001,434.5742440001021,33154055.83332799,0.6366739146898369,0.027948322258919852,10956.99999999395,1.310772492466059e-05,0.07547353682887993,0.06540593097602163,0.0013085824274463624,0.00026408780865916375,0.00015219082754482874
0.893,433.8210760001019,32996712.49999472,0.6355704843195383,0.02781568442397749,10904.999999994012,1.3147402972346755e-05,0.07552215243344243,0.06548689767477794,0.0013190334690906475,0.0002605712668044446,0.00017234448448419853
0.8935000000000001,433.06421600010174,32839369.166661453,0.6344616449768364,0.027683046589035126,10852.999999994074,1.3187348813014008e-05,0.07557078649012974,0.06556771852156354,0.0013150640325050918,0.0002573794546953141,0.00014708923726271413
0.894,432.37750400010157,32660844.99999486,0.6334555761097995,0.027532553660927446,10793.999999994145,1.3238405313768509e-05,0.07565687931591251,0.06568670372604514,0.001324625549988986,0.0002863579009113589,0.00011963258294106458
0.8945000000000001,431.57264800010137,32506527.499994922,0.6322764201258531,0.027402466553580127,10742.999999994205,1.3276491867677001e-05,0.07569508170720415,0.06575792115097119,0.0013302304207185563,0.00023706571673919497,0.00010582701785117757
0.895,430.8564000001012,32391545.833328303,0.6312270794795888,0.0273055389049684,10704.99999999425,1.3301507813708122e-05,0.07570346333484476,0.06579381328725449,0.00133318067159536,0.00027073836482421014,0.0001721893040217814
0.8955000000000001,430.092156000101,32216047.49999504,0.6301074221920799,0.027157596704455767,10646.99999999432,1.3350245898419637e-05,0.07577473517025103,0.06589967210945935,0.0013350320129893619,0.0002740791930034584,0.00013767402404809534
0.896,429.3537560001008,32064755.833328437,0.6290256277113951,0.027030060324703495,10596.99999999438,1.3390208184708087e-05,0.07582288913759541,0.0659791986402576,0.0013369715709052265,0.000269846772931064,0.00018939026924047163
0.8965,428.60428000010063,31940696.66666182,0.6279276063135001,0.02692548049330663,10555.999999994428,1.3418751772169621e-05,0.07583738337227594,0.06602263766813289,0.0013448863865000208,0.00025536435920629324,9.39554635929126e-05
0.897,427.87695600010045,31789404.999995217,0.6268620387500254,0.026797944113554358,10505.999999994487,1.3459734650590813e-05,0.07588863190487048,0.06610531869389422,0.0013491345588840047,0.00025659536182760047,0.00015106759873910992
0.8975,427.14594000010027,31632061.666661948,0.6257910622141475,0.026665306278611994,10453.999999994548,1.3503575723307443e-05,0.07594716310001871,0.06619575527975194,0.0013510524188307736,0.0002715903251150659,0.00011789394274857692
0.898,426.3964640001001,31438408.333328694,0.6246930408162524,0.026502059712529086,10389.999999994627,1.356291512850114e-05,0.07604704403807547,0.06633149615854352,0.0013561013009613806,0.00027563074278108226,0.00015659804667916908
0.8985,425.6285280000999,31275013.33332876,0.6235679745563402,0.026364320422396635,10335.999999994689,1.360921971363387e-05,0.0761081196528417,0.06642630480693196,0.0013618450715963222,0.0002731218462212761,0.00011564878649456297
0.899,424.8642840000997,31075308.333328843,0.6224483172688314,0.026195972401123636,10269.999999994769,1.3672085870968653e-05,0.07621518550656253,0.06657031448899267,0.0013667745902784542,0.00028237500731031074,0.00014538809211860925
0.8995,424.0520440000995,30887706.666662253,0.621258343340078,0.026037827290230818,10207.999999994843,1.372882903144725e-05,0.0763001400444303,0.06669235010956594,0.0013678064201527295,0.0002610769208974181,0.0001570524204756964
0.9,423.2656480000993,30736414.99999565,0.6201062322181488,0.025910290910478546,10157.999999994901,1.377082031200318e-05,0.076345847481322,0.06677092464705399,0.0013808545861947014,0.0002861348510638826,0.00013219237416603363
0.9005,422.3500320000991,30594200.83332904,0.6187648070620996,0.025790406713511408,10110.999999994958,1.3804904867460858e-05,0.0763575483037596,0.0668176780545194,0.001380916311655502,0.000299619495088293,0.00015014628137490128
0.901,421.5636360000989,30424754.166662443,0.6176126959401702,0.025647565968188867,10054.999999995025,1.3855942226873344e-05,0.0764273145361367,0.06692188354839458,0.0013836015869445396,0.00025939781998088817,0.00014106271684039988
0.9015,420.7624720000987,30264384.999995843,0.6164389489286272,0.025512377405651456,10001.999999995089,1.3902891864485482e-05,0.07648390706098475,0.06701269219397729,0.001388289778512803,0.0002707319031098078,0.00011950963701589133
0.902,419.81732000009845,30061654.166662592,0.6150542519933506,0.025341478656783413,9934.999999995167,1.3965210220057097e-05,0.07656898743040075,0.06713957105753783,0.001396817700815821,0.00027490320343574303,0.0001331214862283325
0.9025,418.98292800009824,29849845.833329346,0.6138318242301767,0.025162927725130232,9864.99999999525,1.4036351488699343e-05,0.07668744440632926,0.0672982432438332,0.0014059485571220063,0.000295680740581667,0.0001419728795747968
0.903,418.13746000009803,29695528.33332941,0.6125931695497926,0.025032840617782912,9813.999999995312,1.4080822381960874e-05,0.07673129525227297,0.06737675706125563,0.0014071907316949145,0.0002842720967005255,0.00014637472181426277
0.9035,417.37690800009784,29559365.833329465,0.6114789212346872,0.02491805787600587,9768.999999995365,1.4119954749823736e-05,0.07676793156537087,0.06744419527972266,0.0014119736405297308,0.00027673357276838414,0.00010087783878278232
0.904,416.54990000009764,29356634.999996215,0.6102673114163202,0.024747159127137826,9701.999999995445,1.418929315298403e-05,0.07687991082619883,0.06759543995781331,0.0014182141218461986,0.0003009705029089516,0.00014043050016772086
0.9045,415.71920000009743,29232575.8333296,0.6090502926255498,0.02464257929574096,9660.999999995494,1.4221093699382935e-05,0.07688922987715711,0.06763626170406992,0.0014198524745499966,0.00028745160709323493,0.00015467541654217026
0.905,414.8589640000972,29081284.166662995,0.607790002055552,0.02451504291598869,9610.999999995553,1.4265496723685475e-05,0.07692945502259947,0.06771115450482973,0.001424936252386126,0.00030096845246247513,0.00013800012628362282
0.9055,414.061492000097,28893682.499996405,0.6066216640164124,0.02435689780509587,9548.999999995627,1.4330519898256255e-05,0.07703043623129427,0.06784933697534931,0.0014302730044302824,0.00027648646414122073,0.0001463994285876715
0.906,413.2307920000968,28712132.49999648,0.6054046452256419,0.024203854149393147,9488.9999999957,1.439220134555131e-05,0.07711855956424461,0.06797490951042469,0.0014435417305225496,0.0002761424935044323,0.00015509471810198707
0.9065,412.2930240000966,28515453.333329894,0.6040307662351722,0.024038056855715192,9423.999999995776,1.4458582130209152e-05,0.07720844396496179,0.06810599853555611,0.001441710015614323,0.0002714995086927124,0.00014023379367209123
0.907,411.35525600009635,28358109.999996625,0.6026568872447025,0.02390541902077283,9371.999999995838,1.4505735960546922e-05,0.07724624183538685,0.0681812332448471,0.0014497673570496071,0.00029302085457266975,0.00014919653616402888
0.9075,410.4507160000961,28185637.499996696,0.6013316890058635,0.02376002754785524,9314.999999995905,1.4562406686744064e-05,0.07731184409579564,0.06828512592956593,0.001459860084476616,0.00028856037627408723,0.00014529671305672863
0.908,409.5646360000959,28025268.333330095,0.6000335356290417,0.02362483898531783,9261.99999999597,1.4614120055114902e-05,0.07736535144241542,0.06837514535654934,0.0014606500159757994,0.0002751795012090161,0.00012509079839633988
0.9085,408.7450120000957,27846744.1666635,0.5988327437554816,0.02347434605721015,9202.99999999604,1.4678377104114793e-05,0.07745762758043179,0.06850446446487814,0.0014675505670245623,0.00030301130539927456,0.0001383955983910561
0.909,407.8552400000955,27668219.999996908,0.5975291814062563,0.02332385312910247,9143.99999999611,1.474092803946698e-05,0.07753795974884346,0.0686234880134959,0.0014748838476913162,0.00030340338132741734,0.00014753494789430328
0.9095,406.88793600009524,27486669.999996983,0.5961120306365593,0.023170809473399744,9083.999999996182,1.4803100411950226e-05,0.07760910547499579,0.06873542297994181,0.0014801909449142796,0.0002947359245501038,0.00012988614470491725
0.91,405.935400000095,27262758.333330408,0.5947165157564758,0.02298205563136638,9009.99999999627,1.4889740613803332e-05,0.07774472852228972,0.06891592533160455,0.001486786236244374,0.0002869263844088175,0.00012269874862428693
0.9105,404.91271600009475,27102389.166663807,0.5932182304007273,0.02284686706882897,8956.999999996331,1.4940111497555396e-05,0.07777795958792988,0.06898881776954875,0.0014904187773884731,0.0002806480156489054,0.00010338991792436337
0.911,403.9749480000945,26942019.999997206,0.5918443514102576,0.022711678506291563,8903.999999996397,1.4994233839932432e-05,0.07782843028835977,0.0690772545657331,0.001499404698537319,0.00029577191125546747,0.0001356152856952314
0.9115,403.0039520000943,26733237.49999729,0.590421791668157,0.02253567830223343,8834.999999996478,1.5075014838742786e-05,0.07794395440578064,0.0692369395648001,0.0015069124390661324,0.0003014480857916114,0.00012488828465709022
0.912,402.02557200009403,26591023.333330683,0.5889884139812497,0.02241579410526629,8787.999999996535,1.5118845444965353e-05,0.07796237462142515,0.06929204825090829,0.0015112526209075424,0.0003042335824333491,0.00014663367188279093
0.9125,401.1321080000938,26460912.499997403,0.587679442659621,0.02230611281867934,8744.999999996586,1.5159420824967135e-05,0.07798012377515508,0.0693435226607423,0.0015144486445192124,0.00031834439727928735,0.00012027334845391442
0.913,400.2017240000936,26288439.999997474,0.5863163816139582,0.022160721345761747,8687.999999996653,1.5223486977551047e-05,0.0780540506174264,0.06945649070501136,0.0015253899506235166,0.00028710912188951174,0.00011014341109352106
0.9135,399.20857600009333,26152277.49999753,0.584861368037437,0.022045938603984704,8642.999999996708,1.5264772867301175e-05,0.07806277751057521,0.06950190582040941,0.001526293118626846,0.00032640973987333377,0.00016266034363412386
0.914,398.2523480000931,25967701.666664273,0.5834604441849501,0.021890344220686933,8581.99999999678,1.533644960621774e-05,0.07815206869852818,0.06963206829548568,0.001533726050244399,0.00029777966263980866,0.00014604908229671283
0.9145,397.32565600009286,25767996.666664355,0.5821027921116907,0.021721996199413934,8515.999999996857,1.5419345987191418e-05,0.07827177186462932,0.06979419090167358,0.0015434516326943701,0.00031485115113421934,0.0001426547619766977
0.915,396.2734360000926,25619730.833331082,0.5805612349767149,0.021597010547256705,8466.999999996917,1.5467509732168763e-05,0.07829004806686349,0.06985167505297554,0.001547004014084742,0.000286659243670447,8.411973290274411e-05
0.9155,395.3873560000924,25410948.333331168,0.579263081599893,0.02142101034319857,8397.999999996997,1.5559724525568713e-05,0.07843523718363311,0.07003952795659237,0.0015531032955117985,0.00031673944974879573,0.0001286677314370279
0.916,394.44958800009215,25256630.83333123,0.5778892026094233,0.021290923235851255,8346.999999997059,1.5617664549284864e-05,0.07848789255126083,0.07012966471964772,0.0015598280884041862,0.0003216231702358718,0.00012962003979456038
0.9165,393.58196800009193,25105339.166664626,0.5766180940946186,0.021163386856098983,8296.999999997119,1.5677221701218757e-05,0.07855087221594834,0.07022842158349527,0.001569614628587923,0.0003243522044046839,0.00018284423103814165
0.917,392.5777440000917,24941944.166664694,0.5751468536008872,0.02102564756596653,8242.999999997182,1.5739660925260914e-05,0.07860666739493478,0.07032432940397322,0.0015752298062280084,0.00033368277769795207,0.00016116322944606962
0.9175,391.57352000009143,24757368.333331436,0.5736756131071559,0.020870053182668755,8181.999999997255,1.5816443602889193e-05,0.07869731789492708,0.07045755713654843,0.0015795638089986623,0.00030712491297212643,9.994817159937171e-05
0.918,390.47330400009116,24551611.666664854,0.5720637393309355,0.020696603706205664,8113.999999997336,1.5904182149079012e-05,0.07880435031680838,0.07061160517185457,0.0015916188653386778,0.0003291002393158909,0.00019307006192767227
0.9185,389.3804720000909,24445707.49999823,0.570462683499522,0.020607328240379075,8078.999999997379,1.592837810074096e-05,0.07875383452828431,0.07059616471047327,0.0015911070821264671,0.0003266496149822585,0.00014195268432070523
0.919,388.2654880000906,24276260.833331633,0.5688291738336879,0.02046448749505653,8022.999999997445,1.5993628123611064e-05,0.07880190811682211,0.07068735495711874,0.001598144066873213,0.00032388340131398705,0.00015630517601095234
0.9195,387.24649600009036,24088659.166665044,0.5673362974503428,0.020306342384163713,7960.999999997519,1.607588422920522e-05,0.07890054802572892,0.07082923273610249,0.0016065297113803175,0.00033227344171554154,0.00017421874051055383
0.92,386.1167440000901,23904083.333331786,0.565681151894895,0.020150748000865942,7899.999999997592,1.6152752591089322e-05,0.07897350604313501,0.07094769327280798,0.0016139573938619867,0.0003161855679823085,0.0001469906118235706
0.9205,385.0866760000898,23761869.166665178,0.5641720485943397,0.020030863803898805,7852.999999997647,1.6206076773636836e-05,0.07899816784873546,0.07101066504355205,0.0016179103932824508,0.0003252862193586016,0.00014989116098846402
0.921,384.01599600008956,23583344.999998584,0.5626034465973467,0.019880370875791125,7793.999999997718,1.6283355732620315e-05,0.079076135022166,0.07113204710870517,0.0016278738865637165,0.0003294907157534807,0.00015808261918019454
0.9215,382.9527000000893,23435079.166665312,0.5610456625451605,0.0197553852236339,7744.999999997775,1.6341003044052506e-05,0.07910623964262858,0.07120191064174203,0.0016318520820192237,0.00033156312700194314,0.00015708607731063169
0.922,381.91894000008904,23256554.99999872,0.5595311502722018,0.019604892295526217,7685.999999997846,1.642199113325727e-05,0.07919491848834614,0.07133340609658777,0.0016442281462126333,0.00033530785772947297,0.0001644841527735753
0.9225,380.79657200008876,23078030.833332125,0.5578868226615609,0.019454399367418537,7626.999999997916,1.6500392721986297e-05,0.07926700717506917,0.0714500268202979,0.0016539427668825454,0.00033390095452954155,0.00013521953281811489
0.923,379.57452000008846,22854119.16666555,0.5560964527960275,0.019265645525385174,7552.9999999980055,1.6608582340540448e-05,0.07939873908734704,0.07163371087601585,0.0016594212300012642,0.00033793302857345003,0.00018209412342918776
0.9235,378.4410760000882,22696775.83333228,0.5544358982681762,0.01913300769044281,7500.999999998066,1.6673781279731944e-05,0.07943556293017277,0.07171294597912106,0.0016693466910916094,0.0003297113840082119,0.00016869962397244605
0.924,377.2264080000879,22533380.83333235,0.5526563463474496,0.018995268400310357,7446.99999999813,1.6740781633711988e-05,0.07946716103833053,0.07178940773344397,0.0016763349068219767,0.00033323445262329476,0.00016798496393918656
0.9245,376.1372680000876,22357882.499999087,0.5510606994884396,0.01884732619979772,7388.999999998199,1.682347458441572e-05,0.07954810043506196,0.07191407079375586,0.0016806693905991406,0.00033055033568677936,0.00017126963203068822
0.925,375.05920400008733,22167254.999999166,0.5494812795466397,0.01868663036130986,7325.999999998275,1.6919515023402826e-05,0.07966042962257402,0.07207188409008793,0.0016920521874946649,0.0003390065699086414,0.00016503751672093927
0.9255,373.84084400008703,21973601.66666591,0.5476963186535098,0.01852338379522695,7261.999999998351,1.7013180163687315e-05,0.07975077154852343,0.07221067340140734,0.0017010974133948931,0.0003480752695372354,0.00019366777358314076
0.926,372.6114080000867,21801129.166665982,0.5458951308431695,0.018377992322309362,7204.999999998418,1.7091381145973445e-05,0.0798023014199765,0.07230860160679087,0.0017083041988440564,0.0003609246025122612,0.00017058443234079453
0.9265,371.3708960000864,21628656.666666053,0.544077716115619,0.01823260084939177,7147.999999998487,1.7170317219582152e-05,0.0798531126189658,0.07240571892861344,0.0017150780737175911,0.0003431742107354974,0.00017273794212176253
0.927,370.28175600008615,21471313.333332784,0.5424820692566089,0.018099963014449407,7095.9999999985475,1.7245417187650482e-05,0.07991011607831355,0.07250443274873578,0.001723008505175685,0.000346060887082263,0.00014103975344730574
0.9275,369.15200400008587,21268582.499999534,0.5408269237011611,0.017929064265581364,7028.999999998628,1.7356681104633747e-05,0.0800450906888108,0.0726876372345134,0.0017340074951933033,0.0003428639008446991,0.0001799340415921379
0.928,367.94472000008557,21123342.499999594,0.5390581897252414,0.017806629341019183,6980.999999998686,1.741886824966705e-05,0.08005712577582609,0.07274207023293047,0.0017411154760482769,0.00034760773756601813,0.00015903304993039095
0.9285,366.72636000008526,20938766.666666336,0.5372732288321115,0.017651034957721412,6919.999999998758,1.7514229268522233e-05,0.08014294760457907,0.07287573514207271,0.0017502388912821038,0.00035017318125793776,0.00017114247975877556
0.929,365.41570000008494,20729984.166666422,0.5353530436288959,0.017475034753663275,6850.99999999884,1.7627398895348372e-05,0.0802576504692108,0.07304309880932072,0.0017624704307672605,0.00035253462080073953,0.0001615035346603731
0.9295,364.23056800008465,20530279.166666504,0.5336167634873967,0.017306686732390275,6784.999999998919,1.774114053896836e-05,0.08038549298357482,0.07321993655681533,0.0017720594083978065,0.0003482119902248817,0.00018828382857130106
0.93,363.01220800008434,20345703.333333246,0.5318318025942668,0.017151092349092505,6723.999999998991,1.7842204914358783e-05,0.08047918787375882,0.07336157212888848,0.0017857683935173438,0.0003567229001178024,0.000176500244228776
0.9305,361.690472000084,20194411.66666664,0.5298953904738409,0.017023555969340232,6673.9999999990505,1.7910423832604076e-05,0.08048596756781255,0.07341372330368796,0.0017892120803809106,0.00034861665873475077,0.00017601656223676363
0.931,360.5127240000837,20012861.666666716,0.5281699282771486,0.016870512313637506,6613.999999999123,1.8014051663613465e-05,0.08058694583924787,0.07356162352269108,0.0017996228522718745,0.000358566753445396,0.00017100269608975413
0.9315,359.2500600000834,19825260.000000127,0.5263200597151776,0.016712367202744688,6551.999999999196,1.812082464492678e-05,0.08068375313304574,0.07370739768724036,0.0018108496444274062,0.00036527876519726294,0.00018906783627770628
0.932,357.9578600000831,19661865.000000194,0.5244269193739791,0.016574627912612234,6497.999999999261,1.820569208465624e-05,0.0807268916211205,0.07379717788605743,0.0018198640705507278,0.0003697677249726876,0.00019937675053041144
0.9325,356.60658800008275,19504521.666666925,0.5224472354743258,0.01644199007766987,6445.999999999322,1.828327780063023e-05,0.0807458827370327,0.07386326436966746,0.001826758555667969,0.00036416922040105186,0.00016995886775170383
0.933,355.2627000000824,19341126.666666992,0.5204783695194795,0.016304250787537417,6391.999999999386,1.8368252590597606e-05,0.08078066015832039,0.07394545191352983,0.0018373049118816662,0.0003651635628025779,0.00017332226752775148
0.9335,353.9225040000821,19174705.833333727,0.5185149125370365,0.01616396076980992,6336.999999999452,1.8457780112840923e-05,0.08082439955623456,0.0740372277089546,0.0018461537642040285,0.00036463723737143903,0.0001815647112415465
0.934,352.54908000008174,18944742.500000488,0.5165027748029627,0.015970105472586465,6260.999999999543,1.860933607305946e-05,0.08099792352630716,0.07426793671522684,0.0018608056744227404,0.00037170044164644905,0.0001857389200968318
0.9345,351.1018160000814,18796476.666667216,0.5143824576208205,0.01584511982042924,6211.999999999601,1.8679129191414303e-05,0.08098293243925293,0.07430043246227172,0.0018688775928816816,0.00037550941966369117,0.00017288212497283464
0.935,349.82438400008107,18602823.33333396,0.5125109531692357,0.01568187325434633,6147.999999999678,1.8804908143875074e-05,0.08110717707131224,0.074475050300352,0.0018827408490718783,0.00037913033570397323,0.00020341646875098903
0.9355,348.6466360000808,18412195.83333404,0.5107854909725434,0.015521177415858468,6084.999999999753,1.8935635877220007e-05,0.0812514866297044,0.07466770055439936,0.0018923895652749865,0.00038266454680586703,0.00019034657806359147
0.936,347.35443600008045,18239723.33333411,0.508892350631345,0.015375785942940878,6027.999999999821,1.9043843464734516e-05,0.0813321677747374,0.07479646157156943,0.0019054106591730674,0.00038689069070428037,0.00018849690817039698
0.9365,345.9477840000801,18070276.666667514,0.5068315321456404,0.015232945197618333,5971.999999999887,1.9144575945437316e-05,0.08138170162397972,0.07489547366804712,0.0019155596273845404,0.00037446411642498914,0.0001779877705615611
0.937,344.50052000007975,17885700.833334256,0.5047112149634981,0.015077350814320562,5910.99999999996,1.926122566905632e-05,0.0814583307988576,0.07502488794635696,0.0019271803693289929,0.0003918343264990044,0.00020319526913252094
0.9375,342.99049200007937,17731383.33333432,0.5024989452504977,0.014947263706973244,5860.00000000002,1.9343696177120622e-05,0.08145342896022748,0.07506931059489155,0.0019327902428889956,0.00038437540737466255,0.00019600265308123433
0.9380000000000001,341.572764000079,17555885.000001058,0.5004218998475828,0.014799321506460609,5802.000000000089,1.945631131669286e-05,0.08152118088945146,0.07518790564653505,0.0019455569982029714,0.0003833840739307146,0.00019614866757333965
0.9385,340.11811600007866,17395515.833334457,0.49829076472063366,0.0146641329439232,5749.000000000153,1.9552056935749008e-05,0.08154732018216078,0.07526334937772121,0.001954374676331514,0.0003991070953295374,0.0001999593764561736
0.9390000000000001,338.51948000007826,17226069.16666786,0.495948679669951,0.014521292198600655,5693.000000000219,1.9651580213964743e-05,0.08156224088757033,0.07533149853091194,0.0019634493121240466,0.0003841777318001847,0.0002028040087283491
0.9395,337.1165200000779,17047545.000001267,0.4938932701566498,0.014370799270492975,5634.00000000029,1.9775077291190778e-05,0.08164840044933969,0.07546863308458983,0.001978296768121762,0.00039587064977397366,0.00021281588574424562
0.9400000000000001,335.72463600007757,16875072.500001337,0.49185408756055893,0.014225407797575385,5577.000000000357,1.989470777088815e-05,0.08172575623372261,0.0755958974138731,0.0019874218190815236,0.0003887972892783667,0.00020031702990479586
0.9405,334.13338400007717,16702600.000001362,0.4895228204546831,0.014080016324657755,5520.000000000395,2.000487253481793e-05,0.08175726991648455,0.07568090117568683,0.001999375833239335,0.00040143202334248535,0.0002064086448837981
0.9410000000000001,332.5753600000768,16508946.666667989,0.48724023410043815,0.013916769758574747,5456.000000000392,2.0145159271218404e-05,0.0818519309970709,0.07583129259568368,0.002013859223243949,0.0003916788015428833,0.00019137685183569434
0.9415,331.0874840000764,16363706.666667959,0.4850604182218582,0.01379433483401249,5408.00000000039,2.023303709510296e-05,0.08184656477970699,0.07587385199488456,0.0020214168906089883,0.00040173604104580584,0.00019240367604504588
0.9420000000000001,329.54053600007603,16191234.166667923,0.48279405878482345,0.01364894336109481,5351.000000000387,2.0353021431713002e-05,0.08189688692960712,0.07597657011508793,0.002034838837552655,0.0004063390099375251,0.00019890383712886964
0.9425,327.95297600007564,15976400.000001213,0.4804682006513511,0.013467841701846473,5280.000000000386,2.0527338824769706e-05,0.08204849659776035,0.0761877754375838,0.002051933255419038,0.00041530634685431485,0.0002182360039720563
0.9430000000000001,326.43556400007526,15813005.000001179,0.4782451129935438,0.013330102411713934,5226.000000000383,2.0643487053855413e-05,0.08208971902262582,0.07627981093131758,0.002062681034354243,0.00041155443436148776,0.00018974089474377132
0.9435,324.9366120000749,15598170.833334468,0.47604907019775355,0.013149000752465596,5155.00000000038,2.0831712607330906e-05,0.08227356266789172,0.07652172046402618,0.002083032248179406,0.0004152604136152707,0.00021473122257396307
0.9440000000000001,323.4413520000745,15398465.833334427,0.4738584363743668,0.012980652731192494,5089.000000000377,2.1004777716224968e-05,0.08242430549271558,0.07672825205571054,0.002101363796436511,0.0004271365801010433,0.00022192821888802365
0.9445,322.00516400007416,15204812.500001054,0.4717543461094348,0.012817406165109485,5025.000000000375,2.117784510661028e-05,0.0825792186166097,0.0769371232118459,0.0021164195149652506,0.0004293378230401575,0.0002086793647454294
0.9450000000000001,320.36960800007375,15035365.833334353,0.4693581713347179,0.012674565419786853,4969.000000000373,2.1307736143658985e-05,0.08262144147585712,0.07703286740236706,0.0021289298160422987,0.0004245753225498445,0.0002164360351717186
0.9455,318.66759600007333,14856841.66666765,0.46686463505673936,0.012524072491679078,4910.00000000037,2.14492153278463e-05,0.08267479068891571,0.07714273884278673,0.002144527514977365,0.0004246030288410157,0.0002103017197785244
0.9460000000000001,317.0098880000729,14693446.666667616,0.46443600644760197,0.012386333201546541,4856.000000000368,2.1574916708903726e-05,0.08270074209481913,0.07722163304279984,0.002157602996521711,0.0004321282385257653,0.0002160590109262425
0.9465,315.3041840000725,14545180.833334252,0.46193706119722,0.012261347549389236,4807.0000000003665,2.167757057220402e-05,0.08267393369187633,0.07724672957116564,0.002167925083413418,0.0004356919964002259,0.00022016846033801122
0.9470000000000001,313.6464760000721,14390863.33333422,0.45950843258808255,0.012131260442041839,4756.000000000364,2.1794833898085758e-05,0.08267903715805815,0.07730359607688436,0.002179412914695194,0.0004339401036817514,0.00020997243961817132
0.9475,311.9850760000717,14191158.33333418,0.4570743950065417,0.011962912420768737,4690.000000000361,2.1984468686198607e-05,0.08281772679835436,0.07750084923042361,0.0021982261159153595,0.00043633357829423754,0.00021456033887479574
0.9480000000000001,310.32736800007126,14027763.333334146,0.4546457663974042,0.011825173130636198,4636.000000000359,2.212236980521627e-05,0.08285605693932774,0.07759228426766114,0.002212660649765891,0.00044116523623094603,0.00021064557498140274
0.9485,308.62535600007084,13849239.166667443,0.45215223011942574,0.011674680202528424,4577.000000000357,2.2284643386250054e-05,0.08293102501839801,0.07772332664923107,0.0022275428995837962,0.00044715715109982623,0.00023107006312160595
0.9490000000000001,306.8864240000704,13649534.166667402,0.44960460411741293,0.011506332181255323,4511.000000000354,2.2483289191619217e-05,0.08306482113502968,0.07791728381609983,0.0022488050131288313,0.0004458424103735169,0.00021876416489422656
0.9495,305.02934800006994,13474035.833334032,0.44688389099849063,0.011358389980742595,4453.000000000352,2.2638306129886037e-05,0.08309810858718497,0.07800868116991744,0.0022633606559055615,0.0004455739218106536,0.00022149814659606806
0.9500000000000001,303.37902400006953,13322744.166667335,0.44446608033416,0.011230853600990244,4403.00000000035,2.2771511649912538e-05,0.08311646372267904,0.07807803682580369,0.002276045621608567,0.0004558108901004736,0.00023641952786115347
0.9505,301.6400920000691,13147245.833333965,0.44191845433214727,0.011082911400477518,4345.000000000347,2.294321531854837e-05,0.0831897869521311,0.07820727186716678,0.002293290302309345,0.0004590038381521665,0.0002206585263576344
0.9510000000000001,299.79409200006864,12971747.500000596,0.4392139681304352,0.010934969199964792,4287.000000000346,2.311131110130342e-05,0.083238099152566,0.07831358032533749,0.0023094424018836263,0.0004649913206370792,0.00023181018492451116
0.9515,297.79672000006815,12805326.666667229,0.43628771406018274,0.010794679182237206,4232.000000000344,2.325569099109707e-05,0.08321907722164679,0.07835329483245537,0.002324314692022045,0.00046623060443697816,0.00023116019590349197
0.9520000000000001,295.8990320000677,12632854.166667193,0.4335075022448227,0.010649287709319527,4175.000000000341,2.3422975370112416e-05,0.08325131605968535,0.07844367015631953,0.002341041510247906,0.00046995163049767135,0.0002513797095816376
0.9525,293.9828840000672,12399865.000000479,0.43070024556744557,0.010452881684500906,4098.000000000338,2.370855521411369e-05,0.08348565359279458,0.0787461276321833,0.0023690829386007533,0.00047315488589464095,0.00023269390464422242
0.9530000000000001,292.0224320000667,12212263.333333774,0.42782808122122734,0.010294736573607991,4036.000000000335,2.391222855496261e-05,0.08356345779600172,0.0788852729310098,0.0023908669522823165,0.000481810318780254,0.00023624122343269643
0.9535,290.13212800006625,12036765.000000404,0.4250586873506742,0.010146794373095265,3978.000000000333,2.4103829226545213e-05,0.08362558865995742,0.07900587281956896,0.0024089866425201336,0.00048478526273640447,0.0002370950005254563
0.9540000000000001,288.09045200006574,11846137.500000365,0.4220675256115807,0.009986098534607303,3915.0000000003306,2.4319357427689563e-05,0.08370255598964853,0.07914574534834551,0.0024309171910023796,0.0004852710216444349,0.0002462746458596721
0.9545,286.14846000006526,11643406.66666699,0.41922240612737954,0.009815199785739154,3848.000000000328,2.4576008396173052e-05,0.0838589848906161,0.07936570377471226,0.0024576555435203975,0.0004925635966525978,0.0002591727899506172
0.9550000000000001,284.15847200006476,11431598.333333613,0.41630697000193395,0.009636648854085864,3778.0000000003247,2.4857282745098008e-05,0.08404373241362614,0.07961615892877467,0.0024843518637022236,0.000492806445341458,0.0002469532317685151
0.9555,282.1832520000643,11234919.166666906,0.41341316976610204,0.009470851560407808,3713.000000000306,2.5116625034319703e-05,0.08418688492981823,0.07982210642109654,0.0025102754558152373,0.000503736345665584,0.00026032711476970126
0.9560000000000001,280.12311600006376,11050343.333333535,0.41039496316499136,0.00931525717710994,3652.0000000002783,2.5349720596921903e-05,0.08426732890560516,0.07996487747863451,0.0025339267270737616,0.000503738887257223,0.000246502855839191
0.9565,278.12574400006326,10886948.333333502,0.40746870909473887,0.009177517886977401,3598.0000000002537,2.5546712952471893e-05,0.08429198089119463,0.08004720111636937,0.0025537310269638353,0.0005100315094007954,0.00025389820151787716
0.9570000000000001,276.3129720000628,10717501.6666668,0.40481290364465766,0.00903467714165477,3542.0000000002283,2.5781472267873936e-05,0.08440197868161783,0.08021299414453707,0.0025764786922067777,0.0005162445915655824,0.00025976107607272376
0.9575,274.1568440000623,10575287.500000104,0.40165406376105794,0.008914792944687559,3495.0000000002065,2.592429227101954e-05,0.08430457125927829,0.08017178307326162,0.0025911478143507954,0.0005198849298006216,0.0002524709800565259
0.9580000000000001,272.08194000006176,10387685.8333334,0.3986142212703336,0.008756647833794646,3433.0000000001783,2.6192738629711803e-05,0.08441865267622195,0.08034843945170021,0.0026181687634968006,0.0005218334784873766,0.0002692479974454582
0.9585,269.67475600006117,10212187.50000003,0.395087571263301,0.008608705633281918,3375.000000000152,2.6407148909091258e-05,0.08438766944741712,0.08038291710053756,0.0026389594267164644,0.0005263452846294632,0.0002678104065152751
0.9590000000000001,267.4004840000606,10045766.666666662,0.39175564426279175,0.008468415615554333,3320.000000000127,2.661822565392992e-05,0.08436624485035969,0.08042339224322859,0.0026605902790533295,0.000530270624202829,0.00026402021343795894
0.9595,265.21851200006006,9879345.833333295,0.3885589415723681,0.008328125597826747,3265.000000000102,2.68457564371522e-05,0.08437966498352466,0.08049695501193593,0.002683693601711563,0.000540371301954715,0.0002627121741739023
0.96,263.10299600005953,9676614.99999992,0.38545960038520605,0.008157226848958598,3198.000000000071,2.7189569493057408e-05,0.0845789120259095,0.08076149128806281,0.0027174220624638108,0.0005430205046706413,0.00027169260161295837
0.9605,260.928408000059,9485987.49999988,0.38227371563958923,0.007996531010470636,3135.000000000042,2.750672062345246e-05,0.08471846914681208,0.08096528530341286,0.002749257191320108,0.0005512879915389791,0.00026949713096456027
0.961,258.65413600005843,9319566.666666513,0.37894178863907996,0.00785624099274305,3080.0000000000173,2.775388011603501e-05,0.0847265570598104,0.08103457665178433,0.002772979134172386,0.0005533458586855654,0.00027353008383867
0.9615,256.33556000005785,9168274.999999816,0.3755449539697296,0.007728704612990699,3029.9999999999945,2.7958973743704568e-05,0.08465702805819494,0.08102403253957684,0.0027949450877499814,0.0005617492961111171,0.0002795394459264821
0.962,253.99852400005727,8998828.333333114,0.3721210744383621,0.007585863867668067,2973.9999999999686,2.822573279448011e-05,0.08467128803042882,0.08110077782304201,0.002821490419105384,0.0005673620093720711,0.0002830686506822872
0.9625,251.3292080000566,8811226.666666409,0.36821038739068646,0.007427718756775153,2911.9999999999404,2.8523747885280894e-05,0.0846686648371677,0.08116807790977004,0.0028506496828715764,0.000569684876485537,0.00028905820913586593
0.963,249.01801600005604,8602444.166666366,0.364824370666143,0.007251718552716909,2842.9999999999086,2.8947356260093684e-05,0.08490196505658856,0.08147009508700004,0.0028927343664013937,0.0005777491871491149,0.0002849247314662126
0.9635,246.51853200005542,8436023.333332999,0.3611624963490248,0.007111428534989323,2787.9999999998836,2.9222125432725434e-05,0.0848747624121359,0.08150649686238672,0.002920286869807501,0.0005842345334401045,0.0002923082141083446
0.964,244.0005880000548,8278679.9999996675,0.35747357716988953,0.006978790700046908,2735.9999999998827,2.9473368701298347e-05,0.08480240940987434,0.08149606100513272,0.0029458662425401135,0.0005897489798909858,0.00029584622374974416
0.9645,241.44941600005416,8127388.333333016,0.3537359772391235,0.006851254320294597,2685.999999999891,2.9708118536651307e-05,0.08469319240676736,0.08144810158783859,0.0029687712667216997,0.0005963790763712989,0.00029814814356758385
0.965,238.97208400005354,7939786.666666369,0.3501065567564259,0.00669310920940173,2623.9999999999004,3.009804847822055e-05,0.08480873309523995,0.08162993929570889,0.0030077552932810843,0.000604426940049024,0.0003051318872063022
0.9655,236.53536400005294,7721926.666666391,0.34653663497016596,0.006509456822558402,2551.999999999912,3.063165116823971e-05,0.08511988475052774,0.08201220421586779,0.0030608200453967993,0.0006112606250381568,0.000304806297053237
0.966,233.9214280000523,7513144.166666413,0.34270708250854165,0.006333456618500213,2482.999999999923,3.113495798974444e-05,0.08534083575902689,0.08230505455471102,0.0031110037363863596,0.0006225264211737979,0.0003112016498348352
0.9665,231.35179600005165,7343697.499999763,0.33894243771575844,0.006190615873177624,2426.999999999932,3.1503448501256905e-05,0.085371557651152,0.08239961257258098,0.0031477929667102153,0.000630174900931815,0.0003155400159439737
0.967,228.56433600005096,7189379.999999779,0.3348586635511732,0.006060528765830266,2375.99999999994,3.179193977784704e-05,0.08524333757680942,0.08233510201742084,0.0031766486974913345,0.0006351867891526441,0.0003171390419111054
0.9675,225.84333200005028,7056243.333333126,0.3308722508898496,0.005948296751648233,2331.999999999947,3.200617117796725e-05,0.08501942852671554,0.0821698484576202,0.0031980513090265747,0.0006392784097234711,0.00031551230435307773
0.968,223.01526000004958,6871667.499999812,0.3267289780288267,0.005792702368350413,2270.999999999957,3.2454314764219265e-05,0.0850748443851878,0.08229433977153279,0.003243277728680688,0.0006479754028605992,0.0003258856641197645
0.9685,220.3348680000489,6702220.833333163,0.3228020640639408,0.005649861623027825,2214.9999999999654,3.287490422640573e-05,0.08510821528080566,0.08239180245737732,0.0032847066277063896,0.0006573486567979692,0.0003270200904553051
0.969,217.69139600004826,6535799.999999846,0.31892923982308913,0.005509571605300282,2159.999999999974,3.330753633832941e-05,0.08515094586916153,0.08249756744173237,0.0033284399928211884,0.0006661429368849832,0.0003348917131652441
0.9695,214.90762800004757,6399637.49999986,0.31485087463090733,0.005394788863523202,2114.9999999999814,3.3581218936236974e-05,0.08495162932319139,0.08235730994858512,0.003355572624431805,0.0006693759931759966,0.000336747594950227
0.97,211.97248800004684,6227164.999999878,0.31055074157018514,0.005249397390605567,2057.9999999999905,3.4039966501618474e-05,0.0849438315594948,0.08241651377980304,0.003401157407882166,0.0006789230627541143,0.0003391286724992606
0.9705,208.78998400004605,6030485.8333332315,0.30588820735843353,0.005083600096927562,1993.0000000000007,3.462241513709709e-05,0.08502193880169824,0.08256865296819185,0.003459656069455987,0.0006920280144662498,0.0003446347418250931
0.971,205.90284000004533,5870116.666666581,0.30165839093895586,0.004948411534390113,1940.0000000000093,3.507644765720982e-05,0.08498385579894355,0.08259410758773075,0.003504391853597601,0.0007023712141680375,0.00035300681141624447
0.9715,202.80525200004456,5709747.499999931,0.297120263092483,0.004813222971852662,1887.0000000000177,3.551912794743498e-05,0.08487273065468273,0.08254886703535769,0.0035486359213430176,0.0007118207592658437,0.00035439448387066425
0.972,199.7888880000438,5540300.833333282,0.2927011326388855,0.004670382226530074,1831.0000000000266,3.606101798624575e-05,0.08487935015961069,0.08262133216040833,0.003602883597149661,0.000720183353458001,0.0003594114471949292
0.9725,196.73560400004305,5370854.1666666325,0.28822791246125373,0.004527541481207486,1775.0000000000355,3.6630226383924526e-05,0.0848904100730425,0.0826985668052825,0.0036596864895632754,0.0007315893872739011,0.0003656793720848309
0.973,193.44603200004224,5201407.499999983,0.28340851804980277,0.0043847007358848965,1719.0000000000443,3.719109337233102e-05,0.0848196925853233,0.08269622383718962,0.0037154915090096266,0.0007451109028680836,0.0003742775341667195
0.9735,190.36690400004147,5068270.83333333,0.2788974350653471,0.004272468721702863,1675.0000000000512,3.756052315673901e-05,0.08455880193612882,0.08249415849325814,0.0037523224989540363,0.0007507385558510909,0.0003753115917133222
0.974,186.94442000004062,4913953.333333346,0.2738833176473729,0.004142381614355505,1624.0000000000593,3.804358880087861e-05,0.0843323571092916,0.08233355804791925,0.003800507444527724,0.0007616074176200673,0.00038203036731937495
0.9745,183.6216200000398,4765687.500000028,0.26901524248429115,0.00401739596219824,1575.000000000067,3.852993298449357e-05,0.08411205531526993,0.08217679585997298,0.0038488682342414948,0.0007706423332219473,0.0003848786943450161
0.975,180.376352000039,4602292.500000045,0.26426075574168134,0.003879656672065744,1521.0000000000757,3.919271797697283e-05,0.0840794097184961,0.08220893538645811,0.003914891685125675,0.0007839036674981856,0.00039143740357346595
0.9755,177.00186400003815,4402587.500000065,0.25931695496495166,0.003711308650792693,1455.0000000000864,4.020405363891928e-05,0.08435696218924335,0.08255924828969302,0.004015753634928968,0.0008035700669499676,0.0004019477766019614
0.976,173.49815600003728,4239192.500000082,0.25418384015410217,0.003573569360660197,1401.0000000000948,4.092717091758252e-05,0.08426560279700028,0.08253423928828237,0.0040879392196279465,0.0008179845711048457,0.00040983952922805976
0.9765,169.85046000003638,4081849.166666747,0.2488397754195191,0.0034409315257177787,1349.0000000000914,4.1611155401593854e-05,0.08406887567232368,0.08240394910398526,0.004155778092097582,0.0008312059315603277,0.00041484267339298185
0.977,166.11415600003545,3939635.000000073,0.2433658953472539,0.0033210473287505877,1302.0000000000844,4.216485943495587e-05,0.08369039130367732,0.08208891559006484,0.004211142885468987,0.0008435990216217909,0.0004224003586163472
0.9775,162.51076400003456,3764136.666666731,0.23808673828151192,0.0031731051282378837,1244.000000000076,4.3173449423116535e-05,0.0837618605449891,0.08222845509470046,0.004311490571095153,0.000862990608485388,0.00042938305014740227
0.978,158.98121200003368,3612845.0000000563,0.23291576066383843,0.003045568748485553,1194.0000000000682,4.400443750009513e-05,0.08364075676851235,0.0821695810878571,0.004394385555792799,0.0008792745156149062,0.0004394057031988363
0.9785,155.25967600003275,3488785.8333333833,0.2274635164811869,0.0029409889170886414,1153.000000000062,4.4502495543467875e-05,0.08312244309264316,0.0817092780950519,0.004443860785295821,0.0008896744727720104,0.00044594572709870226
0.979,151.4163040000318,3364726.6666667103,0.22183277620922237,0.00283640908569173,1112.0000000000562,4.500107111227356e-05,0.08254570646217677,0.08119110880884223,0.004493365185755541,0.0008997936508189486,0.000450067939251375
0.9795,147.53232000003084,3243693.3333333707,0.2161425372408202,0.0027343799818898653,1072.0000000000502,4.548281999532297e-05,0.08191510375808744,0.08061805923882033,0.004541291513554286,0.0009097326820826386,0.0004546414493917483
0.98,143.3788200000298,3059117.500000028,0.21005744328696802,0.0025787855985920215,1011.0000000000412,4.686934058597896e-05,0.08197539729380082,0.08074950353852738,0.004679177084799877,0.0009369901622786819,0.00046779692029555296
0.9805,139.24378000002878,2910851.666666687,0.203999394195133,0.0024537999464347374,962.0000000000338,4.7836096079564735e-05,0.08161355666148314,0.08045090476509781,0.004775380021803233,0.00095646933057699,0.0004778248772241736
0.981,135.2785720000278,2756534.166666679,0.19819015783385546,0.00232371283908736,911.0000000000263,4.9075601396812185e-05,0.08147863939317071,0.08037834111808412,0.004898505204554549,0.0009820621134096121,0.000491536702336662
0.9815,131.2985960000268,2638526.666666673,0.19235928558296422,0.002224234462880542,872.0000000000205,4.9762087932922095e-05,0.08083058768556203,0.07978472741397276,0.004966677247675613,0.0009949748146108684,0.0004978653781318725
0.982,127.30754400002583,2472105.833333331,0.18651218641486275,0.0020839444451529777,817.0000000000123,5.149761077516946e-05,0.08096864709577518,0.07998607189830365,0.005139223049362887,0.001030216389235385,0.0005152405565465163
0.9825,123.07651200002478,2348046.666666658,0.1803135040405387,0.0019793646137560668,776.0000000000063,5.241655276585583e-05,0.08031895026122754,0.07939228816299632,0.00523042561241739,0.0010479696867040887,0.0005234233583502067
0.983,118.50581600002364,2211884.166666651,0.1736171962050996,0.0018645818719789688,730.9999999999995,5.3576863465962607e-05,0.07968096722091397,0.07881413687586972,0.005345496380568977,0.0010711830757703183,0.0005351045366860254
0.9835,114.34493200002261,2087824.9999999788,0.1675212843064406,0.001760002040582058,689.9999999999939,5.476748865447237e-05,0.0791345085540871,0.07832101314576825,0.005463586732405824,0.0010952313379311174,0.000547502004939577
0.984,110.04744400002154,1966791.6666666486,0.1612252404288549,0.0016579729367802011,649.9999999999941,5.595277113743917e-05,0.07846874925266727,0.07770822734675921,0.00558096273954761,0.001118827867651661,0.0005599943775001122
0.9845,105.40290800002039,1824577.4999999856,0.15442075314534734,0.0015380887398130194,602.9999999999943,5.776839186059305e-05,0.07803101464300911,0.07732865183675688,0.005760976321070839,0.001155310937647473,0.0005781812575603336
0.985,100.88390000001927,1685389.1666666558,0.14780017092355618,0.001420755270440884,556.9999999999945,5.9857925988421025e-05,0.07770830415859117,0.07706154813157268,0.005968002506252684,0.0011969772470962123,0.0005984405062422571
0.9855,96.42027200001816,1528045.8333333265,0.1412607232878164,0.00128811743549847,504.9999999999948,6.310037951524268e-05,0.07800017813678593,0.07741108914570577,0.006289381176179503,0.0012617818777986864,0.0006310421726931589
0.986,91.735124000017,1443322.4999999953,0.13439673730787116,0.0012166970628371702,476.99999999999494,6.355829968701887e-05,0.07635708860889798,0.07581185556437867,0.006333790654018,0.0012709935645268961,0.0006350710481031161
0.9865,86.88383600001579,1349521.6666666644,0.12728934756977184,0.0011376245073907313,445.99999999999636,6.438120865048427e-05,0.07479014864917552,0.07429064647760614,0.006414236290644433,0.0012875016703028657,0.0006436856932742818
0.987,82.21345600001463,1258746.6666666667,0.1204469974794403,0.0010611026795393386,415.99999999999807,6.531374277059823e-05,0.07327722440768579,0.07282019853806486,0.00650541920385347,0.0013060596192946705,0.0006530142279261399
0.9875,77.42493200001344,1134687.5000000033,0.11343156027219918,0.0009565228481424353,375.0000000000004,6.823458617461919e-05,0.07268382238358126,0.07227495428530044,0.006793452663941689,0.0013642693059672478,0.0006822434016041438
0.988,72.61425600001225,1034835.0000000052,0.10638366923053753,0.000872348837505903,342.00000000000193,7.016988795316343e-05,0.07138077494566542,0.07101422753086992,0.006983161654977883,0.0014031008231838885,0.0007014178059743509
0.9885,68.0214080000111,922879.1666666705,0.0996549075606779,0.0007779719164891817,305.0000000000012,7.370564907830385e-05,0.0708056414168501,0.07048113357572797,0.007330777741488428,0.001473874375663271,0.0007371165603390485
0.989,63.00398000000986,795794.1666666688,0.09230411406442449,0.0006708413574972278,263.00000000000034,7.91712010957729e-05,0.07062555583954476,0.0703462806311858,0.007867647806788398,0.0015830705681655003,0.0007915980463694592
0.9895,58.41113200000872,723174.1666666679,0.08557535239456486,0.0006096238952161114,238.99999999999986,8.077049028070732e-05,0.06868601569731206,0.06843890856578429,0.0080215738032228,0.0016149613341703286,0.0008076213898181539
0.99,53.519232000007506,647528.3333333336,0.07840846396002787,0.0005458557053399484,213.99999999999935,8.265156788507193e-05,0.06650809404523679,0.06629392843371601,0.008201831212844029,0.0016524142083371295,0.0008263613146167928
0.9905,48.77132000000633,562804.9999999992,0.07145252544922442,0.00047443533267864586,185.99999999999878,8.665758122263731e-05,0.06500986499139146,0.06482753991638406,0.00858952026436108,0.0017325164491236,0.0008665004346345585
0.991,43.92372400000512,469004.1666666657,0.06435054468352853,0.00039536277723220466,154.99999999999886,9.365316370680121e-05,0.06413631813031323,0.06398640891506956,0.00926675164829973,0.0018721851993507394,0.0009363244841762094
0.9915,39.04290000000391,402435.8333333328,0.057199883166201816,0.0003392467701411823,132.99999999999926,9.70164601810325e-05,0.06154414241856388,0.06142071005237771,0.009583002486197372,0.0019393276388205596,0.000969999315888941
0.992,34.49066400000278,344944.9999999998,0.05053062019277985,0.00029078294583529936,113.9999999999996,9.998887938657699e-05,0.058724508555593344,0.058623408628681276,0.009856704754504904,0.001998536371642377,0.0009997156168111325
0.9925,30.056572000001683,281402.50000000023,0.044034444336267464,0.00023721766633932347,93.0,0.0001068098968559329,0.05665884805220178,0.05657946948229796,0.010495756181587941,0.002134609429482414,0.001067879776841755
0.993,25.644632000000588,217860.0000000002,0.03757072231417562,0.00018365238684334723,72.0000000000001,0.00011771152116038081,0.054941334214430586,0.054881601529897586,0.011509512473478953,0.002351971215339529,0.0011767573462963647
0.9935,21.192079999999482,178524.16666666674,0.0310475015956461,0.0001504929281077428,59.000000000000085,0.00011870706580341301,0.05015525993535391,0.05011060694120336,0.011551141920527279,0.0023714054954531807,0.0011866803619770146
0.994,16.96104799999843,127084.99999999993,0.024848819221322035,0.00010713055899195239,41.99999999999997,0.0001334622339379033,0.04757687104449564,0.04754670651616765,0.01284967096851526,0.0026649269466725444,0.001334021911148643
0.9945,13.22105199999884,93800.83333333331,0.01936953017665534,7.907255544644107e-05,31.000000000000007,0.00014094812945868117,0.04316705924176459,0.04314684510807713,0.013398087890470086,0.002812830776714333,0.0014086613298075585
0.995,10.04593199999958,69594.16666666669,0.014717813909712817,5.8666734686069215e-05,23.000000000000025,0.0001443502017649886,0.03807968671777703,0.038066563824562354,0.013497197877893354,0.0028786018227697826,0.0014423969712962516
0.9955,7.21047600000005,51439.16666666668,0.010563723103884797,4.3362369115790283e-05,17.000000000000014,0.00014017482139096438,0.031791193160789606,0.031783188160119075,0.012825541025903648,0.0027925313379278957,0.0014003183502449702
0.996,4.70730000000003,30258.33333333333,0.006896439814364112,2.5507275950464863e-05,9.999999999999998,0.00015557036629027917,0.02706064324096745,0.02705623671803457,0.013486577786338867,0.003090885623322752,0.001553064025534157
0.9965,2.9092960000000168,15129.166666666668,0.004262270253897189,1.2753637975232435e-05,5.000000000000001,0.000192297174332141,0.023651924728528406,0.023650247395697654,0.014920008091973752,0.003795847813127421,0.0019165255909837152
0.997,1.5469480000000062,12103.333333333334,0.0022663594370341614,1.0202910380185948e-05,4.0,0.0001278117323051506,0.01406092744591005,0.014060379861598913,0.009457579750961245,0.0025149079573905113,0.0012728155330190545
0.9975,0.6165639999999991,6051.666666666667,0.000903298391371606,5.101455190092974e-06,2.0,0.00010188333792343691,0.007925620803227356,0.007924560546472054,0.00625562128525559,0.0019734242496279625,0.001010484241371188
0.998,0.18460000000000001,3025.8333333333335,0.00027044862017113993,2.550727595046487e-06,1.0,6.100798678050124e-05,0.00335586730088819,0.0033582155901890737,0.0029403632362609046,0.0011466943824677668,0.0006002304985956686
0.9985,0.01846,0.0,2.704486201711399e-05,0.0,0.0,,0.0,0.0,0.0,0.0,0.0
0.999,0.0,0.0,0.0,0.0,0.0,,0.0,0.0,0.0,0.0,0.0
0.9995,0.0,0.0,0.0,0.0,0.0,,0.0,0.0,0.0,0.0,0.0
1.0,0.0,0.0,0.0,0.0,0.0,,0.0,0.0,0.0,0.0,0.0
