event_index,jet_index,truth,gluon_probability,prediction
59,0,0,0.179,0
231,0,0,0.4258,0
233,0,0,0.011375,0
307,1,0,0.7134,1
335,1,0,0.0538,0
340,0,0,0.5093,1
387,0,0,0.885,1
458,1,0,0.02448,0
588,0,0,0.1615,0
599,0,0,0.918,1
618,1,0,0.08466,0
702,1,0,0.08124,0
726,0,0,0.01142,0
843,1,0,0.4204,0
853,1,0,0.3616,0
1064,0,0,0.5586,1
1137,0,0,0.217,0
1311,1,0,0.024,0
1323,1,0,0.01956,0
1430,0,0,0.5366,1
1599,0,0,0.5205,1
1632,1,0,0.1243,0
1680,1,0,0.1993,0
1823,0,0,0.0369,0
1913,1,0,0.2654,0
1943,0,0,0.2496,0
1978,0,0,0.1243,0
2214,0,0,0.6343,1
2382,1,0,0.01549,0
2434,0,0,0.04114,0
2442,1,0,0.5796,1
2594,1,0,0.0967,0
2602,1,0,0.02025,0
2648,0,0,0.1526,0
2670,1,0,0.02596,0
2672,1,0,0.2607,0
2687,1,0,0.04526,0
2712,0,0,0.08167,0
2764,0,0,0.883,1
2767,0,0,0.2996,0
2803,1,0,0.858,1
2898,0,0,0.02466,0
2950,0,0,0.1267,0
3036,0,0,0.584,1
3046,0,0,0.3848,0
3056,1,0,0.3723,0
3079,0,0,0.037,0
3150,0,0,0.01692,0
3153,0,0,0.11163,0
3188,0,0,0.1343,0
3404,0,0,0.01297,0
3466,0,0,0.6367,1
3537,0,0,0.289,0
3598,1,0,0.6226,1
3801,0,0,0.0531,0
3974,0,0,0.04385,0
4026,1,0,0.02611,0
4122,1,0,0.2573,0
4216,1,0,0.01596,0
4336,0,0,0.00923,0
4394,1,0,0.03928,0
4442,1,0,0.0818,0
4452,0,0,0.00927,0
4527,1,0,0.4253,0
4531,0,0,0.848,1
4567,0,0,0.4185,0
4770,1,0,0.00978,0
4777,0,0,0.3362,0
4805,0,0,0.179,0
4833,0,0,0.1345,0
4842,0,0,0.1727,0
4887,0,0,0.02203,0
4999,0,0,0.5913,1
5017,0,0,0.1693,0
5096,1,0,0.05603,0
5147,0,0,0.6294,1
5199,1,0,0.03955,0
5394,1,0,0.044,0
5409,0,0,0.4883,0
5475,0,0,0.02844,0
5523,0,0,0.0612,0
5644,0,0,0.2388,0
5685,1,0,0.01187,0
5963,0,0,0.804,1
5963,1,0,0.1362,0
6097,1,0,0.1688,0
6101,1,0,0.11615,0
6136,0,0,0.5527,1
6449,0,0,0.516,1
6475,1,0,0.607,1
6745,0,0,0.5913,1
6791,1,0,0.5806,1
6927,1,0,0.281,0
6939,0,0,0.932,1
7086,0,0,0.02116,0
7144,0,0,0.04385,0
7266,1,0,0.0196,0
7272,0,0,0.457,0
7291,0,0,0.822,1
7411,0,0,0.03223,0
7497,0,0,0.2322,0
7580,1,0,0.8022,1
7645,0,0,0.01738,0
7656,0,0,0.129,0
7675,0,0,0.1619,0
7691,1,0,0.2942,0
7740,1,0,0.3174,0
7765,0,0,0.1719,0
7770,0,0,0.1567,0
7814,0,0,0.2202,0
7814,1,0,0.113,0
7896,1,0,0.01385,0
7970,1,0,0.0369,0
8085,1,0,0.1641,0
8264,0,0,0.1329,0
8266,0,0,0.05988,0
8303,0,0,0.891,1
8307,0,0,0.03738,0
8316,0,0,0.8867,1
8335,1,0,0.074,0
8484,1,0,0.03912,0
8585,1,0,0.1925,0
8659,0,0,0.1562,0
8725,0,0,0.263,0
8803,1,0,0.06042,0
8816,0,0,0.611,1
8964,1,0,0.126,0
9015,1,0,0.1274,0
9099,1,0,0.1659,0
9111,1,0,0.3564,0
9132,1,0,0.1484,0
9148,1,0,0.1387,0
9254,1,0,0.492,0
9257,1,0,0.00974,0
9258,0,0,0.0313,0
9262,1,0,0.10266,0
9265,0,0,0.1652,0
9563,0,0,0.359,0
9610,1,0,0.347,0
9637,0,0,0.412,0
9665,0,0,0.4128,0
9666,1,0,0.02827,0
9719,0,0,0.2334,0
9731,1,0,0.7617,1
9760,1,0,0.009674,0
9761,0,0,0.1774,0
9944,1,0,0.02089,0
10038,0,0,0.3096,0
10223,1,0,0.02211,0
10329,0,0,0.0203,0
10347,0,0,0.9546,1
10363,1,0,0.328,0
10369,1,0,0.3313,0
10438,1,0,0.0329,0
10492,1,0,0.01078,0
10515,1,0,0.358,0
10554,1,0,0.647,1
10708,0,0,0.01253,0
10967,0,0,0.2932,0
11247,0,0,0.3276,0
11273,0,0,0.04443,0
11294,1,0,0.298,0
11384,1,0,0.01805,0
11419,1,0,0.719,1
11569,1,0,0.9453,1
11676,0,0,0.026,0
11862,1,0,0.4968,0
11902,1,0,0.08093,0
12065,0,0,0.05252,0
12151,1,0,0.02443,0
12216,0,0,0.01543,0
12232,1,0,0.01224,0
12246,1,0,0.01142,0
12350,1,0,0.2395,0
12571,0,0,0.3232,0
12573,1,0,0.3376,0
12608,1,0,0.083,0
12667,1,0,0.255,0
12842,0,0,0.01086,0
13013,1,0,0.06903,0
13080,1,0,0.5894,1
13153,0,0,0.1943,0
13179,1,0,0.06964,0
13203,1,0,0.0602,0
13298,0,0,0.01057,0
13501,1,0,0.02216,0
13571,1,0,0.02377,0
13691,0,0,0.363,0
13805,0,0,0.6006,1
13862,1,0,0.2903,0
13890,1,0,0.0876,0
13944,0,0,0.1124,0
14024,0,0,0.1041,0
14071,1,0,0.04602,0
14255,0,0,0.723,1
14444,0,0,0.01473,0
14534,1,0,0.04337,0
14599,0,0,0.133,0
14716,1,0,0.1718,0
14925,0,0,0.826,1
15030,1,0,0.0538,0
15072,1,0,0.1746,0
15176,0,0,0.0346,0
15297,1,0,0.1422,0
15367,1,0,0.06537,0
15403,0,0,0.463,0
15548,1,0,0.01738,0
15612,1,0,0.1715,0
15629,1,0,0.351,0
15660,1,0,0.0786,0
15701,1,0,0.09467,0
15725,0,0,0.06476,0
15805,1,0,0.2893,0
15862,1,0,0.3062,0
15931,0,0,0.02396,0
15994,0,0,0.1779,0
16037,1,0,0.679,1
16102,1,0,0.01053,0
16177,1,0,0.04233,0
16479,0,0,0.415,0
16533,0,0,0.3413,0
16567,0,0,0.2129,0
16590,0,0,0.4958,0
16754,0,0,0.416,0
16766,1,0,0.701,1
17004,0,0,0.0925,0
17277,0,0,0.577,1
17413,1,0,0.7036,1
17483,1,0,0.6357,1
17531,0,0,0.488,0
17561,0,0,0.11395,0
17593,0,0,0.4304,0
17704,1,0,0.02489,0
17715,1,0,0.1025,0
17744,1,0,0.472,0
17825,0,0,0.015076,0
17874,0,0,0.0995,0
17974,0,0,0.1311,0
18143,0,0,0.194,0
18157,1,0,0.02898,0
18396,0,0,0.5264,1
18489,1,0,0.3154,0
18602,1,0,0.01317,0
18616,1,0,0.03044,0
18740,1,0,0.1526,0
18749,0,0,0.01307,0
19034,0,0,0.924,1
19186,0,0,0.02116,0
19349,1,0,0.3472,0
19366,1,0,0.2573,0
19477,1,0,0.2617,0
19483,1,0,0.29,0
19561,1,0,0.0698,0
19590,0,0,0.01238,0
19629,1,0,0.0267,0
19640,0,0,0.698,1
19650,1,0,0.04968,0
19676,1,0,0.03506,0
20077,0,0,0.0442,0
20115,1,0,0.2546,0
20128,1,0,0.7124,1
20165,0,0,0.5337,1
20189,1,0,0.602,1
20261,0,0,0.507,1
20283,0,0,0.659,1
20393,1,0,0.2546,0
20419,0,0,0.442,0
20599,1,0,0.08344,0
20629,1,0,0.0397,0
20649,0,0,0.3416,0
20674,0,0,0.616,1
20726,1,0,0.407,0
20828,1,0,0.3503,0
20954,0,0,0.01622,0
20972,0,0,0.9404,1
20976,1,0,0.01692,0
21125,0,0,0.04123,0
21131,0,0,0.847,1
21136,0,0,0.9023,1
21275,1,0,0.0544,0
21421,0,0,0.1608,0
21468,0,0,0.03726,0
21498,1,0,0.3552,0
21796,1,0,0.1609,0
21850,0,0,0.8086,1
21946,0,0,0.1192,0
22008,1,0,0.0833,0
22017,1,0,0.129,0
22076,1,0,0.05573,0
22093,0,0,0.518,1
22207,1,0,0.059,0
22221,0,0,0.4956,0
22312,1,0,0.156,0
22429,0,0,0.02542,0
22591,0,0,0.03091,0
22625,0,0,0.04233,0
22671,0,0,0.555,1
22721,1,0,0.02457,0
22915,0,0,0.11163,0
22945,0,0,0.011116,0
23028,0,0,0.02904,0
23083,1,0,0.1703,0
23225,1,0,0.1229,0
23337,0,0,0.02954,0
23410,1,0,0.5806,1
23643,0,0,0.433,0
23727,1,0,0.01033,0
23755,1,0,0.3381,0
23790,1,0,0.01406,0
24018,0,0,0.6655,1
24019,1,0,0.03986,0
24042,1,0,0.01057,0
24091,1,0,0.0549,0
24225,0,0,0.9004,1
24230,1,0,0.08496,0
24270,1,0,0.278,0
24403,1,0,0.01698,0
24558,1,0,0.01147,0
24561,1,0,0.0339,0
24661,1,0,0.2368,0
24692,1,0,0.01956,0
24758,0,0,0.0883,0
24842,0,0,0.07806,0
24974,1,0,0.4302,0
25069,0,0,0.162,0
25499,1,0,0.282,0
25510,1,0,0.1653,0
25543,1,0,0.01883,0
25783,0,0,0.2893,0
25959,0,0,0.3855,0
25974,0,0,0.06335,0
26057,0,0,0.012726,0
26104,0,0,0.04803,0
26215,1,0,0.6636,1
26612,0,0,0.1488,0
26874,0,0,0.6177,1
27029,1,0,0.4912,0
27100,0,0,0.6724,1
27234,0,0,0.0752,0
27239,1,0,0.7354,1
27268,0,0,0.7505,1
27346,1,0,0.10706,0
27448,1,0,0.5146,1
27660,0,0,0.01971,0
27677,0,0,0.02057,0
27696,0,0,0.4226,0
27794,0,0,0.01525,0
27796,1,0,0.01169,0
27835,1,0,0.298,0
27928,1,0,0.011116,0
27935,0,0,0.05283,0
27981,0,0,0.1254,0
28008,1,0,0.04385,0
28015,1,0,0.01602,0
28040,1,0,0.503,1
28050,0,0,0.525,1
28134,1,0,0.04724,0
28281,1,0,0.11163,0
28294,1,0,0.03656,0
28384,1,0,0.02208,0
28405,0,0,0.1226,0
28432,1,0,0.015305,0
28774,0,0,0.758,1
29041,0,0,0.2058,0
29162,1,0,0.8735,1
29186,1,0,0.0432,0
29189,0,0,0.01187,0
29228,1,0,0.01224,0
29325,0,0,0.197,0
29410,0,0,0.1754,0
29500,1,0,0.703,1
29632,0,0,0.0281,0
29737,0,0,0.01704,0
29754,0,0,0.04987,0
29787,1,0,0.7383,1
29805,0,0,0.1158,0
29890,1,0,0.2761,0
29927,0,0,0.07587,0
29987,1,0,0.2179,0
30016,0,0,0.41,0
30023,1,0,0.02948,0
30026,0,0,0.010056,0
30057,0,0,0.01724,0
30057,1,0,0.01772,0
30318,1,0,0.0533,0
30420,1,0,0.04218,0
30501,1,0,0.1752,0
30506,1,0,0.8804,1
30568,1,0,0.02655,0
30759,0,0,0.05865,0
30806,1,0,0.1274,0
30913,0,0,0.876,1
30965,0,0,0.5073,1
30983,0,0,0.0398,0
31085,1,0,0.1956,0
31229,0,0,0.0476,0
31232,0,0,0.694,1
31363,0,0,0.089,0
31366,1,0,0.1829,0
31393,1,0,0.3552,0
31427,0,0,0.2683,0
31475,1,0,0.1716,0
31536,0,0,0.755,1
31587,1,0,0.0578,0
31637,1,0,0.07904,0
31647,0,0,0.0848,0
31703,0,0,0.02954,0
31736,1,0,0.01778,0
31810,0,0,0.01692,0
31848,0,0,0.01001,0
31862,1,0,0.05185,0
31900,0,0,0.05603,0
31976,1,0,0.05835,0
32081,1,0,0.014786,0
32323,0,0,0.010735,0
32359,0,0,0.4028,0
32484,0,0,0.2483,0
32500,1,0,0.0925,0
32581,1,0,0.0171,0
32612,1,0,0.8076,1
32629,0,0,0.4465,0
32679,0,0,0.4392,0
32702,1,0,0.011826,0
32864,0,0,0.7476,1
32926,1,0,0.386,0
33055,1,0,0.02136,0
33072,1,0,0.093,0
33082,0,0,0.02866,0
33349,0,0,0.3398,0
33372,0,0,0.02116,0
33389,0,0,0.804,1
33395,1,0,0.01369,0
33423,0,0,0.1128,0
33426,0,0,0.155,0
33460,1,0,0.1214,0
33473,0,0,0.04443,0
33498,1,0,0.1047,0
33564,0,0,0.2006,0
33581,1,0,0.2129,0
33582,0,0,0.8867,1
33585,0,0,0.3545,0
33616,1,0,0.2234,0
33634,0,0,0.252,0
33647,1,0,0.2534,0
33694,1,0,0.2257,0
33727,0,0,0.04346,0
33826,0,0,0.4065,0
34243,1,0,0.1433,0
34372,1,0,0.06335,0
34504,0,0,0.6797,1
34623,0,0,0.0159,0
34773,0,0,0.04068,0
34779,0,0,0.02692,0
35002,0,0,0.2903,0
35019,0,0,0.7456,1
35142,0,0,0.02057,0
35180,0,0,0.1466,0
35330,0,0,0.037,0
35462,0,0,0.5117,1
35488,0,0,0.2537,0
35490,0,0,0.5684,1
35593,1,0,0.3298,0
35602,0,0,0.15,0
35675,1,0,0.597,1
35681,0,0,0.01823,0
35686,1,0,0.856,1
35710,0,0,0.677,1
35811,1,0,0.2269,0
35865,0,0,0.2817,0
35866,0,0,0.02443,0
36078,1,0,0.01057,0
36219,1,0,0.0945,0
36228,1,0,0.644,1
36341,1,0,0.0651,0
36392,1,0,0.012924,0
36394,1,0,0.7915,1
36517,1,0,0.2167,0
36553,1,0,0.8516,1
36605,1,0,0.0774,0
36613,0,0,0.498,0
36697,1,0,0.06335,0
36835,1,0,0.1047,0
36944,0,0,0.1448,0
37094,0,0,0.918,1
37389,1,0,0.04752,0
37785,0,0,0.02242,0
37921,0,0,0.03067,0
37959,1,0,0.1683,0
38171,0,0,0.4417,0
38436,0,0,0.01142,0
38441,0,0,0.1636,0
38472,0,0,0.04443,0
38474,0,0,0.1105,0
38511,0,0,0.53,1
38612,1,0,0.1279,0
38627,1,0,0.07904,0
38650,1,0,0.821,1
38846,1,0,0.0538,0
38983,1,0,0.02931,0
39069,0,0,0.01554,0
39219,1,0,0.8833,1
39229,1,0,0.01253,0
39255,1,0,0.04202,0
39390,1,0,0.01253,0
39505,1,0,0.3293,0
39607,1,0,0.2294,0
39632,1,0,0.6357,1
39689,0,0,0.281,0
39789,0,0,0.848,1
39793,0,0,0.169,0
39816,1,0,0.5264,1
39886,1,0,0.3308,0
39889,1,0,0.08466,0
39913,1,0,0.0977,0
39920,1,0,0.525,1
39931,0,0,0.02084,0
40030,1,0,0.2142,0
40117,1,0,0.3882,0
40119,1,0,0.6724,1
40245,0,0,0.775,1
40388,1,0,0.0682,0
40451,1,0,0.01917,0
40481,0,0,0.4922,0
40534,1,0,0.05728,0
40704,0,0,0.763,1
40716,1,0,0.5986,1
40821,1,0,0.01764,0
40839,1,0,0.04178,0
40864,1,0,0.0231,0
40903,0,0,0.01103,0
40956,0,0,0.04913,0
41084,1,0,0.475,0
41211,0,0,0.5713,1
41234,1,0,0.4802,0
41245,1,0,0.1805,0
41280,0,0,0.01155,0
41338,0,0,0.012726,0
41355,0,0,0.44,0
41576,1,0,0.07544,0
41628,1,0,0.4155,0
41736,0,0,0.8037,1
41915,0,0,0.2864,0
41932,0,0,0.365,0
41948,1,0,0.2286,0
41955,1,0,0.2727,0
41967,1,0,0.03033,0
41997,0,0,0.837,1
42247,1,0,0.1134,0
42328,0,0,0.0851,0
42560,1,0,0.4546,0
42627,0,0,0.02109,0
42757,1,0,0.519,1
42843,0,0,0.676,1
42847,0,0,0.9463,1
42909,1,0,0.5493,1
43130,1,0,0.833,1
43131,0,0,0.524,1
43186,1,0,0.02925,0
43224,1,0,0.442,0
43233,1,0,0.6177,1
43275,1,0,0.459,0
43318,0,0,0.787,1
43452,1,0,0.166,0
43596,0,0,0.442,0
43746,1,0,0.1766,0
43790,1,0,0.04132,0
44068,1,0,0.03085,0
44070,1,0,0.03174,0
44110,0,0,0.693,1
44123,0,0,0.00952,0
44176,0,0,0.01374,0
44189,0,0,0.0107,0
44205,0,0,0.8105,1
44259,1,0,0.089,0
44297,1,0,0.3755,0
44370,1,0,0.01935,0
44475,0,0,0.02591,0
44560,0,0,0.4768,0
44669,0,0,0.02017,0
44765,1,0,0.663,1
44836,1,0,0.0677,0
45073,1,0,0.7607,1
45157,1,0,0.0874,0
45398,1,0,0.785,1
45949,1,0,0.05014,0
46275,1,0,0.07806,0
46326,1,0,0.25,0
46389,0,0,0.2222,0
46439,1,0,0.2085,0
46453,1,0,0.03085,0
46495,0,0,0.622,1
46743,0,0,0.01025,0
46750,0,0,0.01554,0
46770,1,0,0.1318,0
46779,0,0,0.02493,0
46890,1,0,0.02208,0
46898,0,0,0.156,0
47039,0,0,0.9434,1
47057,0,0,0.8335,1
47117,0,0,0.1594,0
47149,0,0,0.0121,0
47232,0,0,0.1184,0
47247,0,0,0.04233,0
47263,1,0,0.07477,0
47306,0,0,0.01057,0
47373,1,0,0.07697,0
47455,0,0,0.11066,0
47503,0,0,0.01898,0
47621,1,0,0.01224,0
47718,1,0,0.4458,0
47902,1,0,0.0655,0
47915,1,0,0.01888,0
47995,0,0,0.0935,0
48076,0,0,0.01834,0
48188,1,0,0.0789,0
48244,0,0,0.3843,0
48335,1,0,0.3542,0
48514,0,0,0.659,1
48744,0,0,0.02258,0
48749,1,0,0.09155,0
48847,1,0,0.4138,0
48986,1,0,0.10724,0
49028,0,0,0.0506,0
49081,0,0,0.012924,0
49146,1,0,0.02567,0
49147,1,0,0.411,0
49221,1,0,0.869,1
49306,1,0,0.00982,0
49651,1,0,0.01009,0
49854,1,0,0.1544,0
49916,0,0,0.0258,0
50015,0,0,0.02002,0
50208,1,0,0.1597,0
50272,1,0,0.1292,0
50323,1,0,0.6123,1
50366,0,0,0.7183,1
50369,1,0,0.725,1
50397,1,0,0.735,1
50499,0,0,0.3538,0
50586,1,0,0.6562,1
50589,1,0,0.0442,0
50911,0,0,0.593,1
50937,0,0,0.825,1
51072,0,0,0.5347,1
51145,1,0,0.0188,0
51241,1,0,0.015015,0
51245,0,0,0.698,1
51316,0,0,0.587,1
51377,0,0,0.612,1
51438,1,0,0.3545,0
51461,1,0,0.1494,0
51525,0,0,0.0603,0
51534,0,0,0.03168,0
51562,0,0,0.05203,0
51566,0,0,0.0232,0
51569,1,0,0.135,0
51625,1,0,0.04486,0
51736,1,0,0.342,0
52099,0,0,0.511,1
52117,0,0,0.737,1
52155,1,0,0.5137,1
52312,0,0,0.8486,1
52318,1,0,0.1469,0
52463,0,0,0.788,1
52485,1,0,0.3608,0
52511,1,0,0.503,1
52612,0,0,0.8447,1
52717,1,0,0.1321,0
52832,1,0,0.7866,1
52906,1,0,0.01363,0
52907,1,0,0.01057,0
52950,0,0,0.3984,0
52964,0,0,0.0541,0
53028,0,0,0.02052,0
53099,0,0,0.2034,0
53300,0,0,0.3037,0
53343,1,0,0.8613,1
53694,0,0,0.335,0
53754,0,0,0.0537,0
53760,0,0,0.2399,0
53910,0,0,0.0649,0
53958,0,0,0.74,1
53978,0,0,0.5503,1
54276,0,0,0.01869,0
54337,0,0,0.01142,0
54424,1,0,0.154,0
54476,1,0,0.0116,0
54679,0,0,0.573,1
54707,1,0,0.0442,0
54713,1,0,0.03802,0
54741,0,0,0.3914,0
54832,0,0,0.1559,0
54919,0,0,0.768,1
54931,0,0,0.3525,0
55025,0,0,0.7515,1
55034,0,0,0.01029,0
55180,1,0,0.2527,0
55184,1,0,0.0698,0
55273,1,0,0.241,0
55303,0,0,0.05728,0
55324,1,0,0.03812,0
55338,1,0,0.5933,1
55458,0,0,0.01584,0
55461,0,0,0.2411,0
55472,0,0,0.3438,0
55675,1,0,0.0548,0
55890,0,0,0.01935,0
56285,1,0,0.2295,0
56287,1,0,0.06464,0
56422,1,0,0.1296,0
56503,0,0,0.02347,0
56571,1,0,0.01802,0
56621,0,0,0.3035,0
56656,1,0,0.012924,0
56971,0,0,0.03284,0
57125,0,0,0.01348,0
57164,1,0,0.055,0
57180,1,0,0.141,0
57202,0,0,0.02692,0
57238,0,0,0.834,1
57302,0,0,0.909,1
57308,1,0,0.03073,0
57369,0,0,0.01772,0
57433,0,0,0.2225,0
57651,1,0,0.2101,0
57686,1,0,0.04922,0
57767,1,0,0.2595,0
57781,1,0,0.1382,0
58040,0,0,0.1273,0
58106,1,0,0.587,1
58116,1,0,0.02077,0
58196,1,0,0.3904,0
58412,0,0,0.544,1
58530,0,0,0.343,0
58563,0,0,0.03656,0
58822,1,0,0.0636,0
59259,1,0,0.1462,0
59311,0,0,0.0544,0
59368,0,0,0.03854,0
59413,1,0,0.4324,0
59432,0,0,0.386,0
59611,1,0,0.06335,0
59617,0,0,0.895,1
59664,1,0,0.0315,0
59715,0,0,0.6475,1
59802,1,0,0.1235,0
59828,0,0,0.596,1
59836,0,0,0.0643,0
59871,1,0,0.07056,0
59944,1,0,0.01968,0
60055,1,0,0.4417,0
60248,1,0,0.2302,0
60277,0,0,0.2925,0
60303,1,0,0.4927,0
60423,1,0,0.3298,0
60456,1,0,0.03677,0
60509,0,0,0.94,1
60556,1,0,0.6636,1
60602,0,0,0.373,0
60649,1,0,0.2617,0
60796,0,0,0.929,1
60814,0,0,0.567,1
60842,1,0,0.3672,0
60851,0,0,0.7236,1
60986,1,0,0.2556,0
61084,1,0,0.1633,0
61383,1,0,0.502,1
61412,0,0,0.298,0
61485,1,0,0.04108,0
61521,1,0,0.01791,0
61532,0,0,0.5674,1
61626,0,0,0.1512,0
61686,1,0,0.1293,0
61874,0,0,0.1647,0
62022,1,0,0.04263,0
62064,0,0,0.01257,0
62125,0,0,0.271,0
62456,1,0,0.3074,0
62494,0,0,0.947,1
62533,0,0,0.293,0
62563,1,0,0.3462,0
62673,0,0,0.012924,0
62676,0,0,0.01045,0
62921,0,0,0.279,0
62926,1,0,0.082,0
62999,1,0,0.3538,0
63024,1,0,0.4036,0
63037,0,0,0.02203,0
63181,1,0,0.02586,0
63270,0,0,0.4958,0
63477,0,0,0.7637,1
63507,1,0,0.118,0
63725,0,0,0.9077,1
63736,1,0,0.01238,0
63811,0,0,0.3247,0
63904,1,0,0.3198,0
64019,1,0,0.02696,0
64068,1,0,0.4575,0
64236,1,0,0.5034,1
64252,1,0,0.0788,0
64300,0,0,0.06964,0
64374,1,0,0.0107,0
64500,1,0,0.0535,0
64536,1,0,0.2328,0
64592,1,0,0.35,0
64593,1,0,0.01374,0
64625,1,0,0.1567,0
64716,0,0,0.904,1
64737,0,0,0.557,1
64742,1,0,0.2356,0
64754,1,0,0.02293,0
64776,0,0,0.01169,0
64856,1,0,0.02666,0
64867,0,0,0.697,1
64873,0,0,0.05835,0
65126,0,0,0.01473,0
65144,0,0,0.3435,0
65177,0,0,0.9453,1
65211,0,0,0.671,1
65273,0,0,0.0721,0
65536,0,0,0.04672,0
65576,1,0,0.03021,0
65758,1,0,0.02438,0
65804,0,0,0.02635,0
65831,0,0,0.01772,0
66070,1,0,0.682,1
66131,0,0,0.01021,0
66289,0,0,0.162,0
66586,0,0,0.0107,0
66630,0,0,0.054,0
66853,0,0,0.3337,0
66948,0,0,0.3845,0
66962,1,0,0.1458,0
67122,0,0,0.5137,1
67289,1,0,0.321,0
67295,0,0,0.01888,0
67299,0,0,0.04114,0
67459,1,0,0.06586,0
67550,0,0,0.0173,0
67562,1,0,0.06244,0
67623,1,0,0.2053,0
67700,0,0,0.02145,0
67852,0,0,0.567,1
67951,1,0,0.197,0
68054,0,0,0.03622,0
68157,0,0,0.01095,0
68191,1,0,0.0372,0
68194,0,0,0.1021,0
68489,1,0,0.7856,1
68512,1,0,0.1078,0
68561,1,0,0.01086,0
68573,1,0,0.05005,0
68591,1,0,0.447,0
68616,1,0,0.01317,0
68942,0,0,0.3735,0
68969,0,0,0.2153,0
69482,1,0,0.121,0
69508,1,0,0.501,1
69548,1,0,0.7275,1
69554,0,0,0.695,1
69618,0,0,0.01704,0
69624,1,0,0.01698,0
69677,0,0,0.3606,0
69708,1,0,0.3625,0
69747,1,0,0.2283,0
69798,0,0,0.02849,0
70054,0,0,0.01935,0
70222,0,0,0.942,1
70306,0,0,0.0627,0
70388,0,0,0.01813,0
70462,0,0,0.01744,0
70525,0,0,0.0631,0
70527,0,0,0.1593,0
70539,0,0,0.0369,0
70589,0,0,0.8755,1
70727,0,0,0.261,0
70783,0,0,0.0389,0
70799,0,0,0.1359,0
70866,1,0,0.01622,0
70947,1,0,0.1158,0
71063,0,0,0.0173,0
71067,0,0,0.762,1
71152,1,0,0.03876,0
71213,1,0,0.1771,0
71214,1,0,0.513,1
71524,0,0,0.562,1
71686,1,0,0.315,0
71871,0,0,0.544,1
71916,0,0,0.52,1
72055,0,0,0.0354,0
72216,0,0,0.2969,0
72240,0,0,0.6265,1
72298,0,0,0.0112,0
72330,1,0,0.02998,0
72367,0,0,0.01554,0
72381,0,0,0.0109,0
72387,0,0,0.1359,0
72517,1,0,0.4983,0
72541,1,0,0.412,0
72570,0,0,0.6396,1
72590,0,0,0.014336,0
72779,1,0,0.1178,0
72834,0,0,0.01744,0
73147,0,0,0.02396,0
73175,1,0,0.0933,0
73288,1,0,0.03476,0
73416,1,0,0.1332,0
73451,1,0,0.5674,1
73573,0,0,0.09283,0
73641,1,0,0.0698,0
73644,0,0,0.0805,0
73668,1,0,0.3936,0
73787,1,0,0.6426,1
73788,1,0,0.1311,0
73845,1,0,0.01462,0
73867,0,0,0.439,0
74183,1,0,0.4788,0
74243,0,0,0.01646,0
74305,1,0,0.643,1
74348,0,0,0.2063,0
74545,1,0,0.4612,0
74836,0,0,0.618,1
74972,0,0,0.445,0
75005,1,0,0.1454,0
75246,1,0,0.0527,0
75286,0,0,0.2134,0
75347,0,0,0.0991,0
75519,1,0,0.2979,0
75555,0,0,0.01851,0
75571,0,0,0.2935,0
75584,0,0,0.434,0
75729,1,0,0.4355,0
75746,1,0,0.07367,0
75778,0,0,0.703,1
75873,1,0,0.3232,0
76020,1,0,0.1976,0
76059,1,0,0.10724,0
76083,0,0,0.01718,0
76149,0,0,0.1783,0
76418,0,0,0.134,0
76419,1,0,0.1885,0
76511,1,0,0.12036,0
76516,1,0,0.0109,0
76591,1,0,0.0549,0
76690,1,0,0.432,0
76721,0,0,0.506,1
76886,1,0,0.3083,0
76980,1,0,0.02356,0
77002,1,0,0.13,0
77011,1,0,0.1095,0
77017,1,0,0.0341,0
77179,1,0,0.2832,0
77184,1,0,0.1974,0
77189,1,0,0.05966,0
77221,1,0,0.01549,0
77231,1,0,0.08386,0
77271,0,0,0.4653,0
77319,0,0,0.63,1
77418,1,0,0.8696,1
77470,0,0,0.04868,0
77546,1,0,0.0551,0
77611,1,0,0.3984,0
77695,0,0,0.0932,0
77756,1,0,0.02133,0
77795,1,0,0.01616,0
78000,0,0,0.521,1
78072,0,0,0.523,1
78166,1,0,0.1034,0
78509,0,0,0.521,1
78591,1,0,0.1898,0
78599,1,0,0.5156,1
78666,0,0,0.01277,0
78748,1,0,0.01099,0
78749,0,0,0.858,1
78854,1,0,0.01164,0
78884,1,0,0.624,1
79041,1,0,0.03854,0
79091,0,0,0.3127,0
79137,0,0,0.6436,1
79162,1,0,0.316,0
79396,0,0,0.04263,0
79465,1,0,0.04346,0
79520,1,0,0.0642,0
79611,0,0,0.7812,1
79860,0,0,0.04092,0
80048,1,0,0.738,1
80057,1,0,0.02821,0
80081,0,0,0.02948,0
80133,0,0,0.3127,0
80201,1,0,0.013374,0
80435,0,0,0.009636,0
80436,1,0,0.8833,1
80471,1,0,0.129,0
80654,0,0,0.261,0
80770,1,0,0.103,0
80953,1,0,0.7266,1
80994,0,0,0.6294,1
81023,1,0,0.749,1
81024,1,0,0.02148,0
81148,1,0,0.1715,0
81170,1,0,0.5645,1
81203,0,0,0.5737,1
81251,1,0,0.266,0
81360,0,0,0.3674,0
81441,0,0,0.01622,0
81491,0,0,0.1399,0
81559,0,0,0.10126,0
81621,1,0,0.01935,0
81698,1,0,0.566,1
81701,1,0,0.07227,0
81895,0,0,0.3462,0
81923,0,0,0.91,1
81925,0,0,0.1719,0
81965,1,0,0.0661,0
82024,0,0,0.04877,0
82091,1,0,0.5522,1
82436,1,0,0.724,1
82542,0,0,0.03296,0
82650,0,0,0.2043,0
82733,0,0,0.276,0
82887,0,0,0.723,1
82911,1,0,0.3123,0
82937,1,0,0.03015,0
82948,0,0,0.9097,1
82968,0,0,0.01848,0
83004,1,0,0.365,0
83051,1,0,0.04477,0
83053,1,0,0.2717,0
83076,1,0,0.0526,0
83163,1,0,0.0933,0
83232,0,0,0.308,0
83267,1,0,0.1445,0
83302,1,0,0.928,1
83321,0,0,0.0159,0
83341,1,0,0.1309,0
83366,0,0,0.4893,0
83400,0,0,0.1158,0
83423,1,0,0.3513,0
83529,0,0,0.6543,1
83638,1,0,0.04272,0
83655,1,0,0.1067,0
83857,0,0,0.01987,0
83865,1,0,0.473,0
83952,1,0,0.2944,0
84079,0,0,0.1101,0
84177,0,0,0.01363,0
84203,0,0,0.2197,0
84262,0,0,0.01053,0
84324,1,0,0.0531,0
84427,1,0,0.1859,0
84473,1,0,0.0484,0
84491,0,0,0.01439,0
84613,0,0,0.1635,0
84691,1,0,0.1396,0
84693,1,0,0.0761,0
84809,0,0,0.6675,1
84851,1,0,0.236,0
85088,1,0,0.2405,0
85089,1,0,0.4983,0
85151,0,0,0.9087,1
85363,0,0,0.07587,0
85436,0,0,0.4648,0
85672,0,0,0.677,1
85763,0,0,0.5273,1
85780,0,0,0.2281,0
85780,1,0,0.272,0
85794,1,0,0.09875,0
85982,1,0,0.15,0
86035,0,0,0.2084,0
86046,0,0,0.1703,0
86289,0,0,0.02596,0
86317,0,0,0.4082,0
86328,0,0,0.3018,0
86350,1,0,0.1987,0
86380,1,0,0.0551,0
86448,0,0,0.4963,0
86459,0,0,0.01802,0
86570,0,0,0.011375,0
86604,0,0,0.37,0
86622,1,0,0.3923,0
86655,0,0,0.014114,0
86668,1,0,0.0471,0
86684,0,0,0.6094,1
86750,1,0,0.4617,0
86770,0,0,0.07007,0
86795,0,0,0.2517,0
86896,0,0,0.0644,0
87027,1,0,0.2615,0
87066,0,0,0.2644,0
87354,1,0,0.781,1
87478,1,0,0.10394,0
87582,0,0,0.1324,0
87854,1,0,0.013275,0
87883,1,0,0.11554,0
87910,0,0,0.02718,0
88018,1,0,0.02194,0
88300,0,0,0.0286,0
88366,0,0,0.03506,0
88431,1,0,0.3032,0
88623,0,0,0.01678,0
88690,0,0,0.937,1
88730,1,0,0.1517,0
88790,1,0,0.1332,0
88916,0,0,0.1082,0
88920,1,0,0.3901,0
89012,1,0,0.2272,0
89031,1,0,0.444,0
89203,0,0,0.5566,1
89479,1,0,0.784,1
89496,0,0,0.4854,0
89527,0,0,0.788,1
89674,1,0,0.03424,0
89952,0,0,0.01385,0
90021,0,0,0.4216,0
90097,1,0,0.2157,0
90226,1,0,0.12244,0
90444,0,0,0.03882,0
90460,1,0,0.01578,0
90516,1,0,0.01053,0
90557,0,0,0.01086,0
90751,1,0,0.1235,0
90869,0,0,0.4062,0
90883,1,0,0.1577,0
90927,0,0,0.00945,0
91089,0,0,0.4287,0
91229,1,0,0.9365,1
91304,0,0,0.1671,0
91325,0,0,0.0906,0
91363,1,0,0.1664,0
91439,1,0,0.2876,0
91446,1,0,0.04987,0
91458,0,0,0.2316,0
91492,0,0,0.0442,0
91547,0,0,0.727,1
91569,0,0,0.7334,1
91606,1,0,0.02931,0
91668,0,0,0.01312,0
91865,0,0,0.0231,0
91880,0,0,0.01772,0
92105,1,0,0.936,1
92150,0,0,0.542,1
92330,1,0,0.8423,1
92375,0,0,0.5146,1
92607,0,0,0.62,1
92718,1,0,0.4688,0
92728,0,0,0.02849,0
92728,1,0,0.1322,0
92732,0,0,0.0236,0
92834,0,0,0.01596,0
92908,0,0,0.04544,0
92950,0,0,0.3115,0
93106,0,0,0.01423,0
93219,0,0,0.439,0
93244,0,0,0.443,0
93298,0,0,0.241,0
93380,1,0,0.02148,0
93536,1,0,0.1725,0
93545,1,0,0.0532,0
93605,1,0,0.05167,0
93630,0,0,0.52,1
93676,1,0,0.8843,1
93744,1,0,0.1263,0
93760,1,0,0.08496,0
93869,0,0,0.1855,0
93966,1,0,0.352,0
93984,1,0,0.03067,0
94132,0,0,0.827,1
94181,0,0,0.6763,1
94196,1,0,0.8955,1
94250,0,0,0.01554,0
94271,0,0,0.3535,0
94317,1,0,0.3157,0
94334,1,0,0.0603,0
94336,1,0,0.3035,0
94366,1,0,0.676,1
94460,0,0,0.4922,0
94498,0,0,0.462,0
94623,1,0,0.308,0
94682,0,0,0.2043,0
94724,0,0,0.7065,1
94790,1,0,0.04733,0
94796,1,0,0.3987,0
94917,0,0,0.6787,1
94935,1,0,0.05966,0
95073,0,0,0.704,1
95131,1,0,0.1409,0
95153,0,0,0.4006,0
95197,0,0,0.01935,0
95319,0,0,0.8887,1
95362,0,0,0.01187,0
95586,1,0,0.0265,0
95669,1,0,0.03506,0
95681,1,0,0.04932,0
95758,0,0,0.6064,1
95891,1,0,0.233,0
95981,1,0,0.796,1
96084,1,0,0.0367,0
96099,0,0,0.4536,0
96139,0,0,0.02162,0
96158,1,0,0.088,0
96244,1,0,0.0248,0
96304,1,0,0.02377,0
96343,1,0,0.1572,0
96359,1,0,0.1326,0
96406,0,0,0.01456,0
96471,0,0,0.01164,0
96569,0,0,0.01462,0
96587,0,0,0.01865,0
96639,1,0,0.1235,0
96705,0,0,0.01554,0
96718,0,0,0.9233,1
96801,1,0,0.2493,0
96964,1,0,0.8516,1
97038,1,0,0.876,1
97215,0,0,0.878,1
97276,1,0,0.6606,1
97349,1,0,0.65,1
97384,1,0,0.1436,0
97418,1,0,0.4683,0
97449,1,0,0.09686,0
97475,0,0,0.1641,0
97530,1,0,0.3713,0
97587,1,0,0.6406,1
97675,0,0,0.12054,0
97713,1,0,0.09076,0
97804,0,0,0.06805,0
97822,0,0,0.145,0
97907,0,0,0.1142,0
98062,0,0,0.1186,0
98217,0,0,0.609,1
98330,1,0,0.01057,0
98398,0,0,0.02042,0
98526,1,0,0.09235,0
98541,0,0,0.03186,0
98684,0,0,0.56,1
98720,1,0,0.7266,1
98733,1,0,0.11816,0
98772,1,0,0.615,1
98892,1,0,0.2,0
98911,1,0,0.1593,0
98919,0,0,0.4238,0
99099,0,0,0.735,1
99119,0,0,0.059,0
99260,0,0,0.02855,0
99289,0,0,0.5225,1
99364,1,0,0.5283,1
99422,0,0,0.3206,0
99459,1,0,0.111,0
99565,0,0,0.6113,1
99636,0,0,0.02931,0
99804,1,0,0.0287,0
99927,1,0,0.01584,0
99999,0,0,0.01898,0
100046,0,0,0.6616,1
100297,1,0,0.10486,0
100326,0,0,0.2847,0
100392,0,0,0.05203,0
100483,1,0,0.474,0
100513,1,0,0.053,0
100541,1,0,0.1204,0
100601,0,0,0.274,0
100657,0,0,0.902,1
100785,0,0,0.1865,0
100789,1,0,0.1222,0
100816,1,0,0.3335,0
100859,1,0,0.01894,0
100870,1,0,0.6343,1
100886,1,0,0.1467,0
100896,1,0,0.02097,0
100930,1,0,0.3523,0
100988,1,0,0.11694,0
101493,1,0,0.1653,0
101530,0,0,0.515,1
101597,0,0,0.01147,0
101646,1,0,0.2947,0
101648,0,0,0.3875,0
101649,1,0,0.877,1
101703,0,0,0.2257,0
101763,1,0,0.0693,0
101951,1,0,0.1142,0
102078,1,0,0.3499,0
102122,0,0,0.0877,0
102186,1,0,0.3298,0
102433,1,0,0.3208,0
102434,1,0,0.3635,0
102448,0,0,0.2756,0
102513,0,0,0.751,1
102800,1,0,0.17,0
103021,1,0,0.3555,0
103036,1,0,0.1263,0
103053,1,0,0.4475,0
103264,0,0,0.413,0
103326,0,0,0.6855,1
103335,0,0,0.4165,0
103440,0,0,0.02199,0
103502,1,0,0.12445,0
103507,0,0,0.3691,0
103508,1,0,0.5405,1
103535,1,0,0.536,1
103918,0,0,0.1309,0
103941,0,0,0.2139,0
104086,1,0,0.3557,0
104243,0,0,0.0707,0
104340,0,0,0.281,0
104372,1,0,0.267,0
104508,1,0,0.3308,0
104623,1,0,0.1741,0
104654,0,0,0.1709,0
104693,1,0,0.9453,1
104815,1,0,0.172,0
104835,0,0,0.852,1
104880,0,0,0.1099,0
104890,1,0,0.01692,0
104902,1,0,0.1032,0
104926,0,0,0.3555,0
104977,0,0,0.3623,0
104999,1,0,0.2076,0
105102,0,0,0.644,1
105103,1,0,0.1855,0
105147,1,0,0.2388,0
105404,0,0,0.0121,0
105481,0,0,0.6523,1
105535,0,0,0.01596,0
105541,1,0,0.02165,0
105582,1,0,0.02759,0
105604,0,0,0.02324,0
105622,0,0,0.06384,0
105671,1,0,0.04077,0
105723,1,0,0.1142,0
105831,1,0,0.3367,0
105872,1,0,0.4692,0
105969,0,0,0.2106,0
105986,1,0,0.1536,0
106105,0,0,0.03308,0
106285,0,0,0.5327,1
106323,1,0,0.2593,0
106328,0,0,0.01495,0
106396,0,0,0.2986,0
106549,1,0,0.9224,1
106628,0,0,0.4053,0
106711,0,0,0.0313,0
106744,1,0,0.02182,0
106760,0,0,0.13,0
106768,1,0,0.587,1
106831,0,0,0.0868,0
106834,0,0,0.8936,1
106898,0,0,0.1216,0
107125,0,0,0.04886,0
107178,1,0,0.579,1
107206,1,0,0.10724,0
107260,0,0,0.642,1
107416,1,0,0.2458,0
107510,0,0,0.126,0
107604,0,0,0.459,0
107690,1,0,0.8486,1
107705,1,0,0.04202,0
107707,0,0,0.34,0
107753,0,0,0.074,0
107767,0,0,0.1025,0
107893,0,0,0.06854,0
107919,0,0,0.662,1
107977,0,0,0.3022,0
107980,1,0,0.11395,0
108076,0,0,0.09467,0
108077,0,0,0.01343,0
108113,1,0,0.4983,0
108134,0,0,0.4048,0
108137,1,0,0.589,1
108149,0,0,0.511,1
108270,0,0,0.483,0
108376,0,0,0.4766,0
108453,0,0,0.385,0
108571,0,0,0.4373,0
108738,0,0,0.011505,0
108746,1,0,0.1726,0
108796,1,0,0.1334,0
108810,1,0,0.04788,0
108834,0,0,0.1915,0
108930,0,0,0.4736,0
108944,1,0,0.0326,0
109063,1,0,0.2109,0
109113,1,0,0.01685,0
109142,1,0,0.01103,0
109217,0,0,0.03656,0
109302,1,0,0.4387,0
109337,1,0,0.8496,1
109440,0,0,0.0703,0
109473,1,0,0.3022,0
109485,0,0,0.03021,0
109540,0,0,0.1696,0
109542,0,0,0.0355,0
109625,0,0,0.1978,0
109681,0,0,0.0854,0
109763,0,0,0.401,0
109829,1,0,0.3625,0
109849,0,0,0.3943,0
109879,0,0,0.01758,0
109893,0,0,0.03732,0
109916,0,0,0.0991,0
110027,1,0,0.0678,0
110179,0,0,0.8193,1
110314,1,0,0.04016,0
110360,1,0,0.1011,0
110461,1,0,0.01401,0
110473,0,0,0.722,1
110497,0,0,0.3105,0
110559,1,0,0.4753,0
110686,0,0,0.03876,0
110870,0,0,0.01979,0
110917,0,0,0.01025,0
110964,1,0,0.1279,0
111008,0,0,0.01428,0
111013,1,0,0.317,0
111038,1,0,0.4211,0
111145,1,0,0.01584,0
111327,1,0,0.328,0
111419,0,0,0.396,0
111522,1,0,0.2366,0
111589,0,0,0.2937,0
111629,0,0,0.9043,1
111671,1,0,0.01984,0
111807,1,0,0.08374,0
111910,1,0,0.622,1
111958,1,0,0.1738,0
112004,1,0,0.7236,1
112436,1,0,0.4849,0
112505,0,0,0.0278,0
112703,0,0,0.2595,0
112717,0,0,0.8057,1
112818,1,0,0.0542,0
112922,0,0,0.3828,0
112941,1,0,0.03378,0
113062,0,0,0.5303,1
113096,0,0,0.84,1
113112,0,0,0.1093,0
113168,1,0,0.1703,0
113234,1,0,0.05865,0
113330,0,0,0.6787,1
113348,0,0,0.0164,0
113382,1,0,0.138,0
113592,0,0,0.02194,0
113720,1,0,0.2634,0
114113,1,0,0.05676,0
114177,0,0,0.0494,0
114365,0,0,0.0356,0
114514,1,0,0.03516,0
114519,1,0,0.02373,0
114609,1,0,0.4011,0
114631,1,0,0.02037,0
114784,1,0,0.8833,1
115020,1,0,0.431,0
115319,1,0,0.0551,0
115462,0,0,0.2249,0
115502,0,0,0.06573,0
115537,1,0,0.3445,0
115981,1,0,0.07654,0
116084,1,0,0.0621,0
116101,0,0,0.2622,0
116102,1,0,0.0193,0
116285,0,0,0.0709,0
116297,0,0,0.3767,0
116335,0,0,0.01107,0
116369,0,0,0.2493,0
116548,0,0,0.5522,1
116603,1,0,0.6245,1
116908,0,0,0.8354,1
116925,0,0,0.01053,0
116929,1,0,0.01692,0
116994,1,0,0.3892,0
117177,0,0,0.421,0
117208,0,0,0.05118,0
117229,1,0,0.2527,0
117265,0,0,0.181,0
117348,1,0,0.637,1
117372,0,0,0.01406,0
117426,1,0,0.3196,0
117544,0,0,0.155,0
117684,0,0,0.349,0
117864,0,0,0.01169,0
117870,0,0,0.3638,0
117875,0,0,0.4614,0
117875,1,0,0.288,0
118104,0,0,0.8994,1
118109,0,0,0.7944,1
118122,0,0,0.1261,0
118151,1,0,0.2413,0
118167,0,0,0.0121,0
118371,0,0,0.1704,0
118471,1,0,0.06143,0
118499,0,0,0.011116,0
118539,1,0,0.3147,0
118688,0,0,0.01317,0
118737,0,0,0.02527,0
118768,0,0,0.575,1
118870,1,0,0.55,1
118919,0,0,0.883,1
119072,1,0,0.1134,0
119101,1,0,0.395,0
119335,0,0,0.01187,0
119351,1,0,0.897,1
119367,0,0,0.2158,0
119453,1,0,0.02965,0
119577,0,0,0.709,1
119823,1,0,0.02101,0
119918,1,0,0.01374,0
119973,0,0,0.7754,1
119978,0,0,0.8296,1
120176,0,0,0.928,1
120250,1,0,0.352,0
120355,0,0,0.2622,0
120367,0,0,0.426,0
120447,1,0,0.2422,0
120455,0,0,0.506,1
120743,1,0,0.2177,0
120777,0,0,0.00986,0
120811,0,0,0.1852,0
120945,0,0,0.506,1
121172,1,0,0.5513,1
121181,0,0,0.2793,0
121258,0,0,0.3381,0
121340,1,0,0.7275,1
121465,0,0,0.4128,0
121549,0,0,0.1144,0
121655,0,0,0.768,1
121784,0,0,0.289,0
121810,1,0,0.1617,0
122119,1,0,0.3572,0
122132,1,0,0.01057,0
122176,0,0,0.234,0
122198,0,0,0.0201,0
122517,0,0,0.3262,0
122640,0,0,0.1741,0
122710,0,0,0.1302,0
122714,1,0,0.5586,1
122808,1,0,0.0899,0
122820,0,0,0.3462,0
122837,1,0,0.0694,0
122898,0,0,0.465,0
122938,0,0,0.2367,0
123015,1,0,0.0533,0
123072,1,0,0.823,1
123109,1,0,0.0292,0
123165,1,0,0.04132,0
123198,0,0,0.01224,0
123280,0,0,0.8516,1
123380,0,0,0.011246,0
123385,0,0,0.2017,0
123398,1,0,0.781,1
123572,1,0,0.0799,0
123774,1,0,0.537,1
123948,0,0,0.04453,0
124077,0,0,0.2378,0
124231,0,0,0.5996,1
124273,1,0,0.2411,0
124406,0,0,0.2065,0
124406,1,0,0.2942,0
124427,0,0,0.05814,0
124478,0,0,0.5996,1
124505,0,0,0.01196,0
124585,1,0,0.01439,0
124654,0,0,0.0201,0
124667,1,0,0.07385,0
124700,0,0,0.507,1
124797,0,0,0.762,1
124880,0,0,0.4294,0
124893,0,0,0.338,0
124958,1,0,0.4883,0
125180,1,0,0.46,0
125241,0,0,0.906,1
125277,0,0,0.7593,1
125392,1,0,0.015366,0
125427,0,0,0.792,1
125454,1,0,0.3938,0
125554,0,0,0.05292,0
125616,1,0,0.5986,1
125727,1,0,0.1295,0
125873,1,0,0.04288,0
125894,1,0,0.0879,0
125903,0,0,0.04868,0
126006,1,0,0.3428,0
126259,0,0,0.02419,0
126338,0,0,0.4678,0
126528,0,0,0.1041,0
126570,0,0,0.452,0
126653,0,0,0.545,1
126654,1,0,0.4421,0
126781,1,0,0.03085,0
126898,0,0,0.2517,0
127063,0,0,0.02382,0
127084,0,0,0.3362,0
127097,1,0,0.5015,1
127131,0,0,0.09283,0
127375,0,0,0.1891,0
127403,0,0,0.07434,0
127436,0,0,0.3433,0
127592,0,0,0.5757,1
127773,0,0,0.605,1
127920,1,0,0.036,0
127967,0,0,0.01865,0
128196,0,0,0.02855,0
128251,0,0,0.2494,0
128263,1,0,0.332,0
128320,1,0,0.05127,0
128343,0,0,0.7256,1
128477,0,0,0.0935,0
128491,1,0,0.03928,0
128506,1,0,0.0643,0
128530,1,0,0.1865,0
128612,0,0,0.01854,0
128843,1,0,0.839,1
128931,1,0,0.1661,0
128942,1,0,0.28,0
128999,1,0,0.2578,0
129018,1,0,0.1276,0
129101,1,0,0.2095,0
129140,0,0,0.0708,0
129333,0,0,0.1682,0
129363,0,0,0.02277,0
129399,1,0,0.07196,0
129738,0,0,0.2656,0
129742,1,0,0.02347,0
129797,1,0,0.3206,0
129855,0,0,0.3542,0
129907,0,0,0.743,1
129931,1,0,0.7534,1
129957,0,0,0.3752,0
129972,0,0,0.06757,0
130031,1,0,0.0914,0
130049,1,0,0.268,0
130061,0,0,0.3447,0
130075,0,0,0.01053,0
130214,0,0,0.02084,0
130507,1,0,0.1417,0
130557,1,0,0.1067,0
130621,0,0,0.2103,0
130651,0,0,0.7666,1
130696,0,0,0.0208,0
130758,1,0,0.89,1
130784,1,0,0.02377,0
130792,1,0,0.2168,0
130793,1,0,0.01672,0
130820,1,0,0.0193,0
131108,0,0,0.01229,0
131185,0,0,0.01572,0
131223,1,0,0.10614,0
131322,1,0,0.255,0
131439,0,0,0.02925,0
131567,0,0,0.05185,0
131599,0,0,0.02254,0
131610,0,0,0.554,1
131668,1,0,0.3394,0
131700,1,0,0.294,0
131734,0,0,0.01333,0
131804,0,0,0.01322,0
131817,1,0,0.12054,0
131872,1,0,0.065,0
131978,0,0,0.1766,0
132027,1,0,0.918,1
132086,0,0,0.01672,0
132130,1,0,0.323,0
132195,0,0,0.8984,1
132400,0,0,0.76,1
132410,0,0,0.01107,0
132473,0,0,0.12305,0
132539,0,0,0.4678,0
132635,1,0,0.009674,0
132829,0,0,0.037,0
132836,1,0,0.01155,0
133009,1,0,0.02298,0
133219,1,0,0.2366,0
133222,1,0,0.368,0
133226,0,0,0.01584,0
133244,1,0,0.3018,0
133410,0,0,0.2583,0
133423,1,0,0.1367,0
133657,1,0,0.741,1
133883,0,0,0.9243,1
133887,0,0,0.3625,0
133888,1,0,0.05603,0
133941,0,0,0.2764,0
133961,1,0,0.8755,1
134030,0,0,0.01061,0
134235,1,0,0.594,1
134238,1,0,0.05005,0
134369,1,0,0.3767,0
134648,0,0,0.92,1
134739,1,0,0.592,1
134747,1,0,0.01865,0
134882,0,0,0.9453,1
134952,1,0,0.4204,0
135101,1,0,0.1837,0
135105,0,0,0.06757,0
135115,1,0,0.0193,0
135127,1,0,0.2001,0
135311,0,0,0.597,1
135712,0,0,0.04233,0
135782,1,0,0.1425,0
135786,1,0,0.01082,0
135865,0,0,0.01025,0
135961,1,0,0.4202,0
135992,0,0,0.3962,0
136103,0,0,0.1497,0
136232,0,0,0.8433,1
136585,1,0,0.569,1
136596,0,0,0.02527,0
136670,0,0,0.4211,0
136725,0,0,0.01543,0
136765,0,0,0.1409,0
136787,1,0,0.5386,1
136819,0,0,0.877,1
136822,1,0,0.01095,0
136869,0,0,0.914,1
136878,0,0,0.709,1
136967,1,0,0.04068,0
136994,0,0,0.6514,1
137046,1,0,0.607,1
137081,1,0,0.0848,0
137113,1,0,0.0725,0
137170,0,0,0.856,1
137229,0,0,0.756,1
137396,0,0,0.0107,0
137524,1,0,0.07434,0
137999,1,0,0.474,0
138124,1,0,0.2932,0
138148,1,0,0.08124,0
138197,1,0,0.02293,0
138230,1,0,0.0446,0
138405,1,0,0.3289,0
138491,0,0,0.1255,0
138541,1,0,0.4902,0
138657,1,0,0.013954,0
138852,1,0,0.2473,0
139221,1,0,0.0441,0
139455,1,0,0.1443,0
139575,0,0,0.0764,0
139643,1,0,0.191,0
139656,0,0,0.2998,0
139715,1,0,0.1134,0
139736,0,0,0.01704,0
139803,0,0,0.4058,0
139845,0,0,0.07837,0
139858,0,0,0.269,0
139909,1,0,0.2056,0
140061,0,0,0.01374,0
140085,1,0,0.11676,0
140111,1,0,0.0377,0
140165,1,0,0.2411,0
140244,0,0,0.1796,0
140250,1,0,0.01116,0
140294,1,0,0.4553,0
140333,0,0,0.886,1
140349,1,0,0.515,1
140374,0,0,0.4229,0
140406,0,0,0.03754,0
140434,0,0,0.7866,1
140558,0,0,0.1873,0
140668,1,0,0.4963,0
140769,1,0,0.6885,1
140865,0,0,0.2903,0
140959,0,0,0.851,1
141067,0,0,0.4749,0
141114,1,0,0.094,0
141169,1,0,0.4746,0
141198,1,0,0.1054,0
141270,1,0,0.1411,0
141344,1,0,0.2795,0
141479,0,0,0.901,1
141526,1,0,0.0868,0
141557,0,0,0.01219,0
141582,0,0,0.2045,0
141600,0,0,0.05032,0
141777,1,0,0.04025,0
142007,1,0,0.01785,0
142089,1,0,0.010056,0
142098,1,0,0.11475,0
142109,1,0,0.625,1
142128,1,0,0.7744,1
142275,1,0,0.1312,0
142393,0,0,0.02246,0
142448,0,0,0.786,1
142467,1,0,0.10034,0
142485,1,0,0.4082,0
142701,0,0,0.0139,0
142784,1,0,0.3193,0
142853,0,0,0.8833,1
142865,1,0,0.131,0
142872,1,0,0.01956,0
142963,1,0,0.2383,0
143006,1,0,0.02676,0
143138,0,0,0.4893,0
143151,0,0,0.3293,0
143307,0,0,0.01078,0
143338,1,0,0.429,0
143376,0,0,0.511,1
143376,1,0,0.01317,0
143456,0,0,0.009056,0
143523,0,0,0.01901,0
143586,1,0,0.3044,0
143587,1,0,0.7417,1
143722,0,0,0.5957,1
143875,0,0,0.2213,0
143987,1,0,0.3936,0
144033,0,0,0.6387,1
144282,0,0,0.579,1
144296,1,0,0.0572,0
144388,0,0,0.594,1
144485,1,0,0.3354,0
144511,0,0,0.4722,0
144553,1,0,0.916,1
144807,1,0,0.02116,0
144816,0,0,0.04312,0
144948,1,0,0.515,1
144960,1,0,0.163,0
144999,1,0,0.539,1
145094,1,0,0.584,1
145096,1,0,0.03314,0
145132,0,0,0.0441,0
145177,1,0,0.2715,0
145476,1,0,0.1404,0
145583,0,0,0.0887,0
145719,0,0,0.02216,0
145837,0,0,0.01348,0
145867,0,0,0.3647,0
146035,1,0,0.4492,0
146040,0,0,0.01243,0
146150,0,0,0.607,1
146286,1,0,0.5176,1
146324,0,0,0.433,0
146394,0,0,0.4292,0
146394,1,0,0.2328,0
146454,0,0,0.9053,1
146512,0,0,0.01484,0
146616,1,0,0.01248,0
146635,1,0,0.06256,0
146663,0,0,0.0845,0
146673,0,0,0.2017,0
146700,1,0,0.2002,0
146802,0,0,0.7783,1
146804,0,0,0.1058,0
147306,1,0,0.0477,0
147323,0,0,0.8535,1
147386,1,0,0.4482,0
147398,0,0,0.5566,1
147528,1,0,0.42,0
147732,1,0,0.719,1
147783,1,0,0.1721,0
147835,1,0,0.4946,0
147875,0,0,0.7637,1
147882,1,0,0.1575,0
147919,0,0,0.5938,1
147994,1,0,0.03583,0
148023,0,0,0.324,0
148073,0,0,0.05154,0
148073,1,0,0.02199,0
148099,0,0,0.015366,0
148152,0,0,0.01872,0
148306,0,0,0.4597,0
148329,1,0,0.0745,0
148351,0,0,0.0717,0
148354,1,0,0.582,1
148411,0,0,0.1525,0
148530,0,0,0.02129,0
148532,1,0,0.0666,0
148538,0,0,0.4917,0
148543,1,0,0.2142,0
148672,0,0,0.834,1
148695,1,0,0.2129,0
148802,1,0,0.63,1
148836,0,0,0.01942,0
148892,0,0,0.2351,0
149226,0,0,0.577,1
149227,0,0,0.2471,0
149312,0,0,0.2854,0
149352,1,0,0.447,0
149443,1,0,0.2395,0
149453,1,0,0.0496,0
149516,0,0,0.557,1
149575,0,0,0.03162,0
149628,0,0,0.2883,0
149639,1,0,0.3064,0
149659,0,0,0.806,1
149728,1,0,0.508,1
149875,1,0,0.8794,1
149966,1,0,0.9004,1
150018,0,0,0.1366,0
150035,0,0,0.786,1
150045,1,0,0.03622,0
150167,1,0,0.2295,0
150253,1,0,0.8306,1
150303,0,0,0.8765,1
150375,1,0,0.4373,0
150471,1,0,0.132,0
150486,0,0,0.1128,0
150618,0,0,0.1082,0
150682,1,0,0.126,0
150931,1,0,0.0201,0
151246,0,0,0.352,0
151382,1,0,0.1936,0
151438,0,0,0.4182,0
151474,0,0,0.1005,0
151509,0,0,0.02461,0
151547,0,0,0.0437,0
151595,0,0,0.2725,0
151666,0,0,0.304,0
151719,0,0,0.0511,0
151771,1,0,0.1593,0
151772,1,0,0.1548,0
151808,1,0,0.012726,0
151824,1,0,0.01859,0
151842,1,0,0.777,1
151878,1,0,0.1436,0
152214,0,0,0.343,0
152252,1,0,0.04123,0
152331,1,0,0.11127,0
152347,0,0,0.00986,0
152456,0,0,0.01888,0
152609,0,0,0.2793,0
152617,1,0,0.1488,0
152636,1,0,0.3333,0
152665,1,0,0.4019,0
152815,1,0,0.51,1
152816,1,0,0.884,1
153133,0,0,0.0823,0
153204,1,0,0.041,0
153346,1,0,0.1617,0
153479,0,0,0.01164,0
153513,0,0,0.01456,0
153710,0,0,0.863,1
153723,0,0,0.5234,1
153786,0,0,0.6553,1
153857,0,0,0.394,0
153939,1,0,0.1423,0
154187,0,0,0.01445,0
154248,0,0,0.0628,0
154266,0,0,0.01164,0
154522,1,0,0.3672,0
154528,0,0,0.0112,0
154598,0,0,0.02718,0
154829,0,0,0.7275,1
155037,0,0,0.566,1
155042,0,0,0.4834,0
155062,1,0,0.5776,1
155136,1,0,0.3743,0
155173,0,0,0.00927,0
155237,0,0,0.00978,0
155262,0,0,0.0871,0
155324,1,0,0.05612,0
155356,0,0,0.3853,0
155605,0,0,0.5825,1
155620,1,0,0.01473,0
155634,0,0,0.03168,0
155791,0,0,0.862,1
155855,1,0,0.787,1
155888,0,0,0.121,0
155910,1,0,0.074,0
155966,1,0,0.1019,0
156014,1,0,0.04886,0
156018,0,0,0.00993,0
156034,0,0,0.026,0
156050,1,0,0.7764,1
156129,1,0,0.2505,0
156150,1,0,0.01519,0
156264,0,0,0.761,1
156338,0,0,0.1005,0
156591,0,0,0.3052,0
156609,0,0,0.1329,0
156622,1,0,0.3555,0
156788,0,0,0.4663,0
156807,0,0,0.0874,0
156882,0,0,0.01622,0
156980,1,0,0.469,0
157178,1,0,0.3228,0
157243,0,0,0.1913,0
157289,1,0,0.02303,0
157316,1,0,0.368,0
157351,0,0,0.0677,0
157501,1,0,0.1396,0
157656,1,0,0.2988,0
157660,0,0,0.881,1
157900,1,0,0.596,1
157920,1,0,0.0432,0
157958,1,0,0.02727,0
158059,1,0,0.4534,0
158086,1,0,0.1459,0
158123,0,0,0.1947,0
158208,0,0,0.4478,0
158293,1,0,0.0798,0
158330,1,0,0.0551,0
158346,1,0,0.01854,0
158447,1,0,0.3613,0
158451,0,0,0.7734,1
158495,0,0,0.4404,0
158496,1,0,0.04858,0
158516,1,0,0.6245,1
158570,0,0,0.3623,0
158595,0,0,0.7754,1
158601,0,0,0.013275,0
158720,0,0,0.6855,1
158786,0,0,0.02258,0
158977,0,0,0.01065,0
158987,1,0,0.49,0
159046,0,0,0.1982,0
159091,1,0,0.01348,0
159248,0,0,0.01234,0
159510,0,0,0.1542,0
159599,1,0,0.1034,0
159693,1,0,0.02982,0
159787,1,0,0.3208,0
159841,0,0,0.2637,0
159849,1,0,0.7227,1
159876,0,0,0.501,1
159898,1,0,0.4675,0
160009,1,0,0.3,0
160099,1,0,0.236,0
160192,0,0,0.5923,1
160368,1,0,0.0683,0
160724,0,0,0.719,1
160835,1,0,0.0278,0
160901,0,0,0.07806,0
160926,1,0,0.584,1
161096,0,0,0.916,1
161109,1,0,0.1328,0
161122,0,0,0.4326,0
161149,0,0,0.0628,0
161168,1,0,0.013954,0
161462,1,0,0.0483,0
161477,1,0,0.0662,0
161541,0,0,0.5225,1
161548,1,0,0.1901,0
161637,1,0,0.1476,0
161764,0,0,0.8657,1
161813,1,0,0.01554,0
161816,0,0,0.751,1
161897,0,0,0.1921,0
161986,1,0,0.1812,0
162064,1,0,0.411,0
162140,1,0,0.4194,0
162183,0,0,0.04977,0
162226,1,0,0.0265,0
162232,0,0,0.7715,1
162263,0,0,0.03455,0
162278,1,0,0.02042,0
162305,0,0,0.6016,1
162320,1,0,0.06866,0
162334,1,0,0.02522,0
162353,0,0,0.02025,0
162397,1,0,0.571,1
162399,1,0,0.2208,0
162418,1,0,0.849,1
162435,0,0,0.2084,0
162485,0,0,0.5776,1
162631,0,0,0.01653,0
162699,1,0,0.06464,0
162803,1,0,0.1898,0
162846,0,0,0.2673,0
162874,1,0,0.2318,0
162975,0,0,0.285,0
163042,0,0,0.2301,0
163251,1,0,0.1032,0
163262,0,0,0.02881,0
163288,0,0,0.5522,1
163302,0,0,0.0347,0
163331,1,0,0.1279,0
163363,0,0,0.1598,0
163627,0,0,0.707,1
163727,1,0,0.11694,0
163859,0,0,0.01826,0
163881,0,0,0.5225,1
163884,0,0,0.5474,1
163922,0,0,0.0619,0
164135,1,0,0.01001,0
164339,1,0,0.5522,1
164363,0,0,0.8906,1
164397,1,0,0.2847,0
164610,1,0,0.0281,0
164703,0,0,0.0093,0
164797,0,0,0.01053,0
165058,1,0,0.3801,0
165063,0,0,0.01543,0
165375,1,0,0.4534,0
165409,1,0,0.0957,0
165481,1,0,0.6763,1
165498,1,0,0.01802,0
165515,0,0,0.1327,0
165553,0,0,0.01025,0
165789,0,0,0.3232,0
165825,0,0,0.01659,0
166008,0,0,0.01467,0
166200,0,0,0.015076,0
166209,0,0,0.04016,0
166437,0,0,0.867,1
166541,0,0,0.4644,0
166576,0,0,0.03918,0
166583,1,0,0.7393,1
166668,0,0,0.0258,0
166673,0,0,0.185,0
167039,0,0,0.010735,0
167089,1,0,0.118,0
167155,1,0,0.06854,0
167189,0,0,0.504,1
167199,1,0,0.145,0
167205,1,0,0.529,1
167261,0,0,0.10724,0
167542,1,0,0.518,1
167591,1,0,0.5645,1
167621,1,0,0.6445,1
167664,1,0,0.1609,0
167672,0,0,0.759,1
167882,0,0,0.167,0
167884,0,0,0.01704,0
167937,1,0,0.409,0
167976,1,0,0.1041,0
168089,1,0,0.02258,0
168456,0,0,0.278,0
168511,1,0,0.4705,0
168613,1,0,0.4058,0
168868,1,0,0.0741,0
168886,0,0,0.01473,0
168903,0,0,0.4463,0
168946,0,0,0.743,1
168986,1,0,0.1007,0
169053,0,0,0.4067,0
169193,0,0,0.009125,0
169220,1,0,0.501,1
169289,0,0,0.652,1
169381,1,0,0.02065,0
169569,0,0,0.6704,1
169729,0,0,0.2654,0
169865,1,0,0.1034,0
169872,0,0,0.013275,0
169936,1,0,0.1971,0
169954,1,0,0.04147,0
169972,1,0,0.258,0
170013,0,0,0.6733,1
170041,1,0,0.0542,0
170122,0,0,0.8994,1
170183,1,0,0.1903,0
170216,0,0,0.01616,0
170237,1,0,0.1534,0
170304,1,0,0.5864,1
170312,0,0,0.01819,0
170357,1,0,0.3528,0
170402,0,0,0.10175,0
170403,1,0,0.0635,0
170420,0,0,0.7827,1
170510,1,0,0.01692,0
170524,1,0,0.06085,0
170640,1,0,0.332,0
170680,1,0,0.3584,0
170688,1,0,0.65,1
170693,1,0,0.05032,0
171017,1,0,0.1344,0
171079,0,0,0.8237,1
171115,1,0,0.01169,0
171261,0,0,0.03067,0
171317,1,0,0.619,1
171559,1,0,0.672,1
171605,0,0,0.12244,0
171613,1,0,0.4646,0
171632,1,0,0.02242,0
171693,0,0,0.02661,0
171954,1,0,0.796,1
172018,1,0,0.5703,1
172119,0,0,0.014114,0
172187,1,0,0.0192,0
172213,1,0,0.597,1
172228,0,0,0.7397,1
172307,1,0,0.1505,0
172383,0,0,0.3413,0
172458,0,0,0.878,1
172487,1,0,0.8755,1
172516,1,0,0.0993,0
172786,1,0,0.0764,0
172855,1,0,0.526,1
172913,0,0,0.7227,1
172924,0,0,0.01243,0
172967,1,0,0.06683,0
173126,0,0,0.09174,0
173163,1,0,0.521,1
173233,1,0,0.1823,0
173236,0,0,0.01752,0
173237,0,0,0.558,1
173247,1,0,0.2281,0
173326,1,0,0.0217,0
173342,0,0,0.05283,0
173406,0,0,0.6157,1
173434,1,0,0.0476,0
173464,0,0,0.0511,0
173641,0,0,0.11395,0
173653,0,0,0.013535,0
173706,0,0,0.01116,0
173708,0,0,0.01877,0
173790,1,0,0.0957,0
173799,1,0,0.02806,0
173824,1,0,0.1406,0
174003,0,0,0.07043,0
174009,1,0,0.2031,0
174051,1,0,0.618,1
174063,0,0,0.334,0
174090,1,0,0.1587,0
174229,1,0,0.5264,1
174285,1,0,0.4473,0
174367,1,0,0.01057,0
174406,1,0,0.1197,0
174412,1,0,0.2379,0
174475,0,0,0.01369,0
174536,1,0,0.3286,0
174590,1,0,0.11145,0
174626,0,0,0.1152,0
174648,0,0,0.03494,0
174871,0,0,0.03943,0
174926,1,0,0.1821,0
175028,0,0,0.8604,1
175100,1,0,0.4802,0
175210,1,0,0.01462,0
175244,1,0,0.2803,0
175395,0,0,0.637,1
175453,0,0,0.759,1
175515,1,0,0.322,0
175541,1,0,0.0707,0
175564,1,0,0.1711,0
175607,0,0,0.01129,0
175611,1,0,0.747,1
175684,1,0,0.8447,1
175827,1,0,0.01307,0
175913,1,0,0.02696,0
175924,1,0,0.02136,0
176254,0,0,0.625,1
176315,1,0,0.4983,0
176350,0,0,0.5415,1
176372,0,0,0.0637,0
176391,1,0,0.00971,0
176511,0,0,0.02414,0
176675,0,0,0.06537,0
176780,1,0,0.725,1
177057,1,0,0.2717,0
177137,0,0,0.0933,0
177239,1,0,0.04813,0
177456,1,0,0.0694,0
177695,0,0,0.0724,0
177708,0,0,0.11554,0
177773,0,0,0.2197,0
178127,1,0,0.3965,0
178203,0,0,0.4587,0
178215,1,0,0.12115,0
178240,0,0,0.7964,1
178252,1,0,0.02727,0
178356,1,0,0.05145,0
178434,0,0,0.01192,0
178570,0,0,0.0206,0
178938,0,0,0.2235,0
179045,1,0,0.284,0
179161,0,0,0.0753,0
179275,0,0,0.02551,0
179302,0,0,0.01724,0
179345,0,0,0.817,1
179347,0,0,0.02646,0
179630,1,0,0.0933,0
179703,1,0,0.346,0
179800,1,0,0.8027,1
179961,0,0,0.1052,0
179987,1,0,0.03622,0
180085,1,0,0.10266,0
180236,0,0,0.03644,0
180239,0,0,0.07043,0
180240,1,0,0.03683,0
180262,0,0,0.8457,1
180283,0,0,0.04434,0
180322,1,0,0.1511,0
180434,0,0,0.02303,0
180497,1,0,0.02914,0
180525,0,0,0.0603,0
180617,0,0,0.911,1
180745,1,0,0.1615,0
180793,1,0,0.1373,0
180817,1,0,0.06335,0
180829,1,0,0.05698,0
180857,0,0,0.01053,0
180987,0,0,0.04147,0
181085,0,0,0.2922,0
181123,0,0,0.04553,0
181464,1,0,0.6064,1
181473,0,0,0.699,1
181480,1,0,0.1608,0
181515,0,0,0.8354,1
181537,0,0,0.2274,0
181542,0,0,0.1807,0
181646,0,0,0.3457,0
181707,0,0,0.8247,1
181789,0,0,0.0901,0
181863,0,0,0.5356,1
181889,1,0,0.2452,0
181918,1,0,0.07135,0
182003,0,0,0.1744,0
182114,0,0,0.4192,0
182128,1,0,0.02722,0
182338,1,0,0.4617,0
182386,0,0,0.01061,0
182487,1,0,0.3857,0
182560,1,0,0.01009,0
182565,1,0,0.03607,0
182664,1,0,0.623,1
182751,0,0,0.9053,1
182825,0,0,0.1462,0
182834,0,0,0.11755,0
182915,1,0,0.6,1
183051,0,0,0.9116,1
183103,0,0,0.599,1
183141,1,0,0.07666,0
183180,1,0,0.06076,0
183231,0,0,0.2727,0
183334,1,0,0.3284,0
183338,1,0,0.2123,0
183398,0,0,0.5166,1
183549,1,0,0.2817,0
183550,0,0,0.03192,0
183570,0,0,0.0548,0
183613,1,0,0.09155,0
183736,0,0,0.859,1
183755,1,0,0.367,0
183889,1,0,0.011116,0
184029,0,0,0.919,1
184040,1,0,0.02635,0
184061,0,0,0.479,0
184147,1,0,0.0698,0
184194,0,0,0.01764,0
184233,0,0,0.832,1
184473,0,0,0.01017,0
184487,1,0,0.1367,0
184520,1,0,0.01888,0
184570,0,0,0.014786,0
184706,0,0,0.012924,0
184731,1,0,0.0666,0
184738,1,0,0.62,1
184773,0,0,0.0545,0
184874,1,0,0.0788,0
184893,0,0,0.05624,0
184930,1,0,0.1411,0
185157,1,0,0.012146,0
185263,0,0,0.3357,0
185272,1,0,0.2837,0
185319,0,0,0.1333,0
185328,1,0,0.7407,1
185331,0,0,0.1808,0
185447,0,0,0.8525,1
185508,1,0,0.3933,0
185639,0,0,0.01343,0
185684,1,0,0.2502,0
185705,1,0,0.434,0
185815,1,0,0.2776,0
185878,0,0,0.01013,0
185918,0,0,0.4897,0
186035,0,0,0.281,0
186176,1,0,0.10486,0
186190,1,0,0.03506,0
186388,1,0,0.2314,0
186468,0,0,0.7793,1
186475,0,0,0.01129,0
186577,0,0,0.04053,0
186635,0,0,0.5874,1
186668,1,0,0.3384,0
186692,0,0,0.652,1
186711,0,0,0.7354,1
186726,0,0,0.04477,0
186809,1,0,0.1746,0
186949,1,0,0.9087,1
187069,0,0,0.0667,0
187192,0,0,0.7373,1
187328,0,0,0.0709,0
187358,1,0,0.905,1
187431,0,0,0.3398,0
187437,1,0,0.01854,0
187468,0,0,0.3809,0
187472,1,0,0.0785,0
187475,1,0,0.01307,0
187503,1,0,0.827,1
187599,1,0,0.5854,1
187638,1,0,0.3945,0
187684,1,0,0.0107,0
187817,1,0,0.0972,0
187859,0,0,0.0821,0
187860,1,0,0.5464,1
187977,0,0,0.2805,0
188122,1,0,0.4124,0
188130,0,0,0.0627,0
188182,1,0,0.6357,1
188192,0,0,0.632,1
188270,0,0,0.662,1
188332,0,0,0.2544,0
188485,0,0,0.1357,0
188518,1,0,0.433,0
188626,1,0,0.8584,1
188627,1,0,0.02567,0
188633,0,0,0.2283,0
188842,1,0,0.3662,0
188974,0,0,0.1142,0
189050,0,0,0.00945,0
189152,0,0,0.4092,0
189320,1,0,0.2299,0
189444,1,0,0.1434,0
189504,1,0,0.02821,0
189597,1,0,0.1236,0
189810,0,0,0.1342,0
189953,1,0,0.118,0
190016,0,0,0.05865,0
190057,1,0,0.0367,0
190129,1,0,0.847,1
190149,0,0,0.1814,0
190155,0,0,0.3835,0
190162,1,0,0.2915,0
190310,0,0,0.3037,0
190329,1,0,0.03403,0
190370,0,0,0.01456,0
190370,1,0,0.2744,0
190413,0,0,0.02101,0
190450,1,0,0.2422,0
190461,0,0,0.276,0
190718,1,0,0.02504,0
191064,0,0,0.5977,1
191136,0,0,0.01602,0
191321,1,0,0.709,1
191333,0,0,0.2869,0
191868,1,0,0.02112,0
191911,0,0,0.01813,0
191927,1,0,0.9346,1
191984,1,0,0.01752,0
192136,0,0,0.01704,0
192198,1,0,0.04224,0
192224,0,0,0.1032,0
192431,1,0,0.1344,0
192528,0,0,0.8203,1
192595,0,0,0.03366,0
192611,1,0,0.1501,0
192703,0,0,0.12494,0
192824,0,0,0.4045,0
192847,1,0,0.05612,0
192890,0,0,0.04077,0
192955,0,0,0.014114,0
193139,1,0,0.011505,0
193191,1,0,0.1785,0
193293,0,0,0.02556,0
193368,1,0,0.2289,0
193548,1,0,0.69,1
193549,0,0,0.5845,1
193553,1,0,0.0181,0
193642,0,0,0.111,0
193793,0,0,0.361,0
193969,0,0,0.1776,0
193974,1,0,0.01164,0
194049,0,0,0.5186,1
194102,1,0,0.06683,0
194124,1,0,0.01049,0
194131,1,0,0.702,1
194167,0,0,0.0806,0
194255,1,0,0.0535,0
194303,0,0,0.0575,0
194319,1,0,0.0195,0
194457,1,0,0.4382,0
194471,0,0,0.011246,0
194528,1,0,0.02414,0
194603,0,0,0.0709,0
194617,0,0,0.03217,0
194685,0,0,0.3005,0
194914,1,0,0.012054,0
194983,0,0,0.0265,0
195073,0,0,0.03656,0
195098,1,0,0.2056,0
195099,0,0,0.03528,0
195110,1,0,0.09534,0
195135,0,0,0.0203,0
195388,1,0,0.651,1
195391,0,0,0.0184,0
195435,0,0,0.868,1
195474,1,0,0.2942,0
195543,0,0,0.9263,1
195581,1,0,0.218,0
195645,0,0,0.00986,0
195775,0,0,0.02489,0
195787,1,0,0.10266,0
195819,1,0,0.01738,0
195883,0,0,0.01698,0
195906,1,0,0.1682,0
196029,0,0,0.7373,1
196076,1,0,0.1674,0
196123,0,0,0.01704,0
196268,1,0,0.953,1
196398,1,0,0.2864,0
196541,0,0,0.0788,0
196600,1,0,0.02148,0
196636,0,0,0.02347,0
196649,1,0,0.3618,0
196730,1,0,0.01802,0
196771,1,0,0.8877,1
196917,1,0,0.376,0
196957,1,0,0.3801,0
197033,1,0,0.0527,0
197175,1,0,0.4304,0
197213,0,0,0.11456,0
197226,0,0,0.0801,0
197236,0,0,0.01333,0
197442,1,0,0.0463,0
197492,1,0,0.3127,0
197718,1,0,0.04526,0
197776,0,0,0.01013,0
197858,1,0,0.03656,0
197946,1,0,0.03775,0
198067,1,0,0.03302,0
198150,0,0,0.15,0
198513,1,0,0.03056,0
198514,0,0,0.05194,0
198541,1,0,0.402,0
198594,0,0,0.3562,0
198847,0,0,0.4475,0
198853,1,0,0.3662,0
198950,1,0,0.3352,0
199037,1,0,0.0708,0
199054,1,0,0.3867,0
199079,1,0,0.0804,0
199083,0,0,0.3562,0
199179,1,0,0.0688,0
199258,1,0,0.2512,0
199274,1,0,0.2216,0
199333,1,0,0.2583,0
199336,1,0,0.1467,0
199410,0,0,0.4143,0
199426,1,0,0.013275,0
199577,1,0,0.1426,0
199689,1,0,0.02293,0
199778,0,0,0.02744,0
199862,0,0,0.02002,0
199908,0,0,0.0417,0
200063,0,0,0.7,1
200102,0,0,0.948,1
200167,0,0,0.0548,0
200245,0,0,0.8203,1
200286,0,0,0.01445,0
200346,0,0,0.89,1
200411,1,0,0.04553,0
200432,0,0,0.02676,0
200468,1,0,0.04163,0
200585,1,0,0.0818,0
200588,0,0,0.3157,0
200720,0,0,0.0882,0
200732,1,0,0.0334,0
201053,1,0,0.1995,0
201160,1,0,0.4783,0
201219,1,0,0.6177,1
201236,0,0,0.8022,1
201269,0,0,0.2334,0
201292,1,0,0.5215,1
201309,1,0,0.5693,1
201316,0,0,0.5947,1
201329,1,0,0.6313,1
201371,1,0,0.3115,0
201397,1,0,0.0986,0
201576,0,0,0.12213,0
201723,1,0,0.02007,0
201738,0,0,0.07654,0
201780,1,0,0.0709,0
201830,1,0,0.03253,0
201849,0,0,0.4216,0
201951,1,0,0.09705,0
202052,0,0,0.01287,0
202056,0,0,0.8384,1
202205,1,0,0.1608,0
202386,1,0,0.4683,0
202392,1,0,0.2397,0
202452,1,0,0.2969,0
202594,0,0,0.3137,0
202625,1,0,0.2032,0
202765,0,0,0.2998,0
202861,1,0,0.0548,0
203084,1,0,0.174,0
203110,0,0,0.352,0
203112,0,0,0.013954,0
203124,1,0,0.1821,0
203291,0,0,0.01602,0
203313,1,0,0.111,0
203413,1,0,0.681,1
203445,0,0,0.02606,0
203520,0,0,0.01456,0
203622,0,0,0.02466,0
203624,1,0,0.0939,0
203661,0,0,0.596,1
203685,0,0,0.6743,1
203733,1,0,0.0611,0
203785,1,0,0.01917,0
203795,1,0,0.02356,0
203866,0,0,0.012146,0
203873,0,0,0.57,1
203884,0,0,0.2358,0
204060,1,0,0.0715,0
204074,0,0,0.6787,1
204130,0,0,0.07043,0
204244,0,0,0.6055,1
204276,1,0,0.02208,0
204293,1,0,0.2708,0
204330,0,0,0.01704,0
204469,0,0,0.887,1
204473,0,0,0.546,1
204697,1,0,0.2632,0
204836,1,0,0.2075,0
204846,0,0,0.02753,0
204997,0,0,0.0986,0
205020,1,0,0.0196,0
205026,1,0,0.2725,0
205050,0,0,0.799,1
205275,1,0,0.7163,1
205333,1,0,0.5283,1
205340,0,0,0.738,1
205474,0,0,0.1804,0
205480,0,0,0.01901,0
205496,1,0,0.0896,0
205497,0,0,0.01401,0
205543,0,0,0.16,0
205619,1,0,0.1144,0
205656,1,0,0.649,1
205741,1,0,0.2135,0
205758,1,0,0.05582,0
205804,0,0,0.842,1
205854,0,0,0.096,0
205876,0,0,0.03494,0
205922,1,0,0.01692,0
206137,1,0,0.04913,0
206238,0,0,0.3936,0
206252,1,0,0.0222,0
206322,0,0,0.8247,1
206328,1,0,0.10034,0
206652,0,0,0.01369,0
206778,0,0,0.1262,0
206835,0,0,0.03333,0
206921,1,0,0.05792,0
207108,0,0,0.7207,1
207145,0,0,0.8193,1
207162,1,0,0.02692,0
207174,0,0,0.0997,0
207345,0,0,0.1144,0
207430,0,0,0.179,0
207472,1,0,0.0678,0
207491,1,0,0.2029,0
207512,0,0,0.1549,0
207644,1,0,0.02844,0
207752,0,0,0.013374,0
207837,1,0,0.0925,0
207925,1,0,0.683,1
208135,1,0,0.1676,0
208255,0,0,0.2355,0
208394,0,0,0.01164,0
208420,0,0,0.4646,0
208481,1,0,0.789,1
208558,0,0,0.03278,0
208580,0,0,0.02661,0
208620,0,0,0.011375,0
208622,0,0,0.0145,0
208677,1,0,0.04733,0
208762,1,0,0.0798,0
208787,0,0,0.4338,0
208796,1,0,0.2059,0
208926,0,0,0.741,1
208960,0,0,0.1956,0
209197,0,0,0.8833,1
209263,1,0,0.2898,0
209280,0,0,0.6743,1
209291,1,0,0.02216,0
209307,1,0,0.01057,0
209475,1,0,0.6694,1
209506,0,0,0.687,1
209527,1,0,0.2133,0
209536,1,0,0.02849,0
209649,1,0,0.1454,0
209804,1,0,0.1653,0
209823,1,0,0.4792,0
209848,1,0,0.3433,0
209857,0,0,0.1946,0
210114,0,0,0.531,1
210159,1,0,0.2996,0
210281,1,0,0.368,0
210409,0,0,0.01363,0
210479,0,0,0.01049,0
210556,0,0,0.01938,0
210567,0,0,0.01785,0
210633,1,0,0.3035,0
210682,1,0,0.595,1
210726,0,0,0.5737,1
210824,0,0,0.01646,0
210892,1,0,0.12286,0
211012,0,0,0.7305,1
211033,1,0,0.384,0
211099,0,0,0.1217,0
211104,1,0,0.00945,0
211138,0,0,0.414,0
211142,1,0,0.10284,0
211180,0,0,0.0504,0
211189,0,0,0.3586,0
211455,0,0,0.4019,0
211472,0,0,0.9507,1
211477,0,0,0.2168,0
211594,0,0,0.12463,0
211717,0,0,0.0237,0
211763,1,0,0.02611,0
211800,0,0,0.4724,0
211824,1,0,0.1521,0
211838,0,0,0.01133,0
211863,0,0,0.265,0
211885,1,0,0.1552,0
211977,0,0,0.928,1
212034,1,0,0.2407,0
212062,0,0,0.0824,0
212119,0,0,0.4915,0
212331,1,0,0.4412,0
212619,1,0,0.07666,0
212625,0,0,0.05252,0
212750,1,0,0.013794,0
212830,0,0,0.02722,0
212884,1,0,0.02133,0
212885,1,0,0.1438,0
212902,1,0,0.946,1
212946,0,0,0.691,1
212989,1,0,0.04813,0
213020,1,0,0.1293,0
213055,0,0,0.02954,0
213101,0,0,0.853,1
213102,1,0,0.8975,1
213160,1,0,0.0709,0
213171,0,0,0.0734,0
213191,0,0,0.9062,1
213195,0,0,0.0741,0
213264,1,0,0.137,0
213449,0,0,0.2998,0
213450,1,0,0.0526,0
213519,1,0,0.2229,0
213520,0,0,0.694,1
213544,0,0,0.0721,0
213886,0,0,0.01263,0
214117,1,0,0.1676,0
214161,0,0,0.01883,0
214354,0,0,0.02199,0
214364,1,0,0.0377,0
214379,1,0,0.01678,0
214408,0,0,0.636,1
214531,0,0,0.01467,0
214549,1,0,0.02133,0
214561,1,0,0.01053,0
214587,0,0,0.03302,0
214804,1,0,0.3962,0
214875,0,0,0.0171,0
214909,0,0,0.02737,0
215010,0,0,0.315,0
215013,1,0,0.2852,0
215026,1,0,0.3054,0
215116,1,0,0.171,0
215226,0,0,0.2379,0
215387,1,0,0.1036,0
215393,0,0,0.3486,0
215435,1,0,0.2006,0
215789,1,0,0.03595,0
215823,0,0,0.915,1
215849,0,0,0.621,1
216021,1,0,0.3977,0
216071,0,0,0.4106,0
216257,1,0,0.1759,0
216340,0,0,0.03964,0
216367,1,0,0.2883,0
216368,0,0,0.0236,0
216469,1,0,0.134,0
216484,0,0,0.2168,0
216734,1,0,0.69,1
216777,0,0,0.0159,0
216779,0,0,0.0712,0
217085,0,0,0.9214,1
217244,0,0,0.0729,0
217448,0,0,0.7227,1
217499,1,0,0.1481,0
217521,1,0,0.694,1
218080,0,0,0.0542,0
218283,1,0,0.01704,0
218285,0,0,0.2842,0
218370,1,0,0.3418,0
218577,1,0,0.03278,0
218736,1,0,0.602,1
218784,0,0,0.1251,0
219095,0,0,0.4773,0
219097,1,0,0.2642,0
219161,1,0,0.433,0
219169,0,0,0.1437,0
219211,1,0,0.0868,0
219356,1,0,0.4062,0
219427,1,0,0.02162,0
219430,1,0,0.4702,0
219431,0,0,0.2744,0
219512,1,0,0.1425,0
219723,0,0,0.3809,0
219747,1,0,0.6914,1
219791,1,0,0.01877,0
219868,1,0,0.05856,0
219881,0,0,0.1126,0
219967,1,0,0.2252,0
220000,1,0,0.0452,0
220174,1,0,0.151,0
220203,0,0,0.4802,0
220278,1,0,0.0893,0
220450,0,0,0.7056,1
220453,1,0,0.1537,0
220576,0,0,0.10724,0
220964,1,0,0.011826,0
221169,1,0,0.909,1
221170,1,0,0.0997,0
221256,0,0,0.635,1
221326,0,0,0.5605,1
221348,0,0,0.5557,1
221464,1,0,0.01164,0
221626,1,0,0.02641,0
221840,0,0,0.355,0
221851,0,0,0.2043,0
221944,1,0,0.03964,0
221953,0,0,0.904,1
222131,1,0,0.8335,1
222147,0,0,0.01078,0
222212,0,0,0.2788,0
222245,0,0,0.8164,1
222323,1,0,0.05655,0
222360,1,0,0.2139,0
222405,1,0,0.518,1
222467,1,0,0.0277,0
222759,0,0,0.87,1
222773,1,0,0.1158,0
222858,1,0,0.142,0
222911,1,0,0.0721,0
223059,1,0,0.544,1
223145,0,0,0.02931,0
223154,0,0,0.012825,0
223168,0,0,0.7266,1
223224,0,0,0.053,0
223254,1,0,0.01013,0
223403,0,0,0.05844,0
223425,0,0,0.79,1
223650,1,0,0.01065,0
223751,1,0,0.2441,0
224022,0,0,0.02208,0
224042,1,0,0.01057,0
224066,1,0,0.2542,0
224091,1,0,0.3025,0
224187,1,0,0.01057,0
224249,1,0,0.1334,0
224372,1,0,0.0661,0
224391,0,0,0.09515,0
224680,1,0,0.405,0
224807,1,0,0.252,0
224833,1,0,0.04654,0
224926,1,0,0.0741,0
224966,1,0,0.0495,0
225058,0,0,0.0724,0
225128,1,0,0.0225,0
225195,1,0,0.0258,0
225260,1,0,0.0359,0
225375,1,0,0.2074,0
225388,1,0,0.02849,0
225466,0,0,0.0734,0
225487,0,0,0.01374,0
225514,1,0,0.05118,0
225662,0,0,0.01013,0
225683,0,0,0.3267,0
225691,0,0,0.3386,0
225780,0,0,0.8174,1
225842,0,0,0.1766,0
225985,1,0,0.0504,0
226019,1,0,0.02975,0
226149,0,0,0.3032,0
226515,0,0,0.2817,0
226533,1,0,0.01401,0
226566,1,0,0.307,0
226573,1,0,0.1654,0
226597,1,0,0.3354,0
226935,0,0,0.22,0
226953,1,0,0.1357,0
227160,0,0,0.08154,0
227170,0,0,0.8726,1
227295,1,0,0.678,1
227325,1,0,0.01406,0
227331,1,0,0.0549,0
227432,0,0,0.215,0
227448,0,0,0.02174,0
227625,0,0,0.04218,0
227627,1,0,0.02373,0
227640,0,0,0.1675,0
227675,0,0,0.0206,0
227687,0,0,0.1755,0
227740,0,0,0.0577,0
227864,0,0,0.01238,0
227879,0,0,0.09845,0
227947,0,0,0.501,1
228021,0,0,0.2203,0
228079,1,0,0.3433,0
228135,1,0,0.483,0
228197,0,0,0.01462,0
228209,0,0,0.2113,0
228273,1,0,0.301,0
228646,0,0,0.4927,0
228679,1,0,0.0527,0
228763,0,0,0.02199,0
228816,1,0,0.01187,0
228835,1,0,0.5664,1
228971,1,0,0.814,1
228977,1,0,0.2123,0
228980,1,0,0.02876,0
229087,0,0,0.0341,0
229089,0,0,0.08417,0
229166,1,0,0.10876,0
229249,0,0,0.379,0
229302,0,0,0.8477,1
229316,1,0,0.05283,0
229431,1,0,0.601,1
229508,1,0,0.0206,0
229520,0,0,0.157,0
229549,1,0,0.1047,0
229812,0,0,0.01201,0
229854,1,0,0.256,0
229869,1,0,0.4412,0
229955,0,0,0.533,1
230097,0,0,0.223,0
230180,1,0,0.06903,0
230417,1,0,0.0572,0
230536,0,0,0.0883,0
230720,1,0,0.01513,0
230757,0,0,0.599,1
230769,1,0,0.01053,0
230775,1,0,0.2717,0
230814,0,0,0.516,1
230877,0,0,0.2603,0
230900,0,0,0.4575,0
230911,0,0,0.2722,0
231036,0,0,0.2825,0
231129,1,0,0.01646,0
231167,0,0,0.0478,0
231212,1,0,0.0469,0
231231,0,0,0.02225,0
231239,0,0,0.6963,1
231269,1,0,0.1663,0
231322,0,0,0.7227,1
231363,0,0,0.009636,0
231366,1,0,0.01979,0
231461,1,0,0.02686,0
231539,1,0,0.01467,0
231738,0,0,0.8477,1
231846,1,0,0.2566,0
231919,1,0,0.03934,0
232059,1,0,0.2605,0
232100,1,0,0.0621,0
232151,1,0,0.3809,0
232180,0,0,0.931,1
232296,0,0,0.336,0
232356,1,0,0.2407,0
232542,0,0,0.4385,0
232583,0,0,0.3564,0
232670,1,0,0.3015,0
232788,0,0,0.03198,0
232815,0,0,0.544,1
232865,1,0,0.02538,0
232911,1,0,0.04297,0
233077,0,0,0.2335,0
233199,1,0,0.05792,0
233209,0,0,0.4802,0
233225,1,0,0.013954,0
233330,0,0,0.1637,0
233344,0,0,0.00945,0
233430,0,0,0.01243,0
233565,0,0,0.014786,0
233588,0,0,0.0346,0
233607,1,0,0.866,1
233648,0,0,0.03102,0
233689,0,0,0.842,1
233802,1,0,0.841,1
233830,1,0,0.763,1
233934,0,0,0.01596,0
233939,1,0,0.0231,0
233981,1,0,0.1615,0
234007,0,0,0.4614,0
234039,1,0,0.0217,0
234088,0,0,0.02386,0
234230,1,0,0.761,1
234330,0,0,0.5664,1
234375,0,0,0.3713,0
234440,0,0,0.01029,0
234463,0,0,0.8906,1
234575,1,0,0.0509,0
234612,1,0,0.8296,1
234679,1,0,0.3425,0
234732,0,0,0.1681,0
234740,1,0,0.02084,0
234778,1,0,0.1409,0
234897,0,0,0.01142,0
234927,0,0,0.7603,1
234976,1,0,0.395,0
235036,0,0,0.138,0
235048,0,0,0.9004,1
235124,0,0,0.361,0
235127,1,0,0.04813,0
235291,0,0,0.02547,0
235419,0,0,0.565,1
235422,0,0,0.01263,0
235449,1,0,0.1272,0
235462,1,0,0.602,1
235552,0,0,0.5693,1
235802,0,0,0.02194,0
235913,1,0,0.8853,1
235953,1,0,0.5947,1
235971,0,0,0.3516,0
236010,0,0,0.1621,0
236078,0,0,0.8774,1
236191,1,0,0.01086,0
236202,1,0,0.0964,0
236223,0,0,0.02666,0
236321,1,0,0.4985,0
236327,0,0,0.03574,0
236327,1,0,0.0359,0
236415,1,0,0.0532,0
236421,0,0,0.7695,1
236467,1,0,0.9243,1
236726,1,0,0.8467,1
236823,0,0,0.07043,0
236876,0,0,0.793,1
236914,1,0,0.05814,0
236973,1,0,0.02194,0
237022,1,0,0.02457,0
237088,1,0,0.3098,0
237096,0,0,0.731,1
237136,0,0,0.01964,0
237214,0,0,0.8735,1
237227,1,0,0.2343,0
237292,1,0,0.1974,0
237305,0,0,0.3755,0
237323,1,0,0.947,1
237374,1,0,0.03278,0
237514,0,0,0.293,0
237589,1,0,0.04288,0
237739,0,0,0.3352,0
237852,1,0,0.4255,0
237950,1,0,0.1747,0
238114,1,0,0.3936,0
238144,1,0,0.01602,0
238360,0,0,0.755,1
238427,0,0,0.623,1
238440,0,0,0.188,0
238731,0,0,0.02556,0
238749,0,0,0.01385,0
238866,0,0,0.11163,0
239074,0,0,0.0532,0
239089,1,0,0.5884,1
239191,0,0,0.01129,0
239320,1,0,0.698,1
239357,1,0,0.4932,0
239413,1,0,0.03644,0
239419,0,0,0.01758,0
239659,1,0,0.3542,0
239729,1,0,0.6343,1
239767,1,0,0.06854,0
239881,0,0,0.0644,0
239997,0,0,0.1398,0
240069,1,0,0.01201,0
240285,0,0,0.1627,0
240388,1,0,0.01243,0
240403,1,0,0.05737,0
240465,0,0,0.681,1
240522,0,0,0.635,1
240542,1,0,0.2024,0
240544,0,0,0.6577,1
240937,0,0,0.03635,0
240976,1,0,0.124,0
240988,0,0,0.3784,0
241007,1,0,0.02834,0
241046,1,0,0.0161,0
241180,0,0,0.5547,1
241202,1,0,0.2913,0
241212,1,0,0.08466,0
241235,1,0,0.0578,0
241428,1,0,0.01758,0
241433,0,0,0.01017,0
241670,0,0,0.1954,0
241762,0,0,0.1597,0
241792,1,0,0.4236,0
241847,0,0,0.02338,0
241939,1,0,0.11066,0
241951,0,0,0.409,0
241997,1,0,0.3918,0
242047,0,0,0.2842,0
242221,0,0,0.8975,1
242244,1,0,0.05942,0
242278,1,0,0.02293,0
242432,1,0,0.04233,0
242500,0,0,0.01685,0
242576,0,0,0.1841,0
242801,0,0,0.7275,1
242835,1,0,0.1744,0
242902,1,0,0.115,0
243164,0,0,0.01129,0
243210,1,0,0.8813,1
243231,0,0,0.03656,0
243253,0,0,0.01302,0
243396,1,0,0.01297,0
243399,1,0,0.0932,0
243455,0,0,0.05032,0
243473,0,0,0.3728,0
243513,1,0,0.03897,0
243839,1,0,0.05292,0
243987,0,0,0.383,0
244006,0,0,0.02567,0
244112,1,0,0.4458,0
244118,0,0,0.683,1
244129,0,0,0.3708,0
244202,0,0,0.552,1
244225,1,0,0.01369,0
244251,1,0,0.1562,0
244347,0,0,0.17,0
244583,0,0,0.01596,0
244630,0,0,0.03482,0
244720,0,0,0.03125,0
244771,1,0,0.009895,0
244900,1,0,0.02925,0
244954,0,0,0.03455,0
244987,1,0,0.5776,1
245035,0,0,0.2325,0
245071,0,0,0.01525,0
245142,0,0,0.851,1
245187,0,0,0.3728,0
245199,1,0,0.638,1
245310,1,0,0.02267,0
245536,0,0,0.1979,0
245565,1,0,0.01363,0
245648,1,0,0.045,0
245804,1,0,0.593,1
245810,1,0,0.597,1
245896,0,0,0.442,0
245978,1,0,0.9004,1
246007,0,0,0.519,1
246047,1,0,0.1289,0
246085,1,0,0.04047,0
246092,1,0,0.9365,1
246095,0,0,0.03192,0
246110,0,0,0.2456,0
246283,1,0,0.09125,0
246347,1,0,0.1973,0
246473,1,0,0.3496,0
246486,1,0,0.01369,0
246619,1,0,0.1384,0
246661,0,0,0.01099,0
246706,0,0,0.01634,0
246727,0,0,0.0116,0
246769,1,0,0.11597,0
246791,1,0,0.8403,1
246838,0,0,0.01971,0
246910,0,0,0.11993,0
247013,0,0,0.2496,0
247159,1,0,0.02065,0
247231,0,0,0.685,1
247236,1,0,0.294,0
247314,1,0,0.1749,0
247371,1,0,0.4946,0
247602,1,0,0.7896,1
247658,0,0,0.04587,0
247869,0,0,0.2722,0
247884,0,0,0.3508,0
247952,1,0,0.09467,0
247955,0,0,0.01924,0
248096,0,0,0.01692,0
248136,0,0,0.01267,0
248162,1,0,0.02136,0
248222,1,0,0.03876,0
248240,1,0,0.01053,0
248289,0,0,0.634,1
248312,1,0,0.01116,0
248388,0,0,0.012825,0
248457,0,0,0.645,1
248466,0,0,0.2747,0
248568,0,0,0.7876,1
248592,0,0,0.012054,0
248724,0,0,0.3958,0
248739,1,0,0.495,0
248747,0,0,0.5674,1
248754,0,0,0.01348,0
248924,1,0,0.015015,0
248929,1,0,0.2612,0
248983,0,0,0.252,0
249209,0,0,0.1865,0
249243,0,0,0.10913,0
249265,1,0,0.02084,0
249315,0,0,0.9155,1
249467,0,0,0.03986,0
249527,0,0,0.01816,0
249821,0,0,0.555,1
249905,1,0,0.62,1
249981,1,0,0.0237,0
250011,0,0,0.01519,0
250022,1,0,0.3933,0
250203,0,0,0.01049,0
250434,1,0,0.03192,0
250760,1,0,0.244,0
250925,0,0,0.03818,0
250955,0,0,0.7607,1
251080,0,0,0.428,0
251147,0,0,0.01945,0
251168,0,0,0.1007,0
251172,0,0,0.4795,0
251273,1,0,0.2908,0
251451,1,0,0.185,0
251509,1,0,0.02518,0
251517,1,0,0.501,1
251538,1,0,0.02097,0
251716,1,0,0.03796,0
251870,1,0,0.2803,0
251879,0,0,0.3975,0
251920,0,0,0.9077,1
251964,1,0,0.7456,1
251977,0,0,0.7876,1
252119,1,0,0.02052,0
252250,1,0,0.1993,0
252259,0,0,0.096,0
252320,1,0,0.2617,0
252457,0,0,0.0359,0
252573,1,0,0.03079,0
252645,0,0,0.58,1
252663,0,0,0.03096,0
252751,0,0,0.0312,0
252950,1,0,0.4875,0
252962,1,0,0.7397,1
252988,1,0,0.2747,0
253098,0,0,0.0752,0
253209,0,0,0.7485,1
253258,0,0,0.1719,0
253275,1,0,0.2031,0
253311,1,0,0.5356,1
253360,0,0,0.581,1
253428,1,0,0.3218,0
253597,0,0,0.9233,1
253608,1,0,0.5503,1
253610,1,0,0.04233,0
253617,1,0,0.2482,0
253637,0,0,0.02017,0
253890,1,0,0.12286,0
254036,1,0,0.662,1
254051,1,0,0.1586,0
254311,0,0,0.353,0
254321,0,0,0.04037,0
254354,1,0,0.1293,0
254365,1,0,0.2281,0
254458,1,0,0.02533,0
254530,0,0,0.6196,1
254536,0,0,0.7524,1
254677,0,0,0.69,1
254790,1,0,0.1134,0
254862,0,0,0.01567,0
254910,0,0,0.02254,0
254936,1,0,0.4658,0
255016,0,0,0.03418,0
255055,1,0,0.04443,0
255093,1,0,0.0552,0
255107,1,0,0.5386,1
255114,0,0,0.6904,1
255184,1,0,0.07556,0
255297,1,0,0.01078,0
255401,1,0,0.1647,0
255572,0,0,0.808,1
255591,0,0,0.05728,0
255678,0,0,0.4756,0
255692,1,0,0.3464,0
255744,0,0,0.2632,0
255868,0,0,0.5728,1
255892,1,0,0.3542,0
255938,0,0,0.0464,0
256024,1,0,0.1505,0
256031,1,0,0.1671,0
256146,1,0,0.1207,0
256188,1,0,0.2394,0
256289,1,0,0.5806,1
256364,0,0,0.704,1
256464,1,0,0.1398,0
256575,1,0,0.00956,0
256631,1,0,0.2239,0
256819,0,0,0.871,1
256994,0,0,0.3967,0
257026,0,0,0.03091,0
257107,1,0,0.8955,1
257109,1,0,0.507,1
257240,0,0,0.772,1
257287,1,0,0.01549,0
257360,0,0,0.5317,1
257398,0,0,0.419,0
257417,0,0,0.8813,1
257612,0,0,0.7603,1
257680,0,0,0.4272,0
257715,1,0,0.702,1
257828,1,0,0.4917,0
257909,1,0,0.3472,0
257914,0,0,0.02072,0
258078,0,0,0.2474,0
258180,1,0,0.1561,0
258372,0,0,0.02457,0
258432,0,0,0.1317,0
258669,0,0,0.1656,0
258738,1,0,0.775,1
258753,1,0,0.1661,0
258767,1,0,0.01343,0
258937,0,0,0.03143,0
259006,1,0,0.5063,1
259055,0,0,0.6177,1
259184,1,0,0.02988,0
259348,1,0,0.4585,0
259633,1,0,0.03067,0
259717,1,0,0.1952,0
259739,0,0,0.8633,1
259786,0,0,0.1967,0
259872,0,0,0.9014,1
259880,0,0,0.11633,0
259983,1,0,0.11066,0
260051,1,0,0.0865,0
260055,1,0,0.06854,0
260124,1,0,0.6245,1
260137,0,0,0.249,0
260205,0,0,0.0823,0
260226,0,0,0.359,0
260230,1,0,0.01307,0
260232,1,0,0.1477,0
260274,0,0,0.0798,0
260308,0,0,0.8726,1
260322,0,0,0.7188,1
260370,0,0,0.02817,0
260452,1,0,0.135,0
260619,1,0,0.03934,0
260649,1,0,0.0851,0
260784,1,0,0.256,0
261006,1,0,0.8037,1
261295,1,0,0.07587,0
261430,0,0,0.01909,0
261514,1,0,0.423,0
261595,1,0,0.145,0
261597,0,0,0.02351,0
261614,1,0,0.87,1
261769,1,0,0.554,1
261830,1,0,0.1564,0
261881,0,0,0.01567,0
262043,1,0,0.103,0
262102,0,0,0.746,1
262105,1,0,0.02838,0
262153,1,0,0.4873,0
262221,0,0,0.5576,1
262224,1,0,0.3906,0
262319,0,0,0.4604,0
262383,1,0,0.717,1
262467,0,0,0.02165,0
262512,0,0,0.8657,1
262608,0,0,0.554,1
262637,0,0,0.0997,0
262795,0,0,0.01406,0
262800,0,0,0.0286,0
262839,1,0,0.341,0
262892,0,0,0.1566,0
262932,0,0,0.02112,0
262938,0,0,0.01155,0
262981,1,0,0.02373,0
263312,1,0,0.0312,0
263326,1,0,0.01758,0
263342,1,0,0.598,1
263420,0,0,0.01894,0
263441,0,0,0.814,1
263504,1,0,0.6963,1
263760,0,0,0.4495,0
263802,0,0,0.01257,0
263811,1,0,0.695,1
263939,0,0,0.01872,0
263942,0,0,0.01155,0
263952,1,0,0.04153,0
264031,0,0,0.8926,1
264103,0,0,0.2832,0
264125,0,0,0.2119,0
264141,0,0,0.2803,0
264176,1,0,0.1225,0
264211,1,0,0.335,0
264242,1,0,0.761,1
264244,0,0,0.3484,0
264535,0,0,0.613,1
264599,0,0,0.5166,1
264642,0,0,0.6274,1
264950,0,0,0.4998,0
264982,0,0,0.56,1
265002,1,0,0.4375,0
265060,0,0,0.1599,0
265125,1,0,0.01816,0
265297,0,0,0.01053,0
265371,1,0,0.8257,1
265478,0,0,0.013954,0
265493,1,0,0.2278,0
265586,1,0,0.6895,1
265587,0,0,0.2034,0
265772,0,0,0.0339,0
266009,0,0,0.0324,0
266050,1,0,0.03333,0
266160,0,0,0.3936,0
266194,1,0,0.3538,0
266408,1,0,0.2847,0
266414,1,0,0.01086,0
266514,0,0,0.8916,1
266549,0,0,0.431,0
266571,1,0,0.0778,0
266611,0,0,0.6025,1
266719,0,0,0.678,1
266792,0,0,0.01287,0
266882,1,0,0.01724,0
266922,0,0,0.8237,1
266933,1,0,0.639,1
266967,1,0,0.1273,0
266970,0,0,0.4019,0
267047,0,0,0.4575,0
267056,0,0,0.773,1
267246,1,0,0.3103,0
267276,0,0,0.0456,0
267295,0,0,0.2534,0
267328,1,0,0.0637,0
267400,1,0,0.2507,0
267452,1,0,0.2455,0
267464,0,0,0.3838,0
267498,1,0,0.2266,0
267517,0,0,0.1753,0
267601,0,0,0.8643,1
267935,0,0,0.3987,0
267949,1,0,0.1495,0
267970,1,0,0.01049,0
268007,0,0,0.2029,0
268076,0,0,0.9087,1
268087,1,0,0.7676,1
268270,0,0,0.014786,0
268293,0,0,0.015366,0
268554,0,0,0.781,1
268563,1,0,0.01549,0
268605,1,0,0.01078,0
268674,0,0,0.01724,0
269044,0,0,0.02097,0
269227,1,0,0.1981,0
269249,1,0,0.3013,0
269266,0,0,0.53,1
269285,1,0,0.1577,0
269461,1,0,0.0662,0
269480,1,0,0.129,0
269524,0,0,0.0527,0
269579,1,0,0.3352,0
269646,1,0,0.636,1
269702,0,0,0.625,1
269809,1,0,0.874,1
269885,1,0,0.4856,0
270001,0,0,0.7075,1
270272,0,0,0.3853,0
270575,0,0,0.0247,0
270580,0,0,0.865,1
270667,1,0,0.009636,0
270812,0,0,0.8276,1
270977,1,0,0.1797,0
271089,0,0,0.4985,0
271124,1,0,0.0494,0
271251,0,0,0.235,0
271259,1,0,0.424,0
271609,1,0,0.1515,0
271665,1,0,0.03186,0
271735,1,0,0.9126,1
271764,1,0,0.01785,0
271794,0,0,0.475,0
271884,1,0,0.1814,0
271983,0,0,0.66,1
272042,0,0,0.1785,0
272138,0,0,0.8237,1
272282,0,0,0.115,0
272292,0,0,0.692,1
272294,0,0,0.1296,0
272324,0,0,0.7065,1
272443,0,0,0.501,1
272526,1,0,0.662,1
272593,0,0,0.249,0
272616,1,0,0.8657,1
272619,1,0,0.03247,0
272688,0,0,0.6978,1
272713,1,0,0.5576,1
272721,0,0,0.01813,0
272801,1,0,0.015076,0
272898,0,0,0.03102,0
273014,0,0,0.8306,1
273111,1,0,0.389,0
273129,0,0,0.2286,0
273296,1,0,0.05954,0
273315,1,0,0.1532,0
273371,1,0,0.0533,0
273394,1,0,0.1714,0
273405,1,0,0.09204,0
273412,0,0,0.01129,0
273526,0,0,0.808,1
273583,0,0,0.3767,0
273638,0,0,0.2778,0
273641,1,0,0.387,0
273817,0,0,0.3235,0
273984,1,0,0.02254,0
274086,1,0,0.4045,0
274088,1,0,0.1727,0
274118,0,0,0.6313,1
274245,1,0,0.0925,0
274306,1,0,0.2705,0
274328,0,0,0.011375,0
274386,0,0,0.0527,0
274434,0,0,0.697,1
274450,0,0,0.1204,0
274475,0,0,0.1919,0
274526,1,0,0.7256,1
274541,1,0,0.6265,1
274549,0,0,0.00997,0
274597,1,0,0.1152,0
274622,1,0,0.5527,1
274654,0,0,0.879,1
274850,0,0,0.02954,0
274888,0,0,0.03802,0
274933,0,0,0.01267,0
275036,1,0,0.04068,0
275062,0,0,0.5283,1
275115,0,0,0.895,1
275177,1,0,0.2563,0
275219,0,0,0.7627,1
275250,0,0,0.0906,0
275258,0,0,0.808,1
275308,1,0,0.1067,0
275566,0,0,0.02104,0
275580,0,0,0.01813,0
275745,1,0,0.1251,0
275869,0,0,0.3562,0
276093,1,0,0.1805,0
276169,0,0,0.2048,0
276170,0,0,0.0882,0
276176,1,0,0.2744,0
276420,0,0,0.8423,1
276444,0,0,0.06143,0
276450,0,0,0.3054,0
276481,0,0,0.6484,1
276561,1,0,0.0922,0
276610,1,0,0.1172,0
276757,1,0,0.02635,0
276860,0,0,0.2026,0
277035,1,0,0.22,0
277093,0,0,0.525,1
277113,0,0,0.494,0
277171,1,0,0.3057,0
277214,1,0,0.7,1
277217,1,0,0.5674,1
277220,0,0,0.553,1
277262,0,0,0.646,1
277297,0,0,0.06244,0
277318,0,0,0.206,0
277333,0,0,0.1965,0
277472,1,0,0.4463,0
277486,1,0,0.0877,0
277560,0,0,0.71,1
277621,1,0,0.01758,0
277725,1,0,0.5986,1
277877,0,0,0.01865,0
277966,0,0,0.79,1
278131,0,0,0.02438,0
278133,0,0,0.155,0
278153,0,0,0.01078,0
278154,1,0,0.01764,0
278162,1,0,0.224,0
278232,0,0,0.2896,0
278299,1,0,0.0904,0
278484,0,0,0.1095,0
278804,1,0,0.2688,0
278819,1,0,0.1543,0
278991,1,0,0.07306,0
279027,0,0,0.01778,0
279042,0,0,0.3582,0
279109,0,0,0.02785,0
279186,0,0,0.11554,0
279298,0,0,0.534,1
279335,0,0,0.1306,0
279353,1,0,0.2269,0
279375,0,0,0.4792,0
279450,0,0,0.5366,1
279499,1,0,0.2935,0
279572,1,0,0.187,0
279763,1,0,0.8994,1
279773,1,0,0.5957,1
279832,0,0,0.16,0
279854,1,0,0.2695,0
279941,1,0,0.075,0
280019,1,0,0.1274,0
280070,1,0,0.03812,0
280177,1,0,0.1074,0
280189,1,0,0.10724,0
280190,0,0,0.4224,0
280195,0,0,0.3423,0
280239,0,0,0.1971,0
280296,1,0,0.0932,0
280312,1,0,0.639,1
280329,0,0,0.3572,0
280380,0,0,0.01764,0
280432,1,0,0.2218,0
280746,0,0,0.06244,0
280911,1,0,0.2272,0
281241,0,0,0.4326,0
281315,0,0,0.1703,0
281440,1,0,0.0365,0
281469,1,0,0.503,1
281589,0,0,0.3042,0
281658,1,0,0.059,0
281738,1,0,0.089,0
281883,0,0,0.04803,0
282068,1,0,0.5347,1
282072,1,0,0.04083,0
282095,0,0,0.92,1
282099,1,0,0.12146,0
282118,0,0,0.74,1
282166,0,0,0.768,1
282184,0,0,0.01799,0
282218,1,0,0.3567,0
282271,0,0,0.9434,1
282361,1,0,0.0749,0
282365,0,0,0.8555,1
282366,0,0,0.1428,0
282400,0,0,0.47,0
282412,1,0,0.8286,1
282422,0,0,0.09106,0
282465,1,0,0.638,1
282695,0,0,0.8647,1
282721,1,0,0.3076,0
283020,0,0,0.6313,1
283042,0,0,0.01484,0
283208,0,0,0.06396,0
283307,0,0,0.706,1
283363,1,0,0.3735,0
283575,0,0,0.066,0
283594,1,0,0.0702,0
283627,1,0,0.01406,0
283738,1,0,0.1305,0
283765,0,0,0.3384,0
283834,0,0,0.536,1
283898,0,0,0.6294,1
283987,1,0,0.01525,0
284133,0,0,0.8047,1
284153,1,0,0.2073,0
284218,0,0,0.3318,0
284285,1,0,0.01584,0
284349,0,0,0.01277,0
284384,1,0,0.494,0
284551,1,0,0.2637,0
284677,0,0,0.7363,1
284682,1,0,0.1779,0
284689,1,0,0.0601,0
284827,1,0,0.4011,0
284970,0,0,0.9224,1
284979,1,0,0.04932,0
285004,0,0,0.01343,0
285019,0,0,0.0804,0
285220,0,0,0.03204,0
285365,0,0,0.4917,0
285373,0,0,0.11127,0
285463,1,0,0.06232,0
285567,0,0,0.8374,1
285623,1,0,0.0159,0
285656,1,0,0.02423,0
285697,0,0,0.01187,0
285706,1,0,0.09186,0
285939,0,0,0.013794,0
285967,0,0,0.2703,0
286052,1,0,0.2927,0
286061,0,0,0.01938,0
286138,0,0,0.01865,0
286256,0,0,0.9204,1
286478,1,0,0.0494,0
286499,1,0,0.012146,0
286622,0,0,0.1718,0
286780,0,0,0.03253,0
286783,1,0,0.3848,0
286849,1,0,0.3538,0
286881,0,0,0.01758,0
286911,1,0,0.12305,0
287088,1,0,0.621,1
287089,0,0,0.2888,0
287157,1,0,0.01778,0
287168,1,0,0.3472,0
287335,1,0,0.1973,0
287396,1,0,0.07947,0
287411,1,0,0.02052,0
287427,1,0,0.1877,0
287486,1,0,0.01823,0
287503,0,0,0.3489,0
287552,1,0,0.4617,0
287635,0,0,0.0642,0
287808,0,0,0.5107,1
288105,1,0,0.9004,1
288367,1,0,0.0505,0
288376,0,0,0.392,0
288480,1,0,0.0171,0
288580,0,0,0.10266,0
288688,0,0,0.009674,0
288695,0,0,0.01187,0
288722,0,0,0.3171,0
288949,0,0,0.3933,0
289089,1,0,0.3186,0
289144,1,0,0.044,0
289157,0,0,0.2059,0
289178,0,0,0.03062,0
289310,1,0,0.0451,0
289375,1,0,0.01956,0
289405,0,0,0.01053,0
289407,1,0,0.05933,0
289471,0,0,0.2664,0
289563,0,0,0.854,1
289577,1,0,0.0398,0
289668,1,0,0.4265,0
289681,0,0,0.6973,1
289771,1,0,0.48,0
290108,1,0,0.01484,0
290135,0,0,0.677,1
290452,1,0,0.05823,0
290453,1,0,0.193,0
290649,0,0,0.0862,0
290655,1,0,0.0651,0
290666,0,0,0.6475,1
290723,0,0,0.1103,0
290834,0,0,0.352,0
291044,1,0,0.05252,0
291111,1,0,0.864,1
291330,0,0,0.2351,0
291420,1,0,0.565,1
291450,0,0,0.5195,1
291627,1,0,0.341,0
291628,0,0,0.2554,0
291709,1,0,0.0866,0
291779,0,0,0.3586,0
291830,1,0,0.3284,0
291891,0,0,0.0195,0
291893,0,0,0.1043,0
291909,0,0,0.02965,0
292020,1,0,0.44,0
292035,1,0,0.0109,0
292197,1,0,0.2708,0
292365,1,0,0.7485,1
292402,0,0,0.01666,0
292415,1,0,0.318,0
292935,0,0,0.261,0
292955,1,0,0.1052,0
293034,1,0,0.7603,1
293055,1,0,0.0192,0
293078,1,0,0.11554,0
293121,1,0,0.04385,0
293128,0,0,0.06866,0
293176,1,0,0.6714,1
293304,0,0,0.01898,0
293347,1,0,0.1298,0
293382,0,0,0.0334,0
293501,1,0,0.8706,1
293517,0,0,0.1704,0
293640,1,0,0.2795,0
293721,1,0,0.636,1
293982,1,0,0.2207,0
294380,1,0,0.083,0
294446,1,0,0.02448,0
294475,0,0,0.1831,0
294549,1,0,0.1735,0
294580,0,0,0.862,1
294615,1,0,0.7256,1
294830,1,0,0.1122,0
294886,1,0,0.3943,0
295001,1,0,0.1448,0
295039,0,0,0.02052,0
295074,1,0,0.7744,1
295131,1,0,0.0173,0
295199,1,0,0.0601,0
295213,1,0,0.02002,0
295220,0,0,0.0684,0
295252,0,0,0.739,1
295256,1,0,0.0371,0
295258,0,0,0.2595,0
295334,0,0,0.4363,0
295340,1,0,0.0192,0
295412,0,0,0.703,1
295452,1,0,0.3704,0
295465,1,0,0.10895,0
295625,0,0,0.7935,1
295703,1,0,0.01704,0
295899,0,0,0.6035,1
295945,1,0,0.698,1
296037,0,0,0.01987,0
296095,1,0,0.4185,0
296098,1,0,0.7764,1
296188,1,0,0.0195,0
296221,0,0,0.9004,1
296405,0,0,0.04453,0
296405,1,0,0.0619,0
296407,1,0,0.0478,0
296416,1,0,0.0707,0
296522,1,0,0.01057,0
296563,1,0,0.0887,0
296600,0,0,0.7983,1
296635,0,0,0.3022,0
296658,0,0,0.7866,1
296796,1,0,0.03384,0
296809,1,0,0.252,0
296986,1,0,0.04346,0
297035,1,0,0.6904,1
297085,0,0,0.236,0
297119,1,0,0.1316,0
297120,1,0,0.8467,1
297186,1,0,0.06042,0
297273,0,0,0.1178,0
297476,0,0,0.545,1
297562,1,0,0.10126,0
297574,1,0,0.3828,0
297759,0,0,0.0159,0
297772,0,0,0.01883,0
297808,0,0,0.4502,0
298179,0,0,0.685,1
298204,0,0,0.01602,0
298322,1,0,0.7344,1
298586,0,0,0.047,0
298597,0,0,0.2593,0
298628,1,0,0.0789,0
298749,0,0,0.1255,0
298758,0,0,0.2908,0
298887,1,0,0.5166,1
299332,0,0,0.02187,0
299334,0,0,0.913,1
299526,0,0,0.11536,0
299539,1,0,0.565,1
299580,0,0,0.1406,0
299615,0,0,0.791,1
299616,1,0,0.869,1
299700,1,0,0.0859,0
299726,1,0,0.5967,1
299836,0,0,0.01428,0
300066,0,0,0.847,1
300097,0,0,0.2366,0
300098,1,0,0.0286,0
300138,0,0,0.1172,0
300143,0,0,0.3745,0
300281,1,0,0.1401,0
300352,1,0,0.6235,1
300406,0,0,0.622,1
300601,1,0,0.7104,1
300699,0,0,0.4263,0
300784,0,0,0.655,1
300868,1,0,0.2224,0
301179,0,0,0.1937,0
301253,0,0,0.2413,0
301268,0,0,0.55,1
301347,0,0,0.2715,0
301575,1,0,0.02342,0
301577,0,0,0.02489,0
301689,0,0,0.04184,0
301960,0,0,0.01317,0
302121,1,0,0.132,0
302152,1,0,0.643,1
302189,0,0,0.013794,0
302218,1,0,0.2307,0
302231,0,0,0.8267,1
302315,0,0,0.2864,0
302315,1,0,0.0112,0
302419,1,0,0.11395,0
302572,0,0,0.082,0
302580,1,0,0.4219,0
302637,1,0,0.0702,0
302788,1,0,0.6533,1
302795,1,0,0.1074,0
302841,0,0,0.07135,0
302954,1,0,0.3782,0
303007,0,0,0.5166,1
303111,1,0,0.881,1
303120,0,0,0.05154,0
303127,1,0,0.1528,0
303141,1,0,0.46,0
303165,1,0,0.667,1
303215,1,0,0.8916,1
303216,1,0,0.07764,0
303327,0,0,0.01984,0
303391,0,0,0.855,1
303901,1,0,0.1296,0
304218,0,0,0.4565,0
304222,0,0,0.01267,0
304259,0,0,0.02017,0
304259,1,0,0.12445,0
304267,0,0,0.4666,0
304381,0,0,0.12067,0
304394,1,0,0.04303,0
304429,0,0,0.5703,1
304535,1,0,0.9,1
304830,1,0,0.02315,0
304851,0,0,0.01628,0
304854,0,0,0.01307,0
304877,0,0,0.0398,0
304923,0,0,0.1741,0
305016,0,0,0.01791,0
305170,0,0,0.144,0
305222,0,0,0.9033,1
305520,1,0,0.01277,0
305546,1,0,0.5156,1
305608,1,0,0.341,0
305647,0,0,0.7583,1
305679,1,0,0.7036,1
305728,1,0,0.2876,0
305807,1,0,0.2947,0
305945,0,0,0.1054,0
305952,0,0,0.1605,0
305977,0,0,0.01567,0
306017,0,0,0.7217,1
306057,1,0,0.2654,0
306239,0,0,0.134,0
306373,0,0,0.02263,0
306408,0,0,0.01219,0
306413,1,0,0.1735,0
306534,1,0,0.0937,0
306601,1,0,0.0544,0
306611,0,0,0.01791,0
306642,0,0,0.03044,0
306754,1,0,0.4585,0
306803,1,0,0.5215,1
306875,1,0,0.1827,0
306933,1,0,0.66,1
306940,1,0,0.0341,0
307093,0,0,0.0693,0
307164,0,0,0.0161,0
307188,0,0,0.2646,0
307202,0,0,0.1898,0
307226,0,0,0.161,0
307303,1,0,0.3926,0
307386,1,0,0.12494,0
307536,0,0,0.01525,0
307538,1,0,0.2212,0
307658,1,0,0.02696,0
307728,0,0,0.94,1
307791,1,0,0.0287,0
307814,0,0,0.03476,0
307845,1,0,0.0324,0
307959,0,0,0.03818,0
308123,1,0,0.726,1
308210,1,0,0.10614,0
308285,1,0,0.308,0
308299,1,0,0.423,0
308325,1,0,0.2261,0
308331,0,0,0.4253,0
308400,0,0,0.1688,0
308441,0,0,0.739,1
308504,0,0,0.9,1
308523,1,0,0.01906,0
308525,1,0,0.11536,0
308541,0,0,0.01401,0
308558,1,0,0.5054,1
308773,0,0,0.02347,0
308825,0,0,0.879,1
309049,0,0,0.02661,0
309091,0,0,0.742,1
309303,0,0,0.01297,0
309395,0,0,0.01698,0
309523,0,0,0.1669,0
309664,0,0,0.05573,0
309666,1,0,0.2006,0
309696,0,0,0.09705,0
309794,1,0,0.18,0
309976,0,0,0.127,0
309988,0,0,0.1095,0
310011,1,0,0.01013,0
310108,0,0,0.0533,0
310139,0,0,0.495,0
310250,0,0,0.11475,0
310303,1,0,0.1401,0
310503,0,0,0.1718,0
310572,1,0,0.2185,0
310584,1,0,0.1609,0
310775,1,0,0.2281,0
310889,1,0,0.0432,0
311044,0,0,0.2094,0
311086,1,0,0.05634,0
311160,0,0,0.237,0
311275,1,0,0.266,0
311279,0,0,0.541,1
311291,1,0,0.02522,0
311388,0,0,0.02855,0
311449,1,0,0.562,1
311620,1,0,0.3552,0
311688,0,0,0.7573,1
311921,0,0,0.4521,0
311944,1,0,0.6274,1
312082,1,0,0.5137,1
312160,0,0,0.05603,0
312276,0,0,0.02065,0
312586,0,0,0.348,0
312749,0,0,0.03574,0
312799,0,0,0.0139,0
312871,0,0,0.1041,0
312959,0,0,0.526,1
313062,0,0,0.8345,1
313087,0,0,0.2507,0
313101,0,0,0.01057,0
313118,1,0,0.6055,1
313146,0,0,0.54,1
313250,1,0,0.642,1
313267,1,0,0.458,0
313368,0,0,0.0873,0
313464,0,0,0.2664,0
313562,0,0,0.0096,0
313573,1,0,0.2646,0
313614,0,0,0.4285,0
313852,1,0,0.00971,0
313883,1,0,0.03096,0
313937,1,0,0.0346,0
313940,1,0,0.224,0
314003,0,0,0.0315,0
314037,0,0,0.2179,0
314097,0,0,0.02141,0
314383,0,0,0.5195,1
314565,0,0,0.9043,1
314595,1,0,0.115,0
314638,1,0,0.0538,0
314680,0,0,0.10376,0
314874,0,0,0.7593,1
315006,0,0,0.0707,0
315006,1,0,0.9214,1
315025,1,0,0.2086,0
315060,0,0,0.0707,0
315063,0,0,0.8677,1
315066,0,0,0.1493,0
315099,0,0,0.01133,0
315441,1,0,0.1954,0
315462,0,0,0.115,0
315538,0,0,0.1661,0
315584,0,0,0.1498,0
315643,1,0,0.2498,0
315695,0,0,0.522,1
315762,1,0,0.06244,0
315852,1,0,0.2705,0
315862,0,0,0.7334,1
315878,1,0,0.0789,0
315901,0,0,0.0112,0
316063,1,0,0.01297,0
316086,0,0,0.551,1
316096,0,0,0.4832,0
316257,1,0,0.0972,0
316271,1,0,0.84,1
316390,0,0,0.04288,0
316547,0,0,0.0683,0
316554,0,0,0.5005,1
316577,0,0,0.05844,0
316632,0,0,0.012825,0
316721,1,0,0.713,1
316746,1,0,0.2098,0
316754,0,0,0.0678,0
316779,0,0,0.8735,1
316803,1,0,0.4453,0
316879,0,0,0.1497,0
316892,0,0,0.055,0
316919,1,0,0.08527,0
316938,1,0,0.01994,0
316966,0,0,0.01572,0
317188,0,0,0.2642,0
317286,1,0,0.646,1
317595,0,0,0.10614,0
317616,1,0,0.0866,0
317639,1,0,0.547,1
317672,1,0,0.0341,0
318188,1,0,0.07654,0
318210,0,0,0.0806,0
318220,0,0,0.01423,0
318265,0,0,0.817,1
318321,1,0,0.02194,0
318477,1,0,0.3252,0
318521,0,0,0.606,1
318954,0,0,0.0556,0
319021,0,0,0.01287,0
319163,1,0,0.0536,0
319214,0,0,0.349,0
319262,1,0,0.36,0
319276,0,0,0.7007,1
319406,1,0,0.4902,0
319418,0,0,0.03534,0
319574,1,0,0.01021,0
319640,0,0,0.8843,1
319688,0,0,0.1886,0
320020,0,0,0.01991,0
320070,0,0,0.4614,0
320446,1,0,0.2152,0
320712,1,0,0.4648,0
320719,0,0,0.01057,0
320784,0,0,0.0267,0
320886,1,0,0.0732,0
321005,0,0,0.0532,0
321005,1,0,0.0635,0
321177,0,0,0.2144,0
321251,0,0,0.7544,1
321392,1,0,0.009636,0
321580,0,0,0.657,1
321695,1,0,0.083,0
321891,1,0,0.05933,0
321948,0,0,0.2976,0
321960,0,0,0.84,1
322013,1,0,0.2103,0
322149,0,0,0.1,0
322261,0,0,0.2051,0
322544,0,0,0.2915,0
322835,0,0,0.01495,0
322835,1,0,0.04788,0
322852,1,0,0.02551,0
323011,0,0,0.07684,0
323060,1,0,0.305,0
323096,1,0,0.2144,0
323162,0,0,0.648,1
323170,1,0,0.2048,0
323308,0,0,0.4182,0
323319,0,0,0.02423,0
323357,1,0,0.08527,0
323495,0,0,0.859,1
323500,1,0,0.05185,0
323593,1,0,0.04803,0
323698,0,0,0.05145,0
323872,1,0,0.7715,1
323877,0,0,0.12103,0
323945,1,0,0.8125,1
323963,1,0,0.731,1
323999,0,0,0.04468,0
324109,1,0,0.02806,0
324113,0,0,0.3638,0
324169,1,0,0.02591,0
324178,1,0,0.2717,0
324224,0,0,0.0464,0
324242,1,0,0.0161,0
324366,0,0,0.4805,0
324385,0,0,0.0825,0
324395,1,0,0.2114,0
324638,0,0,0.01971,0
324670,1,0,0.2477,0
324685,1,0,0.3953,0
324698,0,0,0.6313,1
324968,0,0,0.833,1
325005,0,0,0.9136,1
325072,1,0,0.5474,1
325088,1,0,0.01196,0
325115,0,0,0.2375,0
325412,0,0,0.7764,1
325496,0,0,0.09686,0
325735,0,0,0.1901,0
325868,0,0,0.717,1
325877,1,0,0.05878,0
325906,1,0,0.12085,0
326169,1,0,0.1382,0
326181,1,0,0.06476,0
326372,0,0,0.01082,0
326677,0,0,0.635,1
326717,1,0,0.009674,0
326786,1,0,0.2612,0
327083,1,0,0.02795,0
327135,0,0,0.01912,0
327183,0,0,0.4602,0
327372,1,0,0.9,1
327424,0,0,0.0509,0
327424,1,0,0.2109,0
327496,0,0,0.1709,0
327502,1,0,0.1201,0
327534,0,0,0.5254,1
327567,0,0,0.036,0
327622,0,0,0.582,1
327726,1,0,0.01578,0
327979,0,0,0.02386,0
328064,1,0,0.03354,0
328112,1,0,0.2053,0
328183,0,0,0.0891,0
328204,1,0,0.1996,0
328306,1,0,0.02351,0
328373,0,0,0.1381,0
328491,0,0,0.6704,1
328582,1,0,0.07104,0
328589,0,0,0.288,0
328746,1,0,0.03067,0
328749,0,0,0.799,1
328831,1,0,0.1752,0
328871,0,0,0.02834,0
328875,1,0,0.4097,0
328898,1,0,0.4944,0
328941,1,0,0.2471,0
329084,1,0,0.6704,1
329116,0,0,0.02748,0
329249,1,0,0.944,1
329280,0,0,0.3984,0
329313,0,0,0.5166,1
329395,1,0,0.0575,0
329499,1,0,0.462,0
329684,1,0,0.177,0
329840,1,0,0.037,0
330065,0,0,0.04996,0
330224,1,0,0.0451,0
330292,1,0,0.014786,0
330295,0,0,0.626,1
330340,0,0,0.3108,0
330384,1,0,0.0717,0
330518,0,0,0.1726,0
330546,0,0,0.1539,0
330727,1,0,0.01987,0
330823,0,0,0.5137,1
331007,0,0,0.0974,0
331096,1,0,0.03662,0
331173,1,0,0.01065,0
331214,0,0,0.363,0
331295,0,0,0.0925,0
331480,0,0,0.0808,0
331530,1,0,0.0991,0
331660,0,0,0.03506,0
331673,1,0,0.4856,0
331791,0,0,0.228,0
331841,0,0,0.2407,0
331924,0,0,0.745,1
331952,1,0,0.4585,0
331978,0,0,0.01095,0
332013,1,0,0.573,1
332194,0,0,0.009895,0
332263,0,0,0.3108,0
332281,1,0,0.1266,0
332354,1,0,0.2896,0
332444,1,0,0.01738,0
332446,1,0,0.283,0
332474,0,0,0.01053,0
332478,1,0,0.05737,0
332480,0,0,0.5293,1
332485,1,0,0.4749,0
332498,0,0,0.2988,0
332506,1,0,0.3176,0
332580,1,0,0.04752,0
332677,0,0,0.7524,1
332804,1,0,0.04922,0
332806,0,0,0.4844,0
332818,0,0,0.887,1
332906,1,0,0.0667,0
332957,1,0,0.04297,0
332988,0,0,0.6753,1
333042,0,0,0.01187,0
333054,0,0,0.0173,0
333121,0,0,0.5186,1
333174,1,0,0.01045,0
333308,0,0,0.1749,0
333390,0,0,0.8364,1
333411,0,0,0.0505,0
333488,1,0,0.3354,0
333555,1,0,0.01333,0
333658,0,0,0.281,0
333915,1,0,0.08527,0
333953,1,0,0.1587,0
333976,0,0,0.0693,0
333982,0,0,0.05966,0
334141,0,0,0.311,0
334159,1,0,0.613,1
334215,1,0,0.08167,0
334249,1,0,0.3171,0
334355,0,0,0.573,1
334387,0,0,0.5605,1
334394,0,0,0.5234,1
334584,0,0,0.1534,0
334628,0,0,0.0848,0
334681,0,0,0.0139,0
334697,0,0,0.4746,0
334783,0,0,0.0456,0
335008,0,0,0.2563,0
335021,1,0,0.113,0
335097,1,0,0.7993,1
335177,1,0,0.5396,1
335306,0,0,0.01238,0
335431,0,0,0.0937,0
335447,1,0,0.01567,0
335510,1,0,0.01196,0
335523,1,0,0.01634,0
335534,1,0,0.01543,0
335674,0,0,0.772,1
335735,0,0,0.7734,1
335802,1,0,0.3337,0
335837,1,0,0.124,0
335843,0,0,0.012726,0
335920,0,0,0.9097,1
335974,0,0,0.2158,0
336077,1,0,0.2737,0
336094,0,0,0.08093,0
336107,0,0,0.2043,0
336198,1,0,0.01659,0
336254,0,0,0.222,0
336264,0,0,0.3074,0
336349,0,0,0.32,0
336432,1,0,0.819,1
336498,0,0,0.03995,0
336551,0,0,0.8306,1
336570,1,0,0.1373,0
336587,0,0,0.5146,1
336789,1,0,0.1381,0
336859,1,0,0.1278,0
336887,0,0,0.3665,0
336945,1,0,0.1267,0
337087,1,0,0.2152,0
337093,0,0,0.01082,0
337403,1,0,0.0851,0
337477,1,0,0.5093,1
337487,0,0,0.02109,0
337563,0,0,0.683,1
337645,1,0,0.296,0
337674,0,0,0.4353,0
337917,0,0,0.02443,0
337920,0,0,0.0868,0
338004,1,0,0.3367,0
338012,1,0,0.262,0
338226,0,0,0.923,1
338344,0,0,0.2338,0
338351,1,0,0.1874,0
338373,0,0,0.02533,0
338415,0,0,0.604,1
338421,0,0,0.00993,0
338444,0,0,0.01572,0
338619,0,0,0.43,0
338659,0,0,0.2114,0
338773,1,0,0.603,1
338791,1,0,0.1025,0
338903,1,0,0.0277,0
338910,0,0,0.1453,0
339044,0,0,0.4292,0
339071,0,0,0.601,1
339111,0,0,0.09125,0
339117,0,0,0.3047,0
339200,1,0,0.04257,0
339212,1,0,0.1864,0
339216,0,0,0.277,0
339382,1,0,0.01057,0
339521,0,0,0.02267,0
339565,1,0,0.04428,0
339644,1,0,0.4036,0
339682,1,0,0.01322,0
339798,0,0,0.02419,0
339801,1,0,0.239,0
339835,1,0,0.632,1
339955,1,0,0.7974,1
340058,0,0,0.4512,0
340371,1,0,0.8984,1
340395,1,0,0.4172,0
340521,0,0,0.561,1
340535,0,0,0.2356,0
340589,1,0,0.333,0
340593,0,0,0.2678,0
340656,0,0,0.492,0
340678,0,0,0.1965,0
340717,1,0,0.427,0
340916,0,0,0.2004,0
340977,0,0,0.01888,0
341098,0,0,0.262,0
341253,1,0,0.5483,1
341272,0,0,0.0451,0
341285,1,0,0.0888,0
341320,0,0,0.7534,1
341373,0,0,0.938,1
341388,0,0,0.0504,0
341623,1,0,0.0662,0
341630,1,0,0.6836,1
341653,1,0,0.1443,0
341744,0,0,0.2705,0
341793,1,0,0.708,1
341799,1,0,0.3982,0
341841,0,0,0.01053,0
341904,0,0,0.0371,0
341932,1,0,0.03918,0
341977,1,0,0.3271,0
342007,0,0,0.9126,1
342008,1,0,0.26,0
342184,1,0,0.696,1
342191,0,0,0.02493,0
342260,0,0,0.1638,0
342327,0,0,0.2615,0
342438,0,0,0.2299,0
342768,1,0,0.04868,0
342964,1,0,0.609,1
343096,1,0,0.3704,0
343126,1,0,0.04486,0
343161,1,0,0.02975,0
343283,1,0,0.5273,1
343354,0,0,0.2842,0
343562,1,0,0.4265,0
343573,1,0,0.1837,0
343621,1,0,0.4211,0
343680,0,0,0.5664,1
343725,0,0,0.1432,0
343792,1,0,0.2761,0
343923,1,0,0.3079,0
343970,1,0,0.02263,0
344034,1,0,0.02527,0
344094,0,0,0.9014,1
344200,1,0,0.576,1
344375,0,0,0.6265,1
344389,1,0,0.1366,0
344498,1,0,0.7803,1
344540,0,0,0.1056,0
344663,1,0,0.012726,0
344699,1,0,0.946,1
344992,0,0,0.3967,0
345146,0,0,0.04858,0
345164,0,0,0.1462,0
345191,1,0,0.112,0
345212,0,0,0.3555,0
345403,0,0,0.07825,0
345447,0,0,0.01912,0
345555,0,0,0.2874,0
345578,0,0,0.013275,0
345583,0,0,0.03384,0
345627,0,0,0.3762,0
345684,1,0,0.03436,0
345770,0,0,0.264,0
345890,0,0,0.3413,0
345998,1,0,0.578,1
346054,1,0,0.0825,0
346059,0,0,0.0192,0
346090,0,0,0.02576,0
346117,0,0,0.0332,0
346117,1,0,0.2252,0
346217,1,0,0.1865,0
346308,1,0,0.02208,0
346352,1,0,0.526,1
346359,0,0,0.929,1
346387,0,0,0.01277,0
346399,0,0,0.31,0
346425,0,0,0.01791,0
346437,1,0,0.1172,0
346442,0,0,0.01994,0
346465,0,0,0.2708,0
346601,0,0,0.2452,0
346700,1,0,0.01423,0
346765,0,0,0.1509,0
346893,0,0,0.857,1
346909,1,0,0.01938,0
346910,1,0,0.289,0
346983,1,0,0.01317,0
347045,0,0,0.01385,0
347056,1,0,0.0324,0
347166,1,0,0.013794,0
347222,1,0,0.42,0
347242,1,0,0.9033,1
347437,1,0,0.3523,0
347604,0,0,0.05154,0
347780,0,0,0.5376,1
347907,1,0,0.04724,0
347997,0,0,0.01428,0
348126,1,0,0.01439,0
348182,1,0,0.1346,0
348287,0,0,0.533,1
348620,0,0,0.2542,0
348743,1,0,0.04453,0
348755,1,0,0.2269,0
348854,0,0,0.8726,1
348871,1,0,0.4146,0
348942,1,0,0.0871,0
349063,1,0,0.1538,0
349267,0,0,0.0376,0
349278,0,0,0.8716,1
349291,1,0,0.806,1
349292,0,0,0.9346,1
349505,0,0,0.1356,0
349509,0,0,0.01363,0
349528,1,0,0.392,0
349614,0,0,0.8066,1
349718,1,0,0.02242,0
349740,0,0,0.01724,0
349769,1,0,0.124,0
349930,1,0,0.3606,0
349962,1,0,0.5664,1
350031,0,0,0.01901,0
350057,1,0,0.6914,1
350113,0,0,0.02057,0
350143,0,0,0.10144,0
350443,0,0,0.1005,0
350529,0,0,0.499,0
350580,1,0,0.0922,0
350595,0,0,0.5835,1
350652,1,0,0.02419,0
350741,1,0,0.32,0
350843,1,0,0.02267,0
350932,0,0,0.0355,0
351113,1,0,0.2646,0
351144,1,0,0.3857,0
351259,0,0,0.0159,0
351336,0,0,0.01187,0
351368,1,0,0.7686,1
351478,1,0,0.115,0
351506,0,0,0.9424,1
351570,1,0,0.082,0
351619,0,0,0.708,1
351634,0,0,0.01439,0
351758,1,0,0.0093,0
351895,0,0,0.01848,0
351978,1,0,0.02208,0
352094,1,0,0.3748,0
352110,1,0,0.06793,0
352209,1,0,0.02641,0
352244,1,0,0.04602,0
352252,0,0,0.2191,0
352254,1,0,0.06537,0
352300,0,0,0.0109,0
352303,0,0,0.10706,0
352324,1,0,0.502,1
352521,1,0,0.3108,0
352565,0,0,0.1255,0
352610,1,0,0.1065,0
352637,0,0,0.3938,0
352809,0,0,0.01445,0
352813,0,0,0.01909,0
352883,0,0,0.744,1
352892,0,0,0.01968,0
352896,0,0,0.06635,0
352905,1,0,0.6714,1
352948,0,0,0.01164,0
352969,1,0,0.01634,0
353037,1,0,0.03044,0
353085,1,0,0.03506,0
353258,1,0,0.01554,0
353330,0,0,0.4514,0
353572,0,0,0.1927,0
353610,0,0,0.02377,0
353836,1,0,0.4534,0
353866,0,0,0.3428,0
353912,0,0,0.02216,0
354072,0,0,0.1787,0
354100,1,0,0.12305,0
354121,0,0,0.6885,1
354146,1,0,0.0788,0
354248,0,0,0.3535,0
354263,0,0,0.3179,0
354361,1,0,0.075,0
354518,0,0,0.02591,0
354593,0,0,0.0753,0
354605,0,0,0.4602,0
354616,0,0,0.02942,0
354672,1,0,0.4023,0
354727,1,0,0.01057,0
354803,0,0,0.6646,1
354813,1,0,0.2886,0
354875,0,0,0.803,1
354893,1,0,0.0804,0
354904,1,0,0.0708,0
354927,1,0,0.04794,0
355011,0,0,0.6367,1
355168,0,0,0.02254,0
355239,0,0,0.885,1
355387,0,0,0.3264,0
355536,0,0,0.0452,0
355539,0,0,0.828,1
355641,0,0,0.1385,0
355721,0,0,0.01704,0
355765,1,0,0.2478,0
355901,1,0,0.02795,0
356107,1,0,0.3076,0
356133,1,0,0.3125,0
356184,0,0,0.2186,0
356325,1,0,0.4448,0
356636,1,0,0.6567,1
356677,1,0,0.3853,0
356690,1,0,0.1295,0
356748,0,0,0.01964,0
356821,1,0,0.3252,0
356838,0,0,0.2356,0
356879,0,0,0.304,0
356960,0,0,0.04742,0
357000,0,0,0.2756,0
357225,0,0,0.4558,0
357328,0,0,0.617,1
357332,0,0,0.5146,1
357419,1,0,0.2135,0
357456,1,0,0.3813,0
357592,1,0,0.2756,0
357642,0,0,0.7847,1
357760,0,0,0.04327,0
357773,1,0,0.02748,0
357796,0,0,0.944,1
357834,1,0,0.0205,0
357872,1,0,0.2493,0
357890,0,0,0.6064,1
358077,0,0,0.2256,0
358086,1,0,0.3613,0
358259,1,0,0.05234,0
358365,0,0,0.89,1
358367,1,0,0.1641,0
358373,0,0,0.595,1
358419,1,0,0.0848,0
358420,1,0,0.0301,0
358460,1,0,0.0457,0
358484,0,0,0.414,0
358533,1,0,0.011375,0
358585,0,0,0.713,1
358698,1,0,0.02914,0
358858,1,0,0.925,1
358927,0,0,0.012825,0
359049,1,0,0.1449,0
359119,0,0,0.0363,0
359191,0,0,0.01057,0
359355,0,0,0.5176,1
359370,1,0,0.1241,0
359417,0,0,0.4248,0
359482,1,0,0.01045,0
359609,0,0,0.3994,0
359649,1,0,0.0457,0
359653,1,0,0.4087,0
360189,1,0,0.162,0
360195,0,0,0.0548,0
360396,0,0,0.1065,0
360428,1,0,0.3804,0
360687,0,0,0.2437,0
360756,0,0,0.4321,0
360803,0,0,0.01009,0
360815,1,0,0.207,0
360898,1,0,0.4297,0
360899,0,0,0.2339,0
360919,1,0,0.2756,0
360920,1,0,0.2515,0
360939,1,0,0.05292,0
361042,1,0,0.0159,0
361070,1,0,0.188,0
361146,0,0,0.223,0
361167,1,0,0.03732,0
361232,0,0,0.5156,1
361259,0,0,0.345,0
361302,1,0,0.10156,0
361321,1,0,0.1378,0
361323,0,0,0.02124,0
361336,1,0,0.3728,0
361403,0,0,0.893,1
361474,1,0,0.09503,0
361478,1,0,0.1556,0
361578,0,0,0.545,1
361714,0,0,0.06244,0
361733,0,0,0.01219,0
361751,1,0,0.03143,0
361786,1,0,0.2281,0
361795,0,0,0.5913,1
361960,1,0,0.1687,0
361965,0,0,0.1414,0
362062,0,0,0.2327,0
362328,1,0,0.01584,0
362351,1,0,0.2651,0
362636,0,0,0.1671,0
362675,0,0,0.922,1
362778,0,0,0.1034,0
362792,1,0,0.2515,0
362795,1,0,0.02661,0
362936,1,0,0.2074,0
362947,1,0,0.147,0
363044,1,0,0.7407,1
363124,0,0,0.2227,0
363200,1,0,0.1126,0
363206,1,0,0.1661,0
363354,0,0,0.07104,0
363390,0,0,0.3486,0
363518,0,0,0.2186,0
363668,1,0,0.01456,0
363727,1,0,0.8926,1
363756,1,0,0.721,1
363805,1,0,0.1622,0
363815,1,0,0.02849,0
363817,0,0,0.06198,0
363848,0,0,0.0578,0
363975,1,0,0.8135,1
364155,0,0,0.712,1
364226,0,0,0.2266,0
364235,0,0,0.3435,0
364399,0,0,0.03442,0
364407,1,0,0.63,1
364520,1,0,0.14,0
364545,0,0,0.7036,1
364647,0,0,0.04218,0
364728,0,0,0.257,0
364889,0,0,0.8423,1
364910,1,0,0.948,1
364927,0,0,0.126,0
364993,0,0,0.01369,0
365126,1,0,0.1646,0
365156,1,0,0.10175,0
365374,0,0,0.293,0
365454,0,0,0.6626,1
365478,1,0,0.10034,0
365508,1,0,0.1931,0
365548,1,0,0.04468,0
365595,1,0,0.2303,0
365602,0,0,0.845,1
365657,1,0,0.1877,0
365879,1,0,0.5483,1
365934,1,0,0.0906,0
365953,1,0,0.8486,1
366051,1,0,0.0545,0
366240,0,0,0.094,0
366307,1,0,0.35,0
366414,1,0,0.01894,0
366545,0,0,0.3013,0
366610,0,0,0.3577,0
366655,0,0,0.134,0
366666,0,0,0.3782,0
366908,1,0,0.119,0
366915,0,0,0.6494,1
367024,1,0,0.0145,0
367049,0,0,0.015366,0
367175,0,0,0.07385,0
367549,0,0,0.655,1
367722,1,0,0.571,1
368051,1,0,0.327,0
368144,0,0,0.776,1
368159,0,0,0.2032,0
368238,1,0,0.09076,0
368306,1,0,0.1378,0
368340,0,0,0.1372,0
368392,1,0,0.1225,0
368447,1,0,0.3796,0
368508,1,0,0.1407,0
368562,0,0,0.3977,0
368564,0,0,0.8276,1
368616,0,0,0.2827,0
368668,0,0,0.8467,1
368751,0,0,0.1312,0
368763,0,0,0.2925,0
368859,0,0,0.04385,0
368861,0,0,0.0741,0
368944,1,0,0.07654,0
369000,0,0,0.2478,0
369025,1,0,0.6904,1
369032,1,0,0.04752,0
369046,1,0,0.6,1
369086,1,0,0.2118,0
369095,1,0,0.2732,0
369126,0,0,0.4292,0
369167,0,0,0.07196,0
369334,0,0,0.2451,0
369409,1,0,0.3613,0
369662,0,0,0.02153,0
369676,1,0,0.179,0
369703,1,0,0.0749,0
369730,0,0,0.791,1
369895,1,0,0.1138,0
369904,0,0,0.2233,0
370000,0,0,0.06995,0
370016,0,0,0.5093,1
370049,1,0,0.09485,0
370213,1,0,0.2026,0
370246,1,0,0.55,1
370289,0,0,0.013794,0
370427,0,0,0.01343,0
370468,1,0,0.8105,1
370535,0,0,0.585,1
370547,1,0,0.372,0
370563,0,0,0.2152,0
370617,1,0,0.279,0
370691,0,0,0.3284,0
370693,0,0,0.512,1
370747,0,0,0.02641,0
370751,1,0,0.02199,0
370946,1,0,0.00986,0
370965,0,0,0.57,1
371471,1,0,0.1666,0
371484,0,0,0.6836,1
371577,0,0,0.2153,0
371660,1,0,0.02141,0
371748,1,0,0.02518,0
371849,1,0,0.5938,1
371951,1,0,0.231,0
371963,0,0,0.856,1
372082,1,0,0.1448,0
372149,1,0,0.0824,0
372295,0,0,0.02942,0
372296,1,0,0.243,0
372420,1,0,0.08124,0
372435,1,0,0.1958,0
372496,1,0,0.7305,1
372514,1,0,0.0997,0
372551,1,0,0.02898,0
372697,1,0,0.6704,1
372818,0,0,0.251,0
372949,0,0,0.01906,0
373133,1,0,0.014336,0
373148,0,0,0.01698,0
373177,1,0,0.696,1
373307,1,0,0.1571,0
373396,0,0,0.10724,0
373462,1,0,0.302,0
373481,0,0,0.8496,1
373492,0,0,0.0673,0
373554,0,0,0.1458,0
373561,0,0,0.5903,1
373793,1,0,0.01456,0
373802,0,0,0.1097,0
373861,1,0,0.3508,0
374220,1,0,0.5205,1
374249,0,0,0.0477,0
374327,0,0,0.012924,0
374462,0,0,0.1255,0
374719,1,0,0.3186,0
374720,1,0,0.4417,0
374750,0,0,0.9214,1
374754,1,0,0.01744,0
374757,1,0,0.0397,0
374890,1,0,0.4358,0
374918,0,0,0.445,0
374972,1,0,0.02307,0
375013,0,0,0.2693,0
375194,1,0,0.1345,0
375232,0,0,0.4717,0
375384,0,0,0.1271,0
375507,0,0,0.01248,0
375518,0,0,0.0806,0
375698,1,0,0.7935,1
375882,0,0,0.013374,0
375946,1,0,0.04752,0
376128,0,0,0.3633,0
376294,0,0,0.01519,0
376337,1,0,0.1063,0
376377,0,0,0.3032,0
376407,0,0,0.587,1
376426,0,0,0.584,1
376488,0,0,0.9097,1
376652,0,0,0.01133,0
376669,1,0,0.05594,0
376796,0,0,0.4146,0
376917,0,0,0.01277,0
376948,0,0,0.535,1
377097,1,0,0.0555,0
377111,0,0,0.284,0
377122,0,0,0.8735,1
377413,1,0,0.598,1
377513,0,0,0.2098,0
377521,1,0,0.8223,1
377576,1,0,0.1382,0
377577,1,0,0.2076,0
378050,0,0,0.07434,0
378174,0,0,0.013535,0
378315,0,0,0.3345,0
378331,0,0,0.01634,0
378365,0,0,0.8037,1
378461,0,0,0.4648,0
378478,1,0,0.4385,0
378497,0,0,0.03812,0
378627,1,0,0.06097,0
378689,1,0,0.08496,0
378885,1,0,0.2316,0
379031,1,0,0.1737,0
379056,0,0,0.09125,0
379153,1,0,0.015015,0
379320,1,0,0.2229,0
379358,1,0,0.731,1
379448,1,0,0.522,1
379462,0,0,0.01142,0
379475,0,0,0.372,0
379501,0,0,0.3958,0
379547,0,0,0.651,1
379602,1,0,0.6694,1
379624,0,0,0.2847,0
379705,0,0,0.0339,0
379711,0,0,0.01894,0
379729,0,0,0.9375,1
379820,1,0,0.5947,1
379826,0,0,0.02211,0
379957,1,0,0.2257,0
379991,0,0,0.01107,0
380079,1,0,0.569,1
380120,1,0,0.6274,1
380165,1,0,0.03812,0
380236,1,0,0.01229,0
380330,1,0,0.0457,0
380355,1,0,0.327,0
380416,1,0,0.012825,0
380617,0,0,0.1664,0
380762,1,0,0.3223,0
380832,0,0,0.0577,0
380853,0,0,0.2489,0
380897,1,0,0.2482,0
381037,0,0,0.4358,0
381105,0,0,0.3503,0
381160,0,0,0.0901,0
381214,0,0,0.0478,0
381336,1,0,0.0742,0
381365,0,0,0.77,1
381393,0,0,0.1814,0
381548,0,0,0.03574,0
381627,1,0,0.2307,0
381781,0,0,0.02844,0
381851,1,0,0.1964,0
381860,1,0,0.03372,0
381891,1,0,0.015015,0
381902,1,0,0.03522,0
382111,1,0,0.4238,0
382142,1,0,0.941,1
382224,0,0,0.4758,0
382259,1,0,0.5103,1
382511,0,0,0.1184,0
382615,0,0,0.8506,1
382658,1,0,0.014336,0
382667,1,0,0.093,0
382771,1,0,0.01317,0
382773,1,0,0.02246,0
382962,1,0,0.01848,0
382974,0,0,0.013275,0
383017,1,0,0.0932,0
383360,0,0,0.0345,0
383429,0,0,0.2844,0
383696,0,0,0.3174,0
383882,1,0,0.0206,0
383910,0,0,0.0673,0
384033,0,0,0.331,0
384047,1,0,0.2598,0
384057,0,0,0.2314,0
384084,0,0,0.4683,0
384190,1,0,0.05176,0
384275,1,0,0.035,0
384431,1,0,0.4697,0
384519,0,0,0.557,1
384530,1,0,0.2878,0
384713,1,0,0.01287,0
384720,1,0,0.1255,0
384721,1,0,0.3381,0
384770,0,0,0.655,1
384803,1,0,0.1523,0
385255,1,0,0.6606,1
385292,0,0,0.7754,1
385296,0,0,0.4536,0
385305,1,0,0.3809,0
385391,0,0,0.07184,0
385563,1,0,0.06915,0
385564,0,0,0.0694,0
385612,0,0,0.0312,0
385896,1,0,0.147,0
385938,0,0,0.011246,0
386055,1,0,0.72,1
386066,1,0,0.02419,0
386121,0,0,0.05212,0
386260,0,0,0.01406,0
386261,1,0,0.2162,0
386354,0,0,0.03934,0
386388,1,0,0.01103,0
386451,1,0,0.0248,0
386453,0,0,0.03403,0
386524,0,0,0.8145,1
386543,1,0,0.2646,0
386596,1,0,0.02982,0
386612,0,0,0.5825,1
386636,0,0,0.1852,0
386958,0,0,0.7065,1
386980,0,0,0.0321,0
387110,0,0,0.1956,0
387184,0,0,0.2026,0
387261,1,0,0.4978,0
387279,0,0,0.03482,0
387280,1,0,0.3906,0
387366,0,0,0.0476,0
387445,0,0,0.01257,0
387701,0,0,0.3145,0
387761,1,0,0.2375,0
387823,1,0,0.1566,0
387872,0,0,0.10156,0
387996,0,0,0.4766,0
388053,0,0,0.01549,0
388080,1,0,0.2734,0
388082,0,0,0.01778,0
388104,0,0,0.0371,0
388116,0,0,0.1918,0
388152,1,0,0.1995,0
388229,0,0,0.1761,0
388326,1,0,0.4092,0
388343,0,0,0.3022,0
388362,0,0,0.3289,0
388417,0,0,0.205,0
388435,0,0,0.01791,0
388467,0,0,0.02145,0
388619,0,0,0.7134,1
388626,0,0,0.5522,1
388670,1,0,0.814,1
388671,0,0,0.1279,0
388729,1,0,0.01428,0
388752,0,0,0.5757,1
388753,1,0,0.0925,0
388798,0,0,0.094,0
388872,0,0,0.702,1
389059,0,0,0.0112,0
389262,1,0,0.03928,0
389285,1,0,0.011734,0
389298,1,0,0.0359,0
389346,1,0,0.0378,0
389369,0,0,0.7993,1
389371,1,0,0.1848,0
389409,0,0,0.0789,0
389559,1,0,0.2666,0
389772,1,0,0.3257,0
389821,0,0,0.5156,1
389830,1,0,0.08374,0
390003,1,0,0.4216,0
390026,1,0,0.309,0
390053,1,0,0.01348,0
390067,0,0,0.2198,0
390111,1,0,0.3853,0
390156,0,0,0.308,0
390256,0,0,0.4521,0
390325,1,0,0.05942,0
390369,1,0,0.0689,0
390471,1,0,0.7974,1
390552,1,0,0.2153,0
390735,1,0,0.2351,0
390892,0,0,0.8394,1
390894,0,0,0.09875,0
390948,0,0,0.3208,0
390995,0,0,0.8965,1
391182,0,0,0.1924,0
391358,0,0,0.01859,0
391392,1,0,0.2485,0
391617,0,1,0.7134,1
391683,0,1,0.9116,1
391684,1,1,0.1105,0
391685,0,1,0.7725,1
391715,1,1,0.3179,0
391742,0,1,0.4836,0
391758,0,1,0.827,1
391771,0,1,0.822,1
391882,0,1,0.3193,0
391914,1,1,0.6675,1
391963,0,1,0.836,1
391990,1,1,0.956,1
392057,0,1,0.9243,1
392100,0,1,0.584,1
392135,0,1,0.7456,1
392161,1,1,0.5815,1
392178,1,1,0.09174,0
392189,1,1,0.4727,0
392192,0,1,0.941,1
392236,1,1,0.881,1
392252,0,1,0.936,1
392264,1,1,0.928,1
392277,1,1,0.879,1
392334,0,1,0.1365,0
392339,0,1,0.7637,1
392491,1,1,0.6055,1
392500,0,1,0.935,1
392529,0,1,0.8516,1
392537,0,1,0.882,1
392558,1,1,0.838,1
392577,0,1,0.899,1
392637,0,1,0.9434,1
392644,0,1,0.854,1
392666,1,1,0.613,1
392749,0,1,0.7744,1
392793,1,1,0.914,1
392883,0,1,0.9326,1
392884,1,1,0.6333,1
393003,0,1,0.857,1
393064,0,1,0.4307,0
393074,1,1,0.672,1
393158,0,1,0.9287,1
393158,1,1,0.2793,0
393182,0,1,0.925,1
393291,0,1,0.701,1
393313,1,1,0.2035,0
393331,0,1,0.624,1
393492,1,1,0.6333,1
393496,1,1,0.1973,0
393594,1,1,0.934,1
393603,1,1,0.8994,1
393706,0,1,0.3625,0
393736,1,1,0.931,1
393750,0,1,0.9287,1
393774,0,1,0.1569,0
393822,0,1,0.7397,1
393900,1,1,0.862,1
393929,1,1,0.5166,1
394006,0,1,0.7046,1
394091,0,1,0.89,1
394102,0,1,0.885,1
394112,1,1,0.943,1
394115,1,1,0.552,1
394210,1,1,0.8696,1
394213,1,1,0.876,1
394215,0,1,0.4346,0
394246,0,1,0.951,1
394301,1,1,0.476,0
394348,1,1,0.8335,1
394364,0,1,0.8926,1
394393,1,1,0.9536,1
394397,0,1,0.733,1
394461,0,1,0.7515,1
394479,0,1,0.8604,1
394518,1,1,0.1898,0
394607,0,1,0.94,1
394614,1,1,0.911,1
394620,0,1,0.9185,1
394621,1,1,0.7495,1
394643,0,1,0.936,1
394667,1,1,0.9014,1
394701,1,1,0.821,1
394772,0,1,0.1567,0
394814,0,1,0.8535,1
394839,1,1,0.8276,1
394844,0,1,0.5547,1
394891,1,1,0.924,1
394901,0,1,0.687,1
394948,0,1,0.9473,1
395011,1,1,0.1901,0
395060,1,1,0.03656,0
395061,1,1,0.4885,0
395084,1,1,0.677,1
395109,0,1,0.5713,1
395178,1,1,0.3743,0
395268,0,1,0.879,1
395367,0,1,0.7163,1
395396,1,1,0.902,1
395402,1,1,0.782,1
395461,0,1,0.941,1
395495,0,1,0.888,1
395843,1,1,0.7173,1
395903,0,1,0.87,1
395907,1,1,0.8154,1
395959,0,1,0.9116,1
395985,0,1,0.923,1
396012,1,1,0.907,1
396024,0,1,0.8394,1
396121,0,1,0.861,1
396129,0,1,0.9165,1
396163,0,1,0.9385,1
396209,0,1,0.26,0
396236,1,1,0.4924,0
396245,0,1,0.829,1
396397,0,1,0.6006,1
396457,1,1,0.752,1
396470,0,1,0.9116,1
396489,1,1,0.8257,1
396497,0,1,0.954,1
396543,1,1,0.4033,0
396644,0,1,0.856,1
396645,1,1,0.426,0
396717,1,1,0.8022,1
396729,1,1,0.7144,1
396731,0,1,0.891,1
396800,0,1,0.11694,0
396804,0,1,0.935,1
396874,1,1,0.558,1
396879,1,1,0.405,0
396900,0,1,0.392,0
396935,0,1,0.5967,1
396959,1,1,0.9243,1
396991,1,1,0.9453,1
397053,1,1,0.3892,0
397065,0,1,0.883,1
397094,1,1,0.793,1
397145,1,1,0.907,1
397182,0,1,0.9365,1
397268,1,1,0.8784,1
397284,0,1,0.7,1
397289,1,1,0.4927,0
397307,1,1,0.3657,0
397325,0,1,0.7827,1
397357,0,1,0.922,1
397427,1,1,0.627,1
397429,0,1,0.187,0
397511,1,1,0.631,1
397529,0,1,0.7935,1
397570,0,1,0.9473,1
397666,0,1,0.9526,1
397695,0,1,0.624,1
397711,1,1,0.694,1
397807,0,1,0.779,1
397871,0,1,0.4941,0
397884,1,1,0.941,1
398038,0,1,0.919,1
398063,0,1,0.01456,0
398121,0,1,0.729,1
398199,0,1,0.9424,1
398232,1,1,0.6475,1
398245,1,1,0.8174,1
398261,1,1,0.1694,0
398264,1,1,0.8516,1
398266,0,1,0.932,1
398315,1,1,0.857,1
398349,1,1,0.596,1
398418,1,1,0.6724,1
398442,0,1,0.0336,0
398450,1,1,0.02293,0
398601,1,1,0.6396,1
398608,0,1,0.891,1
398641,1,1,0.3308,0
398732,0,1,0.951,1
398733,1,1,0.889,1
398762,0,1,0.886,1
398774,0,1,0.669,1
398786,0,1,0.539,1
398815,0,1,0.6743,1
398820,0,1,0.1572,0
398914,0,1,0.9165,1
398932,1,1,0.9087,1
398958,0,1,0.904,1
398975,1,1,0.2334,0
398981,1,1,0.3328,0
399189,1,1,0.6074,1
399224,1,1,0.015015,0
399262,1,1,0.893,1
399288,1,1,0.3801,0
399366,1,1,0.2795,0
399490,0,1,0.6914,1
399491,1,1,0.6294,1
399601,1,1,0.3892,0
399653,0,1,0.703,1
399725,0,1,0.611,1
399869,0,1,0.756,1
399905,0,1,0.8457,1
399928,0,1,0.8223,1
399929,0,1,0.8257,1
399969,0,1,0.834,1
400023,1,1,0.845,1
400190,1,1,0.2534,0
400237,1,1,0.9116,1
400276,0,1,0.933,1
400341,0,1,0.911,1
400426,0,1,0.9434,1
400433,0,1,0.8374,1
400455,0,1,0.932,1
400456,0,1,0.4265,0
400467,1,1,0.6196,1
400470,1,1,0.6763,1
400477,0,1,0.791,1
400511,1,1,0.649,1
400519,1,1,0.3044,0
400523,1,1,0.665,1
400552,0,1,0.927,1
400567,0,1,0.5864,1
400634,1,1,0.696,1
400641,1,1,0.6455,1
400659,0,1,0.1703,0
400688,0,1,0.931,1
400693,0,1,0.6147,1
400717,0,1,0.9043,1
400753,1,1,0.809,1
400771,0,1,0.9043,1
400804,1,1,0.621,1
400805,1,1,0.4548,0
400831,1,1,0.844,1
400860,1,1,0.346,0
400870,1,1,0.904,1
400893,0,1,0.92,1
400902,1,1,0.7896,1
400945,1,1,0.823,1
400966,0,1,0.796,1
401034,0,1,0.877,1
401055,0,1,0.928,1
401156,0,1,0.9473,1
401161,0,1,0.7915,1
401201,0,1,0.6973,1
401241,1,1,0.3247,0
401264,1,1,0.6826,1
401321,1,1,0.02199,0
401362,1,1,0.4612,0
401383,1,1,0.6245,1
401456,0,1,0.9316,1
401463,1,1,0.785,1
401623,1,1,0.1917,0
401668,0,1,0.9326,1
401675,1,1,0.9375,1
401677,1,1,0.751,1
401686,1,1,0.9214,1
401736,1,1,0.796,1
401762,1,1,0.503,1
401848,1,1,0.3167,0
401853,0,1,0.5293,1
401914,0,1,0.945,1
402010,0,1,0.498,0
402024,0,1,0.55,1
402066,0,1,0.886,1
402078,0,1,0.6797,1
402082,1,1,0.9497,1
402131,1,1,0.1705,0
402149,1,1,0.668,1
402152,0,1,0.9253,1
402157,1,1,0.4849,0
402170,0,1,0.9204,1
402245,0,1,0.847,1
402258,0,1,0.7246,1
402268,0,1,0.8433,1
402287,1,1,0.942,1
402304,0,1,0.931,1
402356,1,1,0.888,1
402393,0,1,0.916,1
402406,0,1,0.6313,1
402414,1,1,0.91,1
402419,0,1,0.658,1
402461,0,1,0.3909,0
402503,0,1,0.8325,1
402539,1,1,0.4297,0
402563,1,1,0.505,1
402565,1,1,0.11456,0
402657,1,1,0.385,0
402707,0,1,0.5947,1
402710,1,1,0.819,1
402773,0,1,0.8384,1
402776,1,1,0.0661,0
402838,1,1,0.1409,0
402884,0,1,0.836,1
402927,1,1,0.9014,1
402984,0,1,0.9375,1
403004,1,1,0.8438,1
403006,1,1,0.664,1
403022,1,1,0.6377,1
403053,0,1,0.6143,1
403098,0,1,0.578,1
403105,0,1,0.8003,1
403136,0,1,0.6104,1
403198,1,1,0.8223,1
403209,0,1,0.9272,1
403217,1,1,0.611,1
403247,0,1,0.662,1
403271,1,1,0.9473,1
403284,1,1,0.288,0
403320,0,1,0.435,0
403340,1,1,0.6,1
403341,0,1,0.8564,1
403370,0,1,0.945,1
403386,1,1,0.3262,0
403394,1,1,0.2788,0
403429,1,1,0.539,1
403458,0,1,0.2673,0
403476,0,1,0.8735,1
403549,0,1,0.909,1
403610,0,1,0.7295,1
403631,0,1,0.908,1
403723,1,1,0.1669,0
403726,0,1,0.9243,1
403794,0,1,0.834,1
403831,1,1,0.6646,1
403888,0,1,0.656,1
403910,1,1,0.929,1
403916,1,1,0.696,1
404048,0,1,0.93,1
404110,0,1,0.5156,1
404115,0,1,0.9175,1
404135,0,1,0.889,1
404137,1,1,0.889,1
404139,1,1,0.9175,1
404146,0,1,0.655,1
404194,1,1,0.8477,1
404276,1,1,0.918,1
404300,1,1,0.2754,0
404335,1,1,0.838,1
404401,1,1,0.6045,1
404435,0,1,0.858,1
404485,1,1,0.7964,1
404488,0,1,0.8755,1
404533,1,1,0.665,1
404685,0,1,0.8647,1
404714,0,1,0.1616,0
404735,1,1,0.1294,0
404743,0,1,0.9146,1
404854,0,1,0.8916,1
404962,1,1,0.7256,1
405000,0,1,0.3315,0
405147,0,1,0.7734,1
405151,1,1,0.908,1
405219,1,1,0.6357,1
405248,0,1,0.6094,1
405285,1,1,0.7285,1
405300,0,1,0.8696,1
405497,1,1,0.8237,1
405500,0,1,0.741,1
405554,1,1,0.949,1
405591,0,1,0.835,1
405592,1,1,0.781,1
405666,1,1,0.437,0
405712,0,1,0.873,1
405714,1,1,0.3965,0
405761,1,1,0.9126,1
405764,0,1,0.512,1
405797,1,1,0.1923,0
405805,0,1,0.9365,1
405858,1,1,0.605,1
405862,0,1,0.2338,0
405878,0,1,0.9424,1
405888,1,1,0.876,1
405891,1,1,0.8154,1
405904,1,1,0.7764,1
405974,0,1,0.926,1
406089,0,1,0.8945,1
406098,0,1,0.886,1
406141,0,1,0.714,1
406151,1,1,0.3457,0
406184,1,1,0.907,1
406215,1,1,0.7954,1
406225,0,1,0.8003,1
406301,0,1,0.8945,1
406323,0,1,0.8296,1
406351,1,1,0.594,1
406353,0,1,0.8184,1
406363,1,1,0.8447,1
406402,1,1,0.2595,0
406417,1,1,0.7573,1
406454,0,1,0.918,1
406460,0,1,0.9346,1
406502,0,1,0.723,1
406513,1,1,0.8433,1
406531,0,1,0.9434,1
406539,0,1,0.10504,0
406555,0,1,0.9463,1
406562,0,1,0.739,1
406599,1,1,0.9253,1
406716,1,1,0.6743,1
406724,1,1,0.8115,1
406863,0,1,0.865,1
406904,1,1,0.2776,0
406908,1,1,0.725,1
406915,1,1,0.8696,1
406924,0,1,0.9067,1
406958,0,1,0.7456,1
407013,1,1,0.6675,1
407071,0,1,0.842,1
407100,0,1,0.9326,1
407124,1,1,0.8247,1
407141,1,1,0.4395,0
407197,1,1,0.671,1
407204,1,1,0.1539,0
407207,1,1,0.688,1
407240,0,1,0.902,1
407246,0,1,0.632,1
407260,0,1,0.1376,0
407279,1,1,0.289,0
407303,1,1,0.9297,1
407336,1,1,0.746,1
407341,0,1,0.7153,1
407382,0,1,0.1005,0
407397,1,1,0.762,1
407478,0,1,0.3542,0
407489,1,1,0.8306,1
407499,0,1,0.629,1
407511,0,1,0.8735,1
407617,0,1,0.813,1
407698,1,1,0.7134,1
407720,0,1,0.856,1
407738,0,1,0.9155,1
407744,0,1,0.439,0
407751,1,1,0.8237,1
407814,1,1,0.9287,1
407863,1,1,0.9463,1
407886,0,1,0.2225,0
407924,1,1,0.8423,1
407956,1,1,0.731,1
407999,1,1,0.941,1
408052,1,1,0.938,1
408124,0,1,0.84,1
408172,1,1,0.3787,0
408231,1,1,0.888,1
408281,1,1,0.1577,0
408415,1,1,0.927,1
408429,0,1,0.899,1
408450,0,1,0.8394,1
408543,1,1,0.955,1
408548,0,1,0.8906,1
408616,0,1,0.6484,1
408620,0,1,0.3816,0
408626,0,1,0.2347,0
408649,1,1,0.7046,1
408654,0,1,0.8145,1
408667,1,1,0.27,0
408743,1,1,0.1752,0
408764,1,1,0.6406,1
408800,0,1,0.934,1
408843,0,1,0.8916,1
408853,1,1,0.3157,0
408872,1,1,0.9365,1
408903,0,1,0.58,1
408987,1,1,0.9155,1
408999,0,1,0.927,1
409209,1,1,0.6177,1
409294,0,1,0.8794,1
409392,1,1,0.2351,0
409398,0,1,0.8086,1
409402,1,1,0.698,1
409413,1,1,0.6245,1
409443,1,1,0.07477,0
409479,1,1,0.7817,1
409540,0,1,0.5957,1
409655,0,1,0.6787,1
409670,0,1,0.867,1
409670,1,1,0.851,1
409686,1,1,0.293,0
409728,1,1,0.935,1
409777,1,1,0.569,1
409797,0,1,0.5005,1
409877,0,1,0.881,1
409878,0,1,0.758,1
409964,0,1,0.6504,1
409971,1,1,0.742,1
409979,1,1,0.0802,0
410039,1,1,0.7085,1
410088,0,1,0.6553,1
410101,1,1,0.05582,0
410110,1,1,0.5195,1
410162,0,1,0.9297,1
410181,0,1,0.06696,0
410280,1,1,0.8555,1
410300,1,1,0.863,1
410461,0,1,0.5195,1
410465,1,1,0.693,1
410526,1,1,0.374,0
410575,0,1,0.7754,1
410608,0,1,0.912,1
410610,0,1,0.7603,1
410617,0,1,0.936,1
410705,1,1,0.6406,1
410751,1,1,0.886,1
410804,0,1,0.8716,1
410820,1,1,0.4531,0
410888,0,1,0.9307,1
410896,1,1,0.8506,1
411012,1,1,0.904,1
411015,1,1,0.884,1
411043,0,1,0.8374,1
411044,1,1,0.5327,1
411050,0,1,0.942,1
411058,1,1,0.925,1
411083,0,1,0.937,1
411126,1,1,0.7285,1
411136,0,1,0.614,1
411230,0,1,0.8003,1
411312,1,1,0.856,1
411351,1,1,0.9404,1
411419,0,1,0.928,1
411568,1,1,0.532,1
411653,0,1,0.756,1
411658,0,1,0.664,1
411693,0,1,0.907,1
411724,1,1,0.4326,0
411756,0,1,0.5044,1
411761,1,1,0.44,0
411794,0,1,0.9536,1
411830,0,1,0.9463,1
411848,1,1,0.8438,1
411866,1,1,0.0508,0
411896,1,1,0.909,1
411945,1,1,0.9526,1
411966,1,1,0.0974,0
412031,0,1,0.4294,0
412048,0,1,0.8735,1
412053,0,1,0.8833,1
412088,1,1,0.3093,0
412130,1,1,0.865,1
412140,1,1,0.2708,0
412165,0,1,0.853,1
412284,0,1,0.554,1
412310,1,1,0.6797,1
412333,0,1,0.8965,1
412389,1,1,0.673,1
412421,0,1,0.5654,1
412454,0,1,0.5635,1
412506,0,1,0.91,1
412573,0,1,0.643,1
412624,1,1,0.6997,1
412661,0,1,0.857,1
412688,0,1,0.706,1
412730,1,1,0.645,1
412751,1,1,0.911,1
412812,1,1,0.4968,0
412818,1,1,0.7725,1
412845,1,1,0.6772,1
412854,0,1,0.831,1
412914,0,1,0.8535,1
412992,1,1,0.43,0
412994,0,1,0.548,1
412997,0,1,0.41,0
413032,1,1,0.7065,1
413152,1,1,0.9395,1
413155,1,1,0.247,0
413176,0,1,0.8735,1
413221,0,1,0.9263,1
413226,0,1,0.747,1
413240,1,1,0.6377,1
413314,0,1,0.9463,1
413346,0,1,0.797,1
413453,0,1,0.8096,1
413456,1,1,0.8804,1
413473,1,1,0.5483,1
413491,1,1,0.7974,1
413500,1,1,0.4114,0
413510,1,1,0.9033,1
413537,0,1,0.8433,1
413557,0,1,0.9434,1
413624,1,1,0.4475,0
413626,1,1,0.343,0
413651,0,1,0.56,1
413670,0,1,0.844,1
413688,1,1,0.2194,0
413722,1,1,0.491,0
413812,0,1,0.9424,1
413883,0,1,0.603,1
413914,0,1,0.9014,1
413936,0,1,0.8345,1
413950,1,1,0.2856,0
413956,0,1,0.59,1
413974,0,1,0.3074,0
414064,0,1,0.93,1
414069,0,1,0.8745,1
414099,0,1,0.545,1
414112,1,1,0.682,1
414122,0,1,0.1693,0
414130,1,1,0.2328,0
414134,1,1,0.665,1
414138,0,1,0.567,1
414140,0,1,0.9487,1
414155,1,1,0.702,1
414170,1,1,0.9365,1
414198,0,1,0.6772,1
414254,0,1,0.9443,1
414277,1,1,0.8994,1
414331,0,1,0.854,1
414366,1,1,0.3015,0
414383,0,1,0.4358,0
414397,0,1,0.841,1
414411,0,1,0.641,1
414421,1,1,0.587,1
414451,1,1,0.427,0
414553,1,1,0.4395,0
414582,1,1,0.5513,1
414619,1,1,0.8896,1
414680,0,1,0.3652,0
414743,0,1,0.6064,1
414766,0,1,0.9077,1
414824,0,1,0.5444,1
414913,0,1,0.5996,1
414922,0,1,0.611,1
414948,0,1,0.9033,1
415028,0,1,0.748,1
415034,0,1,0.9214,1
415069,0,1,0.6455,1
415094,1,1,0.6294,1
415134,0,1,0.559,1
415238,1,1,0.8013,1
415248,1,1,0.4412,0
415315,0,1,0.9336,1
415323,1,1,0.4658,0
415362,1,1,0.9346,1
415429,0,1,0.548,1
415448,0,1,0.8657,1
415558,1,1,0.9224,1
415566,0,1,0.899,1
415577,1,1,0.886,1
415578,1,1,0.8784,1
415598,0,1,0.2106,0
415612,1,1,0.553,1
415633,1,1,0.947,1
415652,1,1,0.2744,0
415655,0,1,0.8496,1
415671,0,1,0.929,1
415720,0,1,0.695,1
415735,1,1,0.2024,0
415753,0,1,0.3948,0
415753,1,1,0.929,1
415779,1,1,0.944,1
415851,0,1,0.88,1
415872,1,1,0.9385,1
415883,0,1,0.8574,1
415892,1,1,0.305,0
415901,0,1,0.1359,0
416078,0,1,0.545,1
416090,0,1,0.928,1
416208,1,1,0.3433,0
416231,1,1,0.7236,1
416239,0,1,0.06915,0
416277,0,1,0.893,1
416346,0,1,0.9136,1
416388,1,1,0.827,1
416400,0,1,0.6553,1
416406,1,1,0.8784,1
416414,0,1,0.9507,1
416421,0,1,0.8936,1
416477,0,1,0.952,1
416595,0,1,0.9434,1
416600,1,1,0.903,1
416631,1,1,0.5513,1
416687,0,1,0.6626,1
416713,0,1,0.8994,1
416732,0,1,0.722,1
416749,1,1,0.944,1
416771,0,1,0.8906,1
416793,0,1,0.8945,1
416813,0,1,0.8843,1
416828,0,1,0.4824,0
416880,1,1,0.1814,0
416898,1,1,0.5117,1
416910,1,1,0.314,0
416934,1,1,0.787,1
416937,0,1,0.899,1
416943,1,1,0.9316,1
416951,1,1,0.768,1
416959,0,1,0.903,1
416979,0,1,0.8657,1
416990,0,1,0.863,1
417000,1,1,0.343,0
417030,0,1,0.5913,1
417033,1,1,0.6777,1
417038,0,1,0.82,1
417062,0,1,0.7915,1
417200,1,1,0.574,1
417207,0,1,0.8145,1
417265,1,1,0.03812,0
417298,0,1,0.949,1
417302,1,1,0.8584,1
417338,0,1,0.5967,1
417378,1,1,0.6514,1
417384,1,1,0.2434,0
417394,0,1,0.6343,1
417412,1,1,0.933,1
417428,0,1,0.4731,0
417465,0,1,0.769,1
417519,1,1,0.9253,1
417535,1,1,0.645,1
417710,1,1,0.7227,1
417713,0,1,0.925,1
417754,0,1,0.9175,1
417786,1,1,0.8965,1
417821,1,1,0.69,1
417860,1,1,0.2925,0
417895,1,1,0.7617,1
417915,0,1,0.9336,1
417940,0,1,0.831,1
417956,0,1,0.913,1
417996,0,1,0.6963,1
418004,0,1,0.5034,1
418098,0,1,0.5938,1
418106,1,1,0.4106,0
418240,1,1,0.5396,1
418306,0,1,0.774,1
418377,0,1,0.684,1
418377,1,1,0.02959,0
418451,1,1,0.4272,0
418472,0,1,0.211,0
418488,0,1,0.7764,1
418489,0,1,0.914,1
418493,0,1,0.7617,1
418593,0,1,0.944,1
418641,0,1,0.927,1
418674,0,1,0.699,1
418728,0,1,0.739,1
418736,1,1,0.746,1
418737,1,1,0.6147,1
418802,0,1,0.4482,0
418868,0,1,0.6924,1
418927,1,1,0.3005,0
419046,1,1,0.857,1
419120,0,1,0.1616,0
419140,1,1,0.72,1
419222,0,1,0.9062,1
419242,0,1,0.736,1
419267,1,1,0.9346,1
419285,0,1,0.948,1
419292,1,1,0.723,1
419312,0,1,0.1964,0
419484,0,1,0.8096,1
419563,1,1,0.8706,1
419648,0,1,0.825,1
419691,0,1,0.941,1
419715,1,1,0.8994,1
419746,1,1,0.4333,0
419816,0,1,0.583,1
419846,1,1,0.755,1
419928,0,1,0.8965,1
419964,1,1,0.458,0
420077,0,1,0.9355,1
420150,1,1,0.63,1
420152,0,1,0.844,1
420167,1,1,0.8086,1
420226,0,1,0.796,1
420242,1,1,0.9062,1
420261,0,1,0.798,1
420331,1,1,0.8877,1
420340,0,1,0.8975,1
420414,0,1,0.9375,1
420420,0,1,0.6045,1
420439,1,1,0.0703,0
420440,0,1,0.954,1
420544,0,1,0.898,1
420554,1,1,0.9233,1
420570,0,1,0.7705,1
420689,0,1,0.867,1
420698,1,1,0.926,1
420729,1,1,0.741,1
420734,1,1,0.784,1
420788,0,1,0.8755,1
420807,0,1,0.6167,1
420824,1,1,0.623,1
420879,0,1,0.751,1
420906,1,1,0.2856,0
420909,1,1,0.8887,1
420932,1,1,0.8896,1
421000,1,1,0.9165,1
421014,1,1,0.8276,1
421054,0,1,0.5283,1
421057,1,1,0.776,1
421076,0,1,0.8955,1
421100,0,1,0.761,1
421129,0,1,0.9243,1
421153,0,1,0.613,1
421174,0,1,0.9316,1
421284,1,1,0.95,1
421288,0,1,0.8784,1
421293,0,1,0.8906,1
421300,1,1,0.3818,0
421325,0,1,0.8564,1
421359,1,1,0.7314,1
421401,1,1,0.082,0
421404,1,1,0.557,1
421426,1,1,0.3088,0
421436,1,1,0.2023,0
421449,1,1,0.545,1
421462,1,1,0.774,1
421469,0,1,0.8877,1
421477,0,1,0.83,1
421503,0,1,0.9434,1
421530,1,1,0.3872,0
421613,0,1,0.917,1
421625,1,1,0.642,1
421706,1,1,0.601,1
421760,1,1,0.1184,0
421809,0,1,0.8765,1
421836,1,1,0.6616,1
421866,1,1,0.3926,0
421928,1,1,0.3333,0
421980,1,1,0.1063,0
422022,1,1,0.859,1
422044,0,1,0.7715,1
422075,0,1,0.876,1
422102,0,1,0.8154,1
422136,0,1,0.723,1
422166,1,1,0.9365,1
422268,0,1,0.742,1
422278,1,1,0.651,1
422285,1,1,0.7407,1
422302,0,1,0.5825,1
422340,1,1,0.3528,0
422347,1,1,0.355,0
422358,1,1,0.9463,1
422476,0,1,0.737,1
422526,1,1,0.917,1
422583,1,1,0.7686,1
422600,0,1,0.829,1
422640,0,1,0.794,1
422646,0,1,0.5605,1
422685,1,1,0.6904,1
422705,0,1,0.5454,1
422753,0,1,0.5425,1
422822,1,1,0.2081,0
422871,1,1,0.1656,0
422918,1,1,0.778,1
422925,0,1,0.0301,0
422977,1,1,0.4448,0
422992,0,1,0.913,1
423033,1,1,0.6924,1
423044,1,1,0.641,1
423048,1,1,0.8774,1
423088,1,1,0.8022,1
423118,0,1,0.502,1
423203,0,1,0.4385,0
423247,1,1,0.894,1
423355,0,1,0.4592,0
423357,0,1,0.3262,0
423433,1,1,0.484,0
423442,1,1,0.4668,0
423497,0,1,0.92,1
423511,1,1,0.7324,1
423544,1,1,0.403,0
423554,1,1,0.9487,1
423588,1,1,0.3743,0
423595,1,1,0.8237,1
423597,1,1,0.4585,0
423692,1,1,0.938,1
423716,1,1,0.3555,0
423781,0,1,0.383,0
423798,1,1,0.459,0
423836,0,1,0.5825,1
423839,1,1,0.05737,0
423850,1,1,0.6924,1
423912,0,1,0.8696,1
423922,1,1,0.9194,1
423944,0,1,0.868,1
423951,1,1,0.0922,0
423965,0,1,0.952,1
423975,1,1,0.303,0
423997,1,1,0.9424,1
424005,1,1,0.8237,1
424010,0,1,0.8735,1
424056,0,1,0.92,1
424076,0,1,0.8467,1
424145,0,1,0.6226,1
424180,0,1,0.4802,0
424219,0,1,0.929,1
424281,1,1,0.931,1
424284,1,1,0.8267,1
424287,0,1,0.7646,1
424376,1,1,0.921,1
424377,1,1,0.9185,1
424397,0,1,0.6875,1
424474,0,1,0.6187,1
424494,0,1,0.931,1
424537,1,1,0.9473,1
424570,1,1,0.9053,1
424575,0,1,0.844,1
424630,0,1,0.747,1
424702,1,1,0.557,1
424707,0,1,0.3323,0
424757,0,1,0.8477,1
424800,1,1,0.1935,0
424867,0,1,0.9272,1
424903,1,1,0.0733,0
424931,1,1,0.836,1
424932,0,1,0.6157,1
425033,1,1,0.3936,0
425041,1,1,0.84,1
425106,0,1,0.6235,1
425174,0,1,0.9126,1
425188,1,1,0.8438,1
425193,0,1,0.858,1
425234,0,1,0.725,1
425304,0,1,0.2415,0
425362,0,1,0.8643,1
425385,0,1,0.773,1
425552,0,1,0.812,1
425589,1,1,0.4792,0
425595,1,1,0.6743,1
425671,0,1,0.931,1
425676,0,1,0.583,1
425680,0,1,0.932,1
425725,0,1,0.9414,1
425745,1,1,0.6284,1
425757,1,1,0.2944,0
425877,0,1,0.932,1
425893,1,1,0.757,1
425999,1,1,0.66,1
426019,1,1,0.8174,1
426033,1,1,0.3,0
426040,1,1,0.8193,1
426052,1,1,0.4656,0
426055,0,1,0.875,1
426125,0,1,0.8936,1
426230,0,1,0.8813,1
426232,0,1,0.937,1
426246,0,1,0.88,1
426299,1,1,0.6694,1
426365,0,1,0.4883,0
426442,1,1,0.916,1
426480,1,1,0.7456,1
426686,0,1,0.7666,1
426687,0,1,0.4521,0
426703,1,1,0.3584,0
426730,1,1,0.8677,1
426799,1,1,0.57,1
426837,0,1,0.8857,1
426858,0,1,0.716,1
426901,0,1,0.7227,1
426925,0,1,0.893,1
426958,0,1,0.522,1
426986,1,1,0.9517,1
427007,1,1,0.10394,0
427022,0,1,0.9326,1
427092,1,1,0.1775,0
427153,0,1,0.8125,1
427188,0,1,0.9463,1
427212,1,1,0.7817,1
427252,0,1,0.6367,1
427287,0,1,0.895,1
427567,0,1,0.8394,1
427597,1,1,0.0899,0
427651,1,1,0.9443,1
427674,1,1,0.1674,0
427715,1,1,0.851,1
427757,0,1,0.8306,1
427817,0,1,0.8667,1
427829,0,1,0.8296,1
427854,0,1,0.4883,0
427874,0,1,0.926,1
427980,0,1,0.2372,0
427983,1,1,0.0139,0
428004,0,1,0.8,1
428007,0,1,0.8555,1
428013,1,1,0.728,1
428024,0,1,0.9463,1
428043,0,1,0.9014,1
428127,1,1,0.2367,0
428150,1,1,0.927,1
428171,0,1,0.929,1
428205,0,1,0.7544,1
428211,1,1,0.91,1
428217,0,1,0.05023,0
428219,0,1,0.565,1
428241,1,1,0.913,1
428327,0,1,0.8413,1
428347,1,1,0.503,1
428424,1,1,0.929,1
428430,1,1,0.7134,1
428512,0,1,0.914,1
428525,0,1,0.3325,0
428636,1,1,0.928,1
428639,1,1,0.8364,1
428720,0,1,0.3901,0
428740,0,1,0.788,1
428815,0,1,0.886,1
428823,1,1,0.8105,1
428830,0,1,0.9463,1
428831,1,1,0.561,1
428897,0,1,0.799,1
428956,1,1,0.2676,0
428959,1,1,0.81,1
428965,1,1,0.9,1
428970,1,1,0.9194,1
429026,1,1,0.7803,1
429074,0,1,0.893,1
429098,0,1,0.947,1
429147,1,1,0.7017,1
429162,1,1,0.02681,0
429170,0,1,0.928,1
429202,0,1,0.10144,0
429207,1,1,0.941,1
429255,1,1,0.8237,1
429261,1,1,0.876,1
429335,1,1,0.713,1
429360,0,1,0.739,1
429398,1,1,0.6035,1
429408,1,1,0.848,1
429616,0,1,0.9463,1
429622,0,1,0.569,1
429891,1,1,0.782,1
429901,1,1,0.9062,1
429940,1,1,0.5645,1
429958,1,1,0.8916,1
429967,1,1,0.4648,0
430067,0,1,0.881,1
430132,0,1,0.827,1
430152,1,1,0.812,1
430154,0,1,0.801,1
430230,0,1,0.932,1
430274,1,1,0.723,1
430321,0,1,0.6494,1
430333,0,1,0.621,1
430363,0,1,0.9165,1
430365,1,1,0.6235,1
430398,1,1,0.776,1
430419,0,1,0.2588,0
430425,1,1,0.654,1
430468,1,1,0.648,1
430575,1,1,0.8193,1
430596,1,1,0.829,1
430602,1,1,0.5244,1
430618,1,1,0.6724,1
430707,1,1,0.2227,0
430730,1,1,0.87,1
430733,1,1,0.937,1
430743,1,1,0.8853,1
430765,0,1,0.811,1
430848,0,1,0.51,1
430872,1,1,0.5254,1
430898,1,1,0.09485,0
430918,0,1,0.784,1
430921,1,1,0.388,0
430924,1,1,0.5137,1
430934,0,1,0.732,1
430938,1,1,0.2507,0
430958,1,1,0.9224,1
431018,1,1,0.2001,0
431077,1,1,0.4568,0
431157,0,1,0.521,1
431175,1,1,0.9277,1
431179,1,1,0.572,1
431182,1,1,0.535,1
431195,1,1,0.4531,0
431199,1,1,0.4832,0
431216,0,1,0.7793,1
431261,1,1,0.5527,1
431281,0,1,0.917,1
431301,0,1,0.8843,1
431320,0,1,0.936,1
431325,0,1,0.1765,0
431336,0,1,0.9185,1
431437,1,1,0.933,1
431454,1,1,0.816,1
431463,1,1,0.0576,0
431466,1,1,0.909,1
431467,0,1,0.4531,0
431476,1,1,0.899,1
431481,1,1,0.3389,0
431519,1,1,0.6475,1
431526,0,1,0.925,1
431552,0,1,0.2367,0
431577,0,1,0.9087,1
431583,0,1,0.9375,1
431660,0,1,0.908,1
431699,0,1,0.874,1
431714,0,1,0.63,1
431742,0,1,0.713,1
431744,0,1,0.7007,1
431793,1,1,0.8677,1
431839,0,1,0.723,1
431845,1,1,0.9287,1
431926,0,1,0.939,1
432004,1,1,0.4622,0
432135,0,1,0.2004,0
432149,0,1,0.7773,1
432175,1,1,0.4087,0
432180,1,1,0.6387,1
432251,0,1,0.397,0
432251,1,1,0.09875,0
432306,1,1,0.936,1
432352,1,1,0.8003,1
432421,0,1,0.501,1
432425,1,1,0.7856,1
432428,0,1,0.6104,1
432435,0,1,0.8076,1
432457,0,1,0.9062,1
432519,0,1,0.9326,1
432530,1,1,0.849,1
432589,1,1,0.931,1
432590,0,1,0.802,1
432591,0,1,0.6494,1
432631,0,1,0.8994,1
432640,1,1,0.5557,1
432683,0,1,0.6187,1
432694,1,1,0.456,0
432707,1,1,0.9043,1
432714,0,1,0.4458,0
432717,1,1,0.9243,1
432809,1,1,0.868,1
432832,0,1,0.9194,1
432894,0,1,0.917,1
432921,0,1,0.898,1
432952,0,1,0.837,1
433011,0,1,0.5234,1
433013,0,1,0.861,1
433050,0,1,0.5684,1
433083,0,1,0.778,1
433120,1,1,0.923,1
433219,0,1,0.8115,1
433294,1,1,0.2634,0
433345,0,1,0.9365,1
433356,0,1,0.8765,1
433377,1,1,0.378,0
433424,0,1,0.906,1
433508,1,1,0.944,1
433530,0,1,0.829,1
433544,1,1,0.7046,1
433547,0,1,0.8784,1
433606,0,1,0.8633,1
433653,0,1,0.9473,1
433695,0,1,0.8057,1
433743,0,1,0.7764,1
433787,1,1,0.889,1
433814,0,1,0.7896,1
433856,0,1,0.2075,0
433861,0,1,0.2598,0
433868,0,1,0.8755,1
433872,0,1,0.3171,0
433885,0,1,0.95,1
433907,0,1,0.919,1
433957,1,1,0.812,1
434063,0,1,0.8022,1
434073,0,1,0.858,1
434092,1,1,0.5317,1
434230,1,1,0.691,1
434347,1,1,0.731,1
434350,1,1,0.77,1
434373,0,1,0.75,1
434383,0,1,0.871,1
434407,0,1,0.9272,1
434407,1,1,0.0753,0
434411,0,1,0.902,1
434463,1,1,0.3284,0
434478,1,1,0.7256,1
434529,1,1,0.851,1
434578,0,1,0.6694,1
434696,1,1,0.633,1
434761,1,1,0.7886,1
434762,0,1,0.927,1
434770,0,1,0.855,1
434786,1,1,0.927,1
434825,0,1,0.8984,1
434905,0,1,0.3015,0
434917,1,1,0.1757,0
434952,0,1,0.854,1
435007,0,1,0.8657,1
435013,0,1,0.9233,1
435038,0,1,0.653,1
435140,1,1,0.4314,0
435190,0,1,0.7837,1
435209,0,1,0.8516,1
435238,0,1,0.64,1
435328,0,1,0.5493,1
435372,0,1,0.8296,1
435423,1,1,0.807,1
435488,1,1,0.8745,1
435512,1,1,0.8096,1
435525,1,1,0.4143,0
435551,1,1,0.8315,1
435556,0,1,0.596,1
435587,1,1,0.5913,1
435662,0,1,0.754,1
435727,0,1,0.2351,0
435746,0,1,0.2583,0
435800,0,1,0.5674,1
435808,1,1,0.4116,0
435863,0,1,0.3916,0
435868,0,1,0.7847,1
435920,1,1,0.7324,1
435941,1,1,0.939,1
435982,1,1,0.518,1
435995,1,1,0.8633,1
436016,1,1,0.8984,1
436032,0,1,0.432,0
436108,1,1,0.6445,1
436125,1,1,0.636,1
436181,0,1,0.8726,1
436271,0,1,0.764,1
436296,1,1,0.8735,1
436323,1,1,0.2053,0
436403,1,1,0.2937,0
436410,0,1,0.73,1
436469,1,1,0.911,1
436472,0,1,0.638,1
436523,1,1,0.82,1
436541,1,1,0.8315,1
436561,1,1,0.6406,1
436623,1,1,0.303,0
436641,1,1,0.3792,0
436649,1,1,0.399,0
436655,1,1,0.8745,1
436762,0,1,0.938,1
436778,1,1,0.5674,1
436852,1,1,0.705,1
436867,1,1,0.8296,1
436930,1,1,0.5776,1
436984,1,1,0.8276,1
436996,0,1,0.8677,1
437009,0,1,0.947,1
437014,0,1,0.78,1
437020,1,1,0.8696,1
437046,0,1,0.7544,1
437110,0,1,0.897,1
437112,0,1,0.8833,1
437123,1,1,0.2473,0
437144,0,1,0.849,1
437171,0,1,0.4766,0
437267,1,1,0.6104,1
437298,0,1,0.3054,0
437346,1,1,0.863,1
437358,0,1,0.5586,1
437435,0,1,0.894,1
437446,1,1,0.555,1
437452,0,1,0.8213,1
437456,1,1,0.4941,0
437467,0,1,0.9233,1
437524,1,1,0.1279,0
437537,0,1,0.617,1
437598,1,1,0.8115,1
437604,0,1,0.752,1
437617,1,1,0.1194,0
437697,0,1,0.7896,1
437711,0,1,0.4753,0
437719,1,1,0.8657,1
437748,0,1,0.3901,0
437806,1,1,0.7803,1
437854,1,1,0.6255,1
437903,1,1,0.871,1
437911,1,1,0.3938,0
437944,1,1,0.941,1
438015,1,1,0.8477,1
438062,0,1,0.3274,0
438126,0,1,0.9014,1
438158,1,1,0.817,1
438166,1,1,0.2874,0
438175,0,1,0.948,1
438206,1,1,0.554,1
438241,1,1,0.7915,1
438246,1,1,0.35,0
438255,0,1,0.6753,1
438256,1,1,0.2961,0
438337,0,1,0.631,1
438425,1,1,0.78,1
438465,1,1,0.825,1
438495,1,1,0.9233,1
438539,1,1,0.766,1
438584,0,1,0.93,1
438597,1,1,0.03732,0
438599,1,1,0.716,1
438607,0,1,0.776,1
438659,1,1,0.846,1
438662,0,1,0.4924,0
438664,0,1,0.8926,1
438668,0,1,0.95,1
438686,0,1,0.6055,1
438780,0,1,0.6187,1
438805,1,1,0.612,1
438925,1,1,0.625,1
438955,1,1,0.716,1
438978,0,1,0.941,1
438979,1,1,0.8447,1
438993,0,1,0.847,1
439046,1,1,0.6846,1
439073,1,1,0.83,1
439110,0,1,0.931,1
439117,0,1,0.739,1
439148,1,1,0.261,0
439149,0,1,0.4343,0
439176,1,1,0.1562,0
439201,0,1,0.875,1
439213,1,1,0.8286,1
439251,1,1,0.1403,0
439309,0,1,0.3308,0
439317,1,1,0.7666,1
439399,0,1,0.445,0
439483,1,1,0.9204,1
439504,1,1,0.1709,0
439510,0,1,0.9424,1
439574,1,1,0.1213,0
439604,1,1,0.954,1
439686,0,1,0.893,1
439718,0,1,0.8716,1
439726,0,1,0.856,1
439739,0,1,0.9365,1
439749,0,1,0.8193,1
439772,0,1,0.788,1
439796,0,1,0.9478,1
439817,1,1,0.1956,0
439854,1,1,0.05136,0
439885,1,1,0.4414,0
439916,1,1,0.5386,1
439940,1,1,0.736,1
439970,1,1,0.8057,1
439985,1,1,0.8154,1
440006,1,1,0.9233,1
440013,1,1,0.8306,1
440024,0,1,0.9346,1
440050,0,1,0.9062,1
440055,0,1,0.9204,1
440057,1,1,0.9346,1
440071,1,1,0.768,1
440250,1,1,0.8413,1
440382,1,1,0.9316,1
440405,1,1,0.8525,1
440408,0,1,0.653,1
440412,1,1,0.3196,0
440461,1,1,0.8315,1
440541,1,1,0.9307,1
440547,0,1,0.7075,1
440559,1,1,0.5293,1
440611,1,1,0.8975,1
440624,0,1,0.775,1
440700,0,1,0.9087,1
440757,1,1,0.4946,0
440786,1,1,0.8086,1
440793,1,1,0.8696,1
440800,0,1,0.9165,1
440842,0,1,0.933,1
440855,1,1,0.5957,1
440917,0,1,0.8916,1
440935,1,1,0.8467,1
441142,1,1,0.504,1
441161,0,1,0.9395,1
441170,0,1,0.5933,1
441206,1,1,0.9253,1
441213,0,1,0.6377,1
441269,0,1,0.9077,1
441303,0,1,0.88,1
441315,0,1,0.4119,0
441327,1,1,0.1207,0
441328,0,1,0.9297,1
441339,1,1,0.84,1
441343,1,1,0.9116,1
441394,1,1,0.791,1
441480,0,1,0.921,1
441530,0,1,0.8115,1
441614,0,1,0.71,1
441627,1,1,0.778,1
441721,0,1,0.9385,1
441754,1,1,0.9365,1
441770,1,1,0.6147,1
441797,0,1,0.347,0
441813,1,1,0.2563,0
441823,1,1,0.2351,0
441851,0,1,0.9395,1
441878,1,1,0.8506,1
441904,1,1,0.3318,0
441906,1,1,0.0981,0
442008,0,1,0.3809,0
442046,0,1,0.712,1
442050,0,1,0.932,1
442096,1,1,0.678,1
442121,0,1,0.63,1
442129,0,1,0.3179,0
442197,0,1,0.579,1
442221,0,1,0.4905,0
442223,0,1,0.783,1
442291,0,1,0.8364,1
442294,0,1,0.1517,0
442300,1,1,0.868,1
442309,0,1,0.906,1
442337,0,1,0.5215,1
442367,0,1,0.4863,0
442377,0,1,0.8574,1
442494,1,1,0.847,1
442500,0,1,0.1144,0
442584,1,1,0.7104,1
442750,0,1,0.8823,1
442784,1,1,0.742,1
442816,0,1,0.911,1
442846,1,1,0.598,1
442848,1,1,0.8687,1
442858,1,1,0.6313,1
442872,1,1,0.926,1
442903,1,1,0.3865,0
442914,1,1,0.947,1
442915,0,1,0.9443,1
442939,0,1,0.7393,1
442982,1,1,0.4434,0
443026,0,1,0.9424,1
443058,0,1,0.4026,0
443078,1,1,0.6323,1
443086,0,1,0.886,1
443121,1,1,0.7695,1
443185,0,1,0.5967,1
443218,1,1,0.01906,0
443320,0,1,0.886,1
443330,0,1,0.437,0
443351,0,1,0.7637,1
443369,0,1,0.7676,1
443391,0,1,0.7744,1
443441,1,1,0.883,1
443488,0,1,0.714,1
443560,0,1,0.945,1
443565,0,1,0.9404,1
443582,0,1,0.8237,1
443616,1,1,0.3667,0
443623,0,1,0.908,1
443654,0,1,0.9473,1
443727,0,1,0.929,1
443760,1,1,0.7983,1
443778,1,1,0.562,1
443796,0,1,0.9263,1
443861,0,1,0.915,1
443876,0,1,0.8984,1
443909,0,1,0.839,1
443942,0,1,0.6567,1
443967,0,1,0.9053,1
443972,1,1,0.35,0
443983,0,1,0.8643,1
443988,1,1,0.4006,0
444020,0,1,0.2197,0
444027,0,1,0.9424,1
444035,1,1,0.946,1
444122,0,1,0.945,1
444141,0,1,0.79,1
444177,0,1,0.5317,1
444180,0,1,0.4456,0
444195,0,1,0.3462,0
444283,0,1,0.902,1
444289,0,1,0.9136,1
444318,0,1,0.803,1
444359,1,1,0.7593,1
444365,0,1,0.522,1
444373,0,1,0.2712,0
444470,1,1,0.8823,1
444526,0,1,0.7236,1
444563,0,1,0.9346,1
444566,1,1,0.3452,0
444573,0,1,0.9243,1
444608,1,1,0.5522,1
444651,0,1,0.8228,1
444724,0,1,0.9185,1
444724,1,1,0.533,1
444764,0,1,0.8594,1
444811,0,1,0.6953,1
444834,0,1,0.3088,0
444877,1,1,0.4163,0
444920,1,1,0.2344,0
444924,1,1,0.884,1
444954,1,1,0.1188,0
444983,1,1,0.1659,0
445016,0,1,0.8135,1
445020,1,1,0.6245,1
445026,0,1,0.95,1
445062,0,1,0.9507,1
445095,0,1,0.816,1
445114,1,1,0.757,1
445169,0,1,0.6904,1
445194,1,1,0.755,1
445213,0,1,0.932,1
445233,1,1,0.2546,0
445252,0,1,0.4697,0
445321,1,1,0.3943,0
445336,0,1,0.3174,0
445343,1,1,0.699,1
445348,1,1,0.4524,0
445388,0,1,0.8955,1
445451,1,1,0.831,1
445470,0,1,0.893,1
445477,1,1,0.9385,1
445492,1,1,0.905,1
445534,1,1,0.944,1
445569,0,1,0.943,1
445654,0,1,0.713,1
445677,1,1,0.8906,1
445698,0,1,0.2444,0
445705,1,1,0.4883,0
445721,1,1,0.6855,1
445742,1,1,0.5054,1
445794,0,1,0.922,1
445848,0,1,0.5986,1
445851,1,1,0.9277,1
445891,0,1,0.947,1
445926,1,1,0.7334,1
445945,1,1,0.01984,0
445960,0,1,0.8267,1
445968,0,1,0.933,1
446026,0,1,0.9487,1
446096,0,1,0.011246,0
446284,0,1,0.948,1
446340,0,1,0.8896,1
446364,0,1,0.8296,1
446382,0,1,0.3762,0
446413,0,1,0.828,1
446414,1,1,0.884,1
446424,0,1,0.287,0
446435,1,1,0.7217,1
446440,0,1,0.933,1
446618,1,1,0.6704,1
446646,0,1,0.47,0
446647,0,1,0.915,1
446658,1,1,0.753,1
446672,1,1,0.8438,1
446712,0,1,0.677,1
446743,1,1,0.852,1
446787,0,1,0.746,1
446811,0,1,0.7515,1
446818,0,1,0.7217,1
446840,1,1,0.371,0
446942,1,1,0.8906,1
446980,1,1,0.8325,1
447011,0,1,0.4866,0
447032,0,1,0.4568,0
447051,1,1,0.9014,1
447118,0,1,0.8813,1
447131,1,1,0.861,1
447152,1,1,0.915,1
447220,0,1,0.92,1
447376,0,1,0.784,1
447416,1,1,0.8604,1
447577,1,1,0.2394,0
447605,0,1,0.3591,0
447632,0,1,0.844,1
447654,0,1,0.8496,1
447677,1,1,0.8247,1
447689,0,1,0.5483,1
447832,0,1,0.8047,1
447853,1,1,0.935,1
447947,1,1,0.8945,1
447952,0,1,0.6064,1
447954,1,1,0.5303,1
447972,0,1,0.67,1
448049,1,1,0.5503,1
448081,0,1,0.646,1
448097,0,1,0.7275,1
448112,1,1,0.4304,0
448114,0,1,0.8594,1
448189,0,1,0.9414,1
448226,1,1,0.8486,1
448233,0,1,0.9463,1
448293,1,1,0.935,1
448308,1,1,0.8013,1
448312,1,1,0.6636,1
448317,0,1,0.8467,1
448322,1,1,0.48,0
448352,1,1,0.126,0
448357,1,1,0.89,1
448374,1,1,0.832,1
448443,1,1,0.579,1
448500,1,1,0.7363,1
448511,0,1,0.9014,1
448551,0,1,0.836,1
448578,1,1,0.943,1
448603,0,1,0.905,1
448639,0,1,0.8916,1
448683,1,1,0.9175,1
448717,0,1,0.393,0
448717,1,1,0.1638,0
448808,0,1,0.723,1
448848,1,1,0.541,1
448902,0,1,0.8965,1
448911,0,1,0.8286,1
449035,0,1,0.9404,1
449050,1,1,0.4478,0
449119,0,1,0.9023,1
449204,0,1,0.894,1
449211,1,1,0.12085,0
449283,1,1,0.8936,1
449314,1,1,0.4646,0
449315,1,1,0.6655,1
449344,1,1,0.922,1
449367,0,1,0.1538,0
449375,0,1,0.4849,0
449411,0,1,0.8604,1
449423,1,1,0.531,1
449425,1,1,0.911,1
449529,1,1,0.634,1
449537,1,1,0.1913,0
449571,0,1,0.8604,1
449579,0,1,0.8174,1
449600,0,1,0.12476,0
449602,0,1,0.7583,1
449646,0,1,0.901,1
449718,1,1,0.4836,0
449751,0,1,0.9033,1
449775,1,1,0.9263,1
449785,1,1,0.449,0
449862,0,1,0.112,0
449872,1,1,0.6606,1
449890,1,1,0.8896,1
449911,1,1,0.1382,0
449941,1,1,0.6714,1
449954,1,1,0.892,1
450019,1,1,0.581,1
450046,0,1,0.9443,1
450071,0,1,0.916,1
450127,0,1,0.6123,1
450170,0,1,0.3167,0
450230,1,1,0.9253,1
450262,0,1,0.7173,1
450308,1,1,0.7305,1
450349,0,1,0.951,1
450407,1,1,0.942,1
450445,0,1,0.955,1
450460,0,1,0.82,1
450494,1,1,0.82,1
450549,0,1,0.6445,1
450578,1,1,0.2869,0
450598,0,1,0.832,1
450622,1,1,0.8057,1
450671,0,1,0.781,1
450764,1,1,0.626,1
450767,1,1,0.9473,1
450850,1,1,0.6885,1
450856,0,1,0.4807,0
450908,0,1,0.921,1
450966,1,1,0.5156,1
450979,1,1,0.877,1
450983,0,1,0.9307,1
450988,1,1,0.757,1
451028,0,1,0.908,1
451085,1,1,0.7075,1
451092,1,1,0.6313,1
451188,1,1,0.851,1
451203,1,1,0.955,1
451227,1,1,0.8438,1
451352,1,1,0.546,1
451435,0,1,0.9146,1
451477,0,1,0.851,1
451532,1,1,0.2292,0
451536,0,1,0.7666,1
451565,0,1,0.912,1
451606,0,1,0.617,1
451657,1,1,0.587,1
451663,1,1,0.9243,1
451670,1,1,0.873,1
451681,1,1,0.871,1
451761,1,1,0.626,1
451768,1,1,0.643,1
451805,1,1,0.1366,0
451825,1,1,0.947,1
451881,0,1,0.8984,1
451921,1,1,0.7993,1
452003,0,1,0.87,1
452114,1,1,0.457,0
452185,1,1,0.09174,0
452208,0,1,0.857,1
452230,1,1,0.4902,0
452242,0,1,0.6826,1
452246,0,1,0.6313,1
452283,0,1,0.9473,1
452306,1,1,0.9263,1
452351,0,1,0.9385,1
452358,0,1,0.564,1
452381,1,1,0.652,1
452471,1,1,0.1034,0
452508,0,1,0.808,1
452526,1,1,0.8877,1
452595,0,1,0.7837,1
452596,0,1,0.75,1
452598,0,1,0.9014,1
452701,0,1,0.498,0
452727,1,1,0.9316,1
452728,0,1,0.9404,1
452733,1,1,0.527,1
452862,1,1,0.9365,1
452876,0,1,0.516,1
452884,0,1,0.8145,1
452937,1,1,0.6245,1
452987,1,1,0.773,1
453203,0,1,0.8843,1
453217,1,1,0.699,1
453267,1,1,0.4744,0
453279,0,1,0.912,1
453339,0,1,0.791,1
453353,0,1,0.908,1
453357,1,1,0.5728,1
453358,0,1,0.8506,1
453371,1,1,0.528,1
453422,1,1,0.671,1
453450,0,1,0.6006,1
453475,1,1,0.887,1
453496,0,1,0.5635,1
453509,0,1,0.881,1
453546,1,1,0.682,1
453556,1,1,0.671,1
453578,1,1,0.3538,0
453594,1,1,0.916,1
453762,1,1,0.8867,1
453784,0,1,0.9404,1
453872,0,1,0.666,1
453931,0,1,0.8896,1
453986,0,1,0.903,1
454003,1,1,0.838,1
454009,1,1,0.6987,1
454051,0,1,0.7607,1
454092,0,1,0.937,1
454116,0,1,0.7905,1
454146,1,1,0.815,1
454226,0,1,0.1727,0
454236,0,1,0.9434,1
454327,0,1,0.6885,1
454413,1,1,0.912,1
454424,0,1,0.8477,1
454438,1,1,0.8228,1
454446,1,1,0.3762,0
454496,0,1,0.914,1
454500,1,1,0.9443,1
454553,1,1,0.823,1
454560,0,1,0.8867,1
454566,0,1,0.86,1
454786,1,1,0.118,0
454797,0,1,0.5854,1
454812,0,1,0.4707,0
454840,1,1,0.3691,0
454845,1,1,0.9214,1
454853,1,1,0.3074,0
455009,0,1,0.762,1
455034,0,1,0.733,1
455056,0,1,0.935,1
455058,0,1,0.9136,1
455078,1,1,0.6235,1
455120,1,1,0.6245,1
455124,1,1,0.624,1
455144,1,1,0.4268,0
455174,1,1,0.07574,0
455179,1,1,0.7373,1
455204,1,1,0.944,1
455205,0,1,0.6367,1
455267,0,1,0.2527,0
455332,1,1,0.4314,0
455434,1,1,0.666,1
455459,0,1,0.7974,1
455481,1,1,0.04132,0
455493,1,1,0.842,1
455519,0,1,0.8867,1
455522,1,1,0.5513,1
455531,0,1,0.94,1
455551,0,1,0.851,1
455603,0,1,0.4648,0
455625,1,1,0.788,1
455631,1,1,0.8916,1
455647,1,1,0.4785,0
455735,1,1,0.884,1
455737,1,1,0.953,1
455756,1,1,0.8735,1
455769,0,1,0.708,1
455775,1,1,0.9004,1
455816,1,1,0.8286,1
455839,1,1,0.1345,0
455884,1,1,0.9053,1
455913,1,1,0.6094,1
455915,0,1,0.899,1
455935,0,1,0.7876,1
455999,0,1,0.7607,1
456040,1,1,0.6943,1
456047,0,1,0.904,1
456203,1,1,0.855,1
456220,1,1,0.373,0
456248,0,1,0.786,1
456253,1,1,0.873,1
456269,0,1,0.951,1
456289,1,1,0.1866,0
456332,0,1,0.8633,1
456341,1,1,0.8286,1
456423,1,1,0.4841,0
456458,1,1,0.8804,1
456460,1,1,0.7275,1
456487,1,1,0.0763,0
456490,1,1,0.7275,1
456492,1,1,0.1542,0
456550,0,1,0.02191,0
456551,0,1,0.8984,1
456650,1,1,0.687,1
456767,0,1,0.7656,1
456805,1,1,0.716,1
456841,0,1,0.904,1
456883,1,1,0.9253,1
456929,1,1,0.9253,1
456954,0,1,0.9336,1
457032,1,1,0.9014,1
457052,1,1,0.717,1
457060,1,1,0.5425,1
457177,1,1,0.5884,1
457232,0,1,0.2065,0
457261,0,1,0.8716,1
457367,0,1,0.93,1
457393,1,1,0.7153,1
457444,0,1,0.381,0
457449,1,1,0.885,1
457450,1,1,0.773,1
457466,0,1,0.923,1
457518,0,1,0.9463,1
457518,1,1,0.4329,0
457541,1,1,0.778,1
457554,0,1,0.94,1
457560,1,1,0.6494,1
457625,1,1,0.6206,1
457634,0,1,0.887,1
457666,1,1,0.93,1
457692,0,1,0.948,1
457762,1,1,0.443,0
457778,0,1,0.885,1
457791,0,1,0.918,1
457801,0,1,0.9277,1
457826,1,1,0.6655,1
457827,1,1,0.741,1
457881,1,1,0.4395,0
457918,0,1,0.949,1
457918,1,1,0.8696,1
458072,0,1,0.922,1
458111,1,1,0.926,1
458173,1,1,0.1274,0
458180,0,1,0.933,1
458197,0,1,0.1652,0
458201,1,1,0.6143,1
458229,1,1,0.593,1
458236,1,1,0.0436,0
458269,0,1,0.934,1
458355,1,1,0.803,1
458431,1,1,0.9204,1
458458,1,1,0.5977,1
458497,0,1,0.915,1
458508,0,1,0.407,0
458509,0,1,0.8467,1
458517,0,1,0.777,1
458573,0,1,0.894,1
458687,0,1,0.4163,0
458711,0,1,0.553,1
458755,1,1,0.5977,1
458782,1,1,0.541,1
458807,1,1,0.1555,0
458852,0,1,0.9385,1
458852,1,1,0.745,1
458864,0,1,0.4072,0
458914,1,1,0.926,1
458957,0,1,0.8364,1
458958,0,1,0.84,1
459116,1,1,0.9536,1
459134,0,1,0.894,1
459243,0,1,0.8804,1
459268,1,1,0.853,1
459330,0,1,0.6514,1
459392,0,1,0.915,1
459419,1,1,0.928,1
459441,0,1,0.10034,0
459446,0,1,0.9204,1
459453,1,1,0.834,1
459492,0,1,0.945,1
459560,0,1,0.873,1
459569,0,1,0.879,1
459667,0,1,0.5625,1
459687,0,1,0.9272,1
459692,1,1,0.795,1
459747,0,1,0.8965,1
459750,1,1,0.7974,1
459884,1,1,0.0677,0
459894,1,1,0.554,1
459905,0,1,0.685,1
459940,0,1,0.926,1
459950,1,1,0.413,0
459976,1,1,0.622,1
459980,0,1,0.9263,1
460113,1,1,0.03156,0
460136,0,1,0.7603,1
460175,0,1,0.8086,1
460182,1,1,0.1422,0
460198,0,1,0.922,1
460260,1,1,0.8877,1
460263,0,1,0.876,1
460430,1,1,0.55,1
460433,0,1,0.4539,0
460448,1,1,0.4392,0
460478,0,1,0.8374,1
460544,0,1,0.806,1
460550,1,1,0.688,1
460711,1,1,0.884,1
460747,1,1,0.8984,1
460787,0,1,0.6104,1
460835,0,1,0.61,1
460860,0,1,0.616,1
460896,1,1,0.9097,1
460939,0,1,0.8813,1
460963,0,1,0.8916,1
460987,0,1,0.5566,1
461001,1,1,0.5913,1
461080,0,1,0.05676,0
461084,1,1,0.7417,1
461086,0,1,0.834,1
461089,1,1,0.437,0
461099,1,1,0.847,1
461129,1,1,0.054,0
461191,1,1,0.757,1
461249,0,1,0.5015,1
461249,1,1,0.4834,0
461415,1,1,0.538,1
461433,0,1,0.959,1
461504,1,1,0.7646,1
461512,1,1,0.888,1
461514,1,1,0.798,1
461601,0,1,0.902,1
461658,1,1,0.8467,1
461778,1,1,0.7954,1
461888,0,1,0.9404,1
461919,0,1,0.869,1
461943,0,1,0.8726,1
461972,1,1,0.746,1
461974,1,1,0.8853,1
462092,1,1,0.6406,1
462094,1,1,0.554,1
462137,1,1,0.4207,0
462153,1,1,0.9365,1
462180,1,1,0.8667,1
462230,0,1,0.6187,1
462245,0,1,0.9087,1
462248,0,1,0.1195,0
462275,1,1,0.8306,1
462308,0,1,0.873,1
462336,0,1,0.647,1
462359,1,1,0.6963,1
462367,1,1,0.8945,1
462376,0,1,0.7915,1
462391,1,1,0.932,1
462418,1,1,0.4773,0
462466,0,1,0.913,1
462575,0,1,0.914,1
462581,1,1,0.7676,1
462607,1,1,0.1588,0
462695,0,1,0.6953,1
462699,0,1,0.9355,1
462771,1,1,0.5996,1
463007,0,1,0.8467,1
463018,0,1,0.908,1
463061,0,1,0.6895,1
463080,0,1,0.855,1
463138,0,1,0.842,1
463149,1,1,0.4895,0
463152,0,1,0.3794,0
463156,0,1,0.8916,1
463159,0,1,0.9507,1
463202,1,1,0.938,1
463227,0,1,0.7266,1
463228,1,1,0.876,1
463246,0,1,0.6187,1
463287,0,1,0.72,1
463315,0,1,0.3506,0
463408,1,1,0.2805,0
463464,1,1,0.7915,1
463505,1,1,0.4397,0
463546,0,1,0.728,1
463567,0,1,0.2229,0
463609,0,1,0.5537,1
463611,0,1,0.7803,1
463643,0,1,0.904,1
463699,0,1,0.772,1
463703,1,1,0.8315,1
463747,0,1,0.827,1
463834,0,1,0.7686,1
463852,0,1,0.789,1
463888,0,1,0.3906,0
464003,1,1,0.7524,1
464034,0,1,0.861,1
464046,1,1,0.867,1
464056,0,1,0.829,1
464107,1,1,0.6216,1
464117,1,1,0.6724,1
464125,0,1,0.835,1
464159,0,1,0.904,1
464169,1,1,0.293,0
464232,0,1,0.8594,1
464322,0,1,0.8877,1
464458,0,1,0.522,1
464514,1,1,0.8457,1
464546,0,1,0.855,1
464652,0,1,0.627,1
464725,1,1,0.955,1
464743,0,1,0.8867,1
464756,1,1,0.834,1
464808,0,1,0.89,1
464857,1,1,0.6074,1
464892,0,1,0.8687,1
464902,1,1,0.533,1
464920,0,1,0.7344,1
464930,0,1,0.5356,1
464944,0,1,0.9062,1
465055,0,1,0.8184,1
465064,1,1,0.496,0
465092,0,1,0.7095,1
465231,1,1,0.1326,0
465283,1,1,0.7466,1
465300,1,1,0.9316,1
465301,1,1,0.648,1
465378,0,1,0.4363,0
465474,1,1,0.2642,0
465508,1,1,0.849,1
465567,1,1,0.949,1
465608,1,1,0.2239,0
465657,0,1,0.7983,1
465703,1,1,0.7964,1
465725,0,1,0.938,1
465759,0,1,0.946,1
465776,0,1,0.912,1
465789,0,1,0.1575,0
465796,1,1,0.8926,1
465811,0,1,0.814,1
465846,0,1,0.0267,0
465874,1,1,0.5684,1
466004,0,1,0.643,1
466145,1,1,0.699,1
466179,0,1,0.6064,1
466184,0,1,0.915,1
466185,1,1,0.549,1
466205,1,1,0.6055,1
466223,0,1,0.7593,1
466236,1,1,0.595,1
466282,0,1,0.8525,1
466311,1,1,0.8843,1
466338,1,1,0.5967,1
466499,0,1,0.9478,1
466635,0,1,0.8765,1
466656,1,1,0.607,1
466675,1,1,0.4304,0
466699,0,1,0.9116,1
466706,1,1,0.3235,0
466735,1,1,0.498,0
466794,1,1,0.6826,1
466864,1,1,0.9487,1
466884,1,1,0.8667,1
466920,0,1,0.796,1
467049,1,1,0.7964,1
467065,0,1,0.8193,1
467068,0,1,0.8354,1
467093,1,1,0.909,1
467097,1,1,0.1981,0
467144,1,1,0.555,1
467149,1,1,0.9443,1
467232,1,1,0.486,0
467298,0,1,0.9424,1
467305,0,1,0.889,1
467311,0,1,0.946,1
467334,0,1,0.7393,1
467358,1,1,0.9272,1
467445,0,1,0.797,1
467508,0,1,0.8906,1
467569,1,1,0.4973,0
467639,1,1,0.768,1
467711,0,1,0.84,1
467766,0,1,0.8896,1
467780,0,1,0.7812,1
467789,1,1,0.2502,0
467814,1,1,0.9253,1
467837,0,1,0.717,1
467876,0,1,0.935,1
467923,0,1,0.9077,1
467934,1,1,0.2893,0
467935,1,1,0.0506,0
467962,1,1,0.783,1
468029,0,1,0.07184,0
468066,0,1,0.436,0
468134,1,1,0.2467,0
468236,0,1,0.921,1
468239,1,1,0.6006,1
468319,0,1,0.4834,0
468360,1,1,0.5713,1
468367,1,1,0.8115,1
468441,0,1,0.6777,1
468514,1,1,0.4944,0
468567,0,1,0.2773,0
468586,1,1,0.9355,1
468645,0,1,0.8525,1
468657,1,1,0.954,1
468759,1,1,0.3657,0
468773,1,1,0.0824,0
468780,1,1,0.8604,1
468784,1,1,0.261,0
468792,1,1,0.8604,1
468924,0,1,0.4714,0
469118,0,1,0.3474,0
469241,1,1,0.10876,0
469243,1,1,0.917,1
469253,0,1,0.468,0
469328,1,1,0.601,1
469332,0,1,0.842,1
469337,0,1,0.923,1
469350,0,1,0.554,1
469350,1,1,0.4114,0
469362,0,1,0.8574,1
469408,1,1,0.8926,1
469418,1,1,0.3503,0
469426,1,1,0.3323,0
469489,0,1,0.9434,1
469623,1,1,0.4343,0
469641,1,1,0.9404,1
469686,0,1,0.9297,1
469690,0,1,0.8833,1
469693,0,1,0.6504,1
469703,0,1,0.621,1
469759,0,1,0.835,1
469762,1,1,0.6235,1
469863,1,1,0.658,1
469912,1,1,0.9365,1
469948,0,1,0.6113,1
470029,1,1,0.8916,1
470040,1,1,0.4165,0
470189,0,1,0.9155,1
470291,1,1,0.8027,1
470298,0,1,0.6436,1
470301,0,1,0.3582,0
470342,1,1,0.9043,1
470382,1,1,0.4395,0
470435,1,1,0.561,1
470456,0,1,0.8965,1
470555,1,1,0.8447,1
470579,1,1,0.688,1
470584,1,1,0.9473,1
470591,0,1,0.9365,1
470625,0,1,0.3577,0
470655,0,1,0.5693,1
470864,1,1,0.3755,0
470952,0,1,0.59,1
470963,1,1,0.2487,0
470990,0,1,0.861,1
471027,1,1,0.949,1
471036,1,1,0.4307,0
471078,1,1,0.6514,1
471115,1,1,0.594,1
471127,1,1,0.913,1
471232,1,1,0.9453,1
471246,0,1,0.831,1
471279,1,1,0.2322,0
471305,0,1,0.345,0
471317,1,1,0.57,1
471319,1,1,0.7046,1
471351,1,1,0.837,1
471377,1,1,0.936,1
471393,0,1,0.8657,1
471418,0,1,0.561,1
471419,1,1,0.7695,1
471444,1,1,0.7817,1
471475,1,1,0.6377,1
471590,0,1,0.9097,1
471642,0,1,0.4517,0
471701,1,1,0.7407,1
471732,1,1,0.889,1
471742,0,1,0.8315,1
471753,0,1,0.9243,1
471827,1,1,0.9424,1
471832,1,1,0.94,1
471841,1,1,0.5835,1
471874,1,1,0.2605,0
471914,0,1,0.8716,1
471942,1,1,0.5903,1
472066,0,1,0.898,1
472090,1,1,0.8193,1
472096,0,1,0.859,1
472137,1,1,0.8994,1
472214,1,1,0.6763,1
472239,1,1,0.8423,1
472241,0,1,0.6904,1
472261,0,1,0.7144,1
472334,0,1,0.827,1
472350,0,1,0.804,1
472367,0,1,0.9443,1
472367,1,1,0.827,1
472399,1,1,0.9097,1
472425,0,1,0.942,1
472445,0,1,0.7964,1
472449,1,1,0.094,0
472450,1,1,0.593,1
472489,0,1,0.864,1
472540,0,1,0.8604,1
472579,0,1,0.547,1
472601,0,1,0.9404,1
472635,0,1,0.7104,1
472641,0,1,0.579,1
472656,1,1,0.7334,1
472672,1,1,0.4666,0
472693,0,1,0.879,1
472723,1,1,0.837,1
472860,0,1,0.9307,1
472874,1,1,0.912,1
472875,0,1,0.896,1
472939,0,1,0.4363,0
472993,1,1,0.4475,0
473101,1,1,0.8843,1
473126,0,1,0.625,1
473227,0,1,0.613,1
473301,1,1,0.7896,1
473322,0,1,0.948,1
473322,1,1,0.8364,1
473369,1,1,0.9272,1
473405,0,1,0.82,1
473416,0,1,0.8857,1
473453,1,1,0.5825,1
473540,0,1,0.766,1
473589,1,1,0.683,1
473601,1,1,0.04062,0
473607,0,1,0.4292,0
473607,1,1,0.55,1
473611,0,1,0.8867,1
473612,1,1,0.9395,1
473690,1,1,0.532,1
473747,0,1,0.538,1
473759,0,1,0.936,1
473793,0,1,0.9287,1
473795,1,1,0.8813,1
473834,1,1,0.7085,1
473921,1,1,0.3447,0
473955,1,1,0.7773,1
473956,1,1,0.827,1
474080,1,1,0.7773,1
474084,1,1,0.847,1
474099,0,1,0.594,1
474116,1,1,0.7017,1
474150,0,1,0.9263,1
474161,1,1,0.3125,0
474252,1,1,0.412,0
474256,1,1,0.937,1
474258,1,1,0.64,1
474279,1,1,0.927,1
474319,0,1,0.849,1
474357,0,1,0.909,1
474367,1,1,0.858,1
474408,1,1,0.88,1
474414,1,1,0.5137,1
474513,0,1,0.8794,1
474519,1,1,0.4917,0
474520,0,1,0.78,1
474526,0,1,0.895,1
474565,1,1,0.8687,1
474579,0,1,0.511,1
474611,1,1,0.9307,1
474636,1,1,0.915,1
474668,1,1,0.401,0
474674,0,1,0.7534,1
474679,1,1,0.944,1
474750,0,1,0.9233,1
474760,1,1,0.5,1
474811,0,1,0.8105,1
474817,1,1,0.6304,1
474866,0,1,0.8516,1
474874,0,1,0.7656,1
474885,0,1,0.537,1
474901,0,1,0.9224,1
474923,0,1,0.918,1
474931,1,1,0.7725,1
474965,1,1,0.876,1
475000,1,1,0.9175,1
475024,1,1,0.7583,1
475061,1,1,0.4338,0
475068,1,1,0.1599,0
475079,1,1,0.874,1
475088,1,1,0.353,0
475166,0,1,0.864,1
475174,0,1,0.3945,0
475221,1,1,0.8677,1
475268,1,1,0.8267,1
475285,0,1,0.887,1
475298,1,1,0.9126,1
475335,1,1,0.9214,1
475346,1,1,0.0702,0
475349,1,1,0.56,1
475413,0,1,0.5,1
475446,1,1,0.5117,1
475451,1,1,0.2197,0
475455,0,1,0.9077,1
475478,0,1,0.743,1
475485,1,1,0.5347,1
475512,1,1,0.417,0
475516,1,1,0.873,1
475545,0,1,0.94,1
475647,1,1,0.1954,0
475693,0,1,0.6245,1
475701,1,1,0.3887,0
475718,0,1,0.845,1
475741,1,1,0.7617,1
475847,0,1,0.8813,1
475864,1,1,0.824,1
475865,1,1,0.5864,1
475919,0,1,0.8438,1
475929,0,1,0.7925,1
475931,0,1,0.82,1
475961,0,1,0.9375,1
475968,0,1,0.8843,1
475996,0,1,0.689,1
476012,1,1,0.8857,1
476046,0,1,0.8975,1
476136,1,1,0.864,1
476181,0,1,0.938,1
476189,0,1,0.8096,1
476258,1,1,0.774,1
476328,0,1,0.7314,1
476404,0,1,0.775,1
476425,1,1,0.174,0
476506,1,1,0.885,1
476510,0,1,0.8125,1
476517,1,1,0.8184,1
476522,1,1,0.5415,1
476558,0,1,0.812,1
476642,0,1,0.8735,1
476708,1,1,0.862,1
476811,1,1,0.03418,0
476916,0,1,0.85,1
476923,0,1,0.8535,1
476929,0,1,0.3418,0
477013,0,1,0.9004,1
477014,1,1,0.458,0
477019,0,1,0.851,1
477048,0,1,0.944,1
477050,1,1,0.6753,1
477151,1,1,0.8228,1
477180,0,1,0.783,1
477187,0,1,0.8433,1
477207,1,1,0.3787,0
477226,1,1,0.6177,1
477258,1,1,0.909,1
477297,0,1,0.907,1
477342,0,1,0.1571,0
477438,0,1,0.3525,0
477497,1,1,0.912,1
477690,0,1,0.906,1
477702,1,1,0.6206,1
477715,1,1,0.561,1
477719,1,1,0.757,1
477788,0,1,0.714,1
477900,1,1,0.91,1
478023,1,1,0.6704,1
478068,0,1,0.9077,1
478151,0,1,0.546,1
478156,1,1,0.3914,0
478180,1,1,0.6177,1
478241,0,1,0.911,1
478280,0,1,0.3896,0
478310,1,1,0.229,0
478313,1,1,0.7227,1
478316,0,1,0.869,1
478385,0,1,0.669,1
478433,0,1,0.9346,1
478434,1,1,0.9434,1
478446,0,1,0.605,1
478543,0,1,0.8896,1
478557,0,1,0.6533,1
478583,1,1,0.8057,1
478630,0,1,0.7456,1
478666,1,1,0.506,1
478675,0,1,0.9375,1
478690,0,1,0.7695,1
478744,1,1,0.0236,0
478835,0,1,0.745,1
478842,0,1,0.509,1
478848,0,1,0.9243,1
478849,0,1,0.9355,1
478867,1,1,0.931,1
478875,0,1,0.567,1
478923,0,1,0.47,0
478954,0,1,0.7896,1
478993,0,1,0.4163,0
479035,0,1,0.7373,1
479137,0,1,0.927,1
479200,1,1,0.6064,1
479223,0,1,0.408,0
479275,1,1,0.627,1
479319,1,1,0.3572,0
479323,0,1,0.819,1
479325,1,1,0.9424,1
479406,1,1,0.901,1
479421,0,1,0.39,0
479426,1,1,0.941,1
479446,1,1,0.3643,0
479469,1,1,0.818,1
479533,0,1,0.9375,1
479555,1,1,0.3477,0
479580,0,1,0.706,1
479583,0,1,0.6436,1
479602,1,1,0.4385,0
479667,1,1,0.1699,0
479733,1,1,0.728,1
479779,0,1,0.839,1
479838,1,1,0.72,1
479845,0,1,0.9277,1
479897,1,1,0.42,0
479911,0,1,0.863,1
480082,1,1,0.1827,0
480182,0,1,0.8906,1
480227,1,1,0.9307,1
480288,0,1,0.9375,1
480406,0,1,0.7827,1
480467,1,1,0.2449,0
480468,1,1,0.741,1
480494,0,1,0.3696,0
480612,0,1,0.1023,0
480634,0,1,0.84,1
480659,1,1,0.675,1
480682,1,1,0.7114,1
480693,1,1,0.8706,1
480890,0,1,0.664,1
480906,0,1,0.9062,1
480967,1,1,0.9287,1
481000,0,1,0.6445,1
481011,0,1,0.9443,1
481041,1,1,0.62,1
481146,1,1,0.3762,0
481161,1,1,0.9385,1
481197,1,1,0.891,1
481201,1,1,0.3105,0
481232,0,1,0.692,1
481243,1,1,0.0871,0
481334,0,1,0.9365,1
481367,0,1,0.9272,1
481409,0,1,0.9375,1
481449,1,1,0.8364,1
481462,1,1,0.8286,1
481576,1,1,0.507,1
481580,0,1,0.8965,1
481632,1,1,0.675,1
481664,1,1,0.4956,0
481701,1,1,0.6772,1
481726,0,1,0.88,1
481772,1,1,0.869,1
481798,0,1,0.805,1
481807,1,1,0.382,0
481816,0,1,0.913,1
481920,0,1,0.912,1
482005,1,1,0.9297,1
482030,0,1,0.3127,0
482034,1,1,0.8203,1
482052,0,1,0.902,1
482094,0,1,0.894,1
482110,1,1,0.1909,0
482191,1,1,0.9526,1
482192,1,1,0.03096,0
482239,1,1,0.4246,0
482248,1,1,0.8247,1
482257,1,1,0.8154,1
482258,0,1,0.9365,1
482282,0,1,0.5884,1
482302,0,1,0.504,1
482374,0,1,0.623,1
482376,0,1,0.8306,1
482465,0,1,0.9224,1
482494,0,1,0.4292,0
482511,0,1,0.6543,1
482514,1,1,0.39,0
482676,0,1,0.9414,1
482697,1,1,0.8955,1
482780,0,1,0.9307,1
482831,1,1,0.6743,1
482842,1,1,0.732,1
482848,0,1,0.9277,1
482902,0,1,0.9243,1
482919,0,1,0.892,1
482925,0,1,0.687,1
482961,1,1,0.784,1
482980,1,1,0.7773,1
483042,0,1,0.891,1
483074,1,1,0.65,1
483086,1,1,0.2637,0
483113,0,1,0.925,1
483173,1,1,0.883,1
483205,1,1,0.774,1
483244,0,1,0.8975,1
483304,0,1,0.895,1
483326,0,1,0.918,1
483398,0,1,0.545,1
483446,1,1,0.7646,1
483447,0,1,0.893,1
483476,0,1,0.681,1
483507,0,1,0.857,1
483571,0,1,0.5996,1
483585,1,1,0.924,1
483693,1,1,0.668,1
483696,0,1,0.833,1
483710,1,1,0.03096,0
483717,0,1,0.845,1
483745,1,1,0.799,1
483791,0,1,0.785,1
483803,0,1,0.857,1
483803,1,1,0.8657,1
484093,1,1,0.2905,0
484187,0,1,0.8423,1
484191,0,1,0.3132,0
484271,0,1,0.4045,0
484283,0,1,0.9443,1
484286,1,1,0.909,1
484297,0,1,0.917,1
484302,1,1,0.1343,0
484364,0,1,0.84,1
484386,0,1,0.7646,1
484436,1,1,0.4565,0
484467,0,1,0.844,1
484484,1,1,0.929,1
484485,0,1,0.917,1
484525,1,1,0.4783,0
484538,1,1,0.909,1
484565,1,1,0.575,1
484579,0,1,0.7905,1
484616,0,1,0.0462,0
484630,0,1,0.922,1
484639,0,1,0.9204,1
484659,1,1,0.9097,1
484709,0,1,0.878,1
484853,1,1,0.776,1
484868,0,1,0.9277,1
484871,0,1,0.667,1
484876,0,1,0.8516,1
484937,1,1,0.5273,1
484999,0,1,0.942,1
485044,1,1,0.9556,1
485055,0,1,0.941,1
485091,1,1,0.644,1
485124,0,1,0.918,1
485185,1,1,0.8037,1
485232,1,1,0.535,1
485234,1,1,0.0206,0
485274,1,1,0.9453,1
485294,0,1,0.275,0
485295,0,1,0.923,1
485301,0,1,0.8047,1
485317,0,1,0.895,1
485330,0,1,0.8804,1
485356,0,1,0.646,1
485367,1,1,0.5566,1
485400,1,1,0.941,1
485530,1,1,0.6953,1
485539,0,1,0.827,1
485543,1,1,0.681,1
485668,1,1,0.445,0
485712,1,1,0.319,0
485746,1,1,0.1288,0
485750,0,1,0.536,1
485812,0,1,0.9175,1
485813,1,1,0.4668,0
485874,0,1,0.572,1
485899,0,1,0.612,1
485907,1,1,0.7383,1
486171,1,1,0.7876,1
486173,0,1,0.503,1
486187,1,1,0.7036,1
486248,0,1,0.8853,1
486250,1,1,0.615,1
486295,0,1,0.9365,1
486387,1,1,0.9175,1
486389,1,1,0.2874,0
486406,0,1,0.9414,1
486430,1,1,0.88,1
486438,0,1,0.895,1
486502,0,1,0.811,1
486552,1,1,0.7466,1
486564,1,1,0.8955,1
486589,1,1,0.266,0
486609,0,1,0.552,1
486617,1,1,0.4685,0
486664,0,1,0.7065,1
486715,1,1,0.949,1
486731,1,1,0.8774,1
486758,1,1,0.07965,0
486811,1,1,0.1643,0
486817,1,1,0.831,1
486828,1,1,0.876,1
486833,0,1,0.9253,1
486846,1,1,0.5864,1
486851,0,1,0.457,0
486859,1,1,0.8926,1
486926,0,1,0.9443,1
486938,1,1,0.737,1
486963,1,1,0.4478,0
486979,0,1,0.9336,1
486979,1,1,0.8384,1
486991,1,1,0.736,1
487068,0,1,0.7363,1
487105,1,1,0.504,1
487126,1,1,0.8154,1
487151,1,1,0.7876,1
487223,0,1,0.4207,0
487285,0,1,0.9033,1
487305,1,1,0.7056,1
487317,1,1,0.1456,0
487332,0,1,0.8022,1
487347,0,1,0.7266,1
487363,1,1,0.941,1
487384,1,1,0.9453,1
487416,1,1,0.4153,0
487440,1,1,0.8516,1
487515,0,1,0.893,1
487582,1,1,0.572,1
487598,1,1,0.785,1
487607,1,1,0.4856,0
487609,1,1,0.6733,1
487616,1,1,0.525,1
487671,1,1,0.9043,1
487698,1,1,0.3125,0
487714,1,1,0.8013,1
487748,0,1,0.1487,0
487762,0,1,0.9443,1
487777,1,1,0.57,1
487840,0,1,0.891,1
487944,0,1,0.872,1
487972,1,1,0.6934,1
487984,1,1,0.678,1
487993,0,1,0.94,1
488012,1,1,0.7925,1
488039,0,1,0.8003,1
488041,0,1,0.1063,0
488070,0,1,0.931,1
488090,1,1,0.0863,0
488123,0,1,0.9077,1
488216,1,1,0.2595,0
488225,1,1,0.7266,1
488279,0,1,0.8633,1
488403,1,1,0.865,1
488406,1,1,0.907,1
488523,1,1,0.7104,1
488556,0,1,0.8345,1
488618,0,1,0.7905,1
488665,1,1,0.7803,1
488680,1,1,0.8364,1
488691,1,1,0.9067,1
488797,0,1,0.7954,1
488811,0,1,0.879,1
488815,0,1,0.915,1
488826,1,1,0.887,1
488849,0,1,0.384,0
488991,1,1,0.869,1
489002,0,1,0.904,1
489065,0,1,0.948,1
489067,0,1,0.9277,1
489143,0,1,0.4878,0
489162,1,1,0.8774,1
489187,1,1,0.865,1
489295,0,1,0.8843,1
489318,0,1,0.3755,0
489362,1,1,0.905,1
489382,0,1,0.9443,1
489392,1,1,0.1683,0
489398,1,1,0.3064,0
489438,1,1,0.2415,0
489483,1,1,0.874,1
489498,1,1,0.7563,1
489519,0,1,0.852,1
489543,0,1,0.884,1
489560,1,1,0.0461,0
489595,1,1,0.615,1
489610,1,1,0.3752,0
489612,0,1,0.713,1
489656,1,1,0.3018,0
489658,1,1,0.9287,1
489779,0,1,0.3203,0
489794,1,1,0.895,1
489827,1,1,0.917,1
489838,0,1,0.824,1
489842,1,1,0.471,0
489860,1,1,0.637,1
489937,1,1,0.768,1
489938,1,1,0.721,1
490025,1,1,0.7363,1
490042,0,1,0.922,1
490096,1,1,0.8076,1
490111,0,1,0.936,1
490190,1,1,0.5312,1
490200,0,1,0.562,1
490264,1,1,0.865,1
490280,1,1,0.714,1
490291,0,1,0.747,1
490298,0,1,0.865,1
490300,1,1,0.9478,1
490327,0,1,0.897,1
490349,0,1,0.944,1
490349,1,1,0.5176,1
490352,0,1,0.9194,1
490366,1,1,0.8784,1
490372,1,1,0.895,1
490425,1,1,0.859,1
490497,0,1,0.755,1
490530,1,1,0.52,1
490591,0,1,0.829,1
490592,1,1,0.0845,0
490599,0,1,0.6455,1
490601,0,1,0.8887,1
490640,0,1,0.396,0
490663,1,1,0.8296,1
490685,0,1,0.938,1
490726,1,1,0.62,1
490727,0,1,0.486,0
490743,1,1,0.948,1
490756,1,1,0.0601,0
490792,0,1,0.8486,1
490849,0,1,0.8345,1
490875,1,1,0.9077,1
490924,0,1,0.9185,1
490951,1,1,0.0879,0
490955,0,1,0.3044,0
490966,0,1,0.8843,1
490996,1,1,0.5933,1
491006,0,1,0.9243,1
491033,1,1,0.0496,0
491120,1,1,0.4539,0
491126,0,1,0.544,1
491157,0,1,0.8447,1
491337,1,1,0.415,0
491400,0,1,0.726,1
491432,0,1,0.8667,1
491436,0,1,0.385,0
491443,1,1,0.8413,1
491474,0,1,0.8843,1
491505,0,1,0.6255,1
491557,1,1,0.866,1
491576,1,1,0.426,0
491614,0,1,0.6934,1
491618,0,1,0.863,1
491643,1,1,0.9204,1
491701,1,1,0.8193,1
491721,0,1,0.795,1
491745,0,1,0.9146,1
491752,0,1,0.902,1
491754,0,1,0.6816,1
491800,0,1,0.593,1
491816,1,1,0.2993,0
491858,1,1,0.784,1
491911,0,1,0.918,1
491916,1,1,0.10034,0
491958,1,1,0.503,1
491965,0,1,0.656,1
491998,0,1,0.944,1
492033,1,1,0.4956,0
492103,0,1,0.917,1
492220,0,1,0.9214,1
492268,0,1,0.562,1
492333,0,1,0.9395,1
492339,1,1,0.8003,1
492349,1,1,0.3984,0
492380,0,1,0.8706,1
492414,1,1,0.4011,0
492446,0,1,0.671,1
492495,1,1,0.893,1
492511,0,1,0.401,0
492662,0,1,0.911,1
492674,1,1,0.845,1
492767,0,1,0.9355,1
492785,0,1,0.8965,1
492811,0,1,0.654,1
492824,1,1,0.898,1
492840,0,1,0.8477,1
492840,1,1,0.8057,1
492862,1,1,0.865,1
492932,0,1,0.668,1
493062,0,1,0.792,1
493115,1,1,0.5825,1
493159,0,1,0.94,1
493176,0,1,0.682,1
493233,0,1,0.473,0
493303,0,1,0.9497,1
493306,1,1,0.485,0
493313,1,1,0.096,0
493348,0,1,0.661,1
493359,1,1,0.7344,1
493365,1,1,0.3213,0
493443,0,1,0.058,0
493459,0,1,0.951,1
493462,0,1,0.566,1
493527,1,1,0.923,1
493543,1,1,0.914,1
493573,1,1,0.387,0
493583,1,1,0.2869,0
493585,1,1,0.1236,0
493597,1,1,0.514,1
493647,0,1,0.9507,1
493727,0,1,0.894,1
493740,0,1,0.7915,1
493741,0,1,0.747,1
493773,0,1,0.8315,1
493820,1,1,0.921,1
493849,0,1,0.8794,1
493854,1,1,0.7754,1
493858,0,1,0.8657,1
493891,0,1,0.143,0
493904,1,1,0.8555,1
493990,0,1,0.779,1
493999,0,1,0.912,1
494001,0,1,0.914,1
494005,1,1,0.457,0
494035,0,1,0.918,1
494051,0,1,0.855,1
494170,0,1,0.6294,1
494204,0,1,0.561,1
494221,0,1,0.7314,1
494249,0,1,0.7725,1
494268,0,1,0.601,1
494413,0,1,0.9326,1
494421,0,1,0.847,1
494468,0,1,0.6274,1
494470,0,1,0.9365,1
494489,1,1,0.4548,0
494497,1,1,0.858,1
494547,0,1,0.7837,1
494574,1,1,0.893,1
494635,0,1,0.594,1
494662,0,1,0.8516,1
494750,0,1,0.909,1
494750,1,1,0.762,1
494967,0,1,0.839,1
494972,0,1,0.855,1
494992,0,1,0.9473,1
494997,0,1,0.7573,1
495048,1,1,0.9175,1
495065,1,1,0.549,1
495148,1,1,0.4763,0
495176,0,1,0.7656,1
495215,0,1,0.933,1
495232,1,1,0.0339,0
495244,0,1,0.766,1
495253,1,1,0.1359,0
495367,0,1,0.402,0
495373,1,1,0.598,1
495402,0,1,0.8726,1
495511,0,1,0.68,1
495519,0,1,0.9004,1
495524,1,1,0.7324,1
495527,1,1,0.8804,1
495557,1,1,0.8735,1
495558,0,1,0.583,1
495565,1,1,0.8936,1
495702,0,1,0.876,1
495741,0,1,0.6235,1
495786,1,1,0.642,1
495860,0,1,0.8784,1
495874,0,1,0.8037,1
495875,1,1,0.938,1
495927,1,1,0.922,1
495935,0,1,0.4182,0
495955,1,1,0.3748,0
495962,0,1,0.701,1
495970,1,1,0.839,1
496005,0,1,0.3218,0
496017,1,1,0.04153,0
496045,1,1,0.7188,1
496073,0,1,0.568,1
496093,0,1,0.5757,1
496096,1,1,0.07007,0
496167,1,1,0.7344,1
496223,1,1,0.608,1
496239,1,1,0.798,1
496245,0,1,0.5283,1
496304,1,1,0.528,1
496310,1,1,0.5244,1
496351,0,1,0.44,0
496358,0,1,0.878,1
496371,0,1,0.5264,1
496381,1,1,0.787,1
496434,0,1,0.517,1
496543,0,1,0.495,0
496597,1,1,0.1644,0
496621,0,1,0.4485,0
496638,1,1,0.1043,0
496654,1,1,0.9463,1
496682,0,1,0.707,1
496756,1,1,0.1332,0
496779,1,1,0.783,1
496801,0,1,0.9365,1
496801,1,1,0.9185,1
496879,0,1,0.503,1
496887,1,1,0.927,1
496922,0,1,0.888,1
496935,0,1,0.371,0
497012,0,1,0.931,1
497100,1,1,0.8174,1
497106,1,1,0.2114,0
497141,1,1,0.758,1
497151,0,1,0.8384,1
497164,1,1,0.7583,1
497165,1,1,0.892,1
497219,1,1,0.8535,1
497290,1,1,0.7783,1
497310,1,1,0.5215,1
497335,0,1,0.9326,1
497345,0,1,0.4648,0
497405,0,1,0.8906,1
497426,1,1,0.8535,1
497445,1,1,0.1084,0
497476,1,1,0.901,1
497506,0,1,0.0611,0
497552,0,1,0.883,1
497649,1,1,0.6274,1
497673,0,1,0.9194,1
497725,0,1,0.869,1
497738,0,1,0.8584,1
497806,0,1,0.931,1
497838,1,1,0.4756,0
497903,0,1,0.886,1
497905,0,1,0.892,1
497915,0,1,0.529,1
497994,0,1,0.85,1
498053,0,1,0.8364,1
498070,0,1,0.9053,1
498153,0,1,0.597,1
498247,0,1,0.527,1
498251,0,1,0.738,1
498280,0,1,0.766,1
498285,1,1,0.2338,0
498311,0,1,0.842,1
498319,1,1,0.6304,1
498332,1,1,0.2678,0
498384,0,1,0.719,1
498398,1,1,0.3462,0
498413,1,1,0.9146,1
498448,0,1,0.859,1
498627,1,1,0.886,1
498632,0,1,0.3484,0
498665,1,1,0.538,1
498676,0,1,0.8,1
498738,0,1,0.6943,1
498762,0,1,0.796,1
498777,0,1,0.8647,1
498813,1,1,0.944,1
498833,1,1,0.8306,1
498848,0,1,0.1375,0
498863,1,1,0.662,1
498873,0,1,0.83,1
498913,0,1,0.4717,0
498925,0,1,0.8604,1
498940,0,1,0.9287,1
498986,0,1,0.082,0
499028,1,1,0.7363,1
499053,0,1,0.9077,1
499060,0,1,0.941,1
499130,1,1,0.04352,0
499132,0,1,0.937,1
499179,0,1,0.915,1
499240,1,1,0.618,1
499312,0,1,0.603,1
499327,0,1,0.5986,1
499327,1,1,0.0505,0
499387,0,1,0.8345,1
499389,0,1,0.7124,1
499408,0,1,0.93,1
499433,1,1,0.919,1
499469,0,1,0.8706,1
499500,0,1,0.3657,0
499569,0,1,0.1593,0
499573,1,1,0.7983,1
499591,1,1,0.4062,0
499592,0,1,0.797,1
499631,1,1,0.1365,0
499633,1,1,0.4702,0
499637,0,1,0.9434,1
499694,1,1,0.612,1
499758,0,1,0.9204,1
499800,1,1,0.8203,1
499805,1,1,0.89,1
499812,0,1,0.9053,1
499865,1,1,0.883,1
499944,1,1,0.6,1
499996,1,1,0.939,1
500009,1,1,0.9253,1
500037,0,1,0.837,1
500136,0,1,0.8374,1
500284,0,1,0.578,1
500316,1,1,0.9307,1
500323,1,1,0.1335,0
500424,1,1,0.9473,1
500443,1,1,0.547,1
500447,1,1,0.05954,0
500466,1,1,0.66,1
500500,1,1,0.9414,1
500591,0,1,0.481,0
500605,0,1,0.602,1
500610,1,1,0.8833,1
500623,0,1,0.8467,1
500651,1,1,0.929,1
500735,0,1,0.9043,1
500743,1,1,0.4204,0
500791,0,1,0.733,1
500853,1,1,0.5576,1
500871,0,1,0.9204,1
500875,0,1,0.587,1
501023,1,1,0.4243,0
501059,0,1,0.378,0
501089,1,1,0.666,1
501102,0,1,0.6626,1
501142,0,1,0.8955,1
501183,0,1,0.616,1
501186,1,1,0.339,0
501233,1,1,0.4688,0
501303,1,1,0.3335,0
501345,0,1,0.147,0
501360,1,1,0.4678,0
501425,0,1,0.5513,1
501468,1,1,0.4668,0
501529,0,1,0.852,1
501596,0,1,0.834,1
501646,1,1,0.743,1
501671,0,1,0.9443,1
501673,1,1,0.3013,0
501721,1,1,0.8853,1
501724,1,1,0.7104,1
501738,1,1,0.4333,0
501794,0,1,0.2537,0
501836,1,1,0.9033,1
501878,0,1,0.782,1
501881,0,1,0.8447,1
501882,1,1,0.2678,0
501885,0,1,0.944,1
501947,1,1,0.8325,1
501953,0,1,0.784,1
501982,0,1,0.7275,1
502065,0,1,0.9204,1
502094,1,1,0.768,1
502114,0,1,0.9224,1
502151,0,1,0.876,1
502236,1,1,0.5493,1
502257,1,1,0.3064,0
502263,0,1,0.2588,0
502270,1,1,0.5938,1
502298,1,1,0.07056,0
502319,1,1,0.5117,1
502330,1,1,0.699,1
502361,1,1,0.3948,0
502367,0,1,0.923,1
502406,1,1,0.9014,1
502407,1,1,0.757,1
502411,0,1,0.9434,1
502495,0,1,0.7104,1
502503,1,1,0.546,1
502531,0,1,0.518,1
502544,0,1,0.8574,1
502547,1,1,0.4878,0
502644,0,1,0.389,0
502697,1,1,0.909,1
502781,0,1,0.855,1
502877,0,1,0.686,1
502928,0,1,0.7173,1
502943,1,1,0.6523,1
502945,0,1,0.7095,1
502954,1,1,0.02611,0
503020,0,1,0.915,1
503046,0,1,0.702,1
503148,1,1,0.8926,1
503151,0,1,0.846,1
503160,0,1,0.617,1
503164,0,1,0.7246,1
503210,1,1,0.893,1
503228,0,1,0.923,1
503300,0,1,0.782,1
503310,1,1,0.2578,0
503312,0,1,0.7085,1
503351,0,1,0.8433,1
503502,0,1,0.8726,1
503504,0,1,0.927,1
503520,1,1,0.9043,1
503562,1,1,0.8145,1
503660,1,1,0.924,1
503727,0,1,0.764,1
503741,1,1,0.9355,1
503784,1,1,0.818,1
503807,1,1,0.09875,0
503843,0,1,0.7954,1
503900,0,1,0.639,1
503913,0,1,0.953,1
503929,0,1,0.905,1
503941,1,1,0.9287,1
503981,0,1,0.9385,1
503985,0,1,0.944,1
503986,1,1,0.676,1
503989,1,1,0.9355,1
504194,0,1,0.893,1
504294,0,1,0.7554,1
504330,1,1,0.43,0
504391,0,1,0.5244,1
504398,1,1,0.5293,1
504413,0,1,0.3618,0
504447,0,1,0.88,1
504448,0,1,0.8735,1
504515,0,1,0.812,1
504638,0,1,0.1918,0
504773,1,1,0.8677,1
504797,1,1,0.2573,0
504827,0,1,0.8325,1
504863,0,1,0.9395,1
504877,1,1,0.751,1
504899,1,1,0.8916,1
504966,0,1,0.946,1
504972,1,1,0.925,1
504979,1,1,0.4277,0
505065,1,1,0.1543,0
505124,0,1,0.947,1
505125,1,1,0.9185,1
505135,1,1,0.526,1
505174,1,1,0.4285,0
505176,0,1,0.9136,1
505187,1,1,0.658,1
505213,0,1,0.902,1
505249,0,1,0.643,1
505251,0,1,0.9155,1
505261,0,1,0.903,1
505398,1,1,0.3625,0
505587,0,1,0.771,1
505591,0,1,0.9116,1
505642,1,1,0.52,1
505738,1,1,0.3762,0
505783,1,1,0.2747,0
505824,1,1,0.3748,0
505851,0,1,0.917,1
505869,0,1,0.941,1
505947,0,1,0.797,1
505956,0,1,0.8833,1
506097,0,1,0.9126,1
506098,0,1,0.8496,1
506130,0,1,0.6343,1
506191,0,1,0.933,1
506281,1,1,0.935,1
506296,1,1,0.1671,0
506353,1,1,0.929,1
506459,0,1,0.933,1
506496,1,1,0.7466,1
506568,1,1,0.515,1
506574,1,1,0.496,0
506602,1,1,0.878,1
506637,1,1,0.839,1
506718,1,1,0.1661,0
506786,1,1,0.4438,0
506788,1,1,0.8926,1
506845,1,1,0.5205,1
506865,0,1,0.899,1
506871,0,1,0.9355,1
506904,0,1,0.8154,1
506952,0,1,0.951,1
506965,1,1,0.9097,1
506986,0,1,0.7744,1
506995,1,1,0.1232,0
507040,0,1,0.9453,1
507050,0,1,0.7827,1
507052,1,1,0.914,1
507113,1,1,0.7183,1
507225,1,1,0.3445,0
507256,0,1,0.5303,1
507322,1,1,0.538,1
507335,1,1,0.9453,1
507363,1,1,0.2358,0
507455,0,1,0.904,1
507472,0,1,0.94,1
507473,1,1,0.878,1
507524,0,1,0.5547,1
507546,1,1,0.3901,0
507567,1,1,0.3381,0
507624,1,1,0.5903,1
507655,1,1,0.856,1
507692,1,1,0.936,1
507724,0,1,0.244,0
507788,1,1,0.794,1
507798,1,1,0.5903,1
507809,0,1,0.6367,1
507843,0,1,0.7476,1
507864,0,1,0.86,1
507947,1,1,0.596,1
507948,0,1,0.936,1
507976,1,1,0.4858,0
508056,0,1,0.688,1
508079,0,1,0.2917,0
508138,1,1,0.3962,0
508154,1,1,0.7886,1
508217,1,1,0.918,1
508381,0,1,0.6914,1
508643,1,1,0.612,1
508659,1,1,0.7646,1
508678,0,1,0.2466,0
508690,1,1,0.827,1
508691,1,1,0.6377,1
508712,1,1,0.4697,0
508828,0,1,0.739,1
508844,1,1,0.85,1
508846,1,1,0.431,0
508857,0,1,0.8945,1
508878,0,1,0.5913,1
508886,0,1,0.1142,0
508908,0,1,0.8154,1
508961,0,1,0.909,1
509082,1,1,0.4163,0
509126,0,1,0.946,1
509148,0,1,0.1675,0
509164,0,1,0.9404,1
509226,0,1,0.915,1
509266,0,1,0.5786,1
509277,1,1,0.92,1
509283,1,1,0.3528,0
509301,0,1,0.746,1
509309,0,1,0.6807,1
509404,1,1,0.1493,0
509416,1,1,0.734,1
509427,0,1,0.802,1
509436,0,1,0.835,1
509461,1,1,0.871,1
509472,0,1,0.5205,1
509480,0,1,0.856,1
509600,1,1,0.1993,0
509615,0,1,0.6216,1
509618,1,1,0.8667,1
509697,1,1,0.4895,0
509710,1,1,0.655,1
509754,1,1,0.75,1
509760,0,1,0.8994,1
509801,1,1,0.604,1
509840,1,1,0.1152,0
509864,1,1,0.7256,1
509942,0,1,0.8213,1
509947,1,1,0.846,1
509956,1,1,0.2502,0
509977,0,1,0.7617,1
509980,1,1,0.3928,0
510033,0,1,0.936,1
510082,1,1,0.9194,1
510101,0,1,0.779,1
510180,1,1,0.7373,1
510193,1,1,0.6763,1
510200,1,1,0.0939,0
510260,1,1,0.72,1
510307,1,1,0.2257,0
510316,0,1,0.8545,1
510390,1,1,0.2115,0
510411,1,1,0.06323,0
510435,0,1,0.558,1
510512,0,1,0.9404,1
510515,0,1,0.9043,1
510527,0,1,0.891,1
510593,1,1,0.914,1
510631,1,1,0.8564,1
510638,0,1,0.851,1
510673,0,1,0.7007,1
510696,0,1,0.4924,0
510704,0,1,0.9375,1
510705,1,1,0.8896,1
510832,1,1,0.5786,1
510835,0,1,0.8613,1
510859,1,1,0.4663,0
510897,1,1,0.5503,1
510927,1,1,0.634,1
510970,1,1,0.486,0
510993,1,1,0.386,0
510999,1,1,0.4978,0
511012,1,1,0.9062,1
511031,1,1,0.556,1
511051,1,1,0.7812,1
511064,1,1,0.5386,1
511096,1,1,0.404,0
511097,0,1,0.628,1
511199,1,1,0.9243,1
511224,0,1,0.704,1
511230,0,1,0.873,1
511244,1,1,0.4578,0
511272,1,1,0.0901,0
511311,0,1,0.295,0
511353,1,1,0.9243,1
511440,0,1,0.917,1
511476,0,1,0.933,1
511492,1,1,0.562,1
511508,0,1,0.8896,1
511557,0,1,0.898,1
511592,0,1,0.8926,1
511650,0,1,0.839,1
511663,1,1,0.05933,0
511701,0,1,0.7773,1
511702,1,1,0.4263,0
511719,1,1,0.882,1
511863,0,1,0.938,1
511880,0,1,0.949,1
511920,0,1,0.2074,0
511933,0,1,0.8604,1
511962,0,1,0.3262,0
511964,1,1,0.9087,1
511982,1,1,0.6885,1
512046,1,1,0.1294,0
512095,0,1,0.605,1
512102,1,1,0.7207,1
512132,0,1,0.7695,1
512160,0,1,0.8633,1
512187,1,1,0.75,1
512213,1,1,0.9443,1
512245,1,1,0.912,1
512285,1,1,0.9243,1
512286,0,1,0.786,1
512286,1,1,0.496,0
512344,0,1,0.939,1
512344,1,1,0.7056,1
512451,1,1,0.5815,1
512459,0,1,0.735,1
512531,0,1,0.5073,1
512627,0,1,0.1848,0
512631,0,1,0.6494,1
512635,1,1,0.529,1
512658,1,1,0.609,1
512702,1,1,0.787,1
512776,1,1,0.543,1
512836,1,1,0.1791,0
512901,0,1,0.652,1
512934,0,1,0.5566,1
512961,1,1,0.866,1
513033,1,1,0.91,1
513104,0,1,0.8774,1
513109,1,1,0.8633,1
513136,1,1,0.1422,0
513143,0,1,0.298,0
513154,0,1,0.552,1
513199,1,1,0.0998,0
513259,1,1,0.4521,0
513260,0,1,0.94,1
513272,1,1,0.883,1
513283,0,1,0.927,1
513320,1,1,0.01596,0
513357,0,1,0.8335,1
513379,0,1,0.933,1
513412,1,1,0.563,1
513471,0,1,0.682,1
513529,1,1,0.8174,1
513593,0,1,0.7144,1
513613,1,1,0.847,1
513618,0,1,0.9517,1
513654,1,1,0.767,1
513667,1,1,0.4268,0
513684,1,1,0.6265,1
513700,1,1,0.11456,0
513758,1,1,0.2494,0
513847,1,1,0.5913,1
513884,1,1,0.755,1
513919,1,1,0.3809,0
514025,0,1,0.8975,1
514084,0,1,0.6675,1
514096,1,1,0.469,0
514161,1,1,0.541,1
514184,0,1,0.946,1
514191,1,1,0.535,1
514199,1,1,0.765,1
514219,1,1,0.09753,0
514262,1,1,0.5186,1
514530,0,1,0.901,1
514588,0,1,0.856,1
514597,1,1,0.811,1
514608,0,1,0.8105,1
514687,0,1,0.915,1
514701,0,1,0.6826,1
514711,1,1,0.677,1
514734,0,1,0.826,1
514738,1,1,0.2168,0
514754,0,1,0.935,1
514873,1,1,0.568,1
514878,0,1,0.851,1
514898,0,1,0.8057,1
514924,0,1,0.7227,1
514931,1,1,0.914,1
514951,1,1,0.55,1
514992,0,1,0.1621,0
514994,0,1,0.6567,1
514995,0,1,0.5815,1
515013,0,1,0.803,1
515094,1,1,0.719,1
515107,1,1,0.3271,0
515109,1,1,0.813,1
515115,0,1,0.862,1
515170,0,1,0.7725,1
515190,0,1,0.89,1
515196,0,1,0.588,1
515248,0,1,0.6885,1
515266,1,1,0.64,1
515312,1,1,0.6177,1
515375,1,1,0.2332,0
515398,0,1,0.8037,1
515428,0,1,0.6694,1
515456,1,1,0.811,1
515462,0,1,0.4736,0
515522,1,1,0.8315,1
515531,1,1,0.87,1
515536,1,1,0.4912,0
515546,1,1,0.881,1
515653,0,1,0.7524,1
515659,0,1,0.841,1
515696,1,1,0.933,1
515705,1,1,0.07825,0
515710,0,1,0.677,1
515715,1,1,0.931,1
515739,1,1,0.943,1
515772,0,1,0.4905,0
515808,1,1,0.3948,0
515815,0,1,0.556,1
515839,1,1,0.6597,1
515840,0,1,0.8936,1
515893,1,1,0.8496,1
515919,0,1,0.4004,0
515957,0,1,0.5366,1
516007,0,1,0.669,1
516087,1,1,0.664,1
516106,1,1,0.8413,1
516114,0,1,0.914,1
516229,0,1,0.9443,1
516233,0,1,0.4312,0
516238,0,1,0.828,1
516251,0,1,0.9287,1
516265,1,1,0.3325,0
516357,1,1,0.925,1
516467,0,1,0.7983,1
516545,1,1,0.9424,1
516598,0,1,0.8833,1
516647,0,1,0.935,1
516648,0,1,0.849,1
516660,0,1,0.908,1
516663,1,1,0.8794,1
516679,0,1,0.5522,1
516851,1,1,0.8335,1
516903,0,1,0.939,1
516926,1,1,0.774,1
516931,1,1,0.4927,0
516953,0,1,0.9473,1
516979,1,1,0.3047,0
517006,0,1,0.9487,1
517041,0,1,0.798,1
517061,0,1,0.9307,1
517135,1,1,0.327,0
517251,0,1,0.8677,1
517397,0,1,0.9487,1
517471,0,1,0.869,1
517486,1,1,0.519,1
517494,0,1,0.7695,1
517664,1,1,0.946,1
517677,0,1,0.362,0
517742,0,1,0.9014,1
517795,0,1,0.922,1
517912,0,1,0.91,1
518086,0,1,0.7856,1
518199,1,1,0.7603,1
518227,1,1,0.733,1
518228,1,1,0.694,1
518265,1,1,0.6294,1
518290,1,1,0.1282,0
518343,1,1,0.892,1
518396,1,1,0.9204,1
518468,1,1,0.93,1
518519,1,1,0.4949,0
518542,0,1,0.645,1
518551,1,1,0.4512,0
518659,1,1,0.3455,0
518668,0,1,0.8296,1
518677,0,1,0.783,1
518691,1,1,0.1943,0
518694,1,1,0.7925,1
518781,1,1,0.6084,1
518796,0,1,0.3267,0
518819,1,1,0.8457,1
518856,1,1,0.928,1
518864,1,1,0.292,0
518888,1,1,0.2493,0
518938,0,1,0.937,1
519077,1,1,0.4333,0
519096,0,1,0.9355,1
519142,0,1,0.929,1
519226,0,1,0.912,1
519251,1,1,0.8477,1
519255,0,1,0.856,1
519299,1,1,0.635,1
519310,1,1,0.779,1
519377,0,1,0.799,1
519408,1,1,0.8916,1
519439,1,1,0.6035,1
519460,1,1,0.0116,0
519589,0,1,0.688,1
519596,1,1,0.5234,1
519794,0,1,0.8213,1
519823,0,1,0.956,1
519848,0,1,0.3699,0
519887,0,1,0.8013,1
519889,1,1,0.4612,0
519942,0,1,0.7974,1
519972,0,1,0.76,1
520008,0,1,0.923,1
520028,1,1,0.8037,1
520051,1,1,0.9297,1
520069,0,1,0.918,1
520073,1,1,0.3716,0
520094,0,1,0.8135,1
520121,0,1,0.4617,0
520145,0,1,0.658,1
520179,0,1,0.743,1
520195,1,1,0.719,1
520266,0,1,0.8247,1
520388,1,1,0.953,1
520441,0,1,0.869,1
520512,1,1,0.3308,0
520647,0,1,0.5703,1
520752,0,1,0.856,1
520772,0,1,0.9165,1
520775,0,1,0.9307,1
520791,1,1,0.6025,1
520815,1,1,0.4749,0
520843,0,1,0.734,1
520900,0,1,0.937,1
520943,0,1,0.832,1
521013,1,1,0.4226,0
521069,1,1,0.628,1
521072,0,1,0.847,1
521079,0,1,0.9116,1
521110,1,1,0.906,1
521124,0,1,0.431,0
521183,0,1,0.943,1
521209,1,1,0.4055,0
521218,0,1,0.12494,0
521227,1,1,0.681,1
521230,1,1,0.01439,0
521232,0,1,0.692,1
521299,1,1,0.8716,1
521310,0,1,0.702,1
521324,0,1,0.9395,1
521413,1,1,0.3022,0
521425,0,1,0.9087,1
521440,0,1,0.8784,1
521444,0,1,0.7583,1
521521,0,1,0.933,1
521532,0,1,0.893,1
521533,0,1,0.862,1
521564,0,1,0.8916,1
521609,0,1,0.9424,1
521653,1,1,0.898,1
521661,0,1,0.924,1
521673,1,1,0.515,1
521679,0,1,0.3115,0
521692,0,1,0.9414,1
521707,0,1,0.544,1
521766,0,1,0.727,1
521793,0,1,0.2037,0
521812,0,1,0.723,1
521859,0,1,0.672,1
521864,1,1,0.915,1
521885,0,1,0.8237,1
521986,1,1,0.79,1
522020,0,1,0.879,1
522021,0,1,0.699,1
522025,1,1,0.477,0
522033,1,1,0.8677,1
522076,0,1,0.387,0
522185,0,1,0.7114,1
522195,0,1,0.8667,1
522217,1,1,0.7246,1
522259,0,1,0.937,1
522287,0,1,0.9233,1
522316,1,1,0.9214,1
522429,0,1,0.8613,1
522454,0,1,0.931,1
522506,0,1,0.3335,0
522539,1,1,0.7393,1
522555,0,1,0.9375,1
522578,1,1,0.824,1
522628,0,1,0.85,1
522679,0,1,0.939,1
522708,1,1,0.08136,0
522741,1,1,0.9,1
522796,0,1,0.925,1
522801,1,1,0.796,1
522820,0,1,0.6143,1
522887,1,1,0.658,1
522958,1,1,0.3984,0
522964,0,1,0.7285,1
522964,1,1,0.7993,1
523087,1,1,0.927,1
523100,0,1,0.01758,0
523166,1,1,0.7866,1
523206,0,1,0.02759,0
523226,0,1,0.848,1
523234,1,1,0.3604,0
523256,0,1,0.8022,1
523309,0,1,0.9517,1
523386,0,1,0.5684,1
523395,1,1,0.2266,0
523404,1,1,0.8765,1
523476,1,1,0.4333,0
523589,0,1,0.8867,1
523652,1,1,0.932,1
523675,1,1,0.5615,1
523729,0,1,0.947,1
523802,0,1,0.841,1
523879,0,1,0.938,1
523905,0,1,0.929,1
523931,1,1,0.762,1
523994,1,1,0.9067,1
524077,0,1,0.2842,0
524080,1,1,0.02681,0
524152,0,1,0.3464,0
524199,0,1,0.9355,1
524207,0,1,0.392,0
524332,1,1,0.7373,1
524333,1,1,0.4424,0
524361,0,1,0.926,1
524434,0,1,0.9336,1
524502,0,1,0.8433,1
524513,1,1,0.735,1
524669,0,1,0.8267,1
524690,0,1,0.894,1
524694,1,1,0.7295,1
524699,1,1,0.7134,1
524706,0,1,0.781,1
524711,0,1,0.565,1
524808,1,1,0.0833,0
524825,1,1,0.51,1
524842,0,1,0.725,1
524891,1,1,0.948,1
524897,0,1,0.5913,1
524927,0,1,0.6245,1
524952,0,1,0.72,1
524967,1,1,0.783,1
524982,1,1,0.6934,1
525004,1,1,0.765,1
525023,0,1,0.9263,1
525046,0,1,0.2764,0
525103,1,1,0.4446,0
525144,0,1,0.941,1
525154,0,1,0.7144,1
525262,0,1,0.9204,1
525282,0,1,0.9478,1
525317,1,1,0.7456,1
525350,0,1,0.9473,1
525373,1,1,0.865,1
525426,1,1,0.932,1
525444,1,1,0.8354,1
525454,1,1,0.755,1
525516,0,1,0.0469,0
525519,0,1,0.9087,1
525526,1,1,0.8984,1
525532,0,1,0.6094,1
525538,1,1,0.831,1
525560,0,1,0.918,1
525594,0,1,0.846,1
525659,1,1,0.8394,1
525710,0,1,0.9126,1
525714,1,1,0.9253,1
525732,1,1,0.7334,1
525737,0,1,0.4033,0
525994,1,1,0.8506,1
526143,1,1,0.6733,1
526169,1,1,0.6953,1
526280,0,1,0.9014,1
526290,0,1,0.496,0
526325,0,1,0.9224,1
526339,1,1,0.9424,1
526424,0,1,0.7744,1
526443,1,1,0.7686,1
526525,1,1,0.9136,1
526530,0,1,0.9297,1
526588,0,1,0.9365,1
526602,0,1,0.912,1
526614,1,1,0.865,1
526707,0,1,0.893,1
526713,0,1,0.868,1
526859,1,1,0.651,1
526885,0,1,0.912,1
526888,0,1,0.9116,1
526904,1,1,0.7188,1
526957,1,1,0.895,1
526974,1,1,0.8623,1
526982,1,1,0.4995,0
526988,1,1,0.1643,0
527065,0,1,0.8916,1
527075,0,1,0.931,1
527099,0,1,0.8657,1
527127,1,1,0.704,1
527146,0,1,0.3079,0
527158,1,1,0.1965,0
527204,1,1,0.4773,0
527269,1,1,0.7266,1
527305,1,1,0.628,1
527307,1,1,0.3467,0
527388,1,1,0.1235,0
527438,0,1,0.9136,1
527613,1,1,0.9375,1
527629,1,1,0.279,0
527654,1,1,0.298,0
527658,0,1,0.9473,1
527677,0,1,0.948,1
527737,1,1,0.7505,1
527757,0,1,0.826,1
527786,0,1,0.794,1
527824,1,1,0.631,1
527828,1,1,0.918,1
528002,0,1,0.563,1
528007,0,1,0.5425,1
528011,1,1,0.7793,1
528013,1,1,0.8564,1
528027,1,1,0.2964,0
528041,1,1,0.7607,1
528107,1,1,0.277,0
528162,0,1,0.8184,1
528176,0,1,0.888,1
528209,0,1,0.946,1
528274,1,1,0.351,0
528359,0,1,0.885,1
528441,0,1,0.8926,1
528503,1,1,0.8022,1
528544,1,1,0.1504,0
528545,0,1,0.913,1
528555,1,1,0.8726,1
528565,1,1,0.913,1
528566,1,1,0.6514,1
528638,1,1,0.638,1
528774,0,1,0.4937,0
528799,0,1,0.9243,1
528840,1,1,0.9375,1
528866,1,1,0.01525,0
528929,0,1,0.837,1
528953,0,1,0.941,1
528955,0,1,0.585,1
528964,1,1,0.4333,0
528989,1,1,0.501,1
529001,1,1,0.297,0
529023,1,1,0.658,1
529030,0,1,0.758,1
529038,1,1,0.295,0
529064,1,1,0.012146,0
529082,0,1,0.674,1
529115,1,1,0.4492,0
529117,1,1,0.9463,1
529125,0,1,0.4968,0
529217,1,1,0.4934,0
529251,1,1,0.882,1
529253,0,1,0.8433,1
529272,1,1,0.6675,1
529325,1,1,0.9014,1
529366,1,1,0.3245,0
529368,1,1,0.942,1
529398,1,1,0.2109,0
529427,0,1,0.7847,1
529469,0,1,0.7603,1
529469,1,1,0.9346,1
529541,1,1,0.1831,0
529593,1,1,0.552,1
529655,0,1,0.6997,1
529770,0,1,0.8413,1
529879,1,1,0.594,1
529965,0,1,0.8823,1
529977,1,1,0.6914,1
529991,0,1,0.379,0
529997,0,1,0.701,1
530010,1,1,0.953,1
530015,1,1,0.528,1
530111,1,1,0.9497,1
530185,1,1,0.3845,0
530193,1,1,0.8853,1
530204,0,1,0.938,1
530209,1,1,0.748,1
530222,1,1,0.03644,0
530224,1,1,0.4749,0
530270,1,1,0.6523,1
530295,0,1,0.9297,1
530297,1,1,0.9263,1
530305,0,1,0.07697,0
530312,1,1,0.2307,0
530327,1,1,0.932,1
530374,0,1,0.9175,1
530402,0,1,0.93,1
530407,1,1,0.3008,0
530430,1,1,0.9004,1
530506,0,1,0.935,1
530523,0,1,0.9375,1
530612,0,1,0.8975,1
530625,0,1,0.858,1
530634,0,1,0.923,1
530686,0,1,0.086,0
530728,1,1,0.6245,1
530746,1,1,0.0761,0
530802,1,1,0.677,1
530803,1,1,0.792,1
530830,0,1,0.768,1
530877,0,1,0.9062,1
530917,1,1,0.8174,1
530922,0,1,0.9263,1
530946,0,1,0.6714,1
531090,0,1,0.926,1
531101,1,1,0.6763,1
531291,0,1,0.9287,1
531292,1,1,0.5806,1
531301,0,1,0.933,1
531335,1,1,0.643,1
531347,0,1,0.9443,1
531396,1,1,0.9004,1
531471,0,1,0.921,1
531484,0,1,0.5093,1
531506,1,1,0.663,1
531549,1,1,0.5234,1
531564,0,1,0.8525,1
531635,0,1,0.7188,1
531648,1,1,0.9097,1
531662,1,1,0.7744,1
531676,0,1,0.6606,1
531738,1,1,0.8716,1
531790,1,1,0.596,1
531827,0,1,0.3044,0
531843,0,1,0.7964,1
531880,0,1,0.1858,0
531945,1,1,0.3943,0
531972,1,1,0.7124,1
532033,0,1,0.7695,1
532039,1,1,0.02547,0
532059,1,1,0.692,1
532098,0,1,0.9043,1
532100,0,1,0.882,1
532108,0,1,0.1686,0
532119,1,1,0.8,1
532193,1,1,0.787,1
532215,0,1,0.9287,1
532272,0,1,0.654,1
532274,1,1,0.758,1
532283,0,1,0.935,1
532291,0,1,0.2966,0
532312,1,1,0.644,1
532370,1,1,0.4568,0
532397,0,1,0.5674,1
532398,0,1,0.6367,1
532415,0,1,0.346,0
532427,1,1,0.5527,1
532435,0,1,0.793,1
532457,0,1,0.895,1
532499,0,1,0.5825,1
532499,1,1,0.6025,1
532541,1,1,0.934,1
532622,1,1,0.88,1
532664,1,1,0.8853,1
532677,0,1,0.8003,1
532784,1,1,0.8545,1
532919,0,1,0.6597,1
532928,0,1,0.912,1
533027,1,1,0.8687,1
533089,1,1,0.8936,1
533104,1,1,0.4817,0
533287,0,1,0.8647,1
533323,1,1,0.816,1
533360,0,1,0.3115,0
533404,1,1,0.5913,1
533455,0,1,0.824,1
533471,1,1,0.2338,0
533478,0,1,0.927,1
533492,0,1,0.911,1
533495,1,1,0.8633,1
533506,1,1,0.6914,1
533534,0,1,0.938,1
533603,1,1,0.344,0
533622,1,1,0.6826,1
533637,1,1,0.875,1
533815,1,1,0.7153,1
533858,1,1,0.739,1
533887,0,1,0.9365,1
533989,1,1,0.915,1
534007,0,1,0.8276,1
534238,1,1,0.1,0
534263,0,1,0.5146,1
534408,0,1,0.8516,1
534419,1,1,0.8003,1
534431,1,1,0.9287,1
534433,0,1,0.8105,1
534465,1,1,0.9365,1
534473,0,1,0.8955,1
534531,1,1,0.1262,0
534554,0,1,0.912,1
534695,0,1,0.865,1
534727,0,1,0.6494,1
534761,1,1,0.9243,1
534818,0,1,0.674,1
534825,0,1,0.321,0
534846,1,1,0.0677,0
534850,0,1,0.4878,0
534865,1,1,0.589,1
534875,0,1,0.2642,0
534882,1,1,0.9395,1
534934,1,1,0.6914,1
534973,0,1,0.8545,1
534982,0,1,0.9272,1
535002,1,1,0.621,1
535047,1,1,0.1907,0
535071,1,1,0.815,1
535072,1,1,0.6914,1
535093,0,1,0.948,1
535183,0,1,0.857,1
535201,1,1,0.8843,1
535217,0,1,0.8906,1
535236,1,1,0.6587,1
535256,1,1,0.7573,1
535310,0,1,0.7495,1
535334,0,1,0.947,1
535419,1,1,0.8994,1
535423,0,1,0.943,1
535462,0,1,0.588,1
535474,1,1,0.4375,0
535500,1,1,0.944,1
535508,1,1,0.1798,0
535527,1,1,0.03662,0
535597,0,1,0.9385,1
535620,1,1,0.8335,1
535623,1,1,0.6143,1
535639,0,1,0.8076,1
535656,0,1,0.78,1
535678,0,1,0.731,1
535744,0,1,0.851,1
535760,1,1,0.3665,0
535806,0,1,0.894,1
535869,0,1,0.921,1
535956,0,1,0.4814,0
535963,1,1,0.6675,1
536202,0,1,0.3396,0
536274,1,1,0.567,1
536284,1,1,0.7603,1
536319,0,1,0.6123,1
536358,0,1,0.9146,1
536388,0,1,0.404,0
536404,0,1,0.92,1
536404,1,1,0.711,1
536621,1,1,0.5474,1
536633,1,1,0.8643,1
536668,0,1,0.7744,1
536804,0,1,0.63,1
536812,0,1,0.805,1
536821,0,1,0.581,1
536909,0,1,0.8193,1
537003,1,1,0.3887,0
537047,1,1,0.828,1
537100,1,1,0.6577,1
537109,0,1,0.862,1
537130,0,1,0.4556,0
537154,1,1,0.0354,0
537239,1,1,0.9414,1
537306,1,1,0.8125,1
537429,1,1,0.9307,1
537484,1,1,0.81,1
537497,0,1,0.866,1
537503,1,1,0.822,1
537506,0,1,0.9453,1
537569,0,1,0.7544,1
537569,1,1,0.1829,0
537638,1,1,0.928,1
537652,1,1,0.4456,0
537669,0,1,0.941,1
537721,1,1,0.578,1
537781,0,1,0.929,1
537808,1,1,0.351,0
537820,1,1,0.854,1
537886,1,1,0.1401,0
537892,1,1,0.2166,0
537897,1,1,0.2352,0
537930,1,1,0.9385,1
537931,0,1,0.932,1
537994,1,1,0.82,1
537999,0,1,0.868,1
538022,0,1,0.928,1
538065,0,1,0.6543,1
538101,0,1,0.582,1
538106,0,1,0.904,1
538116,1,1,0.1236,0
538183,1,1,0.4287,0
538195,1,1,0.784,1
538221,1,1,0.7544,1
538282,1,1,0.88,1
538284,0,1,0.4456,0
538339,0,1,0.9487,1
538389,0,1,0.887,1
538419,0,1,0.8687,1
538426,0,1,0.5327,1
538457,0,1,0.5923,1
538493,1,1,0.3972,0
538505,1,1,0.5806,1
538555,1,1,0.382,0
538642,0,1,0.8228,1
538647,1,1,0.853,1
538675,1,1,0.916,1
538699,1,1,0.8896,1
538768,0,1,0.8564,1
538829,0,1,0.8296,1
538861,0,1,0.911,1
538903,1,1,0.9424,1
538976,1,1,0.01401,0
539011,0,1,0.933,1
539030,0,1,0.7363,1
539059,0,1,0.6436,1
539138,1,1,0.612,1
539191,0,1,0.9287,1
539209,0,1,0.9287,1
539284,1,1,0.854,1
539293,0,1,0.9326,1
539328,0,1,0.932,1
539380,1,1,0.596,1
539409,0,1,0.6743,1
539414,1,1,0.1572,0
539430,1,1,0.902,1
539442,0,1,0.9,1
539444,1,1,0.4158,0
539489,1,1,0.7397,1
539496,0,1,0.929,1
539518,1,1,0.8105,1
539524,1,1,0.6436,1
539615,0,1,0.8506,1
539690,1,1,0.914,1
539771,1,1,0.8833,1
539792,1,1,0.4658,0
539834,0,1,0.9214,1
539836,0,1,0.687,1
539873,0,1,0.871,1
539881,1,1,0.7925,1
539918,0,1,0.8877,1
540006,0,1,0.8916,1
540077,1,1,0.809,1
540132,1,1,0.801,1
540135,0,1,0.919,1
540154,0,1,0.9365,1
540202,1,1,0.06064,0
540288,1,1,0.78,1
540299,0,1,0.944,1
540310,0,1,0.877,1
540384,1,1,0.2081,0
540432,1,1,0.635,1
540515,1,1,0.8604,1
540630,1,1,0.82,1
540768,0,1,0.5737,1
540797,0,1,0.8564,1
540801,1,1,0.8755,1
540824,1,1,0.0942,0
540847,1,1,0.892,1
540885,0,1,0.9165,1
540923,1,1,0.0977,0
540935,1,1,0.7695,1
540960,0,1,0.9185,1
540980,1,1,0.224,0
541022,1,1,0.692,1
541029,1,1,0.935,1
541038,1,1,0.3376,0
541056,0,1,0.5967,1
541080,1,1,0.635,1
541081,0,1,0.858,1
541101,0,1,0.9253,1
541105,1,1,0.812,1
541185,1,1,0.348,0
541194,0,1,0.9116,1
541292,1,1,0.5435,1
541368,0,1,0.922,1
541376,0,1,0.752,1
541526,0,1,0.948,1
541678,1,1,0.5083,1
541706,0,1,0.78,1
541775,1,1,0.7803,1
541840,1,1,0.461,0
541847,1,1,0.7104,1
541986,1,1,0.3955,0
541997,1,1,0.594,1
542030,1,1,0.925,1
542042,1,1,0.94,1
542059,0,1,0.9165,1
542085,0,1,0.725,1
542087,1,1,0.669,1
542108,0,1,0.8833,1
542174,0,1,0.5625,1
542200,1,1,0.6284,1
542203,1,1,0.6426,1
542207,1,1,0.6787,1
542214,1,1,0.9043,1
542244,1,1,0.1219,0
542334,1,1,0.7197,1
542342,1,1,0.768,1
542356,0,1,0.9287,1
542378,0,1,0.939,1
542380,0,1,0.7285,1
542450,1,1,0.05728,0
542569,0,1,0.6655,1
542574,1,1,0.6934,1
542594,1,1,0.886,1
542653,1,1,0.9272,1
542758,0,1,0.9424,1
542781,1,1,0.751,1
542784,0,1,0.9473,1
542851,1,1,0.202,0
542900,0,1,0.9233,1
542941,0,1,0.4292,0
542965,1,1,0.9404,1
542976,0,1,0.799,1
542999,1,1,0.0424,0
543058,0,1,0.8906,1
543060,0,1,0.8984,1
543065,1,1,0.8745,1
543146,0,1,0.177,0
543192,1,1,0.755,1
543201,1,1,0.5933,1
543313,1,1,0.534,1
543317,0,1,0.558,1
543517,0,1,0.746,1
543521,1,1,0.555,1
543574,1,1,0.7285,1
543624,0,1,0.828,1
543643,0,1,0.3215,0
543675,1,1,0.938,1
543680,1,1,0.1305,0
543701,0,1,0.6953,1
543746,0,1,0.6646,1
543773,1,1,0.6035,1
543792,0,1,0.932,1
543857,1,1,0.2483,0
543899,0,1,0.912,1
543900,0,1,0.8506,1
543944,1,1,0.9204,1
543956,1,1,0.921,1
544029,0,1,0.931,1
544066,0,1,0.8794,1
544179,1,1,0.791,1
544226,0,1,0.59,1
544240,0,1,0.8696,1
544254,0,1,0.725,1
544311,0,1,0.784,1
544361,1,1,0.4707,0
544436,1,1,0.7734,1
544474,1,1,0.4873,0
544553,1,1,0.887,1
544621,1,1,0.577,1
544640,0,1,0.9204,1
544699,0,1,0.4167,0
544722,1,1,0.1063,0
544729,0,1,0.8345,1
544759,1,1,0.386,0
544820,1,1,0.7617,1
544839,0,1,0.8174,1
544841,0,1,0.6978,1
544883,1,1,0.4485,0
544946,0,1,0.951,1
545023,0,1,0.4424,0
545030,1,1,0.3445,0
545043,1,1,0.852,1
545098,0,1,0.9194,1
545119,0,1,0.8555,1
545227,0,1,0.812,1
545259,1,1,0.9473,1
545292,1,1,0.8857,1
545354,0,1,0.8647,1
545389,1,1,0.817,1
545420,1,1,0.9355,1
545432,1,1,0.899,1
545456,0,1,0.943,1
545481,0,1,0.8403,1
545517,0,1,0.7617,1
545538,0,1,0.4053,0
545580,0,1,0.911,1
545618,1,1,0.8184,1
545621,1,1,0.8594,1
545640,0,1,0.9033,1
545655,0,1,0.6553,1
545724,1,1,0.5957,1
545741,0,1,0.1929,0
545745,1,1,0.2238,0
545868,1,1,0.4768,0
545893,1,1,0.2732,0
545989,1,1,0.8096,1
546041,1,1,0.8374,1
546045,0,1,0.8066,1
546106,1,1,0.0874,0
546288,0,1,0.889,1
546392,1,1,0.927,1
546422,0,1,0.931,1
546448,1,1,0.476,0
546492,0,1,0.821,1
546498,0,1,0.7686,1
546594,1,1,0.9497,1
546669,1,1,0.5205,1
546699,0,1,0.9355,1
546723,1,1,0.756,1
546742,1,1,0.9473,1
546755,0,1,0.754,1
546779,0,1,0.6104,1
546787,1,1,0.876,1
546788,0,1,0.0904,0
546801,0,1,0.9185,1
546827,1,1,0.95,1
546884,0,1,0.372,0
546929,1,1,0.9253,1
547005,0,1,0.9326,1
547015,1,1,0.7993,1
547059,0,1,0.8706,1
547062,1,1,0.765,1
547127,0,1,0.757,1
547154,1,1,0.679,1
547159,1,1,0.8276,1
547171,1,1,0.5547,1
547177,0,1,0.8604,1
547295,1,1,0.3726,0
547327,1,1,0.8896,1
547381,0,1,0.8203,1
547435,1,1,0.9126,1
547447,1,1,0.4043,0
547459,1,1,0.81,1
547554,1,1,0.432,0
547578,0,1,0.7393,1
547609,1,1,0.02153,0
547616,1,1,0.534,1
547624,1,1,0.2007,0
547803,1,1,0.03616,0
547835,0,1,0.8613,1
547911,1,1,0.726,1
547978,1,1,0.909,1
548028,0,1,0.7783,1
548038,0,1,0.4983,0
548043,1,1,0.6245,1
548102,1,1,0.86,1
548157,1,1,0.1021,0
548275,0,1,0.929,1
548329,1,1,0.4565,0
548348,0,1,0.763,1
548361,1,1,0.5103,1
548363,0,1,0.3354,0
548369,1,1,0.2556,0
548377,1,1,0.675,1
548460,0,1,0.8804,1
548519,1,1,0.876,1
548543,1,1,0.3716,0
548585,1,1,0.947,1
548613,1,1,0.737,1
548674,0,1,0.858,1
548709,1,1,0.747,1
548717,1,1,0.924,1
548722,0,1,0.907,1
548793,1,1,0.8013,1
548801,0,1,0.8135,1
548822,1,1,0.91,1
548823,0,1,0.8955,1
548856,1,1,0.7646,1
548868,1,1,0.5405,1
548877,1,1,0.1482,0
548882,1,1,0.0689,0
548909,0,1,0.3682,0
548960,0,1,0.745,1
548995,0,1,0.4592,0
549028,0,1,0.783,1
549042,0,1,0.4302,0
549083,0,1,0.803,1
549106,0,1,0.8765,1
549118,1,1,0.4832,0
549140,1,1,0.4136,0
549189,0,1,0.351,0
549199,1,1,0.9033,1
549208,0,1,0.908,1
549215,0,1,0.6284,1
549287,0,1,0.2993,0
549376,1,1,0.8306,1
549410,1,1,0.9473,1
549425,0,1,0.866,1
549447,1,1,0.4849,0
549502,1,1,0.749,1
549508,1,1,0.761,1
549522,0,1,0.1631,0
549543,0,1,0.911,1
549547,1,1,0.8525,1
549577,1,1,0.606,1
549587,0,1,0.6133,1
549655,0,1,0.8105,1
549696,1,1,0.614,1
549700,1,1,0.736,1
549745,1,1,0.893,1
549749,0,1,0.8975,1
549808,0,1,0.8193,1
549988,0,1,0.901,1
550126,0,1,0.7817,1
550139,1,1,0.8247,1
550144,0,1,0.339,0
550156,0,1,0.3372,0
550302,0,1,0.4707,0
550319,1,1,0.503,1
550354,0,1,0.895,1
550371,1,1,0.1815,0
550411,0,1,0.737,1
550471,1,1,0.3945,0
550508,0,1,0.8223,1
550551,1,1,0.929,1
550583,0,1,0.1401,0
550591,1,1,0.8228,1
550620,1,1,0.265,0
550663,1,1,0.8877,1
550758,1,1,0.4644,0
550818,1,1,0.842,1
550882,1,1,0.2048,0
550990,1,1,0.647,1
551096,1,1,0.7695,1
551107,0,1,0.869,1
551137,1,1,0.83,1
551177,0,1,0.609,1
551179,0,1,0.928,1
551186,0,1,0.8647,1
551211,0,1,0.4243,0
551233,1,1,0.8774,1
551245,1,1,0.8105,1
551263,0,1,0.784,1
551296,1,1,0.5825,1
551297,0,1,0.8447,1
551320,1,1,0.6597,1
551383,1,1,0.778,1
551433,1,1,0.567,1
551452,0,1,0.496,0
551570,1,1,0.0544,0
551588,1,1,0.639,1
551637,1,1,0.924,1
551657,1,1,0.437,0
551709,0,1,0.8955,1
551766,0,1,0.9023,1
551801,0,1,0.587,1
551810,1,1,0.2299,0
551818,0,1,0.942,1
551833,1,1,0.8105,1
551846,0,1,0.931,1
551915,1,1,0.4324,0
552007,1,1,0.2037,0
552045,0,1,0.845,1
552065,1,1,0.7603,1
552146,0,1,0.729,1
552156,1,1,0.783,1
552209,1,1,0.7705,1
552212,1,1,0.8574,1
552223,0,1,0.72,1
552260,1,1,0.842,1
552348,0,1,0.7266,1
552351,1,1,0.0592,0
552442,1,1,0.947,1
552452,0,1,0.819,1
552528,0,1,0.823,1
552551,1,1,0.01834,0
552555,0,1,0.901,1
552556,1,1,0.8223,1
552576,0,1,0.279,0
552598,0,1,0.804,1
552599,1,1,0.3948,0
552608,1,1,0.607,1
552639,0,1,0.605,1
552720,0,1,0.503,1
552733,0,1,0.7676,1
552737,0,1,0.7007,1
552750,1,1,0.8125,1
552860,1,1,0.3196,0
552878,0,1,0.8994,1
552956,1,1,0.73,1
553018,0,1,0.913,1
553022,1,1,0.1492,0
553027,0,1,0.8755,1
553066,1,1,0.3796,0
553080,1,1,0.903,1
553131,0,1,0.8945,1
553142,0,1,0.589,1
553142,1,1,0.7954,1
553163,1,1,0.902,1
553186,0,1,0.5015,1
553264,1,1,0.759,1
553304,0,1,0.802,1
553343,1,1,0.1796,0
553397,0,1,0.915,1
553474,0,1,0.541,1
553476,1,1,0.672,1
553480,1,1,0.807,1
553486,1,1,0.639,1
553499,1,1,0.753,1
553516,1,1,0.845,1
553535,0,1,0.832,1
553558,1,1,0.8135,1
553578,0,1,0.9346,1
553587,0,1,0.4583,0
553612,1,1,0.4436,0
553614,0,1,0.718,1
553679,1,1,0.841,1
553699,1,1,0.602,1
553713,0,1,0.8726,1
553748,1,1,0.8257,1
553751,1,1,0.4404,0
553752,0,1,0.8364,1
553773,0,1,0.861,1
553801,1,1,0.73,1
553814,1,1,0.8276,1
553862,1,1,0.0693,0
553921,0,1,0.9346,1
553941,0,1,0.6797,1
553973,0,1,0.52,1
554034,1,1,0.7324,1
554080,0,1,0.9087,1
554132,1,1,0.8438,1
554140,0,1,0.935,1
554155,0,1,0.7065,1
554167,1,1,0.8438,1
554178,0,1,0.7217,1
554304,1,1,0.9385,1
554354,1,1,0.1455,0
554371,1,1,0.1282,0
554385,0,1,0.6924,1
554448,1,1,0.84,1
554537,0,1,0.9175,1
554584,1,1,0.7056,1
554597,0,1,0.5693,1
554602,1,1,0.306,0
554700,0,1,0.4382,0
554803,1,1,0.4094,0
554831,0,1,0.9136,1
554852,0,1,0.3914,0
554873,1,1,0.9253,1
554903,0,1,0.925,1
554914,1,1,0.956,1
554915,0,1,0.67,1
554933,1,1,0.02562,0
554950,1,1,0.1819,0
555013,1,1,0.413,0
555038,1,1,0.9463,1
555043,0,1,0.7144,1
555053,0,1,0.8857,1
555135,1,1,0.865,1
555189,1,1,0.1836,0
555214,0,1,0.9136,1
555324,0,1,0.928,1
555367,0,1,0.3867,0
555408,0,1,0.925,1
555468,1,1,0.938,1
555470,1,1,0.3962,0
555512,0,1,0.698,1
555532,1,1,0.3162,0
555545,0,1,0.6797,1
555564,0,1,0.8945,1
555608,0,1,0.894,1
555642,1,1,0.9126,1
555652,0,1,0.925,1
555656,0,1,0.8413,1
555711,0,1,0.944,1
555721,1,1,0.755,1
555739,1,1,0.43,0
555762,1,1,0.4287,0
555782,0,1,0.9146,1
555884,0,1,0.04395,0
555977,1,1,0.0925,0
555983,1,1,0.722,1
555986,1,1,0.889,1
556005,0,1,0.5767,1
556009,1,1,0.4783,0
556061,0,1,0.02092,0
556135,1,1,0.906,1
556144,1,1,0.015366,0
556181,0,1,0.4827,0
556182,0,1,0.8584,1
556245,0,1,0.647,1
556257,1,1,0.7783,1
556276,1,1,0.9297,1
556277,1,1,0.832,1
556311,0,1,0.9478,1
556363,1,1,0.407,0
556391,1,1,0.914,1
556392,1,1,0.782,1
556393,1,1,0.4453,0
556402,1,1,0.3755,0
556417,1,1,0.8687,1
556444,1,1,0.3318,0
556506,0,1,0.719,1
556535,1,1,0.602,1
556549,0,1,0.1823,0
556554,1,1,0.8887,1
556560,1,1,0.4724,0
556571,0,1,0.536,1
556687,1,1,0.7075,1
556739,1,1,0.9404,1
556767,1,1,0.4634,0
556774,0,1,0.627,1
556776,1,1,0.637,1
556820,0,1,0.806,1
556904,1,1,0.8623,1
556929,1,1,0.7246,1
556931,1,1,0.9478,1
556966,0,1,0.839,1
557003,0,1,0.674,1
557017,0,1,0.528,1
557061,1,1,0.7817,1
557180,0,1,0.938,1
557236,1,1,0.604,1
557238,1,1,0.4253,0
557375,0,1,0.622,1
557419,1,1,0.9097,1
557447,1,1,0.2314,0
557506,0,1,0.02666,0
557580,0,1,0.3054,0
557617,0,1,0.864,1
557622,1,1,0.8945,1
557633,0,1,0.3337,0
557643,1,1,0.8354,1
557650,0,1,0.4607,0
557708,1,1,0.8867,1
557871,1,1,0.421,0
557873,0,1,0.885,1
557892,0,1,0.904,1
557912,0,1,0.691,1
557970,1,1,0.544,1
557999,1,1,0.8364,1
558043,1,1,0.2786,0
558044,0,1,0.617,1
558046,1,1,0.7715,1
558059,1,1,0.4978,0
558129,1,1,0.9365,1
558155,1,1,0.9365,1
558222,1,1,0.828,1
558230,0,1,0.942,1
558281,0,1,0.8584,1
558293,0,1,0.817,1
558378,1,1,0.903,1
558384,1,1,0.8706,1
558443,1,1,0.358,0
558473,1,1,0.734,1
558555,0,1,0.789,1
558573,0,1,0.912,1
558617,0,1,0.928,1
558651,0,1,0.8706,1
558739,1,1,0.9165,1
558750,1,1,0.4443,0
558785,1,1,0.9326,1
558796,1,1,0.4685,0
558828,1,1,0.2686,0
558836,0,1,0.9214,1
558897,0,1,0.902,1
558927,1,1,0.7217,1
558949,1,1,0.881,1
559156,0,1,0.7812,1
559169,1,1,0.797,1
559172,1,1,0.7393,1
559236,0,1,0.9146,1
559254,0,1,0.938,1
559305,0,1,0.8975,1
559310,0,1,0.275,0
559324,1,1,0.788,1
559361,0,1,0.9062,1
559403,1,1,0.7314,1
559456,1,1,0.6123,1
559473,0,1,0.9443,1
559510,0,1,0.9287,1
559516,1,1,0.879,1
559593,1,1,0.8486,1
559649,1,1,0.1005,0
559650,1,1,0.07544,0
559725,1,1,0.6665,1
559727,1,1,0.2522,0
559733,1,1,0.8887,1
559757,1,1,0.633,1
559762,0,1,0.3474,0
559780,1,1,0.5264,1
559852,0,1,0.844,1
559856,1,1,0.488,0
559881,0,1,0.2339,0
559896,1,1,0.851,1
559908,1,1,0.3906,0
559923,1,1,0.806,1
559957,1,1,0.8677,1
559958,1,1,0.1736,0
559993,1,1,0.4587,0
559998,1,1,0.1785,0
560112,1,1,0.7173,1
560119,1,1,0.6953,1
560218,1,1,0.3188,0
560245,0,1,0.877,1
560278,1,1,0.6353,1
560309,0,1,0.851,1
560355,1,1,0.8696,1
560382,1,1,0.3208,0
560393,0,1,0.6694,1
560485,0,1,0.948,1
560505,1,1,0.4329,0
560521,1,1,0.577,1
560564,0,1,0.88,1
560615,0,1,0.915,1
560617,0,1,0.3887,0
560664,0,1,0.8623,1
560672,0,1,0.8364,1
560672,1,1,0.02722,0
560676,0,1,0.854,1
560721,1,1,0.2798,0
560752,0,1,0.935,1
560756,1,1,0.89,1
560901,0,1,0.766,1
560901,1,1,0.537,1
560902,1,1,0.0395,0
560910,0,1,0.917,1
560945,1,1,0.519,1
560969,1,1,0.1696,0
561001,1,1,0.7964,1
561025,0,1,0.568,1
561118,1,1,0.8125,1
561196,1,1,0.4568,0
561197,1,1,0.887,1
561253,0,1,0.8164,1
561283,0,1,0.814,1
561324,1,1,0.8027,1
561427,0,1,0.5615,1
561447,0,1,0.907,1
561454,0,1,0.859,1
561464,0,1,0.893,1
561498,1,1,0.709,1
561561,0,1,0.7207,1
561576,0,1,0.9355,1
561589,0,1,0.814,1
561628,1,1,0.2986,0
561658,0,1,0.696,1
561684,1,1,0.2952,0
561700,0,1,0.899,1
561701,0,1,0.9116,1
561718,1,1,0.6763,1
561754,1,1,0.7314,1
561886,0,1,0.8037,1
561960,1,1,0.394,0
561962,1,1,0.621,1
561966,0,1,0.6323,1
562050,0,1,0.895,1
562089,0,1,0.776,1
562141,1,1,0.8735,1
562195,1,1,0.854,1
562201,0,1,0.0655,0
562227,0,1,0.573,1
562348,1,1,0.289,0
562351,1,1,0.576,1
562467,1,1,0.8706,1
562472,0,1,0.844,1
562508,1,1,0.9253,1
562544,0,1,0.6436,1
562550,1,1,0.91,1
562573,1,1,0.92,1
562603,1,1,0.9253,1
562636,0,1,0.8926,1
562665,0,1,0.829,1
562801,1,1,0.04492,0
562882,1,1,0.676,1
562907,0,1,0.7466,1
563000,0,1,0.0869,0
563027,0,1,0.1265,0
563031,0,1,0.922,1
563041,1,1,0.1385,0
563072,1,1,0.4375,0
563084,0,1,0.8774,1
563113,1,1,0.7725,1
563207,0,1,0.88,1
563208,0,1,0.5884,1
563215,1,1,0.595,1
563252,1,1,0.835,1
563258,0,1,0.8496,1
563258,1,1,0.947,1
563276,1,1,0.6973,1
563299,0,1,0.8447,1
563313,1,1,0.7324,1
563336,1,1,0.8467,1
563367,1,1,0.6465,1
563390,0,1,0.5327,1
563405,0,1,0.9263,1
563427,0,1,0.9307,1
563447,0,1,0.3677,0
563453,1,1,0.5225,1
563506,0,1,0.7817,1
563543,0,1,0.4724,0
563566,1,1,0.4265,0
563620,1,1,0.2311,0
563638,0,1,0.6997,1
563646,1,1,0.3857,0
563663,1,1,0.5947,1
563783,0,1,0.6147,1
563805,1,1,0.886,1
563915,0,1,0.925,1
563945,0,1,0.5425,1
563976,1,1,0.2793,0
564027,1,1,0.2932,0
564060,1,1,0.929,1
564088,1,1,0.732,1
564127,1,1,0.5444,1
564135,0,1,0.9297,1
564156,1,1,0.6743,1
564191,1,1,0.8364,1
564240,0,1,0.89,1
564295,1,1,0.928,1
564297,1,1,0.09204,0
564317,0,1,0.902,1
564405,0,1,0.6187,1
564418,1,1,0.508,1
564455,0,1,0.9307,1
564468,0,1,0.0551,0
564497,1,1,0.8477,1
564502,1,1,0.545,1
564515,0,1,0.786,1
564542,0,1,0.7275,1
564553,0,1,0.923,1
564615,1,1,0.791,1
564645,1,1,0.43,0
564712,1,1,0.8223,1
564788,1,1,0.251,0
564796,0,1,0.695,1
564813,1,1,0.8564,1
564842,0,1,0.7207,1
564927,0,1,0.9385,1
564928,1,1,0.8276,1
564936,0,1,0.852,1
564956,1,1,0.6587,1
565085,0,1,0.1023,0
565087,0,1,0.899,1
565151,0,1,0.928,1
565177,0,1,0.944,1
565204,0,1,0.8916,1
565269,0,1,0.919,1
565272,0,1,0.8193,1
565276,1,1,0.8555,1
565282,0,1,0.921,1
565292,1,1,0.722,1
565293,0,1,0.92,1
565303,0,1,0.917,1
565317,0,1,0.0462,0
565371,1,1,0.878,1
565407,0,1,0.9,1
565480,0,1,0.6777,1
565582,1,1,0.846,1
565608,1,1,0.5664,1
565639,1,1,0.9077,1
565689,0,1,0.836,1
565692,0,1,0.8184,1
565706,1,1,0.634,1
565807,0,1,0.4006,0
565841,1,1,0.835,1
565842,1,1,0.715,1
565860,1,1,0.5815,1
565891,1,1,0.8325,1
565931,0,1,0.876,1
566004,0,1,0.891,1
566013,0,1,0.914,1
566052,0,1,0.751,1
566066,1,1,0.686,1
566090,1,1,0.3057,0
566106,0,1,0.7344,1
566328,0,1,0.798,1
566370,1,1,0.8936,1
566371,1,1,0.9385,1
566376,0,1,0.9336,1
566385,1,1,0.793,1
566408,0,1,0.7334,1
566495,0,1,0.2234,0
566505,0,1,0.6475,1
566519,1,1,0.908,1
566566,0,1,0.8,1
566573,1,1,0.646,1
566575,0,1,0.2534,0
566631,1,1,0.531,1
566637,1,1,0.5986,1
566661,0,1,0.6714,1
566701,0,1,0.2346,0
566715,0,1,0.8467,1
566756,1,1,0.9463,1
566803,0,1,0.02022,0
566865,0,1,0.9272,1
566881,0,1,0.883,1
566969,1,1,0.8823,1
567103,1,1,0.8247,1
567120,1,1,0.679,1
567150,0,1,0.9297,1
567397,1,1,0.9404,1
567456,1,1,0.8857,1
567470,0,1,0.946,1
567498,0,1,0.9307,1
567501,0,1,0.11755,0
567523,0,1,0.937,1
567537,1,1,0.563,1
567552,1,1,0.879,1
567633,0,1,0.3337,0
567686,0,1,0.645,1
567704,0,1,0.546,1
567706,0,1,0.94,1
567776,0,1,0.902,1
567823,1,1,0.502,1
567880,1,1,0.448,0
567931,0,1,0.947,1
568002,1,1,0.391,0
568014,1,1,0.1904,0
568065,1,1,0.823,1
568083,0,1,0.92,1
568103,0,1,0.6035,1
568115,1,1,0.259,0
568170,0,1,0.7876,1
568178,0,1,0.857,1
568190,1,1,0.9253,1
568198,0,1,0.905,1
568234,1,1,0.912,1
568355,1,1,0.2384,0
568397,1,1,0.6504,1
568453,1,1,0.595,1
568485,1,1,0.6187,1
568558,1,1,0.845,1
568595,1,1,0.222,0
568603,0,1,0.807,1
568624,0,1,0.942,1
568678,0,1,0.7563,1
568750,0,1,0.7646,1
568795,1,1,0.864,1
568820,0,1,0.802,1
568844,1,1,0.8486,1
568879,0,1,0.9365,1
568893,0,1,0.7124,1
568911,1,1,0.583,1
568916,0,1,0.03818,0
568926,0,1,0.891,1
568948,0,1,0.7856,1
568966,1,1,0.7646,1
568977,1,1,0.7114,1
569013,0,1,0.929,1
569044,1,1,0.8926,1
569115,1,1,0.8516,1
569176,0,1,0.8633,1
569237,1,1,0.03683,0
569240,0,1,0.4565,0
569247,1,1,0.779,1
569249,1,1,0.888,1
569344,0,1,0.9385,1
569345,0,1,0.9336,1
569368,0,1,0.1575,0
569382,0,1,0.9277,1
569498,1,1,0.7705,1
569556,0,1,0.722,1
569570,0,1,0.903,1
569607,1,1,0.821,1
569631,0,1,0.65,1
569679,1,1,0.5825,1
569737,1,1,0.4333,0
569745,0,1,0.754,1
569766,0,1,0.9424,1
569843,1,1,0.499,0
569855,1,1,0.9004,1
569879,1,1,0.4604,0
569910,0,1,0.937,1
569938,1,1,0.826,1
570006,1,1,0.8135,1
570007,1,1,0.3872,0
570015,0,1,0.6294,1
570106,1,1,0.588,1
570159,0,1,0.948,1
570184,1,1,0.5015,1
570214,0,1,0.9253,1
570238,0,1,0.9473,1
570278,1,1,0.927,1
570290,1,1,0.588,1
570298,1,1,0.809,1
570302,0,1,0.695,1
570306,0,1,0.8823,1
570335,0,1,0.9097,1
570365,0,1,0.8364,1
570367,1,1,0.95,1
570377,0,1,0.8657,1
570436,0,1,0.861,1
570469,1,1,0.4312,0
570493,1,1,0.618,1
570510,0,1,0.4316,0
570512,1,1,0.924,1
570549,0,1,0.905,1
570595,1,1,0.935,1
570634,1,1,0.71,1
570756,0,1,0.7993,1
570806,1,1,0.3,0
570817,0,1,0.4253,0
570857,0,1,0.9365,1
570866,0,1,0.8066,1
570969,0,1,0.777,1
570988,1,1,0.774,1
571028,1,1,0.3591,0
571073,1,1,0.857,1
571144,0,1,0.91,1
571201,0,1,0.5527,1
571216,0,1,0.5903,1
571232,0,1,0.8345,1
571256,1,1,0.8447,1
571431,1,1,0.811,1
571460,0,1,0.5605,1
571469,0,1,0.8984,1
571482,1,1,0.661,1
571529,1,1,0.8696,1
571533,1,1,0.798,1
571568,0,1,0.9097,1
571575,0,1,0.3188,0
571713,1,1,0.808,1
571724,0,1,0.9097,1
571828,0,1,0.7217,1
571837,0,1,0.5835,1
571899,0,1,0.4968,0
571902,1,1,0.7163,1
571933,0,1,0.943,1
572147,0,1,0.785,1
572270,1,1,0.342,0
572358,0,1,0.2114,0
572379,1,1,0.3318,0
572453,0,1,0.4275,0
572552,0,1,0.4382,0
572562,1,1,0.7036,1
572600,1,1,0.8135,1
572687,1,1,0.76,1
572735,1,1,0.5586,1
572737,1,1,0.7275,1
572775,1,1,0.677,1
572810,0,1,0.6978,1
572919,1,1,0.947,1
572930,1,1,0.3257,0
572941,1,1,0.9053,1
573011,1,1,0.8516,1
573022,0,1,0.918,1
573100,0,1,0.866,1
573114,0,1,0.866,1
573128,1,1,0.9404,1
573195,1,1,0.762,1
573297,1,1,0.8296,1
573373,1,1,0.899,1
573374,0,1,0.9404,1
573404,1,1,0.551,1
573429,1,1,0.899,1
573448,0,1,0.6973,1
573452,0,1,0.5864,1
573516,1,1,0.558,1
573528,1,1,0.6807,1
573560,1,1,0.4436,0
573577,0,1,0.8853,1
573614,1,1,0.512,1
573617,1,1,0.4492,0
573620,0,1,0.7725,1
573624,0,1,0.2438,0
573628,1,1,0.4006,0
573659,1,1,0.782,1
573668,1,1,0.918,1
573694,1,1,0.9395,1
573726,0,1,0.89,1
573744,1,1,0.4827,0
573750,1,1,0.8545,1
573763,1,1,0.732,1
573836,1,1,0.927,1
573924,1,1,0.4077,0
573929,0,1,0.4993,0
573953,0,1,0.8613,1
574134,0,1,0.6846,1
574138,1,1,0.6694,1
574161,0,1,0.9424,1
574162,0,1,0.931,1
574224,0,1,0.844,1
574261,0,1,0.8433,1
574282,0,1,0.4666,0
574317,0,1,0.7725,1
574387,1,1,0.9263,1
574392,0,1,0.889,1
574424,0,1,0.8965,1
574449,1,1,0.87,1
574567,0,1,0.934,1
574593,1,1,0.8037,1
574598,0,1,0.8145,1
574699,0,1,0.2391,0
574717,0,1,0.7886,1
574719,1,1,0.862,1
574801,1,1,0.832,1
574816,1,1,0.749,1
574821,1,1,0.0436,0
574886,0,1,0.927,1
575016,0,1,0.02225,0
575024,0,1,0.834,1
575058,0,1,0.9043,1
575067,0,1,0.1978,0
575136,0,1,0.7637,1
575179,0,1,0.92,1
575215,1,1,0.9204,1
575272,0,1,0.6943,1
575344,0,1,0.861,1
575364,1,1,0.3835,0
575376,1,1,0.3457,0
575488,0,1,0.5195,1
575586,0,1,0.846,1
575615,1,1,0.2764,0
575633,1,1,0.3193,0
575635,0,1,0.93,1
575635,1,1,0.818,1
575665,1,1,0.772,1
575666,0,1,0.9204,1
575699,1,1,0.344,0
575729,0,1,0.741,1
575738,1,1,0.4365,0
575762,1,1,0.5376,1
575763,0,1,0.933,1
575802,1,1,0.4617,0
575808,1,1,0.9053,1
575818,0,1,0.9297,1
575862,0,1,0.677,1
575949,0,1,0.6265,1
576025,1,1,0.6436,1
576039,1,1,0.872,1
576055,0,1,0.28,0
576129,0,1,0.2866,0
576168,1,1,0.502,1
576176,0,1,0.349,0
576182,0,1,0.918,1
576223,0,1,0.9136,1
576232,0,1,0.899,1
576235,1,1,0.4446,0
576246,0,1,0.779,1
576263,1,1,0.908,1
576277,1,1,0.856,1
576296,1,1,0.5596,1
576442,1,1,0.2281,0
576558,0,1,0.938,1
