threshold,signal_yield,background_yield,signal_events,background_events,signal_efficiency,background_efficiency,signal_over_background,signal_over_sqrt_background,signal_neff,background_neff,asimov_z_bkg_syst_0pct,asimov_z_bkg_syst_1pct,asimov_z_bkg_syst_5pct,asimov_z_bkg_syst_10pct
7.402077050408503e-05,682.569576,1186262829.1666663,184878,392045,1.0,1.0,5.753948949740725e-07,0.01981784674214172,184877.9999999999,392044.99999999994,0.019817844838867952,0.00054545941420338,0.000336952829501697,0.0005401468571690607
0.0001607153796775473,682.569576,1185076702.4999998,184878,391653,1.0,0.9990001147827419,5.75970799662227e-07,0.01982776196432233,184877.9999999999,391653.00000000006,0.019827760060991136,0.0,0.0004949729403838994,0.0002474275172494056
0.000184441821405175,682.569576,1184516923.333333,184878,391468,1.0,0.9985282301776582,5.762429920200635e-07,0.01983244651413703,184877.9999999999,391468.0,0.019832444611032483,0.0,0.0005792318327876943,0.0
0.00021464553231847878,682.569576,1183893601.6666663,184878,391262,1.0,0.9980027802930787,5.765463847757007e-07,0.019837666732775882,184877.9999999999,391261.99999999994,0.01983766481995608,0.00015686158512245955,0.0,0.0
0.0002611158398063988,682.569576,1182771017.4999998,184878,390891,1.0,0.9970564603553165,5.770935928432995e-07,0.019847078600624516,184877.9999999999,390891.0000000001,0.019847076690411324,0.00045573026096154513,0.000159908183999651,0.00037104909217403157
0.00026345107751503714,682.569576,1182704449.1666663,184878,390869,1.0,0.9970003443482254,5.771260744651283e-07,0.01984763713760928,184877.9999999999,390869.0,0.019847635233502275,0.0,0.0,0.0003530968941715461
0.0003053095318540974,682.569576,1181518322.4999998,184878,390477,1.0,0.9960004591309672,5.777054515377607e-07,0.019857597163529576,184877.9999999999,390477.0000000001,0.019857595253624495,0.0006382032454780535,0.00031062690233526704,0.0
0.00031920681309059235,682.569576,1181025111.6666663,184878,390314,1.0,0.9955846905329745,5.779467085477596e-07,0.019861743120986132,184877.9999999999,390313.99999999994,0.019861741211663415,0.0004468214471106765,0.0,0.0005665340909782845
0.0003375457406720124,682.569576,1180332195.833333,184878,390085,1.0,0.995000573913709,5.782859930530787e-07,0.019867572199062947,184877.9999999999,390085.0,0.01986757028551173,0.0,0.0,0.00043023099082813024
0.00035967351739243236,682.569576,1179279205.833333,184878,389737,1.0,0.9941129207106327,5.788023503031794e-07,0.019876440195222195,184877.9999999999,389737.00000000006,0.01987643827457381,0.00020074786213095396,0.0,0.0
0.000362334474090499,682.569576,1179146069.1666663,184878,389693,1.0,0.9940006886964506,5.788677025250909e-07,0.01987756228194608,184877.9999999999,389692.99999999994,0.019877560369477108,0.00021123881959624004,0.0,0.0
0.0003828236081824525,682.569576,1177959942.4999998,184878,389301,1.0,0.9930008034791926,5.794505834819592e-07,0.01988756745004862,184877.9999999999,389301.00000000006,0.01988756553428569,0.0,0.0,0.0
0.0003902318934587758,682.569576,1177533299.9999998,184878,389160,1.0,0.992641150888291,5.796605293455397e-07,0.01989116994395555,184877.9999999999,389160.00000000006,0.019891168029912257,0.000502334725237888,0.00033301504057822967,0.0003980298435780248
0.00040313137212101845,682.569576,1176773815.833333,184878,388909,1.0,0.9920009182619343,5.80034639466071e-07,0.0198975877413738,184877.9999999999,388909.00000000006,0.01989758582003763,0.0,0.00018718423245009692,9.343397617485416e-05
0.0004161154161162722,682.569576,1175787394.1666663,184878,388583,1.0,0.9911693810659491,5.805212569775576e-07,0.019905932488435665,184877.9999999999,388583.0,0.01990593056501841,0.0,0.0,0.0005799242478182977
0.000418371671331777,682.569576,1175593740.833333,184878,388519,1.0,0.9910061344998662,5.806168851461839e-07,0.019907571954225645,184877.9999999999,388519.0,0.01990757002436739,0.00037514289972864935,0.0003847278258186131,0.0
0.0004331840954515932,682.569576,1174401562.4999998,184878,388125,1.0,0.9900011478274179,5.812062907571277e-07,0.019917673846376372,184877.9999999999,388125.0000000001,0.019917671914196525,0.00021426036623089159,0.0004983718547728622,0.0002491263070516825
0.00043744653459291684,682.569576,1174041488.333333,184878,388006,1.0,0.9896976112436073,5.813845445691825e-07,0.01992072795054287,184877.9999999999,388006.0,0.019920726023881112,0.0,0.0,0.0007156352731303717
0.0004461113617190558,682.569576,1173215435.833333,184878,387733,1.0,0.9890012626101596,5.817938932206189e-07,0.019927739736733494,184877.9999999999,387733.0,0.01992773780793303,0.0,0.0005919974349559528,0.0
0.00045468826052254887,682.569576,1172295582.4999998,184878,387429,1.0,0.9882258414212656,5.822504035580976e-07,0.01993555645279257,184877.9999999999,387429.00000000006,0.019935554521385526,0.0,0.00037504786744363975,0.0
0.00045701026873833827,682.569576,1172026283.333333,184878,387340,1.0,0.9879988266653064,5.823841885684676e-07,0.01993784664050466,184877.9999999999,387340.0,0.019937844703877074,0.0,0.0,0.0
0.0004686526557012994,682.569576,1170840156.6666663,184878,386948,1.0,0.986998941448048,5.829741763754051e-07,0.019947943161827724,184877.9999999999,386947.99999999994,0.019947941224386687,0.0003908718456207772,0.00015193940663945371,0.0
0.0004720572544284567,682.569576,1170549676.6666663,184878,386852,1.0,0.9867540715989236,5.831188454502244e-07,0.019950418118339502,184877.9999999999,386851.99999999994,0.019950416177609967,0.00029136705505227947,0.0,0.0
0.00048115372542739893,682.569576,1169654029.9999998,184878,386556,1.0,0.98599905623079,5.835653607759554e-07,0.01995805503733094,184877.9999999999,386556.0000000001,0.01995805309257697,0.0,0.0003413349238339913,0.000398691873815167
0.000489199337827678,682.569576,1168806796.6666663,184878,386276,1.0,0.9852848525041769,5.839883699740865e-07,0.019965287227639458,184877.9999999999,386275.99999999994,0.019965285283119968,0.00032683322984741834,0.0,0.0
0.0004924973241183649,682.569576,1168467903.333333,184878,386164,1.0,0.9849991710135316,5.84157745414151e-07,0.01996818230596999,184877.9999999999,386164.00000000006,0.019968180364839366,0.0002803600724289457,0.0004548256511228894,0.0006639765323568576
0.0005044331008566708,682.569576,1167281776.6666663,184878,385772,1.0,0.9839992857962734,5.847513339488357e-07,0.019978325006839066,184877.9999999999,385771.99999999994,0.019978323063272376,0.00043900161248836564,0.0,0.0
0.0005065813074130138,682.569576,1167057864.9999998,184878,385698,1.0,0.9838105319542401,5.84863524312053e-07,0.019980241435166485,184877.9999999999,385698.0000000001,0.019980239489440083,0.0,0.000338540320346369,0.0003977333898123748
0.0005148050790888893,682.569576,1166095649.9999998,184878,385380,1.0,0.9829994005790152,5.853461300537397e-07,0.0199884831791715,184877.9999999999,385380.00000000006,0.019988481226956824,0.0,0.0006151151651068366,0.0
0.0005220246601279119,682.569576,1165311959.1666663,184878,385121,1.0,0.9823387621318981,5.857397846393996e-07,0.01999520333599152,184877.9999999999,385120.99999999994,0.019995201382522348,0.0,0.0005157328018598983,0.000570277399382241
0.0005264783922040538,682.569576,1164909523.333333,184878,384988,1.0,0.981999515361757,5.859421374175565e-07,0.019998656862340414,184877.9999999999,384988.00000000006,0.019998654911912477,0.00045061425831485513,0.0,0.0004941426144015288
0.0005381024073192652,682.569576,1163723396.6666663,184878,384596,1.0,0.9809996301444988,5.865393597440177e-07,0.02000884609585934,184877.9999999999,384596.0,0.02000884413991816,0.0003148282214296848,0.0001441031188088149,7.18413861505555e-05
0.000539272210564067,682.569576,1163569079.1666663,184878,384545,1.0,0.9808695430371513,5.866171490985716e-07,0.020010172881175736,184877.9999999999,384544.99999999994,0.020010170922398453,0.0,0.0,0.0
0.0005490900630759898,682.569576,1162537269.9999995,184878,384204,1.0,0.9799997449272404,5.871378007519709e-07,0.0200190509193829,184877.9999999999,384203.9999999999,0.020019048961066863,0.0,0.000310272766853116,0.0
0.0005556108475372738,682.569576,1161823173.333333,184878,383968,1.0,0.9793977732148096,5.874986759316146e-07,0.02002520217454005,184877.9999999999,383968.00000000006,0.020025200214255683,0.0,0.00018692592351753055,0.0003710705505596256
0.000559899109376801,682.569576,1161351143.333333,184878,383812,1.0,0.9789998597099824,5.877374641754563e-07,0.0200292713727074,184877.9999999999,383811.99999999994,0.020029269413961055,0.0,0.00041071620744207485,0.00020528413257906702
0.0005710567115449321,682.569576,1160165016.6666663,184878,383420,1.0,0.977999974492724,5.883383537637845e-07,0.020039507495771554,184877.9999999999,383420.0,0.020039505537087957,0.0006167997523569248,0.00048787142636305534,0.0
0.0005716555595313497,682.569576,1160077267.4999995,184878,383391,1.0,0.9779260033924676,5.883828561445372e-07,0.020040265383578275,184877.9999999999,383390.9999999999,0.02004026341967031,0.0,0.0,0.0
0.000582049627481544,682.569576,1158978889.9999995,184878,383028,1.0,0.9770000892754658,5.889404732816146e-07,0.020049759328657064,184877.9999999999,383027.9999999999,0.02004975736314926,0.0007059433598810807,0.0,0.00027574277472797794
0.0005889705011581495,682.569576,1158331361.6666663,184878,382814,1.0,0.9764542335701258,5.892697017353342e-07,0.0200553626360416,184877.9999999999,382814.0,0.020055360660629608,0.0004391645054002055,0.0,0.0
0.0005946746771708862,682.569576,1157792763.333333,184878,382636,1.0,0.9760002040582076,5.895438265090327e-07,0.020060026911589326,184877.9999999999,382636.00000000006,0.020060024941744983,0.00016710260545065088,0.0006061386476952332,0.0
0.000608029785675777,682.569576,1156606636.6666663,184878,382244,1.0,0.9750003188409494,5.901484172416317e-07,0.020070310284938088,184877.9999999999,382243.99999999994,0.020070308311007777,0.0007152272698147346,0.0,0.0
0.0006083366313199357,682.569576,1156585455.833333,184878,382237,1.0,0.9749824637477841,5.901592247744468e-07,0.020070494060355933,184877.9999999999,382236.99999999994,0.020070492086902952,0.0,0.000640431951785775,0.0
0.0006206674307215959,682.569576,1155420509.9999995,184878,381852,1.0,0.974000433623691,5.907542492905897e-07,0.020080609489218103,184877.9999999999,381851.9999999999,0.02008060751461652,0.0,0.0,0.0
0.0006273624825673484,682.569576,1154839549.9999995,184878,381660,1.0,0.9735106939254422,5.91051437405309e-07,0.020085659785626472,184877.9999999999,381659.99999999994,0.02008565780801366,0.0,9.368716345672892e-05,0.000508517092530321
0.0006331832512862409,682.569576,1154234383.333333,184878,381460,1.0,0.973000548406433,5.91361326482751e-07,0.020090924565089804,184877.9999999999,381460.00000000006,0.02009092257914729,0.0,0.00016019963491997562,0.00036678479304707944
0.0006462957273805445,682.565884,1153099695.833333,184877,381085,0.9999945910275966,0.9720440255582906,5.919400434033736e-07,0.02010069847046669,184876.99999999994,381085.0,0.02010069649260014,0.0,0.0003489239975543687,0.0
0.0006468061788107109,682.565884,1153048256.6666663,184877,381068,0.9999945910275966,0.9720006631891747,5.91966450713192e-07,0.02010114682622343,184876.99999999994,381067.99999999994,0.020101144845033104,0.00019400675605045603,0.00028194290466457283,0.0
0.000659667162685185,682.565884,1151862129.9999995,184877,380676,0.9999945910275966,0.9710007779719164,5.925760264381643e-07,0.02011149371187961,184876.99999999994,380675.9999999998,0.020111491732767314,0.0,0.0,0.000399705469395495
0.0006659464871366968,682.565884,1151350764.1666663,184877,380507,0.9999945910275966,0.9705697050083536,5.928392156790141e-07,0.02011595941832785,184876.99999999994,380506.99999999994,0.02011595743596137,0.0,0.00046678559134880163,0.00023332657047835673
0.000674353621881835,682.565884,1150676003.333333,184877,380284,0.9999945910275966,0.9700008927546583,5.931868588748793e-07,0.020121856591903128,184876.99999999994,380284.0,0.020121854605862383,0.0,0.00041557035040714534,0.0
0.0006864189083783072,682.565884,1149604858.333333,184877,379930,0.9999945910275966,0.9690979351860118,5.937395610780265e-07,0.020131228685129857,184876.99999999994,379930.0,0.020131226694513747,0.0,0.0005564907245858147,0.0
0.000687736825592433,682.565884,1149489876.6666663,184877,379892,0.9999945910275966,0.9690010075374,5.93798951913635e-07,0.02013223550754371,184876.99999999994,379891.99999999994,0.02013223351869146,0.0,0.0004632823671547783,0.0
0.0007022942935071624,682.565884,1148303749.9999995,184877,379500,0.9999945910275966,0.9680011223201418,5.944123094608027e-07,0.020142630500200175,184876.99999999994,379499.99999999994,0.02014262850290103,0.000562215259526065,0.0005034319902031833,0.0
0.0007085777428534218,682.565884,1147858952.4999995,184877,379353,0.9999945910275966,0.9676261653636699,5.946426453471428e-07,0.020146532775777347,184876.99999999994,379352.9999999999,0.020146530788388926,0.0005291267309683739,0.0,0.0
0.0007206425714475641,682.565884,1147117623.333333,184877,379108,0.9999945910275966,0.9670012371028837,5.950269354389109e-07,0.02015304161142112,184876.99999999994,379108.0,0.020153039618239763,0.0,0.0005377130716886475,0.0008420399538201933
0.0007335114338998918,682.565884,1146113046.6666663,184877,378776,0.9999945910275966,0.9661543955413282,5.955484810029532e-07,0.02016187182284021,184876.99999999994,378775.99999999994,0.02016186982433775,0.00045992135363944397,0.0006875529980784863,0.0
0.0007357465143260455,682.565884,1145931496.6666663,184877,378716,0.9999945910275966,0.9660013518856254,5.956428337867283e-07,0.020163468882905624,184876.99999999994,378715.99999999994,0.020163466884826498,3.1688493866467586e-06,0.0,0.0
0.0007516161749147074,682.565884,1144742344.1666663,184877,378323,0.9999945910275966,0.9649989159407721,5.962615845200387e-07,0.020173939018772735,184876.99999999994,378323.0,0.02017393701165088,0.00041617033456022907,0.0005904386637931273,0.00046283392381899673
0.0007561916850007022,682.562192,1144370166.6666663,184876,378200,0.9999891820551932,0.9646851764465814,5.964522773152803e-07,0.020177110145600873,184875.9999999999,378199.99999999994,0.0201771081358031,0.0003245202195080675,0.00020215319856750272,0.0
0.0007668927479332489,682.562192,1143556217.4999995,184876,377931,0.9999891820551932,0.9639990307235138,5.968768142349768e-07,0.020184289600533447,184875.9999999999,377930.9999999998,0.02018428759441252,0.0,0.0,0.0
0.0007791130297156539,682.562192,1142624260.833333,184876,377623,0.9999891820551932,0.9632134066242396,5.973636438475384e-07,0.020192519361527998,184875.9999999999,377623.0,0.020192517353875897,0.0,0.0,0.0
0.0007827553846137348,682.562192,1142373116.6666663,184876,377540,0.9999891820551932,0.9630016962338507,5.974949708127324e-07,0.020194738844236504,184875.9999999999,377539.99999999994,0.020194736827206832,0.00018509803799941546,0.0006349852608591561,0.0
0.0007979537099495308,682.562192,1141183964.1666663,184876,377147,0.9999891820551932,0.9619992602889974,5.981175808919043e-07,0.02020525790697351,184875.9999999999,377146.99999999994,0.020205255895116018,0.0006946375759476886,0.0,0.0
0.0008019861508128189,682.5585,1140884406.6666663,184875,377048,0.9999837730827897,0.9617467382570878,5.982713901702261e-07,0.02020780103493461,184874.99999999994,377047.99999999994,0.020207799018931563,0.0005882777083024519,0.0,0.0
0.0008137775039350445,682.5585,1139997837.4999995,184875,376755,0.9999837730827897,0.9609993750717392,5.98736662077221e-07,0.02021565724784715,184874.99999999994,376754.99999999994,0.020215655227465663,0.0,0.0,0.000486395804115298
0.0008266603054637998,682.5585,1139138500.8333328,184875,376471,0.9999837730827897,0.9602749684347459,5.991883335526599e-07,0.020223280895225758,184874.99999999994,376470.99999999977,0.020223278878666397,0.0003459699958073375,0.0,0.00023622491715724102
0.000831912401575786,682.5585,1138811710.8333328,184875,376363,0.9999837730827897,0.9599994898544808,5.993602748434448e-07,0.02022618229317459,184874.99999999994,376362.9999999998,0.02022618027301223,0.0,0.0,0.0
0.000848764684600463,682.5585,1137625584.1666663,184875,375971,0.9999837730827897,0.9589996046372228,5.999851880089247e-07,0.020236723794863378,184874.99999999994,375970.99999999994,0.020236721776608173,0.00030829427089165213,0.0,0.0
0.0008518149343252479,682.5585,1137392594.9999995,184875,375894,0.9999837730827897,0.9588031986124042,6.001080919644991e-07,0.020238796384398718,184874.99999999994,375893.99999999994,0.020238794364454,0.0,0.0,0.0
0.0008662295604839877,682.5585,1136439457.4999995,184875,375579,0.9999837730827897,0.9579997194199644,6.00611405645426e-07,0.020247281795841964,184874.99999999994,375578.99999999994,0.02024727977431154,0.0005419298355729848,0.0,0.0
0.0008766834935369557,682.5548080000001,1135649714.9999995,184874,375318,0.9999783641103864,0.9573339795176573,6.01025825996003e-07,0.02025421109956503,184873.99999999997,375317.9999999999,0.020254209071995318,0.0,0.0,0.0
0.0008821633316103422,682.5548080000001,1135253330.8333328,184874,375187,0.9999783641103864,0.9569998342027062,6.012356797041685e-07,0.020257746763231797,184873.99999999997,375186.9999999999,0.020257744727700554,0.0,0.0006920227545031257,0.0004957122056949541
0.0008985477747209724,682.5548080000001,1134067204.1666663,184874,374795,0.9999783641103864,0.955999948985448,6.018645151647376e-07,0.020268337834915832,184873.99999999997,374795.0,0.020268335794452443,0.0007207404199175048,0.0,0.0
0.0009013771304529077,682.5548080000001,1133903809.1666663,184874,374741,0.9999783641103864,0.9558622096953155,6.019512435553298e-07,0.02026979811123607,184873.99999999997,374740.99999999994,0.020269796078595147,0.0002681108989620387,0.0,0.0
0.0009165222078421926,682.5548080000001,1132881077.4999995,184874,374403,0.9999783641103864,0.9550000637681898,6.024946674069595e-07,0.02027894553552973,184873.99999999997,374402.9999999998,0.020278943496548272,0.0,0.0006913927005563499,0.0004952264355204413
0.0009267610941393241,682.5548080000001,1132157903.3333328,184874,374164,0.9999783641103864,0.9543904398729736,6.028795152958806e-07,0.020285421164223157,184873.99999999997,374163.9999999998,0.02028541912098053,0.0,0.0,0.0003019979469210319
0.000934709414695144,682.5548080000001,1131694950.8333328,184874,374011,0.9999783641103864,0.9540001785509316,6.031261405711807e-07,0.02028956990863393,184873.99999999997,374010.9999999998,0.020289567869531767,0.0,0.0,0.0
0.0009528274511281745,682.5548080000001,1130508824.1666663,184874,373619,0.9999783641103864,0.9530002933336734,6.03758938815124e-07,0.020300210997948785,184873.99999999997,373618.99999999994,0.020300208948831236,0.0,0.0006815405093379382,0.0004915324160786513
0.0009542758669635186,682.5548080000001,1130411997.4999995,184874,373587,0.9999783641103864,0.9529186700506319,6.038106544423865e-07,0.020301080397635923,184873.99999999997,373586.9999999999,0.020301078351157253,0.0003276974752709061,0.0,0.0
0.0009726781279723278,682.5548080000001,1129322697.4999995,184874,373227,0.9999783641103864,0.9520004081164152,6.043930663139801e-07,0.020310868847355352,184873.99999999997,373226.9999999999,0.02031086679774628,0.0,0.0,0.0006995378743681775
0.000985477967051613,682.5548080000001,1128666091.6666663,184874,373010,0.9999783641103864,0.9514469002282901,6.04744674301407e-07,0.020316775951336852,184873.99999999997,373009.9999999999,0.020316773903682497,0.0,0.0,0.0
0.0009944701021861037,682.5548080000001,1128136570.8333328,184874,372835,0.9999783641103864,0.9510005228991568,6.050285272604983e-07,0.020321543500896093,184873.99999999997,372834.99999999977,0.020321541451430284,0.0001958284602345452,0.0006620343406896134,0.0
0.001012599556155237,682.5548080000001,1126950444.1666663,184874,372443,0.9999783641103864,0.9500006376818988,6.056653258650796e-07,0.020332235002775687,184873.99999999997,372442.9999999999,0.020332232950512674,0.00032236914076975585,0.0,0.0
0.0010130860139426965,682.5548080000001,1126920185.8333328,184874,372433,0.9999783641103864,0.9499751304059482,6.056815882619636e-07,0.02033250796594654,184873.99999999997,372432.9999999998,0.020332505912503778,0.0,0.0,0.0
0.0010313093417555694,682.5548080000001,1125764317.4999995,184874,372051,0.9999783641103864,0.9490007524646404,6.063034663558702e-07,0.020342943397361785,184873.99999999997,372050.9999999999,0.020342941341084185,0.0002982122665153392,0.0,0.0004741265182598882
0.0010401319158051918,682.5548080000001,1125174279.9999995,184874,371856,0.9999783641103864,0.9485033605836064,6.066214097961788e-07,0.02034827658284898,184873.99999999997,371855.9999999999,0.02034827452213301,0.0,0.0,0.0003123047096056961
0.001048287173434807,682.5548080000001,1124578190.8333328,184874,371659,0.9999783641103864,0.9480008672473822,6.06942952978854e-07,0.020353668729185773,184873.99999999997,371658.9999999998,0.020353666669096583,0.0,0.0,0.0
0.00106334404583029,682.5548080000001,1123428374.1666663,184874,371279,0.9999783641103864,0.9470315907612646,6.075641524599232e-07,0.020364081944196886,184873.99999999997,371279.0,0.02036407987643767,0.0003217184141209272,0.0,0.0004684884611029151
0.0010637349218409484,682.5548080000001,1123392064.1666663,184874,371267,0.9999783641103864,0.9470009820301241,6.075837899979471e-07,0.020364411042943547,184873.99999999997,371267.0,0.020364408974780018,0.0,0.0,0.00046002113546418205
0.0010805426841559483,682.5548080000001,1122205937.4999995,184874,370875,0.9999783641103864,0.9460010968128658,6.082259816950936e-07,0.020375170383496333,184873.99999999997,370874.9999999999,0.020375168314976454,0.00024097437503528917,0.0005631258253613121,0.0
0.0010878173462138408,682.5548080000001,1121682468.3333328,184874,370702,0.9999783641103864,0.9455598209389227,6.085098298934666e-07,0.020379924192917103,184873.99999999997,370701.9999999998,0.0203799221186407,0.0004047909869845839,0.0,0.0005824869240365309
0.0011002802288286777,682.5548080000001,1121019810.8333328,184874,370483,0.9999783641103864,0.9450012115956075,6.088695323703595e-07,0.020385946795871426,184873.99999999997,370482.9999999999,0.020385944729635067,0.0,0.0005322650322093579,0.0
0.0011159166286648376,682.5548080000001,1119936562.4999995,184874,370125,0.9999783641103864,0.9440880511165809,6.094584558221354e-07,0.020395803472716002,184873.99999999997,370124.99999999994,0.02039580139689447,0.00021767495925468104,0.0,0.0
0.0011169900380805639,682.5548080000001,1119830658.3333328,184874,370090,0.9999783641103864,0.9439987756507542,6.095160932777645e-07,0.02039676788170407,184873.99999999997,370089.9999999998,0.02039676580415716,0.0,0.0004936276058042214,0.0
0.0011371501595726595,682.5548080000001,1118644531.6666663,184874,369698,0.9999783641103864,0.9429988904334962,6.101623783768585e-07,0.02040757861731372,184873.99999999997,369697.99999999994,0.020407576539336517,0.00047268424872720915,0.0,0.0
0.0011452681977266843,682.5548080000001,1118193682.4999995,184874,369549,0.9999783641103864,0.9426188320218342,6.104083922867275e-07,0.020411692310998028,184873.99999999997,369548.9999999999,0.020411690233033214,0.0005625518195988305,0.0,0.00027671380517318035
0.0011577737736838966,682.5548080000001,1117458404.9999995,184874,369306,0.9999783641103864,0.9419990052162378,6.108100354751015e-07,0.020418406560948413,184873.99999999997,369305.99999999994,0.02041840447911925,0.00036890491681856283,0.0,0.0
0.0011747374765415646,682.5548080000001,1116447776.6666663,184874,368972,0.9999783641103864,0.9411470621994924,6.113629515550443e-07,0.020427646022412045,184873.99999999997,368972.0,0.020427643935465613,0.0,0.0,0.0
0.0011780484349139214,682.5548080000001,1116272278.3333328,184874,368914,0.9999783641103864,0.9409991199989796,6.114590689460629e-07,0.0204292517583082,184873.99999999997,368913.9999999998,0.020429249674057605,0.0,0.00033678599582687174,0.0
0.0011981769693381046,682.5548080000001,1115089177.4999995,184874,368523,0.9999783641103864,0.9400017855093165,6.121078222015121e-07,0.020440086522763336,184873.99999999997,368522.9999999999,0.02044008443710024,0.0005253867117340459,0.0,0.0
0.0012039938081690152,682.5548080000001,1114701870.8333328,184874,368395,0.9999783641103864,0.9396752923771504,6.123205009871683e-07,0.02044363720050228,184873.99999999997,368394.9999999998,0.020443635109062944,0.0004311052241516881,0.0004701353746099773,0.0
0.0012186913224393084,682.5548080000001,1113900024.9999995,184874,368130,0.9999783641103864,0.9389993495644632,6.127612825935617e-07,0.020450994097854565,184873.99999999997,368129.9999999999,0.020450992008619683,0.0,0.00010268226888939124,0.00035534594067680134
0.0012353173896965126,682.5548080000001,1112955964.9999995,184874,367818,0.9999783641103864,0.9382035225548087,6.13281054655204e-07,0.020459665992147092,184873.99999999997,367817.9999999999,0.02045966389378531,0.0,0.0004095813924190929,0.0
0.0012404911524798428,682.5548080000001,1112713898.3333328,184874,367738,0.9999783641103864,0.9379994643472049,6.13414471610679e-07,0.020461891332294983,184873.99999999997,367737.9999999998,0.020461889237504912,0.0,0.0,0.0005992867159844615
0.001260689722811854,682.5548080000001,1111527771.666666,184874,367346,0.9999783641103864,0.9369995791299466,6.140690546818745e-07,0.020472806004969823,184873.99999999997,367345.9999999998,0.020472803905621825,0.0,0.0,0.00031155781153361663
0.0012661003045421123,682.5548080000001,1111210059.166666,184874,367241,0.9999783641103864,0.9367317527324667,6.14244626719696e-07,0.020475732545032273,184873.99999999997,367240.9999999998,0.020475730445604627,0.0,0.0,0.0007213172054698861
0.001280238659554735,682.5548080000001,1110341644.9999995,184874,366954,0.9999783641103864,0.9359996939126886,6.147250362747588e-07,0.02048373816243781,184873.99999999997,366953.99999999994,0.02048373606279461,0.0,0.0,0.0
0.001296499595340918,682.5548080000001,1109464153.3333328,184874,366664,0.9999783641103864,0.9352599829101249,6.152112314303227e-07,0.02049183700765667,184873.99999999997,366663.9999999999,0.02049183489760378,0.0,0.00020001151051768706,0.0003648879683070683
0.0013025661287730183,682.5548080000001,1109155518.3333328,184874,366562,0.9999783641103864,0.9349998086954302,6.153824208760534e-07,0.020494687851431888,184873.99999999997,366561.9999999998,0.020494685747602177,0.0004129363282440021,0.0005086188648420688,0.0
0.001323058372605624,682.5548080000001,1107969391.666666,184874,366170,0.9999783641103864,0.933999923478172,6.160412129916921e-07,0.020505655118860055,184873.99999999997,366169.9999999998,0.02050565301512867,0.0,0.0,0.0
0.001328268521550989,682.5548080000001,1107718247.4999995,184874,366087,0.9999783641103864,0.9337882130877831,6.161808831266006e-07,0.020507979529338024,184873.99999999997,366086.9999999999,0.020507977421042784,0.00047764909538612664,0.0,0.0
0.0013462122597669237,682.5548080000001,1106783264.9999995,184874,365778,0.9999783641103864,0.9330000382609138,6.167014171469248e-07,0.0205166400118062,184873.99999999997,365777.9999999999,0.020516637898130536,0.00024317103012110478,0.00034065912643965767,0.0
0.0013604023400714935,682.5511160000001,1105975367.4999995,184873,365511,0.999972955137983,0.9323189939930364,6.171485695408134e-07,0.02052402116735134,184873.0,365510.9999999999,0.020524019058582615,0.0005345011755330921,0.0,0.0005836496577224658
0.001366454732409867,682.5511160000001,1105597138.3333328,184873,365386,0.999972955137983,0.9320001530436556,6.17359698514536e-07,0.020527531541676417,184873.0,365385.9999999999,0.02052752943170042,0.0,0.00020625091542980927,0.0
0.0013877235384687982,682.5511160000001,1104411011.666666,184873,364994,0.999972955137983,0.9310002678263972,6.18022736816036e-07,0.02053855176800837,184873.0,364993.99999999977,0.020538549653200237,0.00040779021837107616,0.0,0.0006936880723935876
0.0013906216857991474,682.5511160000001,1104229461.666666,184873,364934,0.999972955137983,0.9308472241706944,6.181243479682142e-07,0.02054024010406103,184873.0,364933.9999999998,0.020540237991311036,0.00015883424187126168,0.0,0.0
0.0014090629135773232,682.5474240000001,1103224884.9999995,184872,364602,0.9999675461655796,0.9300003826091392,6.186838542895997e-07,0.02054947860690771,184871.99999999997,364601.9999999999,0.02054947648754245,0.0,0.0,0.0004644491304835328
0.001424371357989132,682.5474240000001,1102486581.666666,184872,364358,0.9999675461655796,0.9293780050759477,6.190981689483877e-07,0.0205563581506754,184871.99999999997,364357.99999999977,0.020556356026778733,0.0004527660837680128,0.0,0.00022337944387835617
0.0014329189066800156,682.5474240000001,1102038758.3333328,184872,364210,0.9999675461655796,0.9290004973918808,6.193497450418622e-07,0.020560534356708238,184871.99999999997,364209.9999999998,0.020560532238411307,0.0,0.0005353610102446239,0.0
0.0014557550465011343,682.5474240000001,1100852631.666666,184872,363818,0.9999675461655796,0.9280006121746226,6.200170707378323e-07,0.02057160796992139,184871.99999999997,363817.99999999977,0.02057160584428177,0.0003770501424385824,0.0,0.00041402112770476076
0.0014574449842435987,682.5474240000001,1100740675.8333328,184872,363781,0.9999675461655796,0.9279062352536059,6.200801323920069e-07,0.020572654107765077,184871.99999999997,363780.9999999998,0.02057265198652677,0.00025296013597475575,0.0003098365894725469,0.0003823254149408592
0.0014766669531712075,682.5474240000001,1099666504.9999995,184872,363426,0.9999675461655796,0.9270007269573645,6.206858360208038e-07,0.020582699494703947,184871.99999999997,363425.99999999994,0.020582697370233667,0.0005152365154043779,0.0003224189411250304,0.0
0.001490345342345692,682.5474240000001,1098994769.9999995,184872,363204,0.9999675461655796,0.9264344654312642,6.210652158062594e-07,0.020588988882035135,184871.99999999997,363203.9999999999,0.02058898675372109,0.0004738982683759985,0.0,0.0004901758464171464
0.0015016274223771334,682.5474240000001,1098480378.3333328,184872,363034,0.9999675461655796,0.9260008417401062,6.213560455541262e-07,0.020593808979394643,184871.99999999997,363033.99999999977,0.02059380684803733,0.0,8.794056322184797e-05,0.00035193089360185877
0.0015235784021943115,682.5474240000001,1097294251.666666,184872,362642,0.9999675461655796,0.9250009565228479,6.220277040213121e-07,0.020604936472515056,184871.99999999997,362641.99999999977,0.020604934342452454,0.0005014912126596204,0.0,0.0
0.001524493166590629,682.5474240000001,1097248864.166666,184872,362627,0.9999675461655796,0.9249626956089222,6.220534340843254e-07,0.020605362627835747,184871.99999999997,362626.99999999977,0.02060536049538373,0.0,0.0,0.0005763630431120828
0.001544679050806712,682.5474240000001,1096108124.9999995,184872,362250,0.9999675461655796,0.9240010713055898,6.227008161261467e-07,0.020616082022770453,184871.99999999997,362249.99999999994,0.020616079884964944,0.0003376896099996377,0.0,0.0
0.0015551906767222747,682.5474240000001,1095505984.166666,184872,362051,0.9999675461655796,0.9234934765141755,6.230430813385314e-07,0.020621747021254945,184871.99999999997,362050.99999999977,0.020621744875806675,0.00022225760219385482,0.00048075932311037194,0.0
0.0015649135817618863,682.5474240000001,1094921998.3333328,184872,361858,0.9999675461655796,0.9230011860883315,6.233753865927978e-07,0.020627245679050762,184871.99999999997,361857.9999999998,0.020627243534502782,0.0,0.0004309334406654907,0.0
0.0015870828234636068,682.5474240000001,1093760078.3333328,184872,361474,0.9999675461655796,0.9220217066918337,6.240376089060254e-07,0.02063819910839914,184871.99999999997,361473.9999999999,0.020638196960492693,0.0,0.0003130002624378453,0.00015639070249058525
0.0015875473320139464,682.5474240000001,1093732845.8333328,184872,361465,0.9999675461655796,0.9219987501434783,6.24053146616399e-07,0.020638456038718535,184871.99999999997,361464.9999999998,0.02063845389486416,0.0,0.00027038242463806907,0.0001350645202940025
0.001611087790919904,682.5437320000001,1092546719.166666,184871,361073,0.9999621371931762,0.92099886492622,6.24727272551426e-07,0.020649544403919216,184871.0,361072.99999999977,0.02064954225053049,0.00038390494040670787,0.0,0.0
0.0016207323134016544,682.5437320000001,1092017198.3333328,184871,360898,0.9999621371931762,0.9205524875970869,6.250302037749199e-07,0.020654550295207453,184871.0,360897.9999999998,0.020654548137697182,0.0,0.0006693591465148053,0.000334628284357489
0.0016337643415466998,682.5437320000001,1091360592.4999995,184871,360681,0.9999621371931762,0.9199989797089619,6.254062467442449e-07,0.020660762659421114,184871.0,360680.9999999999,0.020660760502550564,0.00038006644473295676,0.0,0.0
0.0016546545556577385,682.5437320000001,1090271292.4999995,184871,360321,0.9999621371931762,0.9190807177747452,6.260310958338843e-07,0.020671081260991382,184871.0,360320.9999999998,0.020671079105676737,0.0005834673393111243,0.0,0.0
0.0016563348320789454,682.5437320000001,1090174465.8333328,184871,360289,0.9999621371931762,0.9189990944917036,6.260866984058937e-07,0.020671999218399684,184871.0,360288.9999999998,0.020671997057210355,0.00023015815253538832,0.0004590509859032042,0.0004167508196567572
0.0016803426004833558,682.5437320000001,1088988339.1666663,184871,359897,0.9999621371931762,0.9179992092744456,6.267686323641514e-07,0.020683254130681755,184871.0,359896.9999999999,0.02068325196712861,0.0005970467629519289,0.0002953232344198022,0.0006200609717834403
0.0016884035594728738,682.5437320000001,1088525386.6666663,184871,359744,0.9999621371931762,0.9176089479524034,6.27035198591112e-07,0.02068765198232363,184871.0,359743.99999999994,0.02068764981786421,0.0005752800695585775,0.0,0.0
0.0017017804437420257,682.5437320000001,1087802212.4999995,184871,359505,0.9999621371931762,0.9169993240571872,6.274520534678545e-07,0.02069452744628427,184871.0,359504.9999999999,0.02069452527926728,0.0002951028539202291,0.0,0.0003329227316785361
0.0017201569607693023,682.5437320000001,1086779480.8333328,184871,359167,0.9999621371931762,0.9161371781300615,6.280425275205157e-07,0.02070426261880788,184871.0,359166.9999999999,0.020704260453380825,0.00035808934770766016,0.0,0.0
0.001723410847775689,682.5437320000001,1086616085.8333328,184871,359113,0.9999621371931762,0.915999438839929,6.281369665870104e-07,0.0207058192154152,184871.0,359112.9999999998,0.020705817051418222,0.0,0.0005593322036615402,0.0
0.0017457808986106821,682.5437320000001,1085429959.166666,184871,358721,0.9999621371931762,0.9149995536226706,6.288233766129138e-07,0.0207171294884745,184871.0,358720.9999999998,0.020717127313760155,0.0,0.0,0.00021140764974686625
0.0017529938753072171,682.5437320000001,1085033574.9999995,184871,358590,0.9999621371931762,0.9146654083077197,6.290530981956023e-07,0.020720913330946316,184871.0,358589.9999999998,0.020720911157623915,0.0,0.0,0.0
0.0017678093738473593,682.5437320000001,1084243832.4999995,184871,358329,0.9999621371931762,0.9139996684054126,6.295112884582633e-07,0.020728458316055045,184871.0,358328.9999999999,0.020728456140233137,0.0004359411787787624,0.00020411488168193507,0.0005011302278309737
0.0017858921112886095,682.5437320000001,1083287669.166666,184871,358013,0.9999621371931762,0.9131936384853777,6.300669262902773e-07,0.020737604280146125,184871.0,358012.9999999998,0.020737602102702944,0.0003225085986373075,0.00033934060988519875,0.00016956741137504695
0.0017902118478456883,682.5437320000001,1083057705.8333328,184871,357937,0.9999621371931762,0.9129997831881542,6.302007070572783e-07,0.02073980574894359,184871.0,357936.9999999999,0.020739803566194905,0.0,0.0006181229884406231,0.0
0.0018134880377875685,682.5437320000001,1081871579.166666,184871,357545,0.9999621371931762,0.911999897970896,6.30891637365817e-07,0.020751171838121706,184871.0,357544.9999999998,0.02075116965426879,0.0005370051673352092,0.0,0.0004236683186907166
0.0018198192073920854,682.5437320000001,1081541763.3333328,184871,357436,0.9999621371931762,0.911721868663036,6.310840275796535e-07,0.020754335628726056,184871.0,357435.99999999977,0.0207543334435071,0.0,0.0006404087734454078,0.0003201496691720222
0.0018374631986627055,682.5437320000001,1080685452.4999995,184871,357153,0.9999621371931762,0.9110000127536378,6.31584084361495e-07,0.020762556634766775,184871.0,357152.9999999999,0.02076255444498849,0.0006642217056042161,0.0,0.0
0.0018562096416633493,682.5437320000001,1079795857.4999995,184871,356859,0.9999621371931762,0.9102500988406942,6.321044179408703e-07,0.020771107539923082,184871.0,356858.99999999994,0.020771105350611364,0.0,0.0004655475876431224,0.0
0.0018623593918691377,682.5400400000001,1079499325.8333328,184870,356761,0.9999567282207728,0.9100001275363796,6.322746329397704e-07,0.02077384782022089,184870.0,356760.9999999998,0.020773845632155404,0.00030245515434788823,0.000648866619359463,0.00032437910012462833
0.001887438433656908,682.5400400000001,1078313199.1666663,184870,356369,0.9999567282207728,0.9090002423191215,6.329701245681454e-07,0.02078527012433437,184870.0,356368.9999999999,0.020785267934375316,0.0002484416460230792,0.0005158745503967167,0.000553109574627506
0.0018928423123923943,682.5400400000001,1078052977.4999995,184870,356283,0.9999567282207728,0.9087808797459475,6.331229116242577e-07,0.020787778559166376,184870.0,356282.9999999999,0.02078777636547554,0.0004181258196925416,0.00014708128568533847,0.0004947211426049973
0.001911316669474125,682.5363480000001,1077127072.4999995,184869,355977,0.9999513192483693,0.9080003571018632,6.336637203035303e-07,0.02079659879682409,184868.99999999997,355976.99999999994,0.02079659660683896,9.370762626727142e-05,0.00033261848768763005,0.00016620306714769617
0.0019285712842029782,682.5363480000001,1076310097.4999995,184869,355707,0.9999513192483693,0.9073116606512006,6.341447038222183e-07,0.02080449014636885,184868.99999999997,355706.9999999999,0.0208044879510805,0.0,0.0,0.0
0.0019366851545033574,682.5363480000001,1075940945.8333328,184869,355585,0.9999513192483693,0.9070004718846049,6.343622767059629e-07,0.0208080588150806,184868.99999999997,355584.9999999999,0.020808056614318667,0.0005228203311662982,0.0,0.00047554041990844996
0.0019599882971119676,682.5363480000001,1074754819.166666,184869,355193,0.9999513192483693,0.9060005866673466,6.350623749975079e-07,0.02081953779945668,184868.99999999997,355192.99999999977,0.02081953559621139,0.0,0.0,0.0
0.001963960786776019,682.5363480000001,1074564191.666666,184869,355130,0.9999513192483693,0.9058398908288587,6.351750349519608e-07,0.020821384408748707,184868.99999999997,355129.9999999997,0.020821382202158022,0.0004834505910965856,0.0002848890175041424,0.0
0.001985687621297862,682.5363480000001,1073568692.4999995,184869,354801,0.9999513192483693,0.9050007014500885,6.357640202888093e-07,0.02083103580232442,184868.99999999997,354800.9999999999,0.020831033597555452,0.00021592152111455228,0.00030441582933267354,0.0003772557038057221
0.0020011694142423545,682.5363480000001,1072821311.6666662,184869,354554,0.9999513192483693,0.904370671734112,6.362069252144661e-07,0.02083829050829724,184868.99999999997,354553.9999999998,0.020838288299991927,0.0,0.0,0.000664493283941632
0.0020101883293756964,682.5363480000001,1072382565.8333328,184869,354409,0.9999513192483693,0.9040008162328302,6.364672177131219e-07,0.02084255287625859,184868.99999999997,354408.9999999998,0.02084255066323782,0.0001800603462259474,0.0,0.0
0.002033682637807337,682.5363480000001,1071196439.1666662,184869,354017,0.9999513192483693,0.9030009310155721,6.371719724264366e-07,0.020854089074037657,184868.99999999997,354016.9999999999,0.02085408685980024,0.0,0.0,0.00023485387003202048
0.0020365302930311366,682.5363480000001,1071075405.8333328,184869,353977,0.9999513192483693,0.9028989019117701,6.372439739375435e-07,0.02085526731443014,184868.99999999997,353976.9999999998,0.020855265100036692,0.0,0.00032488064834469867,0.00016233038587667824
0.002061087800967269,682.5363480000001,1070010312.4999995,184869,353625,0.9999513192483693,0.9020010457983139,6.378782896076064e-07,0.02086564444864481,184868.99999999997,353624.9999999999,0.02086564223179072,0.0004463174121348255,0.00020348021077879757,0.0
0.002075226282408223,682.5363480000001,1069329499.9999995,184869,353400,0.9999513192483693,0.9014271320894284,6.382844090619406e-07,0.020872285680932863,184868.99999999997,353399.9999999999,0.020872283463790473,0.00032489361658001944,0.0,0.0
0.002085391557167784,682.5363480000001,1068824185.8333328,184869,353233,0.9999513192483693,0.9010011605810556,6.38586174458473e-07,0.020877219053268975,184868.99999999997,353232.9999999998,0.020877216829051394,0.0,0.0005773495778203473,0.0
0.0021109467164436985,682.5326560000001,1067635033.3333328,184868,352840,0.9999459102759659,0.8999987246362023,6.392939859504427e-07,0.02088872954958205,184868.0,352839.9999999999,0.02088872732237188,0.0,0.00038286087933293427,0.00039387950164352736
0.002111879525558469,682.5326560000001,1067586619.9999995,184868,352824,0.9999459102759659,0.8999579129946816,6.393229769028019e-07,0.020889203179329175,184868.0,352823.9999999999,0.020889200950311885,0.0004992413456131592,0.00031653011877242975,0.0
0.002137147909940106,682.5289640000001,1066448906.6666662,184867,352448,0.9999405013035625,0.8989988394189441,6.400015600684884e-07,0.02090022970572164,184867.0,352447.9999999998,0.020900227478425508,0.000215588797079597,0.0,0.0
0.002148728695701455,682.5289640000001,1065843739.9999995,184867,352248,0.9999405013035625,0.8984886938999349,6.403649412999324e-07,0.020906162248661608,184867.0,352247.9999999999,0.02090616001847871,0.0,0.0,0.0
0.0021608782624703347,682.5289640000001,1065262779.9999995,184867,352056,0.9999405013035625,0.897998954201686,6.407141757078947e-07,0.02091186224529091,184867.0,352055.9999999999,0.02091186001139166,0.0,0.0,0.00024440228916265455
0.0021854020009303404,682.5289640000001,1064097834.1666662,184867,351671,0.9999405013035625,0.897016924077593,6.414156124417953e-07,0.0209233059876618,184867.0,351670.9999999998,0.020923303756779685,0.0005040147626968612,0.0,0.0
0.002185638258336485,682.5289640000001,1064076653.3333329,184867,351664,0.9999405013035625,0.8969990689844277,6.414283800531717e-07,0.020923514229638614,184867.0,351663.9999999999,0.020923511994753227,0.0,0.0002044736116343568,0.0004966777656379686
0.002213754056454825,682.5289640000001,1062890526.6666662,184867,351272,0.9999405013035625,0.8959991837671695,6.421441784230414e-07,0.020935185712997857,184867.0,351271.9999999999,0.020935183477489752,0.0006270737294150665,0.0,0.0
0.0022246484576628088,682.5289640000001,1062351928.3333329,184867,351094,0.9999405013035625,0.8955451542552513,6.424697370021093e-07,0.020940491971236066,184867.0,351093.9999999999,0.020940489731781583,0.0,0.0005138485741775679,0.0005494210343740005
0.002238813354473156,682.5289640000001,1061704399.9999995,184867,350880,0.9999405013035625,0.8949992985499112,6.428615761599937e-07,0.020946876749813746,184867.0,350879.9999999999,0.020946874508417233,5.3066761707236514e-05,0.0003295762823449696,0.0
0.0022629407180899193,682.5289640000001,1060606022.4999995,184867,350517,0.9999405013035625,0.8940733844329094,6.435273320353038e-07,0.02095772037316416,184867.0,350516.9999999999,0.020957718127081002,0.0,0.0,0.0
0.0022649574566749415,682.5289640000001,1060518273.3333329,184867,350488,0.9999405013035625,0.8939994133326531,6.435805786304198e-07,0.02095858739474445,184867.0,350487.9999999999,0.02095858514703686,0.0,0.0006096182829554566,0.000573022434131762
0.0022914865161919903,682.5252720000001,1059332146.6666662,184866,350096,0.9999350923311591,0.8929995281153947,6.442977060100172e-07,0.02097020426804334,184866.0,350095.9999999999,0.020970202011187135,0.0,0.0,0.0
0.0023026820563016776,682.5252720000001,1058863142.4999995,184866,349941,0.9999350923311591,0.8926041653381626,6.445830859581557e-07,0.020974847939143434,184866.0,349940.9999999999,0.020974845687020394,0.0,0.00041976372182337524,0.000629830410966975
0.0023180099100166994,682.5252720000001,1058146019.9999995,184866,349704,0.9999350923311591,0.8919996428981366,6.450199302360939e-07,0.020981954230476507,184866.0,349703.9999999999,0.02098195197643179,0.0004569303428832054,0.0,0.0
0.002342397396468571,682.5252720000001,1057120262.4999995,184866,349365,0.9999350923311591,0.8911349462434158,6.456458136427032e-07,0.020992131491874455,184866.0,349364.9999999999,0.020992129233655954,0.0002586975604428307,0.0,0.0
0.0023453737353745273,682.5252720000001,1056959893.3333329,184866,349312,0.9999350923311591,0.8909997576808784,6.457437754307982e-07,0.020993723966181238,184866.0,349311.9999999999,0.020993721710680882,0.0,0.00044496334783307104,0.0006336403144814654
0.0023728719658554897,682.5252720000001,1055773766.6666662,184866,348920,0.9999350923311591,0.8899998724636201,6.464692470574429e-07,0.021005513530678473,184866.0,348919.9999999998,0.02100551127271177,0.0,0.0,0.0
0.002382092081000177,682.5252720000001,1055371330.8333329,184866,348787,0.9999350923311591,0.889660625693479,6.467157597137593e-07,0.021009518076465252,184866.0,348786.9999999999,0.021009515812210125,0.0,0.00022299931556746052,0.00011133484424867852
0.002400154718017188,682.5252720000001,1054587639.9999995,184866,348528,0.9999350923311591,0.8889999872463619,6.471963506039198e-07,0.021017322979707664,184866.0,348527.9999999999,0.021017320710295526,0.0,0.0004665785532478134,0.0
0.002422731707877238,682.5215800000001,1053628450.8333329,184865,348211,0.9999296833587556,0.8881914065987322,6.477820330878328e-07,0.021026773806714142,184864.99999999997,348210.9999999999,0.021026771531217958,0.0,0.00046243166006667126,0.0
0.0024286032302734146,682.5215800000001,1053401513.3333329,184865,348136,0.9999296833587556,0.8880001020291037,6.479215867464076e-07,0.02102903861573955,184864.99999999997,348135.9999999999,0.021029036341456468,0.0,0.0,0.0
0.002455419055364849,682.5215800000001,1052215386.6666662,184865,347744,0.9999296833587556,0.8870002168118455,6.486519667443504e-07,0.021040887937833364,184864.99999999997,347743.9999999999,0.02104088566661175,0.000349000994789654,0.0,0.0
0.002463657378727138,682.5215800000001,1051885570.8333329,184865,347635,0.9999296833587556,0.8867221875039855,6.488553497879885e-07,0.021044186335630814,184864.99999999997,347634.99999999994,0.021044184062488657,0.0,0.0,0.0003024824411983088
0.002481958442903913,682.5215800000001,1051029259.9999995,184865,347352,0.9999296833587556,0.8860003315945872,6.493839952657458e-07,0.021052757312891093,184864.99999999997,347351.9999999998,0.021052755031367214,0.0,0.0,0.0
0.0025043584401998747,682.5215800000001,1050139664.9999995,184865,347058,0.9999296833587556,0.8852504176816436,6.499341018606324e-07,0.021061672537996592,184864.99999999997,347057.9999999999,0.021061670258075604,0.0,0.0,0.0
0.0025117203070849693,682.5215800000001,1049843133.3333329,184865,346960,0.9999296833587556,0.8850004463773291,6.50117677898165e-07,0.021064646797537022,184864.99999999997,346959.9999999999,0.021064644509788424,0.0005516479110125472,0.00046103758578010484,0.0
0.002540086212466102,682.5178880000001,1048657006.6666662,184864,346568,0.9999242743863522,0.8840005611600708,6.508494995608705e-07,0.021076442438090502,184864.0,346567.9999999999,0.0210764401463437,0.0005627616608585663,0.0,0.0
0.0025455376217439455,682.5178880000001,1048396784.9999995,184864,346482,0.9999242743863522,0.8837811985868969,6.510110463568433e-07,0.0210790579586504,184864.0,346481.9999999999,0.02107905567067048,0.0,0.0004216544649198461,0.0
0.0025670353094446696,682.5178880000001,1047470879.9999995,184864,346176,0.9999242743863522,0.8830006759428126,6.515865032925788e-07,0.021088372248150303,184864.0,346175.9999999999,0.021088369960000325,0.0,0.0004331902605840507,0.0
0.0025843688561410848,682.5178880000001,1046650879.1666662,184864,345905,0.9999242743863522,0.882309428764555,6.520969901094572e-07,0.021096631495588665,184864.0,345904.9999999998,0.02109662920045308,0.000446395798513525,0.0,0.00043741265979133656
0.002592633326411135,682.5178880000001,1046284753.3333329,184864,345784,0.9999242743863522,0.8820007907255544,6.523251780412389e-07,0.021100322338910616,184864.0,345783.9999999999,0.021100320043754988,0.0,0.0006325857187239785,0.0003162337436272933
0.0026220670537336114,682.5178880000001,1045098626.6666662,184864,345392,0.9999242743863522,0.8810009055082961,6.530655294963745e-07,0.021112292767898687,184864.0,345391.9999999999,0.021112290470884844,9.19356872218561e-05,0.0,0.0005177212525095594
0.002626095912295117,682.5178880000001,1044904973.3333329,184864,345328,0.9999242743863522,0.8808376589422132,6.531865628150967e-07,0.021114249058930307,184864.0,345327.99999999994,0.02111424675561599,0.0,0.0006437592885776387,0.0004685902859467226
0.0026504475720936474,682.5178880000001,1043912499.9999995,184864,345000,0.9999242743863522,0.8800010202910379,6.538075633733674e-07,0.02112428359287048,184864.0,344999.9999999999,0.021124281287533287,0.00011906290699468733,0.0005899880217311359,0.0
0.0026685048049027876,682.5178880000001,1043159067.4999995,184864,344751,0.9999242743863522,0.8793658891198713,6.542797826947906e-07,0.02113191083281272,184864.0,344750.9999999999,0.021131908527320564,0.00035495305652248176,0.0007204647337712182,0.0004955237038892348
0.002677044368538231,682.5178880000001,1042726373.3333329,184864,344608,0.9999242743863522,0.8790011350737797,6.545512854136054e-07,0.021136294871811834,184864.0,344607.99999999994,0.021136292561195067,0.0,0.0002907586336997582,0.000369950598891682
0.002704591896345243,682.5178880000001,1041540246.6666662,184864,344216,0.9999242743863522,0.8780012498565214,6.552967013846299e-07,0.021148326662939657,184864.0,344215.9999999999,0.02114832435377669,0.0004295246208756802,0.0,0.0
0.0027075936353704853,682.5178880000001,1041413161.6666662,184864,344174,0.9999242743863522,0.8778941192975295,6.553766680917552e-07,0.021149617002453304,184864.0,344173.9999999998,0.021149614689686996,0.0004726621526883799,0.00038999625878613806,0.0
0.0027357281330717773,682.5141960000001,1040351094.1666663,184863,343823,0.9999188654139488,0.8769988139116682,6.560421763642226e-07,0.02116029533213839,184863.0,343822.99999999994,0.021160293021270635,0.0,0.0,0.0
0.002752187766169722,682.5141960000001,1039670281.6666663,184863,343598,0.9999188654139488,0.8764249002027829,6.564717757497893e-07,0.02116722244940417,184863.0,343597.99999999994,0.021167220133864195,0.0004972758283823969,0.0,0.000540460754989954
0.002764117556721999,682.5141960000001,1039164967.4999995,184863,343431,0.9999188654139488,0.87599892869441,6.567909979124661e-07,0.021172368310613355,184863.0,343430.9999999999,0.021172365993058065,0.0,0.00044256293867769137,0.0
0.002795469828563528,682.5141960000001,1037978840.8333329,184863,343039,0.9999188654139488,0.8749990434771517,6.575415308582294e-07,0.021184461977362408,184863.0,343038.9999999999,0.0211844596630475,0.0,0.0,0.0
0.0027970106687081075,682.5141960000001,1037924375.8333329,184863,343021,0.9999188654139488,0.874953130380441,6.575760352983524e-07,0.021185017796559024,184863.0,343020.9999999999,0.021185015477020536,0.0,0.0008854632515859972,0.0
0.0028262871578467303,682.5105040000001,1036792714.1666663,184862,342647,0.9999134564415454,0.8739991582598936,6.582902200933921e-07,0.02119646173053918,184861.99999999997,342646.9999999999,0.02119645940531847,0.0,0.0003141691517343147,0.00015696324779635964
0.002840718088582543,682.5105040000001,1036181495.8333329,184862,342445,0.9999134564415454,0.8734839112856941,6.586785295283638e-07,0.021202712448231298,184861.99999999997,342444.9999999999,0.021202710121250887,0.0,0.0,0.0
0.0028551191780503797,682.5105040000001,1035606587.4999995,184862,342255,0.9999134564415454,0.8729992730426352,6.590441894036334e-07,0.021208596885889112,184861.99999999997,342254.9999999999,0.021208594559663858,0.00019889412604436258,0.0005221458395376468,0.00042789762953984023
0.0028859379399909916,682.5105040000001,1034435589.9999995,184862,341868,0.9999134564415454,0.8720121414633523,6.597902378822836e-07,0.02122059772464756,184861.99999999997,341867.9999999999,0.021220595392382652,0.00027337046825475257,0.0,0.0
0.0028869089968790516,682.5105040000001,1034420460.8333329,184862,341863,0.9999134564415454,0.8719993878253771,6.597998878040049e-07,0.021220752907572693,184861.99999999997,341862.9999999999,0.021220750573744906,0.0,0.0,0.0
0.002917337745868998,682.5105040000001,1033234334.1666663,184862,341471,0.9999134564415454,0.8709995026081189,6.605573212493609e-07,0.021232929855457803,184861.99999999997,341470.9999999999,0.021232927518819947,0.0003904475562010185,0.0,0.00019226685643536305
0.002930475664793514,682.5068120000001,1032692709.9999995,184861,341292,0.999908047469142,0.8705429223686055,6.609001936306884e-07,0.021238382334939354,184860.99999999997,341291.9999999999,0.021238379993338413,0.0003578476904767115,0.00023503225531858806,0.0005981033531951188
0.0029464407807277453,682.5068120000001,1032048207.4999995,184861,341079,0.999908047469142,0.8699996173908606,6.61312918369659e-07,0.021245012865397195,184860.99999999997,341078.9999999999,0.021245010527265035,0.0003520999219892326,0.0,0.0004387096674376746
0.002973077348552334,682.5068120000001,1030946804.1666663,184861,340715,0.999908047469142,0.8690711525462638,6.620194264549694e-07,0.02125635830126717,184860.99999999997,340714.9999999999,0.0212563559537368,0.0005144476779270727,0.0,0.0
0.002976717309254233,682.5068120000001,1030862080.8333329,184861,340687,0.999908047469142,0.8689997321736025,6.620738357630462e-07,0.02125723178015539,184860.99999999997,340686.9999999999,0.021257229431434266,0.0,0.0001008067840627132,0.0005880886221903871
0.0030080400762155755,682.5068120000001,1029675954.1666663,184861,340295,0.999908047469142,0.8679998469563442,6.628365062213812e-07,0.021269471802054067,184860.99999999997,340294.99999999994,0.021269469452543845,0.0002604481213597907,0.0,0.0002013899168865526
0.003020794814555617,682.5068120000001,1029203924.1666663,184861,340139,0.999908047469142,0.867601933451517,6.631405069239484e-07,0.02127434871597079,184860.99999999997,340138.9999999999,0.021274346362153883,0.0005013343127572932,0.0,0.0
0.0030392246804248012,682.5068120000001,1028489827.4999995,184861,339903,0.999908047469142,0.866999961739086,6.636009358099367e-07,0.021281732991931288,184860.99999999997,339902.9999999999,0.021281730634287923,0.00033217602865294867,0.0,0.00043778682084126455
0.003067330472068817,682.5031200000001,1027461044.1666663,184860,339563,0.9999026384967385,0.8661327143567702,6.642617974422104e-07,0.021292269706424366,184859.99999999997,339562.99999999994,0.02129226734902003,0.0,0.0,0.0
0.0030710305465397594,682.5031200000001,1027303700.8333329,184860,339511,0.9999026384967385,0.8660000765218278,6.643635367480562e-07,0.021293900221537224,184859.99999999997,339510.9999999999,0.021293897859578005,0.0003447185490050953,0.0,0.0
0.0031041475760422406,682.4957360000001,1026117574.1666663,184858,339119,0.9998918205519317,0.8650001913045696,6.651243026943287e-07,0.02130597335253315,184857.99999999997,339118.99999999994,0.021305970990570345,0.00030568085172450805,0.0,0.00019001588081042335
0.003116096298564696,682.4957360000001,1025721189.9999995,184858,338988,0.9998918205519317,0.8646660459896184,6.653813362284154e-07,0.021310089741478706,184857.99999999997,338987.9999999999,0.021310087373617784,0.0,0.00043458292021339575,0.0
0.0031393407810332992,682.4957360000001,1024931447.4999995,184858,338727,0.9998918205519317,0.8640003060873113,6.658940338543963e-07,0.021318298213822442,184857.99999999997,338726.9999999999,0.021318295847946273,0.0,0.000528242619542168,0.0004283823061489207
0.003168720127778357,682.4957360000001,1023975284.1666663,184858,338411,0.9998918205519317,0.8631942761672766,6.66515829584139e-07,0.02132824914679303,184857.99999999997,338410.9999999999,0.02132824677720888,0.0,0.0,0.0006240791799001546
0.0031740914899370852,682.4920440000001,1023745320.8333329,184857,338335,0.9998864115795283,0.8630004208700531,6.666619422928827e-07,0.02133052909921551,184856.99999999997,338334.99999999994,0.021330526730221327,0.0,0.0006417151522309081,0.0
0.003210099546433681,682.4920440000001,1022559194.1666663,184857,337943,0.9998864115795283,0.8620005356527949,6.67435242764793e-07,0.021342896782587408,184856.99999999997,337942.99999999994,0.021342894408301928,0.0006190764663180277,0.0002880531237251652,0.00014389052051070448
0.003218676803409483,682.4920440000001,1022232404.1666663,184857,337835,0.9998864115795283,0.8617250570725299,6.676486102554871e-07,0.021346307987261563,184856.99999999997,337834.9999999999,0.021346305609972967,0.00014580035518601146,0.0,0.0
0.003239887420673335,682.4920440000001,1021373067.4999995,184857,337551,0.9998864115795283,0.8610006504355366,6.682103393136518e-07,0.02135528600370662,184856.99999999997,337550.9999999998,0.021355283623278085,0.0,0.0,0.00040546642374887534
0.0032626303937534832,682.4846600000001,1020492549.9999995,184855,337260,0.9998755936347214,0.8602583887053781,6.687796593909484e-07,0.021364265923601196,184854.99999999997,337259.9999999999,0.021364263546914515,0.0,0.0,0.0
0.0032712877158568034,682.4809680000001,1020186940.8333329,184854,337159,0.999870184662318,0.8600007652182784,6.689763813703791e-07,0.0213673500539209,184854.0,337158.9999999999,0.021367347666996158,0.0,0.0005740075278363549,0.0
0.003304708588657978,682.4809680000001,1019000814.1666663,184854,336767,0.999870184662318,0.8590008800010203,6.697550762588248e-07,0.02137978233677875,184854.0,336766.99999999994,0.021379779954588535,0.0,0.0006644535764278899,0.0
0.0033111961294670744,682.4809680000001,1018749669.9999995,184854,336684,0.999870184662318,0.8587891696106313,6.699201855937783e-07,0.021382417467320704,184854.0,336683.9999999999,0.02138241508340592,0.0,0.0004210079509991732,0.0
0.003337861509300266,682.4809680000001,1017814687.4999995,184854,336375,0.999870184662318,0.8580009947837619,6.705355860764196e-07,0.021392236345550274,184854.0,336374.9999999999,0.021392233953952264,0.0005375547292898483,0.0,0.0
0.0033582848660755446,682.4809680000001,1017003764.1666663,184854,336107,0.999870184662318,0.8573173997882896,6.71070247767692e-07,0.021400763357705122,184854.0,336106.9999999999,0.021400760964591033,0.00037179598989014377,0.00038077122920940614,0.0006123214804128766
0.003369500843174228,682.4809680000001,1016628560.8333329,184854,335983,0.999870184662318,0.8570011095665038,6.71317917175737e-07,0.021404712143587468,184854.0,335982.9999999999,0.021404709749349275,0.00040720528117797923,0.0,0.0
0.003403818610608687,682.4809680000001,1015439408.3333329,184854,335590,0.999870184662318,0.8559986736216505,6.721040786866582e-07,0.02141724170426292,184854.0,335589.99999999994,0.021417239305809098,0.0,0.0,0.0
0.0034085702858307016,682.4809680000001,1015257858.3333329,184854,335530,0.999870184662318,0.8558456299659477,6.722242653904439e-07,0.021419156551011974,184854.0,335529.9999999999,0.021419154150799473,7.680617734732015e-05,0.00032149441792697804,0.0
0.003439919971504054,682.4809680000001,1014253281.6666663,184854,335198,0.999870184662318,0.8549987884043923,6.728900762130312e-07,0.02142976132791645,184854.0,335197.99999999994,0.021429758926382075,0.0006420343660336721,0.0,0.00031208413518662656
0.0034630843315770995,682.4772760000001,1013514978.3333329,184853,334954,0.9998647756899146,0.854376410871201,6.733766057629407e-07,0.02143744927978181,184852.99999999997,334953.9999999999,0.021437446874686544,0.0,0.00024182230295811106,0.0
0.0034771034504777944,682.4772760000001,1013067154.9999996,184853,334806,0.9998647756899146,0.8539989031871341,6.736742698957606e-07,0.0214421869367317,184852.99999999997,334805.99999999994,0.02144218452803543,0.00018052676954951545,0.0,0.0
0.003511873947123024,682.4735840000001,1011881028.3333329,184852,334414,0.9998593667175112,0.8529990179698759,6.74460302041734e-07,0.021454634455057603,184852.0,334413.9999999999,0.021454632045709025,0.0,0.00034701398097252887,0.0006058786804391868
0.0035151355459537084,682.4735840000001,1011772098.3333329,184852,334378,0.9998593667175112,0.8529071917764541,6.7453291618164e-07,0.0214557893546813,184852.0,334377.9999999999,0.02145578694539531,0.0,6.503455112432283e-05,0.0
0.0035459236564285004,682.4735840000001,1010694901.6666663,184852,334022,0.9998593667175112,0.8519991327526176,6.752518320559257e-07,0.021467220079129337,184852.0,334021.99999999994,0.02146721766398388,0.0004672355536426655,0.0,0.0007064499820692801
0.003568070372601531,682.4698920000001,1010029218.3333329,184851,333802,0.9998539577451078,0.8514379726817074,6.756932171983655e-07,0.021474176979956672,184850.99999999997,333801.9999999999,0.021474174559262926,0.0,0.0,0.0005670242719185991
0.0035837398692357926,682.4698920000001,1009508774.9999996,184851,333630,0.9998539577451078,0.8509992475353595,6.76041564869013e-07,0.021479711677852342,184850.99999999997,333629.99999999994,0.021479709260474586,0.0,0.0005291878910110281,0.0
0.0036191458700365916,682.4698920000001,1008322648.3333329,184851,333238,0.9998539577451078,0.8499993623181011,6.768368171914632e-07,0.02149234164837051,184850.99999999997,333237.9999999999,0.02149233922106802,0.0,0.0,0.0005583061198706427
0.003620222326135202,682.4698920000001,1008283312.4999996,184851,333225,0.9998539577451078,0.8499662028593656,6.768632224090293e-07,0.02149276088119584,184850.99999999997,333224.99999999994,0.02149275845834716,0.0004956046889747773,0.0005560141311851648,0.0
0.003659290524089173,682.4662000000001,1007136521.6666663,184850,332846,0.9998485487727042,0.848999477100843,6.776302768472903e-07,0.02150487758730373,184849.99999999997,332845.99999999994,0.021504875159759677,0.0006072252252643806,0.0,0.0
0.003677480985242666,682.4662000000001,1006543458.3333329,184850,332650,0.9998485487727042,0.8484995344922138,6.780295419435238e-07,0.021511212075983478,184849.99999999997,332649.9999999999,0.02151120964170774,0.00021838330455314814,0.0004787190991313504,0.0
0.003695531295912201,682.4662000000001,1005950394.9999996,184850,332454,0.9998485487727042,0.8479995918835848,6.784292778174219e-07,0.021517552165634463,184849.99999999997,332454.0,0.02151754973494663,0.00038150455786905316,0.00019073776405474237,0.0
0.0037315660161877464,682.4662000000001,1004797552.4999996,184850,332073,0.9998485487727042,0.8470277646698721,6.792076655660448e-07,0.021529892580543206,184849.99999999997,332072.9999999999,0.021529890141171366,0.0,0.0,0.0
0.0037329562750696094,682.4662000000001,1004764268.3333329,184850,332062,0.9998485487727042,0.8469997066663265,6.792301652327373e-07,0.02153024918090263,184849.99999999997,332061.9999999999,0.021530246740744326,0.0,0.0003070689511403504,0.0
0.0037686737019068223,682.4588160000001,1003578141.6666663,184848,331670,0.9998377308278974,0.8459998214490683,6.800255881087888e-07,0.021542735613436555,184847.99999999997,331669.9999999999,0.0215427331736304,0.0006324480545609883,0.00039167938499409165,0.0006103863090758075
0.003786416722658559,682.4588160000001,1003057698.3333329,184848,331498,0.9998377308278974,0.8455610963027202,6.803784240268177e-07,0.021548323686386556,184847.99999999997,331497.9999999999,0.021548321247570255,0.00031479917958728807,0.0006927032541052821,0.0
0.0038055069525197026,682.4551240000001,1002392014.9999996,184847,331278,0.999832321855494,0.8449999362318101,6.808265766163354e-07,0.021555360951911632,184846.99999999997,331277.99999999994,0.02155535851088863,0.0,0.0,0.0
0.003837637363450583,682.4551240000001,1001314818.3333329,184847,330922,0.999832321855494,0.8440918772079735,6.815589977345308e-07,0.02156695227222045,184846.99999999997,330921.99999999994,0.021566949824299804,0.0,0.0,0.0
0.003841196316142063,682.4551240000001,1001205888.3333329,184847,330886,0.999832321855494,0.8440000510145518,6.816331505361556e-07,0.02156812546958272,184846.99999999997,330885.9999999999,0.021568123019880234,0.0,0.0004987997401967694,0.0
0.003880457545372758,682.4551240000001,1000019761.6666663,184847,330494,0.999832321855494,0.8430001657972936,6.824416378158344e-07,0.021580912690578415,184846.99999999997,330493.99999999994,0.021580910232783388,0.00047454831818315353,0.0,0.0005422228760079818
0.0038969283252537723,682.4551240000001,999568912.4999996,184847,330345,0.999832321855494,0.8426201073856318,6.827494487529896e-07,0.021585779108238213,184846.99999999997,330344.99999999994,0.0215857766504611,0.0,0.0004892566840944723,0.0004132512536618057
0.003917538401199478,682.4514320000001,998833634.9999996,184846,330102,0.9998269128830906,0.8420002805800354,6.832483489605357e-07,0.021593605862841744,184845.99999999997,330101.99999999994,0.021593603403901263,0.0005319941793090853,0.0005704723070635686,0.0
0.0039516573861756105,682.4477400000001,997829058.3333329,184845,329770,0.9998215039106871,0.8411534390184799,6.839325175996457e-07,0.021604356064191973,184844.99999999997,329769.99999999994,0.02160435360281486,0.0,0.0003380642226567148,0.000373245344684398
0.003957338975717112,682.4477400000001,997647508.3333329,184845,329710,0.9998215039106871,0.8410003953627772,6.840569783410729e-07,0.021606321734624203,184844.99999999997,329709.9999999999,0.02160631926788221,0.0,0.0005984919574895447,0.0002991772604598939
0.003995928670744927,682.4477400000001,996461381.6666663,184845,329318,0.9998215039106871,0.8400005101455189,6.848712379184713e-07,0.0216191773319075,184844.99999999997,329317.99999999994,0.021619174862723373,0.0006489466171129579,0.0,0.0004543223517195531
0.0040084344606633035,682.4477400000001,996083152.4999996,184845,329193,0.9998215039106871,0.8396816691961382,6.851312947992063e-07,0.021623281521059474,184844.99999999997,329192.99999999994,0.021623279050669797,0.0004414643030327137,0.0006399024779164178,0.0003198867603789148
0.004036445619475004,682.4477400000001,995275254.9999996,184845,328926,0.9998215039106871,0.8390006249282608,6.856874382956505e-07,0.021632055903479358,184844.99999999997,328925.99999999994,0.021632053430870164,0.0002406877445469126,0.0,0.0
0.004069896494972166,682.4477400000001,994337246.6666663,184845,328616,0.9998215039106871,0.8382098993737963,6.863342817417142e-07,0.021642256801432613,184844.99999999997,328615.99999999994,0.021642254325845402,0.0004996541045163124,0.0,0.000250899030373392
0.004077834689478465,682.4477400000001,994089128.3333329,184845,328534,0.9998215039106871,0.8380007397110025,6.865055864197774e-07,0.021644957517850477,184844.99999999997,328533.9999999999,0.021644955041615125,0.0,0.0,0.0
0.004117870620325571,682.4440480000001,992903001.6666663,184844,328142,0.9998160949382837,0.8370008544937443,6.87321970881812e-07,0.021657765076016546,184843.99999999997,328141.9999999999,0.021657762595997825,0.0006172474927292706,0.0,0.0
0.004129803408577738,682.4403560000001,992597392.4999996,184843,328041,0.9998106859658803,0.8367432310066446,6.875298697704369e-07,0.021660981720290767,184843.0,328040.99999999994,0.02166097923962296,0.0006059778973063477,0.0,0.00015601526199930798
0.004160012744789948,682.4366640000001,991716874.9999996,184842,327750,0.9998052769934769,0.8360009692764861,6.88136585353557e-07,0.021670478436920416,184842.0,327749.99999999994,0.02167047595126056,0.0,7.054315719334645e-05,0.0
0.004189014585448462,682.4366640000001,990854512.4999996,184842,327465,0.9998052769934769,0.8352740119118979,6.887354857759708e-07,0.021679906533271148,184842.0,327464.9999999999,0.021679904040017232,0.0002714904298667469,0.0,0.0
0.004200779619429115,682.4366640000001,990530748.333333,184842,327358,0.9998052769934769,0.8350010840592279,6.889606053605787e-07,0.021683449383105395,184842.0,327358.0,0.021683446894126164,0.0,8.355578399509094e-05,0.0
0.0042416323965159776,682.4366640000001,989341595.833333,184842,326965,0.9998052769934769,0.8339986481143746,6.897887108700573e-07,0.021696476827149206,184842.0,326964.99999999994,0.021696474328684174,0.0,2.9503370200492256e-05,1.325816929147872e-05
0.004249518147433687,682.4366640000001,989108606.6666663,184842,326888,0.9998052769934769,0.833802242089556,6.899511938328367e-07,0.02169903203007218,184842.0,326887.99999999994,0.021699029540046183,0.0004959137579124852,0.0,0.0
0.004279117510787573,682.4366640000001,988155469.1666663,184842,326573,0.9998052769934769,0.8329987628971164,6.906166947348014e-07,0.021709494541732755,184842.0,326572.99999999994,0.021709492039568668,0.0,0.0,0.0003286493276815642
0.004307352746101849,682.4366640000001,987362700.833333,184842,326311,0.9998052769934769,0.8323304722672142,6.911712012455243e-07,0.021718208232514677,184842.0,326310.99999999994,0.0217182057298255,0.0,0.0,0.0
0.004322077669495166,682.4366640000001,986969342.4999996,184842,326181,0.9998052769934769,0.8319988776798581,6.914466687196014e-07,0.02172253571604655,184842.0,326181.0,0.021722533214781292,0.0003181544588622063,0.0,0.0
0.0043677695482124855,682.4366640000001,985783215.833333,184842,325789,0.9998052769934769,0.8309989924626,6.922786400081902e-07,0.02173560042063817,184842.0,325788.99999999994,0.021735597911465294,0.0003372814527865199,0.0006339644273686725,0.000565087228667226
0.0043747739065667654,682.4366640000001,985616794.9999996,184842,325734,0.9998052769934769,0.8308587024448724,6.923955308614646e-07,0.021737435365047252,184842.0,325733.99999999994,0.021737432856993914,0.0005032871093194135,0.0,0.0
0.004412910046160562,682.4366640000001,984597089.1666663,184842,325397,0.9998052769934769,0.8299991072453416,6.931126158189176e-07,0.02174868872635258,184842.0,325396.9999999999,0.02174868621268691,7.834261055391804e-05,0.0,0.0006502302113255104
0.004439204462035824,682.4366640000001,983873914.9999996,184842,325158,0.9998052769934769,0.8293894833501256,6.936220724989953e-07,0.021756680197883602,184842.0,325157.99999999994,0.02175667768376972,0.0004138779473195149,3.7916300364434565e-05,0.0
0.004457266081907106,682.4366640000001,983410962.4999996,184842,325005,0.9998052769934769,0.8289992220280835,6.939486034049578e-07,0.021761800704333697,184842.0,325004.99999999994,0.021761798190787607,0.0004636151533264024,0.0005937643297315318,0.00029681087944642107
0.004498879218192263,682.4366640000001,982224835.833333,184842,324613,0.9998052769934769,0.8279993368108253,6.947866100545212e-07,0.021774936426026056,184842.0,324613.0,0.021774933902194555,0.0,0.0005663198012021987,0.0
0.0045019697902568675,682.4366640000001,982128009.1666663,184842,324581,0.9998052769934769,0.8279177135277838,6.948551081228671e-07,0.02177600978027721,184842.0,324580.99999999994,0.02177600726025954,0.00042354041073832944,0.0,0.00040220585582892887
0.004544686037435487,682.4366640000001,981038709.1666663,184842,324221,0.9998052769934769,0.826999451593567,6.956266430910654e-07,0.02178809596317644,184842.0,324220.99999999994,0.0217880934396463,0.0,0.0,0.0005374166026018758
0.004566637029783292,682.4366640000001,980382103.333333,184842,324004,0.9998052769934769,0.826445943705442,6.960925354305141e-07,0.021795390974114273,184842.0,324003.99999999994,0.021795388442222157,0.0,0.0,0.00031988892732525846
0.004584739296325058,682.4366640000001,979852582.4999996,184842,323829,0.9998052769934769,0.8259995663763088,6.964687098735083e-07,0.021801279387835496,184842.0,323828.99999999994,0.02180127685907676,0.0003343153295337898,0.0,0.0
0.00462781131466745,682.4329720000001,978666455.833333,184841,323437,0.9997998680210735,0.8249996811590506,6.973090453160668e-07,0.021814368755421875,184840.99999999997,323436.99999999994,0.02181436622163772,0.0,0.00044666428863103784,0.00022323637906580024
0.004628800954333565,682.4329720000001,978639223.333333,184841,323428,0.9997998680210735,0.8249767246106952,6.973284492681298e-07,0.021814672266486177,184840.99999999997,323427.99999999994,0.021814669730248936,0.0,0.0004104357583542006,0.00020511376501025644
0.0046781055622550525,682.4329720000001,977480329.1666663,184841,323045,0.9997998680210735,0.8239997959417923,6.981551972322515e-07,0.021827600100891797,184840.99999999997,323044.9999999999,0.021827597560164277,0.0006142010364292148,0.0,0.0003815855959815293
0.004700154990904432,682.4292800000001,976896343.333333,184840,322852,0.99979445904867,0.8235075055159484,6.985687730915623e-07,0.02183400524071015,184839.99999999997,322851.99999999994,0.02183400270118487,0.0,0.0,0.0
0.004725094169248369,682.4292800000001,976294202.4999996,184840,322653,0.99979445904867,0.8229999107245342,6.989996235279296e-07,0.02184073739149931,184839.99999999997,322652.99999999994,0.02184073484537022,0.0,0.0003094135972381908,0.0
0.004769941014000659,682.4292800000001,975150437.4999996,184840,322275,0.99979445904867,0.8220357356936066,6.998194881084697e-07,0.02185354226206433,184839.99999999997,322274.99999999994,0.021853539710958193,0.00025858036074524445,0.00028943716693832853,0.0005879548958410829
0.004770959351418927,682.4292800000001,975108075.833333,184840,322261,0.99979445904867,0.8220000255072759,6.998498903998841e-07,0.021854016949148545,184839.99999999997,322260.99999999994,0.02185401440282625,0.0003871963243005948,0.00018742367111380432,0.0
0.004818139709113457,682.4218960000001,973921949.1666663,184838,321869,0.9997836411038632,0.8210001402900177,7.006946466130192e-07,0.021867084150812302,184838.0,321868.99999999994,0.02186708160234303,0.0,0.0,0.0006529985095218123
0.004838804125416131,682.4218960000001,973410583.333333,184838,321700,0.9997836411038632,0.8205690673264548,7.010627454481998e-07,0.021872827159828377,184838.0,321699.99999999994,0.021872824603773343,0.0,0.0005015372453283045,0.000528187856933912
0.004864845866236967,682.4218960000001,972735822.4999996,184838,321477,0.9997836411038632,0.8200002550727595,7.015490539313415e-07,0.021880412142389647,184838.0,321476.99999999994,0.02188040958227592,0.0006070165850452657,0.0,0.0
0.0049024085378007775,682.4145120000001,971670729.1666663,184836,321125,0.9997728231590564,0.819102398959303,7.023104550913652e-07,0.02189216404295546,184835.99999999997,321124.99999999994,0.021892161477255322,0.0,0.0,0.00045808091164154213
0.004906589485916453,682.4145120000001,971549695.833333,184836,321085,0.9997728231590564,0.8190003698555013,7.023979472451676e-07,0.02189352763716055,184835.99999999997,321085.0,0.02189352507477169,0.0,0.0005176753636876939,0.00041811160952979093
0.004954917970836528,682.4145120000001,970363569.1666663,184836,320693,0.9997728231590564,0.818000484638243,7.032565253722864e-07,0.02190690435850635,184835.99999999997,320692.99999999994,0.02190690178936445,0.00029658456774791375,0.0,0.0005121630050144855
0.004970456813353365,682.4145120000001,969924823.333333,184836,320548,0.9997728231590564,0.8176306291369613,7.035746437076963e-07,0.021911858596234176,184835.99999999997,320547.99999999994,0.021911856024446993,0.0,0.000330660415674576,0.0003673879085969197
0.005004045334014889,682.4108200000001,969177442.4999996,184835,320301,0.9997674141866529,0.8170005994209848,7.04113395623114e-07,0.0219201870357019,184834.99999999994,320300.9999999999,0.021920184464660517,0.0004365569683807342,0.0003245617007727166,0.0
0.00504467348276758,682.4108200000001,968181943.333333,184835,319972,0.9997674141866529,0.8161614100422145,7.048373755562332e-07,0.021931453472580815,184834.99999999994,319971.99999999994,0.0219314508949258,0.00023199355676627436,0.00048717474983223135,0.0002434976609465932
0.005051313256196169,682.4071280000001,967991315.833333,184834,319909,0.9997620052142495,0.8160007142037267,7.049723658032235e-07,0.02193349419192353,184833.99999999997,319909.0,0.02193349161586155,0.0,0.0006694428665127116,6.727584365306547e-05
0.005101888647058103,682.4071280000001,966805189.1666663,184834,319517,0.9997620052142495,0.8150008289864683,7.058372624046402e-07,0.021946944640950206,184833.99999999997,319516.99999999994,0.021946942055621695,0.0006081227964728124,0.0,0.0007193540791647262
0.005115753434665567,682.4071280000001,966439063.333333,184834,319396,0.9997620052142495,0.8146921909474678,7.061046618359135e-07,0.02195110143821619,184833.99999999997,319395.99999999994,0.021951098854623156,0.0,0.0,0.0
0.0051479456958430396,682.403436,965619062.4999996,184833,319125,0.9997565962418461,0.8140009437692102,7.067004603588181e-07,0.021960301053756966,184832.99999999997,319124.99999999994,0.021960298465321777,0.00030417188577394524,0.0005053443032317689,0.0
0.005183637483733503,682.403436,964696183.333333,184833,318820,0.9997565962418461,0.813222971852721,7.073765272316912e-07,0.021970802732914737,184832.99999999997,318819.99999999994,0.021970800138844778,0.0,0.0001753946318269468,0.0005735463852825394
0.005194756436647067,682.403436,964432935.833333,184833,318733,0.9997565962418461,0.8130010585519519,7.075696097109738e-07,0.021973801056620758,184832.99999999997,318732.99999999994,0.021973798466753465,0.00020053392113288107,0.0003875050666940469,0.0
0.005243982477805162,682.403436,963243783.333333,184833,318340,0.9997565962418461,0.8119986226070987,7.084431249984539e-07,0.021987360521661586,184832.99999999997,318339.99999999994,0.021987357924017962,0.0,0.0006813810851404959,0.0005743771759192943
0.0052559290826595766,682.403436,962950277.4999996,184833,318243,0.9997565962418461,0.8117512020303791,7.086590574246969e-07,0.021990711123998117,184832.99999999997,318242.99999999994,0.02199070852945001,0.0003396237196855148,0.00034452874908338867,0.0004934054046732226
0.0052926088870861535,682.403436,962057656.6666664,184833,317948,0.9997565962418461,0.8109987373898405,7.093165687848572e-07,0.022000910520942468,184832.99999999997,317947.99999999994,0.02200090791859026,0.0005623754081631866,0.0,0.0
0.005327111317393845,682.403436,961207397.4999996,184833,317667,0.9997565962418461,0.8102819829356324,7.099440118489104e-07,0.022010639087798455,184832.99999999997,317666.99999999994,0.02201063647880566,0.0,0.0,0.00039541662667078715
0.005342061772225892,682.396052,960871529.9999996,184831,317556,0.9997457782970393,0.8099988521725822,7.101844842879259e-07,0.022014247392762185,184830.99999999997,317555.9999999999,0.022014244786106106,0.00017742856827187168,0.00048429571643232176,0.00024205623473457804
0.005393099209269331,682.39236,959685403.333333,184830,317164,0.9997403693246358,0.808998966955324,7.110583922916881e-07,0.022027728308060525,184829.99999999997,317163.99999999994,0.02202772569682631,0.0,0.00033518634405010206,0.00036686452118655453
0.005401198848629701,682.388668,959473594.9999996,184829,317094,0.9997349603522324,0.8088204160236707,7.112115138509886e-07,0.02203004034501616,184828.99999999997,317093.99999999994,0.022030037733827126,0.0,0.0,0.0
0.005443731626483932,682.388668,958499276.6666664,184829,316772,0.9997349603522324,0.8079990817380658,7.119344631882406e-07,0.022041234312948958,184828.99999999997,316772.0,0.02204123169794984,0.0004471407506678732,0.0,0.0
0.005479396018117339,682.388668,957727689.1666664,184829,316517,0.9997349603522324,0.807348646201329,7.125080288675343e-07,0.02205011121872682,184828.99999999997,316516.99999999994,0.022050108593528663,0.0,0.0,0.0
0.00549524925172334,682.388668,957313149.9999996,184829,316380,0.9997349603522324,0.8069991965208075,7.128165616444319e-07,0.02205488481105453,184828.99999999997,316380.0,0.022054882188977283,0.000473480273696522,0.0,0.0
0.005548227695791584,682.381284,956127023.333333,184827,315988,0.9997241424074256,0.8059993113035493,7.136931258579255e-07,0.022068321902784196,184826.99999999994,315987.99999999994,0.022068319276455438,0.0,0.00037551078422130374,0.0
0.005553768824232311,682.381284,955987834.9999996,184827,315942,0.9997241424074256,0.8058819778341771,7.137970369675261e-07,0.02206992837780168,184826.99999999994,315941.99999999994,0.0220699257502831,0.0006008353209485315,0.0,0.0
0.005595901144650437,682.381284,954940896.6666664,184827,315596,0.9997241424074256,0.8049994260862912,7.145796000380047e-07,0.022082023118232173,184826.99999999994,315596.0,0.022082020487246546,0.00018311069236778406,0.0,0.0
0.005626964817748175,682.377592,954244954.9999996,184826,315366,0.9997187334350222,0.8044127587394304,7.150968820160022e-07,0.02208995446796547,184825.99999999997,315365.99999999994,0.022089951834941033,0.0001937269843609736,0.00011268008285599763,0.0
0.005647384466257442,682.377592,953754769.9999996,184826,315204,0.9997187334350222,0.8039995408690329,7.154644081098544e-07,0.022095630336510155,184825.99999999997,315203.99999999994,0.022095627699050307,0.0,0.0005214455563060728,0.0002606364066095027
0.005699164219575443,682.377592,952568643.333333,184826,314812,0.9997187334350222,0.8029996556517747,7.163552955219577e-07,0.02210938265928567,184825.99999999997,314811.99999999994,0.022109380020881194,0.0,0.00034075391783835996,0.0003670689696921892
0.005702701411428938,682.377592,952499049.1666664,184826,314789,0.9997187334350222,0.8029409889170886,7.164076358889876e-07,0.022110190353507593,184825.99999999997,314788.99999999994,0.02211018771437002,0.0007283522652014249,0.00017989809352208177,0.0003373342924888114
0.0057532087449022875,682.3739,951382516.6666664,184825,314420,0.9997133244626187,0.8019997704345165,7.172445236757297e-07,0.022123040995176275,184824.99999999997,314420.0,0.022123038355653452,0.0006119175246345486,0.0,0.0
0.005783453962033324,682.3739,950756169.1666664,184825,314213,0.9997133244626187,0.8014717698223418,7.177170363228858e-07,0.022130327001020324,184824.99999999997,314212.99999999994,0.0221303243549357,0.00024071798439548767,0.0,0.00010840391046647653
0.005807443451068107,682.3739,950196389.9999996,184825,314028,0.9997133244626187,0.8009998852172582,7.181398573825358e-07,0.022136844744171755,184824.99999999997,314027.99999999994,0.02213684209671202,0.00017093536264837402,0.0,0.0
0.005860849562305511,682.3739,949010263.333333,184825,313636,0.9997133244626187,0.8,7.190374291666866e-07,0.022150674364146247,184824.99999999997,313635.99999999994,0.02215067171019396,0.0,0.0002089070259812524,0.0
0.005860851667164648,682.3739,949010263.333333,184825,313636,0.9997133244626187,0.8,7.190374291666866e-07,0.022150674364146247,184824.99999999997,313635.99999999994,0.02215067171019396,0.0,0.0002089070259812524,0.0
0.005914090282010551,682.370208,947824136.6666664,184824,313244,0.9997079154902153,0.7990001147827418,7.19933352193138e-07,0.022164410014303762,184823.99999999997,313244.0,0.022164407354305696,0.0,0.0005399737165836564,0.0
0.00593903513063815,682.370208,947267383.333333,184824,313060,0.9997079154902153,0.7985307809052532,7.203564906867287e-07,0.022170922587570713,184823.99999999997,313059.99999999994,0.02217091992218241,0.0,0.00018775014732471646,0.0
0.005970986956021834,682.370208,946638009.9999996,184824,312852,0.9997079154902153,0.7980002295654836,7.208354205003878e-07,0.022178291544224436,184823.99999999997,312851.99999999994,0.022178288883278274,0.0,0.0003316305890466025,0.0001656774431466009
0.006025574743814346,682.366516,945524503.333333,184823,312484,0.9997025065178118,0.7970615618105065,7.216804150441357e-07,0.022191226880889234,184822.99999999994,312483.99999999994,0.02219122420959664,0.0,0.0001234015025050525,0.00032975071781718836
0.006029667721695503,682.366516,945451883.333333,184823,312460,0.9997025065178118,0.7970003443482253,7.217358471953265e-07,0.022192079116725032,184822.99999999994,312459.99999999994,0.02219207644910935,0.0,0.0,0.00029420266201293115
0.006087006077899203,682.359132,944265756.6666664,184821,312068,0.9996916885730049,0.7960004591309672,7.226346260916867e-07,0.022205772587619372,184820.99999999994,312068.0,0.02220576991452252,0.0,0.0,0.0003807065901210162
0.006107389983504741,682.35544,943787674.9999996,184820,311910,0.9996862796006015,0.7955974441709497,7.229967693740017e-07,0.02221127593554174,184819.99999999997,311909.99999999994,0.022211273261265294,0.0002790053632469572,0.0,0.0
0.006141990337048786,682.351748,943079629.9999996,184819,311676,0.9996808706281981,0.7950005739137088,7.235356658058665e-07,0.02221949203521487,184818.99999999997,311675.99999999994,0.022219489354745627,0.0,0.0,0.00044923729356317703
0.006197916473918386,682.348056,942047820.833333,184818,311335,0.9996754616557947,0.794130775803798,7.243242231550376e-07,0.022231536734637805,184817.99999999997,311334.99999999994,0.022231534045710467,6.177514724154298e-05,0.0,0.0
0.006204855352667021,682.348056,941893503.333333,184818,311284,0.9996754616557947,0.7940006886964507,7.244428946427495e-07,0.022233357840022568,184817.99999999997,311284.0,0.022233355151545172,0.0,0.0,0.0
0.006259624259335647,682.344364,940707376.6666664,184817,310892,0.9996700526833913,0.7930008034791924,7.25352411307586e-07,0.022247249937229124,184816.99999999997,310891.99999999994,0.022247247244493982,0.0004311894332487003,0.0,0.0005563036005923244
0.006278419525634719,682.344364,940304940.833333,184817,310759,0.9996700526833913,0.7926615567090513,7.25662850814419e-07,0.02225201016576686,184816.99999999997,310758.99999999994,0.022252007476420105,0.0,0.0,0.0004303396235312861
0.00631592082982393,682.344364,939521249.9999998,184817,310500,0.9996700526833913,0.7920009182619343,7.262681541263705e-07,0.02226128886027968,184816.99999999997,310500.0,0.022261286169527435,0.0005441188003281025,0.0,0.0
0.0063619524867411315,682.344364,938562060.833333,184817,310183,0.9996700526833913,0.7911923376143045,7.270103837290826e-07,0.022272661221933426,184816.99999999997,310182.99999999994,0.02227265852304692,0.0,0.0,0.0002512796968055454
0.0063752679473080024,682.344364,938335123.333333,184817,310108,0.9996700526833913,0.791001033044676,7.2718621208172e-07,0.022275354394318183,184816.99999999997,310107.99999999994,0.022275351691852543,0.0,0.0,0.0
0.006435209181061158,682.340672,937148996.6666664,184816,309716,0.9996646437109878,0.7900011478274178,7.281026543559339e-07,0.022289326020725968,184815.99999999997,309716.0,0.022289323318083178,0.00042182427742542216,0.00040941650787245705,0.00020459433011093604
0.006454742063545888,682.340672,936819180.833333,184816,309607,0.9996646437109878,0.7897231185195577,7.283589896110309e-07,0.02229324925685872,184815.99999999997,309606.99999999994,0.022293246552711924,0.0,0.0,0.0
0.006500382819394071,682.33698,935959844.1666664,184815,309323,0.9996592347385844,0.7889987118825645,7.290237762363834e-07,0.022303360325864118,184814.99999999997,309322.99999999994,0.022303357615397625,0.0,0.0,0.0002974108128492437
0.006541514222263821,682.333288,935079326.6666664,184814,309032,0.999653825766181,0.788256450152406,7.29706313187732e-07,0.022313738099021933,184813.99999999994,309032.0,0.022313735382480247,0.0,0.0002991406982148606,0.0
0.006558131454150475,682.329596,934773717.4999998,184813,308931,0.9996484167937776,0.7879988266653063,7.299409292602413e-07,0.02231726460312744,184812.99999999997,308931.00000000006,0.022317261893329825,0.0006296655647625696,0.0003551009401634083,0.0003677745562406064
0.006617689413018949,682.325904,933587590.833333,184812,308539,0.9996430078213742,0.786998941448048,7.308643674140384e-07,0.022331316356121327,184811.99999999997,308539.0,0.02233131363756133,0.0,0.0,0.0
0.006633107966995901,682.325904,933339472.4999998,184812,308457,0.9996430078213742,0.7867897817852543,7.310586599025471e-07,0.022334284429885682,184811.99999999997,308457.0,0.022334281708963625,0.0,0.0,0.0
0.006685035992030049,682.322212,932404489.9999998,184811,308148,0.9996375988489707,0.786001606958385,7.317877802154301e-07,0.02234535873310523,184810.99999999994,308148.0,0.022345356006141053,0.0004037027891608758,0.00025834678264157157,0.0
0.00672832987841265,682.31852,931599618.333333,184810,307882,0.9996321898765673,0.7853231134181025,7.324160578990937e-07,0.022354888517949357,184809.99999999997,307882.0,0.022354885785556108,0.0,0.0,0.0
0.006749457141742876,682.31852,931215337.4999998,184810,307755,0.9996321898765673,0.7849991710135317,7.327183010449505e-07,0.022359500592497705,184809.99999999997,307755.0,0.022359497860862085,0.0,0.0,0.0
0.006811536716175,682.311136,930029210.833333,184808,307363,0.9996213719317605,0.7839992857962734,7.336448447556067e-07,0.02237351218395855,184807.99999999997,307362.99999999994,0.022373509450628434,0.0,0.0,0.0
0.006819151997120849,682.311136,929859764.1666664,184808,307307,0.9996213719317605,0.7838564450509508,7.337785355316265e-07,0.022375550633470465,184807.99999999997,307307.0,0.022375547894757687,0.0003199632658080661,0.0,0.0
0.006873006679243125,682.311136,928843084.1666664,184808,306971,0.9996213719317605,0.7829994005790152,7.345817045213311e-07,0.02238779304211931,184807.99999999997,306971.0,0.02238779030232612,0.0004096281157385574,0.00036419051786179627,0.0
0.006913321227017112,682.303752,928119909.9999998,184806,306732,0.9996105539869536,0.7823897766837992,7.351461213670119e-07,0.02239627104847947,184805.99999999997,306732.0,0.022396268302347724,0.0003323178667324018,0.00021861948712626926,0.00033903265809699846
0.006936350311973167,682.303752,927656957.4999998,184806,306579,0.9996105539869536,0.781999515361757,7.35513000235327e-07,0.02240185884486688,184805.99999999997,306579.0,0.022401856097176966,0.0005194175819125922,0.0,0.0
0.006997583279098358,682.303752,926470830.833333,184806,306187,0.9996105539869536,0.7809996301444987,7.364546505865577e-07,0.02241619439764603,184805.99999999997,306186.99999999994,0.022416191647667102,0.0,0.0,5.6822615074484555e-05
0.007002953787834475,682.30006,926377029.9999998,184805,306156,0.9996051450145502,0.7809205575890523,7.365252353029524e-07,0.02241720794922326,184804.99999999997,306156.0,0.022417205196931918,0.0006760823684176939,0.0,0.0
0.0070566037492256085,682.30006,925284704.1666664,184805,305795,0.9996051450145502,0.7799997449272406,7.373947250262781e-07,0.02243043613327911,184804.99999999997,305795.0,0.022430433378531837,0.0004630735535431597,0.0003877942574840272,0.0
0.007086872054446953,682.296368,924634149.9999998,184804,305580,0.9995997360421468,0.7794513384943056,7.379095483332518e-07,0.02243820413358204,184803.99999999994,305580.0,0.022438201377655616,0.0002831286868518743,0.00038065843437458277,0.0004914137912070054
0.00711894723375301,682.292676,924098577.4999998,184803,305403,0.9995943270697434,0.7789998597099823,7.383332174862051e-07,0.022444583906554225,184802.99999999997,305403.0,0.022444581144190547,0.0,0.0,0.0
0.007189703328450994,682.288984,922912450.833333,184802,305011,0.99958891809734,0.7779999744927241,7.392781226257541e-07,0.02245888063060475,184801.99999999994,305011.0,0.02245887786161621,0.0,0.0,0.0003199640019303189
0.007190603068666217,682.288984,922894295.833333,184802,305005,0.99958891809734,0.7779846701271538,7.392926655635281e-07,0.022459101532919596,184801.99999999994,305004.99999999994,0.022459098761143943,0.0,0.0,0.0003107376090920654
0.007255699035963959,682.2816,921726324.1666664,184800,304619,0.9995781001525331,0.7770000892754658,7.402214541467626e-07,0.022473083413042806,184799.99999999994,304618.99999999994,0.022473080642936447,0.0,0.0,0.0
0.007290140934395039,682.2816,921154441.6666664,184800,304430,0.9995781001525331,0.7765180017600021,7.406810075903579e-07,0.022480058339523087,184799.99999999994,304429.99999999994,0.022480055560807864,0.0,0.00045323264823036395,0.000598425412453059
0.007322937117612856,682.2816,920540197.4999998,184800,304227,0.9995781001525331,0.7760002040582077,7.411752380319059e-07,0.02248755716579259,184799.99999999994,304227.0,0.022487554386207448,0.0,0.00048206182967147285,0.00040031007111797844
0.007389526881007246,682.274216,919414587.4999998,184798,303855,0.9995672822077263,0.7750513333928504,7.420746040751721e-07,0.022501074834525094,184797.99999999997,303855.0,0.0225010720502004,0.000242509890368406,0.0006486820086072428,0.0
0.007392776759105525,682.274216,919354070.833333,184798,303835,0.9995672822077263,0.7750003188409493,7.421234512852748e-07,0.022501815391227326,184797.99999999997,303834.99999999994,0.02250181261436868,0.0003826122535398141,0.0,0.0
0.007452292634073681,682.274216,918167944.1666664,184798,303443,0.9995672822077263,0.7740004336236912,7.430821565211965e-07,0.02251634508005437,184797.99999999997,303443.0,0.022516342291752357,0.0003895848065575164,0.00018021006417079095,0.0
0.007481890525537184,682.274216,917671707.4999998,184798,303279,0.9995672822077263,0.7735821142981036,7.434839828054742e-07,0.022522432183873092,184797.99999999997,303279.0,0.0225224293934102,0.0,0.0,0.0002261488118595902
0.007521039341795707,682.274216,916981817.4999998,184798,303051,0.9995672822077263,0.773000548406433,7.440433419499075e-07,0.022530902951255486,184797.99999999997,303050.99999999994,0.022530900160361775,9.236871601033932e-05,0.0003527334364031896,0.00048442498289378395
0.007577456256019715,682.274216,915925801.6666664,184798,302702,0.9995672822077263,0.7721103444757618,7.449011860551349e-07,0.02254388770184143,184797.99999999997,302701.99999999994,0.022543884906122805,0.0005376993215389027,0.0006160615262799189,0.000546086696375187
0.007583654335895316,682.274216,915795690.8333331,184798,302659,0.9995672822077263,0.7720006631891748,7.450070172083481e-07,0.022545489096054763,184797.99999999997,302659.0,0.022545486296693184,0.0,0.0,0.0
0.007644525731719288,682.274216,914609564.1666664,184798,302267,0.9995672822077263,0.7710007779719165,7.459731919834498e-07,0.022560103606090235,184797.99999999997,302267.0,0.022560100802135385,0.0007027703649493988,0.0005382251139501726,0.0
0.007669999311586098,682.274216,914179895.8333331,184798,302125,0.9995672822077263,0.77063857465342,7.463238024700419e-07,0.02256540465430183,184797.99999999997,302125.00000000006,0.02256540184758765,0.0005253741899224844,0.0003669928790663905,0.0003675818180819074
0.007714886902147466,682.274216,913423437.4999998,184798,301875,0.9995672822077263,0.7700008927546583,7.469418760124602e-07,0.02257474657341629,184797.99999999997,301875.00000000006,0.022574743767635883,0.0,0.0,0.0
0.0077816371882081445,682.274216,912433989.9999998,184798,301548,0.9995672822077263,0.7691668048310781,7.477518631238192e-07,0.022586983334995026,184797.99999999997,301548.0,0.022586980525444784,0.0,0.0,0.0
0.0077949358956818865,682.274216,912237310.8333331,184798,301483,0.9995672822077263,0.7690010075374001,7.479130790832698e-07,0.022589418090506092,184797.99999999997,301483.0,0.022589415278766286,0.0,0.0001579591380470057,0.0
0.007862862795255094,682.270524,911051184.1666664,184797,301091,0.9995618732353229,0.7680011223201418,7.488827585730754e-07,0.022603995932273073,184796.99999999997,301090.99999999994,0.022603993113659515,0.0006114176316123442,0.0002992623164205153,0.0
0.00788526322895084,682.270524,910691109.9999998,184797,300972,0.9995618732353229,0.7676975857363313,7.491788560448341e-07,0.02260846413809283,184796.99999999997,300972.0,0.022608461314511576,0.0,0.0001424409007649782,0.0004552331419394315
0.007933594506150915,682.266832,909862031.6666664,184796,300698,0.9995564642629194,0.7669986863752886,7.498574599824084e-07,0.02261863996074398,184795.99999999997,300698.0,0.022618637132818843,0.0007240168023732762,0.0,0.0005822200796238499
0.007989041938105724,682.266832,908948229.9999998,184796,300396,0.9995564642629194,0.7662283666415846,7.506113213950592e-07,0.022630006812008274,184795.99999999997,300396.0,0.022630003977168155,0.0,0.0,0.0001929947562312169
0.008010026759302347,682.26314,908675904.9999998,184795,300306,0.9995510552905159,0.7659988011580304,7.508322122836526e-07,0.022633275122389853,184794.99999999994,300306.0,0.022633272284893115,0.0,0.0,0.0005929703963173255
0.008087548616789777,682.26314,907489778.3333331,184795,299914,0.9995510552905159,0.7649989159407722,7.518135810334115e-07,0.022648061605587792,184794.99999999994,299914.0,0.022648058766796954,0.0,0.0,0.0
0.008103763831339818,682.259448,907208375.8333331,184794,299821,0.9995456463181125,0.7647616982744329,7.520427127596765e-07,0.022651451301844646,184793.99999999994,299821.00000000006,0.02265144846331917,0.0,0.0,0.00051894747315111
0.00815509365481168,682.259448,906303651.6666664,184794,299522,0.9995456463181125,0.7639990307235139,7.527934448298255e-07,0.022662754469119927,184793.99999999994,299522.0,0.02266275163078201,0.0,0.0005275035993026621,0.0
0.008211415268861625,682.259448,905462469.9999998,184794,299244,0.9995456463181125,0.763289928452091,7.534927957864451e-07,0.022673278962806343,184793.99999999994,299244.0,0.02267327611262788,0.0,0.0,0.00030235770143922214
0.008232339973040893,682.259448,905117524.9999998,184794,299130,0.9995456463181125,0.7629991455062557,7.537799558129207e-07,0.022677599003562695,184793.99999999994,299130.0,0.022677596154437887,0.00048056899277231944,0.0,0.0
0.008311343691551412,682.259448,903931398.3333331,184794,298738,0.9995456463181125,0.7619992602889976,7.547690557689982e-07,0.022692472746627633,184793.99999999994,298738.0,0.02269246989427325,0.0001818261026134811,0.0,0.0
0.008325430445006938,682.255756,903719589.9999998,184793,298668,0.9995402373457091,0.7618207093573443,7.549418686387004e-07,0.022695009039966237,184792.99999999994,298668.0,0.022695006186026243,0.0,0.00022868102628331513,0.0
0.00839277114272042,682.248372,902745271.6666664,184791,298346,0.9995294194009022,0.7609993750717392,7.5574848566132e-07,0.022707007156027872,184790.99999999997,298345.99999999994,0.022707004293772825,0.0,0.0005995094418204775,0.0
0.008438254285034929,682.248372,901979735.8333331,184791,298093,0.9995294194009022,0.7603540409901925,7.563899108771831e-07,0.022716641153418416,184790.99999999997,298093.00000000006,0.022716638287913125,0.0,0.0,0.000365630023914379
0.008466958797667408,682.248372,901559144.9999998,184791,297954,0.9995294194009022,0.7599994898544811,7.567427780902829e-07,0.022721939362097876,184790.99999999997,297954.0,0.02272193649090439,0.0,0.0,0.0
0.008542212644181675,682.240988,900373018.3333331,184789,297562,0.9995186014560954,0.7589996046372228,7.577314891808797e-07,0.022736654983032897,184788.99999999997,297562.0,0.022736652110906013,0.00034177553345855007,0.0,0.0
0.008548748719770141,682.240988,900239881.6666664,184789,297518,0.9995186014560954,0.7588873726230407,7.578435502512149e-07,0.02273833618523608,184788.99999999997,297517.99999999994,0.02273833331165117,0.00018005279742425243,0.00045024551057272337,0.0005920051541899855
0.008618238061461014,682.240988,899186891.6666664,184789,297170,0.9995186014560954,0.7579997194199646,7.587310205728739e-07,0.022751646118509446,184788.99999999997,297170.0,0.02275164324065104,0.00030723045168935435,0.0,0.0
0.008668992486522828,682.233604,898500027.4999998,184787,296943,0.9995077835112886,0.757420704255889,7.593028192756512e-07,0.022760094440089397,184786.99999999997,296943.0,0.022760091556828947,0.00045838638810785843,0.0005072314231103119,0.00040499861257216487
0.008698405236208831,682.233604,898000764.9999998,184787,296778,0.9995077835112886,0.7569998342027063,7.597249697220471e-07,0.022766420538641183,184786.99999999997,296778.0,0.022766417654408726,0.0002797592042663462,0.0,0.0
0.008776582114765178,682.229912,896814638.3333331,184786,296386,0.9995023745388851,0.7559999489854482,7.607256648574294e-07,0.022781347707978683,184785.99999999994,296386.0,0.022781344823028918,0.0004691935133372092,0.0,0.0
0.008780791021890345,682.229912,896757147.4999998,184786,296367,0.9995023745388851,0.7559514851611423,7.607744347529722e-07,0.022782077948979323,184785.99999999994,296367.00000000006,0.02278207505892344,0.0005105221177821105,0.0,0.0
0.00885515050172604,682.229912,895628511.6666664,184786,295994,0.9995023745388851,0.7550000637681898,7.617331327811851e-07,0.022796427968977778,184785.99999999994,295993.99999999994,0.02279642507480647,0.0003466428788987216,0.0005901569002057442,0.0
0.008896187398418014,682.22622,895017293.3333331,184785,295792,0.9994969655664817,0.7544848167939906,7.622492046596882e-07,0.022804087212449118,184784.99999999994,295792.0,0.022804084315830538,0.0,0.0,0.0
0.008932233862091639,682.222528,894442384.9999998,184784,295602,0.9994915565940783,0.7540001785509317,7.627350173035463e-07,0.02281129132028586,184783.99999999997,295602.0,0.022811288426005348,0.00015950973665246177,0.000572823866404796,0.0
0.009005980197577167,682.215144,893280464.9999998,184782,295218,0.9994807386492714,0.7530206991544338,7.637188662801444e-07,0.02282587514937435,184781.99999999994,295218.0,0.02282587225084313,0.0,0.0,0.0
0.009007679703068741,682.215144,893256258.3333331,184782,295210,0.9994807386492714,0.7530002933336735,7.637395625672966e-07,0.022826184430503167,184781.99999999994,295210.0,0.022826181524897255,0.0,0.0,0.0
0.009088189316186943,682.200376,892070131.6666665,184778,294818,0.9994591027596578,0.7520004081164153,7.647385018097579e-07,0.022840860173738937,184777.99999999994,294818.0,0.022840857259108657,0.0005610837958925703,0.0,0.0
0.009122541241463177,682.200376,891546662.4999998,184778,294645,0.9994591027596578,0.7515591322424722,7.651875159142332e-07,0.022847564663814737,184777.99999999994,294645.0,0.02284756175495612,0.0,0.0,0.0
0.009167824764464629,682.192992,890884004.9999998,184776,294426,0.9994482848148509,0.7510005228991571,7.657483894325841e-07,0.022855812934704286,184775.99999999994,294426.0,0.022855810019546754,0.00036798608777577975,0.0,0.0
0.009240859180880278,682.1893,889809834.1666665,184775,294071,0.9994428758424475,0.7500950146029156,7.666686451480845e-07,0.022869480675466163,184774.99999999994,294071.00000000006,0.022869477749296173,0.00012010253610115876,0.0005845482720698192,0.0
0.009246168040845363,682.1893,889697878.3333331,184775,294034,0.9994428758424475,0.7500006376818988,7.667651195009501e-07,0.022870919529760267,184774.99999999994,294034.00000000006,0.02287091660364003,0.0003268270636680308,0.0,0.0
0.009338757011219851,682.181916,888511751.6666665,184773,293642,0.9994320578976407,0.7490007524646407,7.677804088920221e-07,0.022885932587622972,184772.99999999994,293642.00000000006,0.0228859296622724,0.0,0.0003679034013895366,0.000574212932242683
0.00937222709243908,682.178224,888073005.8333331,184772,293497,0.9994266489252372,0.7486308969633588,7.681555677507285e-07,0.022891461311237944,184771.9999999999,293497.00000000006,0.0228914583813862,0.0,0.0,0.00042272957866423984
0.009423275837030128,682.17084,887325624.9999998,184770,293250,0.9994158309804304,0.7480008672473824,7.687942518283524e-07,0.022900851961377304,184769.9999999999,293250.0,0.02290084903187923,0.0,0.00028345115440840793,0.0
0.009489506231185869,682.167148,886336177.4999998,184769,292923,0.999410422008027,0.7471667793238022,7.696483177795145e-07,0.022913506887917642,184768.99999999994,292923.0,0.022913503946479494,0.0,0.0,0.0
0.009505444891713335,682.167148,886139498.3333331,184769,292858,0.999410422008027,0.7470009820301242,7.698191416622688e-07,0.02291604957979359,184768.99999999994,292858.0,0.022916046637198095,0.0002835186986734616,0.0,0.0
0.009592949742956386,682.163456,884953371.6666665,184768,292466,0.9994050130356235,0.746001096812866,7.708467788706827e-07,0.022931277825731664,184767.99999999994,292466.00000000006,0.022931274878226927,0.0004295969072348751,0.0,0.0005283463259968778
0.00961928213845666,682.163456,884593297.4999998,184768,292347,0.9994050130356235,0.7456975602290554,7.711605524571592e-07,0.022935944445238027,184767.99999999994,292347.0,0.02293594149678658,0.0,0.0,0.00039185777106685757
0.009681063731664151,682.163456,883764219.1666665,184768,292073,0.9994050130356235,0.7449986608680127,7.718839948546873e-07,0.022946700276099824,184767.99999999994,292073.0,0.0229466973231224,0.0,0.0,0.0
0.009751311999292293,682.159764,882850417.4999998,184767,291771,0.99939960406322,0.7442283411343086,7.726787578938877e-07,0.022958448534966546,184766.9999999999,291771.0,0.02295844557861093,0.0,0.0,0.0
0.00977438713042156,682.159764,882578092.4999998,184767,291681,0.99939960406322,0.7439987756507545,7.729171727656498e-07,0.02296199024835092,184766.9999999999,291681.0,0.02296198728634143,0.0003124375121405124,0.000392372731116915,0.0
0.009858247751384138,682.15238,881391965.8333331,184765,291289,0.9993887861184132,0.7429988904334962,7.739489426308109e-07,0.02297718679939063,184764.99999999994,291289.00000000006,0.022977183838100705,0.0,0.0002510069008265035,0.0
0.009877561176771549,682.15238,881110563.3333331,184765,291196,0.9993887861184132,0.7427616727671569,7.741961206540827e-07,0.022980855647493845,184764.99999999994,291196.0,0.022980852680965815,0.0002737043390758911,0.00024260104198380175,0.0
0.009945260376100147,682.144996,880205839.1666665,184763,290897,0.9993779681736064,0.7419990052162381,7.749834932313329e-07,0.022992414224921088,184762.9999999999,290897.0,0.022992411257009075,0.0003019512700869027,0.0,0.0
0.010009766571008664,682.144996,879370709.1666665,184763,290621,0.9993779681736064,0.7412950044000052,7.757194876850436e-07,0.023003329472579312,184762.9999999999,290621.00000000006,0.02300332650138316,0.0,0.0,0.0
0.01003280609985835,682.144996,879019712.4999998,184763,290505,0.9993779681736064,0.7409991199989797,7.760292360906527e-07,0.02300792168251929,184762.9999999999,290505.0,0.023007918702674043,0.00024324158248410213,0.0004953981128401596,0.0
0.010121959306111468,682.141304,877833585.8333331,184762,290113,0.9993725592012029,0.7399992347817216,7.770735991519837e-07,0.023023335949195273,184761.99999999994,290113.00000000006,0.0230233329689762,0.0,0.0,0.0003608491452574215
0.010140168925626268,682.141304,877627829.1666665,184762,290045,0.9993725592012029,0.7398257853052584,7.772557812435292e-07,0.023026034659901818,184761.99999999994,290045.00000000006,0.023026031677454626,0.0006713085671662651,0.0,0.0
0.010219483709306231,682.13392,876647459.1666665,184760,289721,0.9993617412563961,0.7389993495644633,7.781165768146189e-07,0.023038656878375897,184759.99999999994,289721.00000000006,0.023038653887651465,0.00035943240688426085,0.00011799780354253788,0.0
0.01028191180420052,682.13392,875887974.9999998,184760,289470,0.9993617412563961,0.7383591169381066,7.787912832117602e-07,0.023048643146160865,184759.99999999994,289470.0,0.02304864015450287,0.0,0.0003190119912898577,0.0
0.010313707404102049,682.13392,875461332.4999998,184760,289329,0.9993617412563961,0.7379994643472051,7.791708150628116e-07,0.02305425866143587,184759.99999999994,289329.00000000006,0.023054255665204214,0.0,0.0005217120643674714,0.0002607536110145884
0.010409499784297453,682.122844,874275205.8333331,184757,288937,0.9993455143391858,0.7369995791299468,7.802152450953024e-07,0.02306951759176088,184756.99999999994,288937.0,0.02306951459315723,0.0,0.0,0.00019009996402717566
0.010419553414762446,682.122844,874151146.6666665,184757,288896,0.9993455143391858,0.7368949992985501,7.803259729179407e-07,0.023071154541848413,184756.99999999994,288896.00000000006,0.02307115154171759,0.00037100116307697383,0.0005964857871734052,0.0006164789636971074
0.010499029776359444,682.11546,873089079.1666665,184755,288545,0.999334696394379,0.7359996939126887,7.81266741591884e-07,0.023084932809597888,184754.99999999994,288545.00000000006,0.02308492980255067,0.0,8.64970118854733e-05,4.262326763305326e-05
0.010547434225148141,682.111768,872417344.1666665,184754,288323,0.9993292874219756,0.7354334323865884,7.818640614619526e-07,0.023093693452964015,184753.99999999994,288323.0,0.023093690445083713,0.000155392253367444,0.0004593961339080534,0.00038673670734681235
0.010585051507860413,682.111768,871902952.4999998,184754,288153,0.9993292874219756,0.7349998086954305,7.823253333919639e-07,0.023100504676547264,184753.99999999994,288153.0,0.023100501659673124,0.0004059259571118207,0.0,0.0
0.010686705059416764,682.108076,870716825.8333331,184753,287761,0.9993238784495722,0.7339999234781722,7.833868093075815e-07,0.023116108436771386,184752.9999999999,287761.00000000006,0.02311610541596785,0.0,0.0,0.0005597097974888317
0.0106906622300575,682.108076,870674464.1666665,184753,287747,0.9993238784495722,0.7339642132918416,7.834249240935925e-07,0.023116670773792803,184752.9999999999,287747.0,0.023116667757060255,0.0004549285871696683,0.00017972422812815005,0.0
0.010785823763780468,682.100692,869530699.1666665,184751,287369,0.9993130605047653,0.7330000382609141,7.844469351728534e-07,0.02313161899475872,184750.9999999999,287369.00000000006,0.023131615970263447,0.00034070300791133135,0.0,0.0
0.010833598476865032,682.100692,868934609.9999998,184751,287172,0.9993130605047653,0.7324975449246898,7.849850657922351e-07,0.023139551780156614,184750.9999999999,287172.0,0.02313954875309981,0.00045617234889305325,0.0,0.00024119483783367903
0.010881892432281855,682.100692,868344572.4999998,184751,286977,0.9993130605047653,0.7320001530436557,7.855184607605757e-07,0.023147412072704016,184750.9999999999,286977.0,0.023147409045679083,0.0002983928665021047,0.0003884110377675691,0.0
0.010975836096350309,682.093308,867194755.8333331,184749,286597,0.9993022425599585,0.7310308765575381,7.865514677202362e-07,0.02316250186248349,184748.9999999999,286597.0,0.023162498827128748,0.0,0.00018054109813950078,0.0004479402187485979
0.010978858571165172,682.093308,867158445.8333331,184749,286585,0.9993022425599585,0.7310002678263976,7.865844025130992e-07,0.023162986792107862,184748.9999999999,286585.00000000006,0.02316298375994008,0.0002381918485189895,0.0,0.00043297617895546455
0.01107350118716341,682.0785400000001,865972319.1666665,184745,286193,0.9992806066703449,0.7300003826091394,7.876447374858019e-07,0.023178342748846368,184745.0,286193.00000000006,0.023178339704687387,0.0006357678964743782,0.000440199889782972,0.0003801732811632907
0.011115722644462454,682.0748480000001,865463979.1666665,184744,286025,0.9992751976979415,0.7295718603731716,7.88103103559264e-07,0.023185023281603864,184743.99999999997,286025.00000000006,0.023185020234996166,0.00023219346590914243,0.0004751519039094526,0.0
0.011166399095322556,682.0711560000001,864786192.4999999,184743,285801,0.9992697887255381,0.7290004973918812,7.887165196615927e-07,0.023193981726341843,184743.0,285801.00000000006,0.023193978676637132,0.0001438459928256254,0.0,0.0
0.011251333802095346,682.0711560000001,863721099.1666665,184743,285449,0.9992697887255381,0.7281026412784248,7.896891214745992e-07,0.023208278091336385,184743.0,285449.0,0.02320827503314355,0.0005151261283583269,0.0,0.00030479500682565605
0.011259242793603212,682.0711560000001,863600065.8333331,184743,285409,0.9992697887255381,0.7280006121746229,7.897997962075578e-07,0.023209904351544696,184743.0,285409.0,0.023209901293936637,0.0,0.0,0.00022049992975281194
0.011357839592411103,682.0674640000001,862413939.1666665,184742,285017,0.9992643797531346,0.7270007269573647,7.908817715296536e-07,0.0232257340945568,184741.99999999997,285017.00000000006,0.023225731030993832,0.0006197292317090832,0.0006131795399247738,0.0
0.01139331377603555,682.0674640000001,861978219.1666665,184742,284873,0.9992643797531346,0.726633422183678,7.912815530993365e-07,0.023231603522625075,184741.99999999997,284873.00000000006,0.023231600462123112,0.0003025878375336508,0.0003451187457250219,0.0
0.011456196133560406,682.0600800000001,861227812.4999999,184740,284625,0.9992535618083278,0.7260008417401065,7.919624402515452e-07,0.023241470808771206,184740.0,284625.0000000001,0.023241467744965095,0.0,0.0,0.0
0.011537151414000545,682.0526960000001,860244416.6666665,184738,284300,0.999242743863521,0.7251718552717163,7.928591953469041e-07,0.023254499601899556,184737.99999999997,284300.0,0.023254496531625757,0.00035200979662726667,0.0005075978528234448,0.0
0.011556258569560173,682.0490040000001,860041685.8333331,184737,284233,0.9992373348911175,0.7250009565228482,7.93041796967239e-07,0.023257114347052507,184736.99999999997,284233.00000000006,0.023257111272725294,0.0,0.0,0.0005262173953407205
0.01165377346023209,682.0453120000001,858855559.1666665,184736,283841,0.9992319259187141,0.72400107130559,7.941327324722419e-07,0.023273042501753886,184736.0,283841.0,0.02327303942389825,0.00040174423148633286,0.0003484330554211492,0.0
0.011683285626226062,682.0453120000001,858504562.4999999,184736,283725,0.9992319259187141,0.7237051869045646,7.944574109354255e-07,0.023277799567660268,184736.0,283725.0000000001,0.02327779648421542,0.000373745175332002,0.0006037244402111877,0.000301770258378849
0.0117429993761776,682.0416200000001,857666406.6666665,184735,283448,0.9992265169463107,0.7229986353607367,7.952294909751277e-07,0.023289044855821193,184734.99999999997,283448.00000000006,0.023289041771856027,0.000193190370432754,0.0,0.0007370188350477632
0.011820608094261017,682.0342360000001,856767734.1666665,184733,283151,0.9992156990015039,0.722241069265008,7.960549969396074e-07,0.0233010034473129,184733.0,283151.00000000006,0.02330100035237155,0.0005874971183777316,0.00028769192171526273,0.0
0.011845678137460746,682.0268520000001,856480279.9999999,184731,283056,0.999204881056697,0.7219987501434786,7.963135496826619e-07,0.023304660982194345,184731.0,283056.00000000006,0.023304657887176228,0.00031944175516905593,0.00020635838432425313,0.0003250825380986005
0.01194277305859725,682.0157760000001,855294153.3333331,184728,282664,0.9991886541394868,0.7209988649262202,7.974049317909912e-07,0.023320436173915358,184727.99999999997,282664.0,0.02332043307857581,0.0,0.0,0.00021569205969389988
0.011967023615941161,682.0157760000001,855036957.4999999,184728,282579,0.9991886541394868,0.7207820530806414,7.976447918626958e-07,0.02332394331356932,184727.99999999997,282579.00000000006,0.023323940212919784,0.000423006805927962,0.00042691361134261353,0.0
0.01204083948053768,682.0120840000001,854108026.6666665,184727,282272,0.9991832451670832,0.7199989797089621,7.98507990449046e-07,0.023336497137676986,184726.99999999997,282272.00000000006,0.02333649403214566,0.00031651379095143145,0.0005616400993187147,0.0
0.012112303994832563,682.0047000000001,853300129.1666665,184725,282005,0.9991724272222764,0.7193179354410847,7.992553577438765e-07,0.02334728914631215,184724.99999999997,282005.0,0.02334728603326703,0.0,0.0,0.000249802544673965
0.012149185971450408,682.0010080000001,852921899.9999999,184724,281880,0.999167018249873,0.7189990944917038,7.996054597730463e-07,0.023352338845767054,184724.0,281880.0000000001,0.02335233573676153,0.0,0.00025493800109269106,0.0
0.012257526522915898,681.9899320000001,851735773.3333331,184721,281488,0.9991507913326627,0.7179992092744456,8.007059857671356e-07,0.023368213898056517,184720.99999999997,281488.00000000006,0.02336821077913302,0.0,0.000431433469619487,0.0
0.012272504822071543,681.9899320000001,851566326.6666665,184721,281432,0.9991507913326627,0.717856368529123,8.008653121237792e-07,0.023370538713441226,184720.99999999997,281432.00000000006,0.02337053559381182,0.0,0.0,0.0004145235743323588
0.012361944326258598,681.9788560000001,850549646.6666665,184718,281096,0.9991345644154525,0.7169993240571875,8.018095812192725e-07,0.02338412241093855,184717.99999999997,281096.00000000006,0.023384119285831447,0.00033974576733724335,0.0,0.0
0.01242009169628146,681.9751640000001,849835549.9999999,184717,280860,0.999129155443049,0.7163973523447564,8.024789784329452e-07,0.023393818263023256,184716.99999999997,280860.0,0.023393815135503128,0.0002449248958671408,0.0,0.0
0.012467216983114473,681.9714720000001,849363519.9999999,184716,280704,0.9991237464706456,0.7159994388399292,8.029206057731326e-07,0.023400191183369314,184715.99999999997,280704.00000000006,0.02340018805563821,0.00020323233488744465,0.00015674071521235168,0.0
0.012576712243265073,681.9677800000001,848177393.3333331,184715,280312,0.9991183374982422,0.714999553622671,8.040390905962135e-07,0.023416420598526982,184715.0,280312.00000000006,0.02341641746260278,0.0002652052072960914,0.00034068532988058,0.00017017560265739656
0.012583588819253831,681.9677800000001,848095695.8333331,184715,280285,0.9991183374982422,0.7149306839776047,8.041165441004899e-07,0.023417548429361328,184715.0,280285.00000000006,0.023417545292081392,0.0,0.0,0.0
0.012693881718510623,681.9603960000001,846991266.6666665,184713,279920,0.9991075195534354,0.7139996684054127,8.051563491130844e-07,0.02343255732273098,184712.99999999997,279920.00000000006,0.023432554179544332,0.0006120993612787582,0.0004508646747233206,0.0
0.0127463499799128,681.9530120000001,846361893.3333331,184711,279712,0.9990967016086285,0.7134691170656431,8.057463566963998e-07,0.02344101437346806,184710.99999999997,279712.0,0.023441011225696896,0.0,6.49204682351109e-05,0.0
0.012791529453725982,681.9530120000001,845805139.9999999,184711,279528,0.9990967016086285,0.7129997831881546,8.062767412361672e-07,0.023448728157227393,184710.99999999997,279528.00000000006,0.02344872500709942,0.0003380759787687812,0.0,0.0
0.012902411421329685,681.941936,844625064.9999999,184708,279138,0.9990804746914183,0.7120049994260864,8.073901240427907e-07,0.023464722122731835,184707.99999999997,279138.00000000006,0.0234647189626451,0.0,0.0,0.0
0.012902773605554824,681.941936,844619013.3333331,184708,279136,0.9990804746914183,0.7119998979708962,8.073959089657247e-07,0.023464806184551493,184707.99999999997,279136.0,0.023464803028292378,0.0,0.0,0.00042799655445670373
0.013015017522871205,681.919784,843432886.6666665,184702,278744,0.9990480208569977,0.7110000127536381,8.085050924383766e-07,0.023480537004048223,184701.99999999997,278744.00000000006,0.023480533836646465,0.00046394017685529704,0.0002473407210958368,0.00032996482441884463
0.013063205363877221,681.9124,842903365.8333331,184700,278569,0.9990372029121909,0.7105536354245049,8.090042437140229e-07,0.02348765687422256,184699.99999999997,278569.0,0.02348765370542463,0.0,6.629011125967497e-05,0.0005308337642125446
0.013126819219257466,681.9124,842246759.9999999,184700,278352,0.9990372029121909,0.7100001275363799,8.096349340661164e-07,0.023496810443395657,184699.99999999997,278352.00000000006,0.023496807274054465,0.000369870403886493,0.00034319119289501725,0.00017142755324269537
0.01323605667807747,681.908708,841160485.8333333,184699,277993,0.9990317939397874,0.7090844163297583,8.106761069790823e-07,0.023511850133849013,184698.99999999997,277993.00000000006,0.023511846956922263,0.0,0.0,0.0005994780132895247
0.013245962989919438,681.908708,841060633.3333333,184699,277960,0.9990317939397874,0.7090002423191217,8.107723521637502e-07,0.02351324578075311,184698.99999999997,277960.00000000006,0.023513242605554357,0.0003909967184065028,0.0,0.0
0.013357983038218658,681.89394,839874506.6666665,184695,277568,0.9990101580501737,0.7080003571018634,8.118997952519512e-07,0.023529333825451717,184694.99999999994,277568.0,0.02352933064132276,0.0004898164134974816,0.0004593922430625731,0.0004890726578910692
0.013396550525360455,681.89394,839426683.3333333,184695,277420,0.9990101580501737,0.7076228494177966,8.123329333447248e-07,0.023535609286997262,184694.99999999994,277420.00000000006,0.023535606100395866,0.0002590832295190454,0.0,0.0002566236360727231
0.013456811390058812,681.89394,838688379.9999999,184695,277176,0.9990101580501737,0.7070004718846052,8.130480357913152e-07,0.023545966290110094,184694.99999999994,277176.00000000006,0.023545963099401077,0.0003936378832392921,0.0,0.00039030206320218717
0.013556913460775217,681.87548,837695906.6666665,184690,276848,0.9989831131881566,0.7061638332334299,8.139892705376797e-07,0.023559272581358072,184689.99999999997,276848.0,0.023559269392050993,0.0,0.00044966625250753695,0.00037880685031285846
0.013574814747086925,681.871788,837502253.3333333,184689,276784,0.9989777042157532,0.706000586667347,8.141730786825825e-07,0.02356186862077703,184688.99999999997,276784.0000000001,0.023561865423478545,0.00018005431845427163,0.0,0.0
0.013676410672823575,681.853328,836316126.6666665,184684,276392,0.9989506593537361,0.7050007014500888,8.153057274139695e-07,0.023577932979264235,184683.99999999994,276392.00000000006,0.023577929776252924,2.55411095313474e-05,0.0005518283262497363,0.0
0.01370342149086346,681.853328,835968155.8333333,184684,276277,0.9989506593537361,0.7047073677766584,8.156450975340033e-07,0.023582839613168826,184683.99999999994,276277.00000000006,0.023582836402133142,0.0,0.0,0.00046770972740586717
0.013783142504970954,681.853328,835129999.9999999,184684,276000,0.9989506593537361,0.7040008162328305,8.16463697867398e-07,0.023594670787745096,184683.99999999994,276000.0,0.0235946675724348,0.0002731684531243176,0.0005540845085174352,0.0005119863365802794
0.013873009115231857,681.83856,834234353.3333333,184680,275704,0.9989290234641224,0.7032458008646968,8.173225632288955e-07,0.023606821886215414,184679.99999999997,275704.00000000006,0.02360681867009272,0.00045822402173085255,0.00017467869627248335,0.0
0.01389873446235467,681.83856,833943873.3333333,184680,275608,0.9989290234641224,0.7030009310155724,8.176072536808053e-07,0.02361093290184179,184679.99999999997,275608.0000000001,0.023610929682981917,0.0005524459073265724,0.0,0.0
0.014015855615226596,681.831176,832757746.6666665,184678,275216,0.9989182055193155,0.702001045798314,8.187629340335889e-07,0.023627485989358505,184677.99999999994,275216.0,0.023627482763675805,0.00040199475208796187,0.0,0.0006686929938856518
0.014038496547405343,681.831176,832494499.1666665,184678,275129,0.9989182055193155,0.701779132497545,8.190218394025646e-07,0.023631221380401263,184677.99999999994,275129.0,0.023631218154936066,0.00039853233995702943,0.000514765097570919,0.0
0.01411940020250991,681.823792,831568594.1666665,184676,274823,0.9989073875745087,0.7009986098534609,8.199248946904626e-07,0.023644117679732773,184675.99999999994,274823.00000000006,0.023644114448976135,0.00026521398844680583,0.0,0.0
0.014202589594227688,681.823792,830754644.9999999,184676,274554,0.9989073875745087,0.7003124641303933,8.207282331836978e-07,0.023655697752354907,184675.99999999994,274554.00000000006,0.023655694512053516,0.00022345631013703348,0.0003353618574664457,0.00016750405375487212
0.014239225865889573,681.8201,830382467.4999999,184675,274431,0.9989019786021053,0.6999987246362026,8.210916375110005e-07,0.023660870279787135,184674.99999999997,274431.00000000006,0.023660867043202114,0.0004230336567770024,0.0,0.0
0.014359145563923432,681.805332,829196340.8333333,184671,274039,0.9988803427124915,0.6989988394189445,8.222483607619314e-07,0.02367727426448713,184670.99999999994,274039.00000000006,0.023677271018025824,0.0005951247344239075,0.0,0.0
0.014378750219090151,681.805332,829023868.3333333,184671,273982,0.9988803427124915,0.6988534479460268,8.224194236659303e-07,0.023679737080377357,184670.99999999994,273982.00000000006,0.023679733833285328,0.0003732594050982955,0.0,0.0
0.014484982160422821,681.80164,828010214.1666665,184670,273647,0.9988749337400881,0.6979989542016861,8.234217746772424e-07,0.023694098767133017,184669.99999999994,273647.00000000006,0.02369409551746025,0.0002485717409506475,0.00044805384921314383,0.00022389367439166422
0.014561161103708626,681.797948,827287039.9999999,184669,273408,0.9988695247676846,0.6973893303064701,8.241371072366855e-07,0.023704324259185876,184668.99999999994,273408.0,0.023704321001949576,0.00016936852645831255,0.0,0.00036135118021034723
0.014610855176276617,681.794256,826824087.4999999,184668,273255,0.9988641157952812,0.696999068984428,8.245940899732195e-07,0.02371083115530302,184667.99999999997,273255.00000000006,0.02371082789676564,0.00015738723690075036,0.00039356382643538783,0.0
0.014727133860140936,681.78318,825637960.8333333,184665,272863,0.998847888878071,0.6959991837671697,8.257653019149729e-07,0.02372747128273998,184664.99999999994,272863.0000000001,0.02372746802022482,0.0004915547612930601,0.0,0.0
0.01473756823292957,681.78318,825553237.4999999,184665,272835,0.998847888878071,0.6959277633945085,8.258500470116564e-07,0.023728688780772455,184664.99999999994,272835.0000000001,0.023728685516650198,0.00038937899886606284,0.0,0.0
0.014851495416891076,681.772104,824451834.1666665,184662,272471,0.9988316619608607,0.6949992985499115,8.269398838673416e-07,0.02374414758431545,184661.99999999994,272471.00000000006,0.02374414431422116,0.0,0.00021549968341460842,0.0003210645900207502
0.014917516754016669,681.772104,823816409.1666665,184662,272261,0.9988316619608607,0.6944636457549517,8.275777180617806e-07,0.023753302971723723,184661.99999999994,272261.00000000006,0.023753299694380718,0.0,0.00035186579089079766,0.0
0.014972746307381966,681.772104,823265707.4999999,184662,272079,0.9988316619608607,0.6939994133326532,8.281313041330585e-07,0.023761246213257824,184661.99999999994,272079.00000000006,0.02376124293369193,0.0004021100419728097,0.0,0.0
0.015098075684016702,681.76472,822079580.8333333,184660,271687,0.9988208440160539,0.6929995281153951,8.293171803499881e-07,0.02377812430055195,184659.99999999994,271687.00000000006,0.023778121015607067,0.0002052435947877102,0.0,0.0004966650479538565
0.015098459378436332,681.76472,822076554.9999999,184660,271686,0.9988208440160539,0.6929969773878,8.293202328340335e-07,0.02377816806081641,184659.99999999994,271686.00000000006,0.0237781647774614,0.0,0.0,0.0
0.015220708976259373,681.757336,820893454.1666665,184658,271295,0.998810026071247,0.6919996428981368,8.305064835631914e-07,0.02379503914190454,184657.99999999994,271295.00000000006,0.023795035849280128,0.0,0.0004128908499884178,0.0
0.015282526443552265,681.757336,820336700.8333333,184658,271111,0.998810026071247,0.6915303090206483,8.310701390141897e-07,0.023803112485628084,184657.99999999994,271111.0000000001,0.02380310919043856,0.00036083757859446756,0.0,0.0
0.015353442765756543,681.749952,819707327.4999999,184656,270903,0.9987992081264402,0.6909997576808786,8.316992286493866e-07,0.023811990870361014,184655.9999999999,270903.00000000006,0.023811987566462866,0.0,0.00027594179104974825,0.00013775007606972
0.015470751544715739,681.724108,818618027.4999999,184649,270543,0.9987613453196162,0.6900814957466619,8.327743649647395e-07,0.023826925129375242,184648.9999999999,270543.00000000006,0.023826921824715352,0.000544138931381223,0.00038658326201918426,0.0
0.015478320739016633,681.724108,818521200.8333333,184649,270511,0.9987613453196162,0.6899998724636204,8.328728777042541e-07,0.02382833438640489,184648.9999999999,270511.0000000001,0.023828331075984824,0.0,0.0,0.0005201115766852054
0.015609962441183414,681.713032,817335074.1666666,184646,270119,0.998745118402406,0.6889999872463622,8.340680016638912e-07,0.023845230682643277,184645.99999999994,270119.0000000001,0.02384522737058553,0.0,0.0004980111929834476,0.00039074933750617163
0.015651772849682367,681.70934,816884224.9999999,184645,269970,0.9987397094300025,0.6886199288347002,8.345238151709933e-07,0.023851680847573404,184644.99999999997,269970.0,0.023851677527041013,0.0,0.0004906168973652339,0.0
0.015731039476025395,681.705648,816148947.4999999,184644,269727,0.998734300457599,0.6880001020291039,8.352711231058716e-07,0.02386229331461199,184643.9999999999,269727.00000000006,0.02386228999112996,0.0004009433928834973,0.0003592352373243512,0.00017944656996757231
0.01583284675253831,681.701956,815144370.8333333,184643,269395,0.9987288914851956,0.6871532604675485,8.36295974543855e-07,0.023876863312451077,184642.99999999994,269395.0000000001,0.0238768599832286,8.791845831024423e-05,0.0,0.0
0.015856698644144143,681.701956,814962820.8333333,184643,269335,0.9987288914851956,0.6870002168118458,8.364822769496791e-07,0.02387952269949988,184642.99999999994,269335.00000000006,0.023879519371385043,0.00039604584576081575,0.0,0.0005205512593793677
0.015988212600564464,681.698264,813776694.1666666,184642,268943,0.9987234825127922,0.6860003315945875,8.376969614472442e-07,0.023896789834131724,184641.9999999999,268943.0000000001,0.023896786501090624,0.0,0.0004701389307732453,0.0003815014007656152
0.016026214536471774,681.698264,813401490.8333333,184642,268819,0.9987234825127922,0.6856840413728017,8.380833717204e-07,0.02390230071748457,184641.9999999999,268819.0000000001,0.023902297378762954,0.00014575056448935998,0.0,0.0005934400082156273
0.016116467190055505,681.69088,812590567.4999999,184640,268551,0.9987126645679854,0.6850004463773293,8.389106485659522e-07,0.023913965339572914,184639.9999999999,268551.00000000006,0.023913961994936003,0.0,0.00027799975844798055,0.0
0.016217328778162246,681.687188,811664662.4999999,184639,268245,0.9987072555955819,0.684219923733245,8.398630856988924e-07,0.023927471767720906,184638.99999999994,268245.00000000006,0.023927468419154774,8.461458089919082e-05,0.0,0.0
0.016241390701068753,681.687188,811404440.8333333,184639,268159,0.9987072555955819,0.684000561160071,8.401324342024672e-07,0.02393130829309327,184638.99999999994,268159.00000000006,0.02393130494229584,0.00021270200109411639,0.0005311563043948144,0.0005006373505709002
0.016379859164824345,681.676112,810218314.1666666,184636,267767,0.9986910286783717,0.6830006759428129,8.413486835349111e-07,0.023948429999237873,184635.99999999994,267767.0000000001,0.023948426641700642,0.00030463946898779597,0.000353933170524515,0.0003481483090281765
0.016415095223731767,681.676112,809927834.1666666,184636,267671,0.9986910286783717,0.6827558060936885,8.416504325985727e-07,0.02395272415732526,184635.99999999994,267671.0000000001,0.023952720796866663,0.0,4.683093481497766e-05,0.0006001386912232524
0.016515248966856685,681.665036,809032187.4999999,184633,267375,0.9986748017611614,0.6820007907255546,8.425684991674081e-07,0.0239655896300804,184632.9999999999,267375.00000000006,0.02396558626461183,0.000533901706368472,0.000565307582279937,0.0
0.016600165903901558,681.661344,808194031.6666666,184632,267098,0.998669392788758,0.6812942391817268,8.434377356069686e-07,0.023977883568700613,184631.99999999994,267098.0000000001,0.023977880201639854,0.0,4.7613889947846685e-05,0.0005995120564062136
0.016634334470675225,681.661344,807846060.8333333,184632,266983,0.998669392788758,0.6810009055082964,8.438010371639771e-07,0.023983047117949602,184631.99999999994,266983.0000000001,0.023983043746007328,0.00028022834225408725,0.00037231957175446406,0.0004625697955410078
0.016764291385095362,681.65396,806659934.1666666,184630,266591,0.9986585748439512,0.6800010202910383,8.450326229530587e-07,0.02400041319988344,184629.99999999994,266591.00000000006,0.02400040982146472,0.0003239638789776081,0.0005580273995682561,0.0002789010687030358
0.016786287707721562,681.650268,806460229.1666666,184629,266525,0.9986531658715477,0.6798326722697652,8.452373016637962e-07,0.024003254637709515,184628.99999999994,266525.0000000001,0.02400325125462011,0.0,0.0,0.0
0.016909436543735123,681.650268,805470781.6666666,184629,266198,0.9986531658715477,0.678998584346185,8.462755987120237e-07,0.02401799301906617,184628.99999999994,266198.0000000001,0.024017989631251842,0.0002287375823105831,0.0,0.0
0.017000904201871152,681.646576,804717349.1666666,184628,265949,0.9986477568991443,0.6783634531750183,8.470633529970319e-07,0.024029103899760935,184627.9999999999,265949.0000000001,0.02402910050589755,0.0,0.0007948192676060052,0.0
0.017054863836729856,681.642884,804284654.9999999,184627,265806,0.9986423479267409,0.6779986991289266,8.475144711047608e-07,0.024035436511858566,184626.99999999994,265806.0000000001,0.024035433116974026,0.0,0.0005131359564503863,0.0003937734109083889
0.017193630627547196,681.6244240000001,803098528.3333333,184622,265414,0.9986153030647239,0.6769988139116685,8.487432113897309e-07,0.024052527987457693,184622.0,265414.00000000006,0.024052524584422433,3.6308127519220334e-05,0.0006480072871233913,0.00012551104249237436
0.017206325769784227,681.6207320000001,802992624.1666666,184621,265379,0.9986098940923205,0.6769095384458419,8.488505516565306e-07,0.024053983752774264,184620.99999999997,265379.0000000001,0.02405398034958878,0.0005019354316073456,0.0,0.0
0.01733066518009638,681.6133480000001,801912401.6666666,184619,265022,0.9985990761475136,0.6759989286944103,8.499847945777603e-07,0.024069918603544127,184618.99999999997,265022.0000000001,0.024069915194754342,0.0,0.0,0.0004784845204419615
0.017406823422453248,681.6096560000001,801255795.8333333,184618,264805,0.9985936671751102,0.6754454208062851,8.506767246421012e-07,0.024079648453632155,184618.0,264805.00000000006,0.02407964503999453,0.0,0.00040100791380647915,0.0
0.01746760724511106,681.6059640000001,800726274.9999999,184617,264630,0.9985882582027068,0.674999043477152,8.512346669278464e-07,0.02408747860905275,184617.0,264630.00000000006,0.024087475191661347,0.0,0.0,0.0
0.017617566053743396,681.5875040000001,799540148.3333333,184612,264238,0.9985612133406897,0.6739991582598938,8.52474394714e-07,0.02410468616093199,184611.99999999997,264238.0000000001,0.024104682734642613,8.135487717800912e-05,0.000325112086392464,0.000540981617032383
0.017618878409990452,681.5875040000001,799528044.9999999,184612,264234,0.9985612133406897,0.6739889553495135,8.524872995543267e-07,0.024104868609783666,184611.99999999997,264234.00000000006,0.024104865187103044,0.00044784174568943515,0.0002916311869230532,0.0005361854146320017
0.017762407855568794,681.5801200000001,798354021.6666666,184610,263846,0.9985503953958829,0.6729992730426356,8.537316798093081e-07,0.02412232453086207,184610.0,263846.0000000001,0.02412232109748407,0.0,0.000463936138274269,0.00037733305717320534
0.017829852775837922,681.5690440000001,797797268.3333333,184607,263662,0.9985341684786726,0.672529939165147,8.543135844822534e-07,0.024130347967896832,184606.99999999997,263662.0000000001,0.024130344532210062,0.00032593452904896013,0.0,0.0
0.017911155670571964,681.5653520000001,797167894.9999999,184606,263454,0.9985287595062692,0.6719993878253773,8.549834436069457e-07,0.02413974092023649,184606.0,263454.00000000006,0.024139737474932414,0.0003679622715356671,0.0,0.0005883570845006171
0.018054057883533196,681.5468920000001,796069517.4999999,184601,263091,0.998501714644252,0.6710734737083754,8.561399187100518e-07,0.024155734323633563,184601.0,263091.00000000006,0.02415573087691134,0.0003336497091691429,0.0,0.0
0.0180643883934769,681.5468920000001,795981768.3333333,184601,263062,0.998501714644252,0.6709995026081191,8.562342997215342e-07,0.024157065753087816,184601.0,263062.0000000001,0.024157062307892885,0.0,0.0002672540751510124,0.0
0.01819984666751078,681.5432000000001,794795641.6666666,184600,262670,0.9984963056718485,0.6699996173908609,8.575074701854441e-07,0.024174953676358767,184599.99999999997,262670.0000000001,0.024174950221039014,0.00026469237858106566,0.00038706473110961334,0.00019336512819697062
0.018263962136684696,681.5432000000001,794326637.4999999,184600,262515,0.9984963056718485,0.6696042546136287,8.580137789978121e-07,0.02418208958262833,184599.99999999997,262515.00000000006,0.02418208612479784,0.0,0.0002130296558178948,0.0
0.018353945945586675,681.5358160000001,793609514.9999999,184598,262278,0.9984854877270417,0.6689997321736026,8.587797942417564e-07,0.024192750728944976,184597.99999999997,262278.00000000006,0.024192747263111106,0.0003647860409337781,0.0,0.0
0.018474535921582023,681.5284320000001,792592835.0,184596,261942,0.9984746697822349,0.6681426877016671,8.598720577634292e-07,0.024207999819235857,184596.0,261942.00000000012,0.024207996351731327,0.0,0.0,0.0003807805515182554
0.0184981323072782,681.5247400000001,792423388.3333333,184595,261886,0.9984692608098314,0.6679998469563444,8.600512680896748e-07,0.02421045676709727,184594.99999999997,261886.00000000006,0.02421045329641066,0.0,0.0,0.00026898847414624436
0.01863928154029331,681.5099720000001,791237261.6666666,184591,261494,0.9984476249202178,0.6669999617390863,8.613218879056121e-07,0.024228071646533095,184590.99999999994,261494.00000000012,0.024228068168540055,0.0,0.0,0.0005132375499931072
0.018686887784347555,681.5025880000001,790868110.0,184589,261372,0.9984368069754109,0.6666887729724906,8.617145885424563e-07,0.02423346286045474,184588.99999999997,261372.00000000017,0.02423345938221937,0.0,0.00025800253611035095,0.00032307898645844355
0.018794108468381258,681.5025880000001,790051135.0,184589,261102,0.9984368069754109,0.666000076521828,8.626056691887418e-07,0.024245989276076147,184588.99999999997,261102.00000000015,0.02424598578899255,0.0,0.0,0.0
0.018901530997484324,681.4988960000001,789125230.0,184588,260796,0.9984313980030075,0.6652195538777439,8.636131124587159e-07,0.02426007796178196,184587.99999999997,260796.00000000017,0.024260074468988386,0.0,0.0,0.0002133754857818783
0.01893627415624006,681.4988960000001,788865008.3333333,184588,260710,0.9984313980030075,0.6650001913045698,8.63897991165599e-07,0.024264078948848924,184587.99999999997,260710.00000000012,0.024264075458283074,0.00017661718894650184,0.0002773370420154345,0.0005309503642122299
0.019096764867040483,681.4915120000001,787678881.6666666,184586,260318,0.9984205800582007,0.6640003060873116,8.651895180406735e-07,0.02428207801684382,184585.99999999997,260318.00000000006,0.024282074511907028,0.0,0.0003212884733947381,0.00033643820641437284
0.019131396771709254,681.4915120000001,787385375.8333333,184586,260221,0.9984205800582007,0.6637528855105921,8.655120261520479e-07,0.02428660328980862,184585.99999999997,260221.00000000006,0.02428659978352409,0.00018239123361269436,0.0,0.0
0.019262533262253672,681.476744,786492755.0,184582,259926,0.998398944168587,0.6630004208700534,8.664755519585174e-07,0.02429985468895428,184581.99999999994,259926.00000000015,0.02429985118047107,0.0,0.0,0.0
0.019364237293240123,681.46936,785657625.0,184580,259650,0.9983881262237801,0.6622964200538206,8.673871904444383e-07,0.024312502823534428,184579.99999999997,259650.00000000012,0.02431249930891465,0.0,0.00024026811988882662,0.0005253977171084846
0.019416306999731143,681.46936,785306628.3333333,184580,259534,0.9983881262237801,0.6620005356527952,8.677748734227439e-07,0.024317935513021624,184579.99999999997,259534.0000000001,0.024317931995387655,0.0003174391360238985,0.0003674819031801519,0.0
0.019570776059726375,681.458284,784120501.6666666,184577,259142,0.9983718993065699,0.6610006504355369,8.690734173530017e-07,0.024335925699660418,184576.99999999997,259142.00000000012,0.024335922174723433,0.0,0.00036983361402857855,0.0005434082838242174
0.019593213409783997,681.458284,783923822.5,184577,259077,0.9983718993065699,0.660834853141859,8.692914597578772e-07,0.024338978336455663,184576.99999999997,259077.00000000012,0.0243389748088274,0.0003645112403631254,0.0003688516020527783,0.0
0.019717483505792218,681.4509,782934375.0,184575,258750,0.9983610813617629,0.6600007652182788,8.703806114018177e-07,0.024354088999228016,184574.99999999994,258750.00000000012,0.024354085461929242,0.0,0.0003539346826367866,0.00034376444031759807
0.019819925001787874,681.4509,782183968.3333333,184575,258502,0.9983610813617629,0.6593681847747072,8.712156316013817e-07,0.024365768533925417,184574.99999999994,258502.0000000001,0.024365764995578198,0.00042208619362068574,0.0,0.0
0.019870181363245795,681.4509,781748248.3333333,184575,258358,0.9983610813617629,0.6590008800010204,8.717012176910348e-07,0.02437255791513586,184574.99999999994,258358.00000000006,0.02437255437718225,0.0,0.0003109857410201453,0.0
0.020037904525804038,681.447208,780562121.6666666,184574,257966,0.9983556723893595,0.6580009947837623,8.730211075897007e-07,0.02439093676536572,184573.99999999997,257966.00000000012,0.024390933216570584,0.00020421075135094289,0.00024981277526315215,0.00031967856277477985
0.020054786722860655,681.447208,780441088.3333333,184574,257926,0.9983556723893595,0.6578989656799603,8.731564985324657e-07,0.02439282800480512,184573.99999999997,257926.00000000006,0.024392824453491738,0.0004146804765106569,0.0,0.00021914927269627712
0.02019936676072765,681.443516,779372969.1666666,184573,257573,0.9983502634169561,0.656998558838909,8.743484095023513e-07,0.024409405039457436,184573.0,257573.0000000001,0.024409401484076557,0.00044457305694050437,0.0001146062416393882,0.0
0.020284736194559942,681.436132,778704260.0,184571,257352,0.9983394454721493,0.6564348480404038,8.750897702806968e-07,0.02441961892030354,184570.99999999997,257352.00000000012,0.02441961535434142,0.0003270044721208825,0.0004507055978183732,0.0
0.020349939072894757,681.43244,778186842.5,184570,257181,0.9983340364997458,0.6559986736216508,8.75666874308531e-07,0.024427603541633706,184569.99999999994,257181.00000000012,0.02442759998142267,0.0,0.0,0.0
0.020510787752835775,681.425056,777000715.8333333,184568,256789,0.998323218554939,0.6549987884043925,8.769941161111694e-07,0.024445976451815628,184567.99999999994,256789.0000000001,0.024445972878445278,0.0,0.0,0.0004855573931705661
0.02051404743975668,681.425056,776967431.6666666,184568,256778,0.998323218554939,0.6549707304008471,8.770316852770528e-07,0.02444650006143395,184567.99999999994,256778.00000000012,0.02444649648580646,0.0,0.0004394299869687531,0.0
0.0206536261214202,681.406596,775814589.1666666,184563,256397,0.9982961736929219,0.6539989031871343,8.783111396911548e-07,0.02446399403053047,184562.99999999994,256397.00000000012,0.02446399044966773,0.0,0.00044202682134972536,0.00022085964352628218
0.020730496993352308,681.39552,775245732.5,184560,256209,0.9982799467757116,0.6535193663992656,8.789413361911025e-07,0.024472570131137253,184559.99999999997,256209.00000000012,0.024472566543633664,0.0,0.00045685445162050507,0.0
0.02081012713953224,681.391828,774628462.5,184559,256005,0.9982745378033082,0.6529990179698761,8.796369627329567e-07,0.024482186136310972,184558.99999999997,256005.0000000001,0.02448218254635904,0.0004763249536800127,0.0,0.0
0.020960295556083502,681.373368,773517981.6666666,184554,255638,0.9982474929412911,0.6520629009424941,8.808759255109668e-07,0.024499089700548562,184553.99999999994,255638.0000000001,0.024499086106483343,0.0,0.00043023874934473253,0.00021496046176064102
0.02097026626991816,681.373368,773442335.8333333,184554,255613,0.9982474929412911,0.6519991327526178,8.80962078790095e-07,0.024500287726993912,184553.99999999994,255613.00000000006,0.02450028413057523,0.00016124410713718427,0.0,0.00010836922672798852
0.021133350424661565,681.362292,772256209.1666666,184551,255221,0.9982312660240809,0.6509992475353596,8.823008269952931e-07,0.02451869722711646,184550.99999999997,255221.00000000012,0.024518693623270586,0.00027402497081458925,0.0,0.0
0.02119741716807657,681.362292,771781153.3333333,184551,255064,0.9982312660240809,0.6505987833029373,8.828439112009759e-07,0.024526242085043143,184550.99999999997,255064.00000000006,0.02452623847594244,0.0,0.0,0.0
0.021300976503601687,681.343832,771070082.5,184546,254829,0.9982042211620636,0.6499993623181014,8.83634117654928e-07,0.024536883579805883,184545.99999999994,254829.00000000015,0.024536879967401577,0.00026064132758719683,0.0,0.0
0.021443582165532646,681.336448,770056428.3333333,184544,254494,0.9981934032172568,0.6491448685737609,8.847876894874395e-07,0.02455276158784382,184543.99999999994,254494.0000000001,0.02455275796020013,0.0005226865481395574,0.00023836878805716304,0.0
0.02146913035032516,681.336448,769883955.8333333,184544,254437,0.9981934032172568,0.6489994771008432,8.849859031839569e-07,0.024555511638030048,184543.99999999994,254437.0000000001,0.024555508014815937,0.0,0.0,0.00032527689766722993
0.021628513529093365,681.317988,768697829.1666666,184539,254045,0.9981663583552397,0.647999591883585,8.86327451631555e-07,0.024573783511188878,184538.99999999994,254045.00000000006,0.024573779885668084,0.0006227905882382903,0.0,0.0
0.021681011847511804,681.314296,768328677.5,184538,253923,0.9981609493828363,0.6476884031169894,8.867484918262732e-07,0.024579552974732452,184537.9999999999,253923.0000000001,0.024579549341283893,0.0,0.0005585592052324359,0.0002791555455528211
0.021801228941477898,681.292144,767511702.5,184532,253653,0.9981284955484158,0.6469997066663268,8.876635258861086e-07,0.024591831706921436,184531.99999999994,253653.00000000012,0.02459182806826878,0.0,0.0,0.000217034771130844
0.021922172778778764,681.281068,766610004.1666666,184529,253355,0.9981122686312055,0.6462395898430029,8.886931611864075e-07,0.024605890066757837,184528.99999999994,253355.00000000012,0.024605886417690834,0.0,0.0004823894459225531,0.0
0.02196311428675001,681.281068,766325575.8333334,184529,253261,0.9981122686312055,0.6459998214490686,8.890230073022781e-07,0.024610455987069152,184528.99999999994,253261.00000000015,0.024610452339427172,0.0,0.00021278029868786443,0.0004259200467172938
0.022136878143497147,681.258916,765139449.1666666,184523,252869,0.998079814796785,0.6449999362318103,8.903722278886246e-07,0.024628723450636037,184522.99999999994,252869.00000000015,0.024628719798692057,0.0004422387155120596,0.0,0.0
0.022172248016317044,681.251532,764888305.0,184521,252786,0.998068996851978,0.6447882258414215,8.906549198709477e-07,0.024632499439671576,184520.99999999994,252786.00000000015,0.024632495779440326,0.0,0.0,0.00044784487882276513
0.02230618288203471,681.233072,763953322.5,184516,252477,0.9980419519899609,0.6440000510145522,8.917208053637335e-07,0.02464690048676,184515.99999999994,252477.0000000001,0.02464689682646857,0.0004909624281933766,0.0,0.0
0.022430315005196138,681.225688,763163580.0,184514,252216,0.9980311340451541,0.643334311112245,8.926339068748537e-07,0.024659382541802423,184513.99999999994,252216.0000000001,0.024659378873277505,0.00038166516300827533,0.0,0.0002836898456902576
0.022487185267617588,681.218304,762767195.8333334,184512,252085,0.9980203161003472,0.6430001657972939,8.930880978117574e-07,0.024665521671229894,184511.99999999994,252085.00000000017,0.02466551799839863,0.00028520582274781195,0.0,0.0
0.022666939136123304,681.207228,761581069.1666666,184509,251693,0.998004089183137,0.6420002805800357,8.944644970566129e-07,0.024684320541273758,184508.9999999999,251693.00000000012,0.024684316856056113,0.0,0.00028628882897411867,0.00014289802845319236
0.022690928185587957,681.207228,761435829.1666666,184509,251645,0.998004089183137,0.6418778456554735,8.946351115963762e-07,0.02468667463313028,184508.9999999999,251645.00000000012,0.02468667094857806,0.0,0.0,0.0
0.022854315561327814,681.196152,760394942.5,184506,251301,0.9979878622659267,0.6410003953627774,8.958451903433064e-07,0.02470316369312983,184505.99999999994,251301.00000000017,0.02470316000676906,0.000387998831588731,0.0,0.000375499444992162
0.02294361449426102,681.188768,759705052.5,184504,251073,0.9979770443211199,0.6404188294711068,8.966489899710125e-07,0.024714109751451666,184503.99999999994,251073.00000000012,0.02471410605990589,0.0,0.0,0.0
0.023017087668002197,681.181384,759208815.8333334,184502,250909,0.997966226376313,0.6400005101455193,8.972253348406027e-07,0.024721917307251578,184501.99999999994,250909.00000000012,0.024721913607775176,0.0,0.0001647535271950041,0.0005094925061944165
0.02317975225690348,681.1555400000001,758022689.1666666,184495,250517,0.9979283635694892,0.6390006249282609,8.98595186839103e-07,0.024740313048399167,184495.0,250517.0000000001,0.024740309343260977,8.49061408501125e-05,0.0004077155475601556,0.00020368320729769596
0.02318702839526936,681.1555400000001,757986379.1666666,184495,250505,0.9979283635694892,0.6389700161971205,8.986382324559253e-07,0.024740905611823537,184495.0,250505.00000000012,0.024740901906462293,0.0,0.0003120141070320852,0.0001557788745345921
0.023357921300195292,681.1370800000001,756836562.5,184490,250125,0.9979013187074721,0.6380007397110028,8.999790889463009e-07,0.02475902115807375,184490.0,250125.00000000012,0.024759017444370538,4.09524120484107e-05,0.0,0.0
0.023438006646403116,681.1370800000001,756255602.5,184490,249933,0.9979013187074721,0.6375110000127538,9.006704581735646e-07,0.02476852934517114,184490.0,249933.00000000015,0.024768525629121733,0.0,0.0,0.0
0.02352874114805918,681.1260040000001,755650435.8333334,184487,249733,0.9978850917902619,0.6370008544937446,9.013771073245693e-07,0.024778042441021508,184486.99999999997,249733.00000000017,0.024778038717679148,0.0004583694426760368,0.0,0.0
0.02370751718452578,681.1186200000001,754524825.8333334,184485,249361,0.997874273845455,0.6360519838283873,9.027120071864302e-07,0.024796248841150382,184485.0,249361.00000000015,0.024796245110790986,0.0,0.0,0.00025300376448632626
0.02371936511487659,681.1186200000001,754464309.1666666,184485,249341,0.997874273845455,0.6360009692764863,9.027844150140389e-07,0.02479724329258939,184485.0,249341.00000000015,0.024797239561171403,0.00023612896956539685,0.00037478334572355667,0.00018719997310344045
0.023914538347034376,681.1075440000001,753275156.6666666,184482,248948,0.9978580469282448,0.634998533331633,9.041948854572386e-07,0.024816405012232153,184481.99999999997,248948.00000000012,0.024816401273358213,0.0005075211668638899,0.0,0.00037061164214422713
0.02399562784472382,681.1038520000001,752791023.3333334,184481,248788,0.9978526379558413,0.6345904169164257,9.047714848990827e-07,0.024824249103336946,184481.0,248788.00000000017,0.024824245361440175,0.00041287808797025476,0.0,0.0
0.024103742371257772,681.0927760000001,752089030.0,184478,248556,0.997836411038631,0.6339986481143748,9.056012637227271e-07,0.024835427893596287,184478.0,248556.00000000015,0.024835424144003825,0.0003171250749847966,0.0,0.0
0.024248694681475346,681.0853920000001,751060246.6666666,184476,248216,0.9978255930938241,0.633131400732059,9.068319019982393e-07,0.024852162108166292,184475.99999999997,248216.00000000012,0.024852158351973158,0.0002772771286201672,0.0,0.0002800488193637483
0.024277139840113586,681.0743160000001,750902903.3333334,184473,248164,0.9978093661766139,0.6329987628971167,9.07007168272546e-07,0.024854361523449383,184472.99999999997,248164.00000000012,0.024854357764385198,0.0003293382881045334,0.0,0.0
0.024460089314496555,681.0632400000001,749716776.6666666,184470,247772,0.9977931392594036,0.6319988776798584,9.08427370437262e-07,0.024873610277052306,184469.99999999997,247772.0000000001,0.024873606513522335,0.0,0.0002645196896297583,0.00031726223790323917
0.024516168928407814,681.0632400000001,749332495.8333334,184470,247645,0.9977931392594036,0.6316749352752875,9.088932400330363e-07,0.024879987437114944,184469.99999999997,247645.00000000017,0.024879983667824245,0.0,0.0,0.0
0.024635217796492855,681.0595480000001,748530650.0,184469,247380,0.9977877302870002,0.6309989924626002,9.098619381851633e-07,0.024893174975538803,184468.99999999997,247380.00000000015,0.02489317120403362,0.0,0.0,0.0
0.024778125045944573,681.0521640000001,747595667.5,184467,247071,0.9977769123421933,0.6302108176357308,9.109899824292388e-07,0.024908466410354435,184466.99999999997,247071.00000000015,0.024908462627581885,0.0005013655871292661,0.0,0.0002642363150660482
0.02481567089288383,681.0521640000001,747344523.3333334,184467,246988,0.9977769123421933,0.629999107245342,9.112961194421367e-07,0.02491265128786717,184466.99999999997,246988.00000000017,0.024912647501544035,0.0,0.0,0.0
0.025013757722485395,681.0484720000001,746158396.6666666,184466,246596,0.9977715033697899,0.6289992220280837,9.12739808387155e-07,0.02493230939635646,184465.99999999997,246596.00000000012,0.024932305606197285,0.0,0.0003590993527853908,0.0006029310687730038
0.025057291621692176,681.0447800000001,745855813.3333334,184465,246496,0.9977660943973865,0.6287441492685791,9.131051442185806e-07,0.024937231042383424,184464.99999999997,246496.00000000015,0.02493722725056636,9.930236023111801e-05,0.0,0.0
0.02521347015652028,681.0373960000001,744972270.0,184463,246204,0.9977552764525797,0.6279993368108255,9.141781827664539e-07,0.02495174400861146,184462.99999999997,246204.00000000012,0.024951740203298822,0.0,0.0003648942933261732,0.00034047311748787136
0.025350189282322053,681.030012,744122010.8333334,184461,245923,0.9977444585077728,0.6272825823566175,9.152128308062312e-07,0.02496572460687896,184460.99999999997,245923.00000000015,0.024965720797149437,0.0,0.0,0.0001750476212400121
0.025401079469162202,681.030012,743786143.3333334,184461,245812,0.9977444585077728,0.6269994515935673,9.156261085315639e-07,0.024971360789527757,184460.99999999997,245812.00000000015,0.024971356980055516,0.0005672616645867939,0.0,0.0
0.025604997884392352,681.000476,742600016.6666667,184453,245420,0.9977011867285454,0.6259995663763092,9.170488294045957e-07,0.02499021187064593,184452.99999999997,245420.0000000002,0.024990208052010642,0.0,0.00035255844689930326,0.0
0.025634035681923018,680.996784,742403337.5,184452,245355,0.9976957777561419,0.625833769082631,9.172868030109038e-07,0.024993386382322565,184451.99999999997,245355.00000000012,0.024993382561876387,0.0,0.00026320011030882186,0.0
0.02580359019193384,680.982016,741413890.0,184448,245028,0.9976741418665283,0.6249996811590508,9.18491041488311e-07,0.02500951581119974,184447.99999999997,245028.00000000015,0.025009511980508912,0.00043163507796777946,0.0003214024689028574,0.0001604699060004116
0.025935918204930995,680.963556,740684664.1666667,184443,244787,0.9976470970045112,0.6243849558086447,9.193704000421582e-07,0.0250211457949841,184442.99999999997,244787.00000000017,0.025021141962451292,0.0002374060868777972,0.0,0.0
0.02601315138702974,680.959864,740227763.3333334,184442,244636,0.9976416880321077,0.6239997959417927,9.199328878635368e-07,0.025028730974795375,184441.99999999994,244636.00000000017,0.0250287271363019,0.0003830695940245128,0.0,0.0003176669431355057
0.02621369720437624,680.930328,739041636.6666667,184434,244244,0.9975984162528804,0.6229999107245344,9.21369371110444e-07,0.02504772141491893,184433.99999999997,244244.00000000023,0.02504771756883191,0.0001672372746600287,0.00020989549659930124,0.00041837734736394994
0.026227987427644647,680.930328,738969016.6666667,184434,244220,0.9975984162528804,0.6229386932622534,9.214599159671578e-07,0.02504895213014647,184433.99999999997,244220.0000000002,0.025048948282389103,0.00012758898927565842,0.00047681857309148524,0.0
0.026405645666040145,680.908176,737855510.0,184428,243852,0.9975659624184599,0.6220000255072762,9.228204801235408e-07,0.025067030336606774,184427.99999999997,243852.00000000015,0.02506702648133643,0.00029250974533841803,0.0,0.0
0.02650791613085127,680.8971,737250343.3333334,184425,243652,0.9975497355012495,0.6214898799882669,9.235629473178091e-07,0.025076908352030736,184424.99999999994,243652.0000000002,0.02507690448997426,0.0,0.00032245394757454536,0.0
0.026608187825295757,680.893408,736669383.3333334,184424,243460,0.9975443265288461,0.6210001402900179,9.242862855505759e-07,0.025086658584518442,184423.99999999994,243460.00000000015,0.025086654720010423,0.0,0.0,0.0
0.02681102694530886,680.882332,735516540.8333334,184421,243079,0.9975280996116358,0.6200283130763052,9.257199453714076e-07,0.025105902795625506,184420.99999999994,243079.00000000017,0.025105898922392046,0.0,0.0,0.0006204438070160796
0.02681607763120944,680.882332,735483256.6666667,184421,243068,0.9975280996116358,0.6200002550727598,9.257618386662842e-07,0.02510647087082745,184420.99999999994,243068.0000000002,0.02510646699923543,0.0,0.0,0.00020385210839714144
0.027022396654791277,680.863872,734297130.0,184416,242676,0.9975010547496187,0.6190003698555014,9.272321028954587e-07,0.025126058979077964,184415.99999999994,242676.00000000017,0.025126055097531293,0.0004936380584158704,0.00027984278838733587,0.0003178453534261457
0.027116040365448735,680.845412,733800893.3333334,184411,242512,0.9974740098876016,0.6185820505299139,9.278339917347606e-07,0.025133871893726553,184410.99999999997,242512.00000000017,0.02513386800555494,0.0003381378066548258,0.00027031920940140755,0.0
0.02723437216356242,680.838028,733111003.3333334,184409,242284,0.9974631919427948,0.6180004846382433,9.286970525668598e-07,0.025145422443837228,184408.99999999994,242284.00000000015,0.025145418548666636,0.0,0.0,0.0
0.027420502491886756,680.82326,732073142.5,184405,241941,0.9974415560531811,0.6171255850731423,9.299934944683481e-07,0.025162694662589948,184404.99999999994,241941.00000000012,0.02516269076157338,0.00019261257442474832,0.00041687782516524295,0.0005359105699556328
0.027451050421371036,680.82326,731924876.6666667,184405,241892,0.9974415560531811,0.6170005994209851,9.301818830104616e-07,0.02516524313381695,184404.99999999994,241892.00000000017,0.025165239231510417,0.0,0.00044429914909161167,0.0004602111523065066
0.02765076449254306,680.812184,730738750.0,184402,241500,0.9974253291359708,0.6160007142037268,9.316765861944505e-07,0.02518524908411088,184401.99999999994,241500.00000000015,0.025185245172317395,0.0,0.00025881941611994474,0.0
0.027724807994073935,680.808492,730339340.0,184401,241368,0.9974199201635674,0.6156640181611807,9.321810488806477e-07,0.02519199821688252,184400.99999999994,241368.00000000012,0.02519199429790774,0.0,0.0,0.00023910921380109837
0.02786715440674801,680.78634,729552623.3333334,184395,241108,0.9973874663291468,0.6150008289864687,9.331559070947895e-07,0.02520475738110648,184394.99999999994,241108.00000000017,0.025204753459680988,0.0002813265929513583,0.0,0.0
0.028044947716953976,680.771572,728623692.5,184391,240801,0.9973658304395331,0.6142177556147893,9.343253300811379e-07,0.025220272078602862,184390.99999999994,240801.00000000012,0.02522026815204637,0.00041221202059273343,0.0,0.0
0.028090172023894626,680.764188,728366496.6666667,184389,240716,0.9973550124947262,0.6140009437692104,9.346451149462305e-07,0.025224450890842742,184388.9999999999,240716.00000000023,0.025224446960790813,0.0,0.00035241737838017604,0.00017599017470857386
0.028293686770792525,680.756804,727177344.1666667,184387,240323,0.9973441945499194,0.6129985078243572,9.361633849857301e-07,0.025244793403486333,184386.99999999994,240323.0000000002,0.025244789463695138,0.0,0.0,0.00026066608011700846
0.02834042766940524,680.753112,726892915.8333334,184386,240229,0.997338785577516,0.6127587394304228,9.365246203005883e-07,0.02524959504099509,184385.99999999994,240229.00000000017,0.02524959109896638,0.0004963306156212391,0.0,0.0
0.028499856258031104,680.734652,725991217.5,184381,239931,0.9973117407154989,0.6119986226070989,9.376623788152092e-07,0.025264585354528652,184380.99999999994,239931.00000000012,0.02526458140700293,0.00019634501013440512,0.0003281599155223006,0.0
0.028651369031767064,680.7235760000001,725171216.6666667,184378,239660,0.9972955137982887,0.6113073754288414,9.387073843457613e-07,0.025278454214794327,184378.00000000003,239660.0000000002,0.02527845025680386,0.0,0.00018575814201779342,9.245999533889724e-05
0.02871953167349367,680.7161920000001,724805090.8333334,184376,239539,0.9972846958534819,0.6109987373898407,9.391713725649433e-07,0.025284563677623974,184376.0,239539.00000000017,0.02528455971965939,0.0006145985873509695,0.0,0.0
0.028931186471241876,680.6903480000001,723618964.1666667,184369,239147,0.997246833046658,0.6099988521725825,9.406751090111298e-07,0.02530431716738715,184369.0,239147.0000000002,0.0253043132017271,0.0,0.0006226236964630487,0.0
0.028956793901561313,680.6866560000001,723455569.1666667,184368,239093,0.9972414240742545,0.60986111288245,9.408824605276986e-07,0.025307037277122173,184367.99999999997,239093.0000000002,0.02530703331102084,0.0,0.00022752309298033872,0.0003052596299634122
0.0291505928836853,680.6608120000001,722432837.5,184361,238755,0.9972035612674306,0.6089989669553242,9.421786727683182e-07,0.025323982713143005,184360.99999999997,238755.00000000012,0.025323978737578558,0.00016644544510217952,0.00044319332413623596,0.00045764538384665543
0.029283271440559543,680.6608120000001,721730844.1666667,184361,238523,0.9972035612674306,0.6084071981532735,9.430950852404162e-07,0.025336295437828928,184360.99999999997,238523.0000000002,0.02533629145911516,0.0,0.0005772786362353457,0.0
0.029373216043289383,680.6534280000001,721246710.8333334,184359,238363,0.9971927433226238,0.607999081738066,9.437178953836316e-07,0.025344522496149227,184358.99999999997,238363.00000000017,0.02534451850848936,0.00035183273083089873,0.0,0.00048214604965686865
0.029607100149907372,680.6460440000001,720060584.1666667,184357,237971,0.9971819253778168,0.6069991965208078,9.452621889972195e-07,0.025365113236170224,184356.99999999997,237971.00000000017,0.025365109240359836,0.0004846596375080759,0.0006084808689327481,0.0
0.029614560453670852,680.6460440000001,719997041.6666667,184357,237950,0.9971819253778168,0.6069456312413118,9.453456120103271e-07,0.025366232495733144,184356.99999999997,237950.00000000023,0.025366228500678004,0.00030920614572393587,0.00048656503324690214,0.0
0.029865177765398772,680.6423520000001,718874457.5,184356,237579,0.9971765164054134,0.6059993113035496,9.468167145165261e-07,0.025385892843889514,184356.0,237579.00000000015,0.025385888836715297,0.0005062052867298876,0.0003392090011418871,0.0
0.029984800738637414,680.6386600000001,718257187.5000001,184355,237375,0.99717110743301,0.6054789628741601,9.47625268281774e-07,0.025396661055844472,184355.0,237375.0000000002,0.025396657041877355,0.00020441368904591104,0.0,0.0
0.03010259059327893,680.6312760000001,717688330.8333334,184353,237187,0.9971602894882031,0.6049994260862913,9.483660897895538e-07,0.025406448429652555,184352.99999999997,237187.00000000017,0.02540644441557398,0.0004185253462634615,0.0,0.0
0.030321573321495095,680.5906640000001,716553643.3333334,184342,236812,0.9971007907917655,0.6040429032381489,9.498111834781312e-07,0.025425039312418126,184341.99999999997,236812.00000000017,0.02542503528894216,0.0003949648386113578,0.00021673533316478975,0.00010800006896445984
0.030331465602821676,680.5906640000001,716502204.1666667,184342,236795,0.9971007907917655,0.6039995408690332,9.498793723762038e-07,0.025425951953966717,184341.99999999997,236795.0000000002,0.025425947931790104,0.0,0.0005060276273861615,0.0
0.03055177388598223,680.5758960000001,715316077.5000001,184338,236403,0.9970791549021518,0.6029996556517749,9.514338030519102e-07,0.025446471523508745,184337.99999999997,236403.0000000002,0.025446467492024217,0.00013212300960458275,0.0,0.0005585954172478771
0.030645736291528936,680.572204,714822866.6666667,184337,236240,0.9970737459297484,0.6025838870537824,9.520851049066421e-07,0.025455110650749187,184336.99999999997,236240.00000000017,0.02545510661151665,0.0,0.00044913604930725846,0.00022438997694460285
0.030786153778395456,680.557436,714129950.8333334,184333,236011,0.9970521100401347,0.6019997704345167,9.529882274309363e-07,0.02546690449580755,184332.99999999997,236011.00000000017,0.025466900450545202,0.0004129507400645827,9.621831804389013e-05,4.726967327685237e-05
0.03097644972591274,680.538976,713104193.3333334,184328,235672,0.9970250651781175,0.6011350737797959,9.54333156868549e-07,0.025484522937229366,184327.99999999997,235672.0000000002,0.025484518884784323,0.00022047245180582286,0.00023452708106202165,0.00030469819775996645
0.031018684506260347,680.538976,712943824.1666667,184328,235619,0.9970250651781175,0.6009998852172584,9.545478240104773e-07,0.02548738901290437,184327.99999999997,235619.00000000017,0.02548738495740622,0.00010755066007158333,0.00016784932741175079,0.0
0.03125274851835969,680.520516,711757697.5000001,184323,235227,0.9969980203161004,0.6000000000000003,9.561126186485675e-07,0.025507925289933602,184322.99999999997,235227.00000000023,0.025507921227143477,0.00041499618064497234,0.0005921037405690725,0.0005697624676981227
0.031328312838561155,680.516824,711376442.5000001,184322,235101,0.996992611343697,0.5996786083230244,9.566198475851272e-07,0.02551462130728173,184321.99999999994,235101.0000000002,0.025514617240361488,6.0612548819216894e-05,0.00040832799993903993,0.00034724771288866343
0.031495652702507024,680.502056,710571570.8333334,184318,234835,0.9969709754540833,0.5990001147827421,9.57682637375896e-07,0.025528513543287234,184317.99999999997,234835.00000000015,0.025528509473288854,0.00013306484456737387,0.0001680015109221263,8.351801236312978e-05
0.031675908071003074,680.49098,709651717.5000001,184315,234531,0.996954748536873,0.598224693593848,9.589083817020424e-07,0.025544637488025483,184314.99999999994,234531.0000000002,0.025544633406239286,0.0,0.0,0.0003796933012166806
0.031737301746862574,680.49098,709385444.1666667,184315,234443,0.996954748536873,0.5980002295654838,9.592683154069932e-07,0.02554943122721627,184314.99999999994,234443.0000000002,0.02554942714733915,0.0,3.1481345077404584e-05,0.0
0.031973197519004126,680.487288,708199317.5000001,184314,234051,0.9969493395644696,0.5970003443482257,9.6086973142275e-07,0.02557067925685893,184313.99999999997,234051.00000000023,0.025570675161441177,0.0001499864310336608,0.0,0.0005500976612519389
0.032033936694738044,680.483596,707911863.3333334,184313,233956,0.9969439305920662,0.5967580252266962,9.612546861353865e-07,0.025575731572982607,184312.99999999997,233956.00000000017,0.025575727475342234,0.0,0.0,0.0
0.032217675048760955,680.461444,707013190.8333334,184307,233659,0.9969114767576457,0.5960004591309673,9.624451888909771e-07,0.02559114774689887,184306.99999999997,233659.00000000015,0.025591143642227445,0.00025669051648166604,0.0,0.0
0.03236963674996574,680.446676,706196215.8333334,184303,233389,0.996889840868032,0.5953117626803048,9.635376978012434e-07,0.025605390519762603,184302.99999999994,233389.00000000017,0.02560538641078632,0.0,0.00018681051230656892,0.0
0.03245380509506709,680.442984,705827064.1666667,184302,233267,0.9968844318956285,0.5950005739137092,9.640364028876729e-07,0.025611946561429382,184301.99999999997,233267.0000000002,0.025611942448027857,0.0,0.0004163305403221272,0.0
0.03270780037056655,680.420832,704640937.5000001,184296,232875,0.996851978061208,0.594000688696451,9.656277343381003e-07,0.02563265937043219,184295.99999999994,232875.00000000023,0.02563265524987528,0.0,0.00032762235952568696,0.0
0.03273199336402063,680.413448,704477542.5000001,184294,232821,0.9968411601164011,0.5938629494063185,9.658412184232259e-07,0.02563535358928892,184293.99999999994,232821.00000000023,0.02563534946447347,0.0,0.00026503802826999436,0.0004170187436913764
0.03294749463457766,680.376528,703454810.8333334,184284,232483,0.9967870703923669,0.5930008034791927,9.67192941923314e-07,0.025652590039446116,184283.99999999994,232483.00000000017,0.02565258590746449,0.00021752586136446816,0.0,0.0004976630007270646
0.03308827169398552,680.369144,702767946.6666667,184282,232256,0.9967762524475601,0.5924217883151172,9.68127740069951e-07,0.025664844472430514,184281.99999999994,232256.00000000017,0.025664840328288415,0.0,0.0003329849901868119,0.0004285826503538521
0.033189324891918746,680.369144,702268684.1666667,184282,232091,0.9967762524475601,0.5920009182619345,9.68816009227788e-07,0.025673965780373825,184281.99999999994,232091.00000000017,0.025673961631256594,0.0,0.0,0.0
0.03343959966668405,680.36176,701082557.5000001,184280,231699,0.9967654345027532,0.5910010330446763,9.704445685057568e-07,0.0256953959808176,184279.99999999994,231699.00000000023,0.02569539182341351,0.0,0.0003685873169797356,0.00043537668583516894
0.03344838559680274,680.36176,701028092.5000001,184280,231681,0.9967654345027532,0.5909551199479655,9.70519965289408e-07,0.025696394138077824,184279.99999999994,231681.00000000023,0.025696389985344542,0.00015353167415605476,0.00012335409744265879,0.0003992250321309206
0.03367750394630502,680.350684,699893405.0000001,184277,231306,0.996749207585543,0.589998597099823,9.72077575155891e-07,0.025716796907048353,184276.99999999994,231306.00000000023,0.02571679274317515,0.0,0.0,0.00039376989336942204
0.03379667973117505,680.335916,699303367.5000001,184273,231111,0.9967275716959292,0.5895012052187889,9.72876647844828e-07,0.025727085442516034,184272.9999999999,231111.0000000002,0.025727081272491147,0.00040785391207781075,0.0,0.00037651488118808403
0.03392032002244906,680.30638,698707278.3333334,184265,230914,0.9966842999167018,0.5889987118825647,9.736643671764432e-07,0.025736940007871894,184264.99999999994,230914.00000000017,0.0257369358353481,0.00031127733593114883,0.0,0.0
0.034164702268919954,680.298996,697587720.0000001,184263,230544,0.996673481971895,0.5880549426723976,9.752164157935576e-07,0.02575730476092318,184262.99999999994,230544.00000000023,0.025757300574996825,0.000350243332319159,0.0,0.0
0.03417352743417855,680.298996,697521151.6666667,184263,230522,0.996673481971895,0.5879988266653066,9.753094861345553e-07,0.025758533813216425,184262.99999999994,230522.00000000017,0.025758529622124986,0.0003424152860887457,0.0002085991303415328,0.0002970436775284037
0.034421445437274475,680.280536,696335025.0000001,184258,230130,0.9966464371098779,0.5869989414480483,9.769443034981615e-07,0.02577976327327068,184257.99999999994,230130.0000000002,0.02577975907860328,0.00034532336701944817,0.0,0.00021884297390375188
0.034513766788882856,680.26946,695866020.8333334,184255,229975,0.9966302101926676,0.586603578670816,9.77586833720296e-07,0.025788029538489667,184254.9999999999,229975.00000000015,0.025788025333220926,0.0002595064842508296,0.00028005755134834464,0.00031109563380378105
0.034672874323196,680.2620760000001,695148898.3333334,184253,229738,0.9966193922478609,0.5859990562307901,9.78584699811759e-07,0.02580104764221376,184253.0,229738.00000000017,0.025801043431722636,0.00030656343510273486,0.0,0.0
0.03490470995714596,680.2510000000001,694138270.0000001,184250,229404,0.9966031653306506,0.5851471132140446,9.79993510514843e-07,0.02581940288854939,184249.99999999997,229404.00000000023,0.02581939867297899,0.0004298616510653652,0.0,0.0
0.034942475905746055,680.2436160000001,693962771.6666667,184248,229346,0.9965923473858438,0.5849991710135318,9.80230703682104e-07,0.025822387155081908,184247.99999999997,229346.00000000017,0.02582238293316871,0.0,0.00037235957604565904,0.0005154749244439064
0.035206120001627206,680.2066960000001,692776645.0000001,184238,228954,0.9965382576618096,0.5839992857962737,9.818556975170547e-07,0.025843080697874457,184237.99999999997,228954.00000000023,0.025843076473396807,0.00042228986618672755,0.0,0.0
0.03528545973656799,680.2030040000001,692431700.0000001,184237,228840,0.9965328486894062,0.5837085028504384,9.823394913895478e-07,0.02584937664608187,184236.99999999997,228840.0000000002,0.025849372415678164,0.0,0.00032205003988431823,0.00016076059741174315
0.03548064310874606,680.1734680000001,691590518.3333335,184229,228562,0.9964895769101787,0.5829994005790154,9.83491603729838e-07,0.02586396904687689,184228.99999999997,228562.00000000023,0.025863964809767756,0.00042395145641773737,0.0,0.0
0.03566607452457583,680.1476240000001,690731181.6666667,184222,228278,0.9964517141033548,0.5822749939420222,9.846777473674642e-07,0.025879069347209013,184221.99999999997,228278.00000000017,0.02587906510151387,0.00041974357723971033,0.0,0.0
0.035742356193666405,680.1402400000001,690404391.6666667,184220,228170,0.9964408961585479,0.5819995153617572,9.851331309728656e-07,0.025884912287505175,184219.99999999994,228170.00000000017,0.025884908033465416,0.0,0.00040822728561313296,0.0003438417072003231
0.03599993198935294,680.1254720000001,689218265.0000001,184216,227778,0.9964192602689342,0.5809996301444991,9.868070922351426e-07,0.025906613815382628,184215.99999999997,227778.0000000002,0.02590660955413274,0.0003959378612215112,0.00047737977889755675,0.00023850990880687107
0.03604025954160963,680.1254720000001,689003430.8333335,184216,227707,0.9964192602689342,0.5808185284852507,9.871147828355574e-07,0.025910652396151878,184215.99999999997,227707.00000000023,0.025910648129677295,0.00030077737628675545,0.0,0.0
0.036270640218709994,680.099628,688032138.3333335,184209,227386,0.9963813974621103,0.5799997449272408,9.884707270323899e-07,0.025927949663319273,184209.0,227386.00000000023,0.025927945389035992,0.0,0.0,0.0
0.036429954769063765,680.08486,687290809.1666667,184205,227141,0.9963597615724965,0.5793748166664544,9.895154291741455e-07,0.025941365849117097,184204.99999999997,227141.00000000017,0.02594136157075151,0.0,0.000354832317617922,0.00042895161193615133
0.036522009452254346,680.070092,686846011.6666667,184201,226994,0.9963381256828828,0.5789998597099826,9.901347324559335e-07,0.02594920073130774,184200.99999999994,226994.0000000002,0.0259491964485793,0.0,0.00018203276340283262,0.00048678884206040723
0.03676158561221125,680.059016,685659885.0000001,184198,226602,0.9963218987656726,0.5779999744927243,9.918314179923183e-07,0.02597121287421403,184197.99999999997,226602.0000000002,0.025971208579885406,0.0,0.0002197292372036032,0.0
0.03678680288870974,680.059016,685566084.1666667,184198,226571,0.9963218987656726,0.5779209019372779,9.919671227998964e-07,0.0259729895359708,184197.99999999997,226571.00000000017,0.02597298524307125,0.00012141280417740283,0.0006633759336410965,0.0003315570660116192
0.037026285197303895,680.036864,684473758.3333335,184192,226210,0.996289444931252,0.5770000892754662,9.935178021373132e-07,0.025992859221209797,184191.99999999994,226210.00000000023,0.025992854917640328,0.0005599039818304142,0.0,0.0
0.03718964773239079,680.022096,683850436.6666667,184188,226004,0.9962678090416384,0.5764746393908865,9.944017866167822e-07,0.02600413788613822,184187.99999999997,226004.00000000017,0.026004133576229185,0.0,0.00038677512420960447,0.00019316181241976578
0.03731565637473294,680.022096,683287631.6666667,184188,225818,0.9962678090416384,0.5760002040582078,9.95220847685035e-07,0.02601484512399938,184187.99999999997,225818.00000000017,0.02601484081458037,0.0003073163614449683,0.00023082471092397225,0.00011503310465804649
0.037578578855480944,679.981484,682137815.0000001,184177,225438,0.9962083103452006,0.5750309275720902,9.968388631262142e-07,0.026035206345589736,184176.99999999997,225438.0000000002,0.026035202020908095,0.0,0.00038127894306363953,0.0
0.03758664281007716,679.981484,682101505.0000001,184177,225426,0.9962083103452006,0.5750003188409497,9.96891927397228e-07,0.02603589929653261,184176.99999999997,225426.00000000023,0.02603589497419952,0.0,0.0002458973201050812,0.0
0.03785624689859841,679.951948,680915378.3333335,184169,225034,0.9961650385659733,0.5740004336236915,9.98585095352536e-07,0.026057434271791278,184168.99999999994,225034.00000000023,0.026057429933056202,0.0002906748908612255,0.0,0.0
0.037963904989036,679.93718,680428219.1666667,184165,224873,0.9961434026763596,0.5735897664808889,9.992783380335576e-07,0.026066194490136526,184164.99999999994,224873.00000000017,0.026066190151847447,0.0,0.00035073449498729546,0.0
0.038145055442508256,679.922412,679729251.6666667,184161,224642,0.9961217667867459,0.5730005484064332,1.0002841724596369e-06,0.026079026577389357,184160.99999999994,224642.0000000002,0.02607902222913839,0.0,7.952215836175551e-05,0.00027741268223350883
0.03838796202177132,679.896568,678715597.5000001,184154,224307,0.996083903979922,0.5721460546620927,1.001740007897785e-06,0.026097501669661734,184153.99999999994,224307.0000000002,0.02609749731112592,0.0,0.00024410508340277673,0.0003002679988057919
0.03843227289746949,679.896568,678543125.0000001,184154,224250,0.996083903979922,0.572000663189175,1.0019946307760466e-06,0.026100818198268448,184153.99999999994,224250.0000000002,0.02610081383771611,0.0,0.0,0.0005381783056061105
0.03874119826614271,679.86334,677356998.3333335,184145,223858,0.9960352232282911,0.5710007779719168,1.0037001783001186e-06,0.026122384186320246,184144.99999999994,223858.00000000023,0.026122379817569142,0.00026860394083123737,0.0,0.0004464621076845048
0.03883532088632095,679.859648,676999950.0000001,184144,223740,0.9960298142558877,0.5706997921157013,1.0042240741672136e-06,0.02612912982815248,184143.99999999994,223740.00000000023,0.02612912545422818,0.00024225652157120584,0.0,0.0
0.039032253648488884,679.833804,676170871.6666667,184137,223466,0.9959919514490637,0.5700008927546585,1.0054171696634973e-06,0.026144149996877863,184136.99999999994,223466.00000000017,0.026144145614439982,0.0,0.00034435043886926953,0.0
0.039248328065842344,679.8190360000001,675287328.3333335,184133,223174,0.9959703155594501,0.569256080296905,1.0067107843972893e-06,0.026160679558829683,184133.0,223174.00000000023,0.026160675165642057,0.0,0.0,0.0
0.03931366386443501,679.8153440000001,674984745.0000001,184132,223074,0.9959649065870467,0.5690010075374003,1.0071566047022293e-06,0.026166400472505156,184131.99999999997,223074.00000000023,0.02616639608236273,0.00016897833647003504,0.00011688963164519678,0.0
0.03959683520602543,679.7858080000001,673795592.5000001,184124,222681,0.9959216348078194,0.5679985715925471,1.0088902562834736e-06,0.026188342407471848,184124.0,222681.00000000023,0.026188338003205445,0.0,0.0004466499376504624,0.0004465389452995355
0.03964703333462025,679.7858080000001,673571680.8333335,184124,222607,0.9959216348078194,0.5678098177505136,1.0092256360287869e-06,0.026192694867885263,184124.0,222607.00000000026,0.02619269045674548,0.0004858209209801729,0.0,0.0006035955270279681
0.039896625154708217,679.7710400000001,672609465.8333335,184120,222289,0.9958999989182057,0.5669986863752888,1.0106474477842707e-06,0.026210853985585047,184119.99999999997,222289.00000000023,0.026210849569753367,0.0001348401628481252,0.0,0.0
0.04007975726944331,679.7525800000001,671853007.5000001,184115,222039,0.9958729540561886,0.5663610044765273,1.0117578881270394e-06,0.02622489341808097,184115.0,222039.0000000002,0.02622488899723358,0.0,0.0,0.0
0.0401811635479671,679.7341200000001,671423339.1666667,184110,221897,0.9958459091941714,0.5659988011580306,1.0123778551452326e-06,0.026232570794236545,184109.99999999997,221897.00000000017,0.026232566369161787,0.0,0.0004820503799040379,0.0
0.04047149026805244,679.7045840000001,670237212.5000001,184102,221505,0.995802637414944,0.5649989159407725,1.0141254041456255e-06,0.026254631704684686,184102.0,221505.0000000002,0.026254627265528654,0.0,0.00028631494015686113,0.0
0.04049798663924023,679.7008920000001,670149463.3333335,184101,221476,0.9957972284425406,0.564924944840516,1.0142526841984737e-06,0.026256207916664144,184100.99999999997,221476.00000000023,0.026256203475796495,0.0003387533228670218,0.0004141627735887564,0.0003423353568165521
0.040767816090328445,679.6676640000001,669051085.8333335,184092,221113,0.9957485476909098,0.5639990307235142,1.0158681129011893e-06,0.026276466794979105,184091.99999999994,221113.00000000023,0.0262764623468165,0.0,0.0,0.00023596861345244168
0.040924755126021145,679.64182,668451970.8333335,184085,220915,0.9957106848840859,0.563493986659695,1.0167399449099037e-06,0.026287239996341697,184084.99999999994,220915.00000000026,0.02628723554079439,0.00046501047258152537,0.0,0.0
0.041080953000585126,679.634436,667864959.1666669,184083,220721,0.9956998669392789,0.562999145506256,1.0176225398140647e-06,0.026298504157221937,184082.99999999994,220721.00000000023,0.026298499696134476,4.589029424361935e-05,0.00021840533123247224,0.0
0.04138122684578512,679.62336,666721194.1666669,184080,220343,0.9956836400220687,0.5620349704753285,1.0193516659530519e-06,0.026320623173409302,184079.99999999997,220343.00000000026,0.026320618703046868,0.0003820843095121288,0.0,0.00036286430779419683
0.0413932140601555,679.612284,666678832.5000001,184077,220329,0.9956674131048584,0.5619992602889977,1.0193998232274758e-06,0.026321030416243608,184076.99999999997,220329.0000000002,0.026321025941455932,0.0,0.00037498159930488256,0.0003302685963017377
0.041698248493555905,679.582748,665492705.8333335,184069,219937,0.995624141325631,0.5609993750717396,1.0211723465083256e-06,0.026343331403255288,184068.99999999994,219937.00000000023,0.026343326921093507,0.00023174991247594472,0.0004762295196345431,0.000527503936533246
0.04182679196340424,679.564288,665023701.6666669,184064,219782,0.9955970964636139,0.5606040122945074,1.0218647640631332e-06,0.026351903172690413,184063.99999999994,219782.00000000026,0.026351898684260893,0.0,0.0,0.0
0.041997041078399806,679.553212,664306579.1666669,184061,219545,0.9955808695464037,0.5599994898544813,1.022951199508605e-06,0.026365693113311574,184060.99999999994,219545.00000000026,0.02636568861875179,0.0,4.865828649142764e-05,0.00038471467298309214
0.042258575616940235,679.523676,663311080.0000001,184053,219216,0.9955375977671762,0.559160300475711,1.0244419194686148e-06,0.02638432373523735,184052.99999999994,219216.00000000017,0.02638431923131934,0.0,0.0,0.00036357969180583717
0.04231655622557488,679.516292,663120452.5000001,184051,219153,0.9955267798223694,0.5589996046372231,1.0247252809624356e-06,0.02638782907399266,184050.99999999997,219153.00000000023,0.026387824568803016,0.0004458938122877322,0.00025838230466413234,0.000557747763517152
0.042620659491822796,679.479372,661934325.8333335,184041,218761,0.9954726900983352,0.5579997194199648,1.0265057204044803e-06,0.02641002579049941,184040.99999999994,218761.00000000023,0.026410021274877214,0.0,0.0003399029945033494,0.00041924876529779144
0.04270712794579818,679.471988,661607535.8333335,184039,218653,0.9954618721535283,0.5577242408396998,1.027001585077421e-06,0.02641626030859982,184038.99999999994,218653.00000000023,0.026416255789965256,0.00041637211144336764,0.0004413683824835979,0.0005186214313679079
0.04294135675473997,679.449836,660748199.1666669,184033,218369,0.9954294183191078,0.5569998342027067,1.0283037272850982e-06,0.02643257079555541,184032.99999999994,218369.0000000003,0.026432566263101694,0.0,0.0,0.0
0.04316865133695373,679.431376,659894914.1666669,184028,218087,0.9954023734570906,0.5562805290209035,1.029605413549829e-06,0.026448936138627758,184027.99999999994,218087.00000000026,0.02644893160030561,0.0,0.0,0.00030817360153917233
0.04325089172456088,679.412916,659562072.5000001,184023,217977,0.9953753285950735,0.5559999489854484,1.0300970057674137e-06,0.02645489010469156,184022.9999999999,217977.0000000002,0.02645488555856364,0.0,0.00039642042503910713,0.0
0.043550642212826896,679.387072,658375945.8333335,184016,217585,0.9953374657882496,0.5550000637681902,1.0319135689868983e-06,0.026477702660749832,184015.9999999999,217585.00000000023,0.026477698109251675,0.0003680565791674291,0.00038133719244822574,0.0005732699284934507
0.04360351248232397,679.38338,658188344.1666669,184015,217523,0.9953320568158461,0.5548419186572974,1.032202083220067e-06,0.026481331917807504,184014.9999999999,217523.00000000026,0.02648132736643652,0.0004200154760373029,0.0,0.0
0.043863716949714464,679.368612,657189819.1666669,184011,217193,0.9953104209262325,0.554000178550932,1.0337479251602777e-06,0.026500865892910324,184010.99999999994,217193.00000000026,0.02650086132715182,0.0,0.0,0.0
0.04406146628367092,679.3427680000001,656475722.5000001,184004,216957,0.9952725581194086,0.5533982068385009,1.0348330406079867e-06,0.026514266767619397,184003.99999999997,216957.0000000002,0.026514262193845586,0.0005030251371885018,0.00030216923825336563,0.0
0.04419835484043178,679.3427680000001,656003692.5000001,184004,216801,0.9952725581194086,0.5530002933336737,1.0355776587339864e-06,0.02652380427395938,184003.99999999997,216801.0000000002,0.02652379969344374,0.0004411898627684728,0.0,0.00012767289813236696
0.04453238318888608,679.3206160000001,654817565.8333335,183998,216409,0.9952401042849881,0.5520004081164155,1.037419659222922e-06,0.026546950144109314,183998.0,216409.00000000023,0.02654694555442517,0.00024646639740853965,4.352698987274394e-05,0.00038180816297161155
0.04454736645724891,679.3206160000001,654747971.6666669,183998,216386,0.9952401042849881,0.5519417413817295,1.0375299281504963e-06,0.02654836096465526,183998.0,216386.00000000026,0.02654835637233013,0.000108743446009929,0.0003409410186820244,0.0
0.04487893773536882,679.2910800000001,653631439.1666669,183990,216017,0.9951968325057607,0.5510005228991574,1.0392570480790328e-06,0.02656987095541147,183989.99999999997,216017.00000000026,0.026569866359194963,0.00020176823223424131,0.0,0.0
0.045045637760599,679.2800040000001,653035350.0000001,183987,215820,0.9951806055885504,0.5504980295629331,1.040188718727095e-06,0.026581561222352914,183987.0,215820.0000000002,0.026581556616673746,0.0,0.0,0.0
0.045216980046744064,679.2689280000001,652445312.5000001,183984,215625,0.9951643786713401,0.550000637681899,1.041112434998144e-06,0.026593144373102232,183984.0,215625.00000000017,0.026593139762749025,0.0,0.0,0.0
0.045515364713251426,679.2320080000001,651331805.8333335,183974,215257,0.9951102889473059,0.549061969926922,1.0428356206725853e-06,0.02661441963754548,183973.99999999994,215257.00000000023,0.026614415015425018,0.0,0.00046681689850270745,0.0
0.04554133242675696,679.2283160000001,651259185.8333335,183973,215233,0.9951048799749025,0.5490007524646409,1.0429462351934093e-06,0.026615758771993698,183972.99999999997,215233.00000000023,0.026615754145153946,0.00024545846787637224,0.00019075121500545297,0.0004753036028829648
0.045857432806984295,679.191396,650073059.1666669,183963,214841,0.9950507902508683,0.5480008672473826,1.0447924066729672e-06,0.026638581291397862,183962.99999999997,214841.00000000026,0.0266385766520713,0.0,0.00046409895610785253,0.0
0.04597659279560838,679.184012,649625235.8333335,183961,214693,0.9950399723060614,0.5476233595633158,1.045501274482893e-06,0.02664747174038101,183960.99999999997,214693.00000000023,0.026647467098000945,0.0,0.00047573585492247686,0.00023766490290317107
0.046168645830853165,679.169244,648886932.5000001,183957,214449,0.9950183364164477,0.5470009820301244,1.046668086508276e-06,0.02666204742762177,183956.99999999997,214449.0000000002,0.02666204277601454,0.0002613632369770544,0.0002665156387771938,0.00040217269041437125
0.046429974166016304,679.139708,647915640.0000001,183949,214128,0.9949750646372203,0.5461821984721145,1.048191563951134e-06,0.026680864166474003,183948.99999999997,214128.0000000002,0.026680859507030696,0.0003583283863076594,0.0,0.0
0.046490838289932813,679.139708,647697780.0000001,183949,214056,0.9949750646372203,0.5459985460852711,1.0485441342720056e-06,0.02668535098466203,183948.99999999997,214056.00000000023,0.026685346321448814,0.0003498801728004622,0.0,0.0005152865686773229
0.04683098904468691,679.099096,646511653.3333335,183938,213664,0.9949155659407827,0.544998660868013,1.050405035235869e-06,0.026708221765264096,183937.99999999997,213664.00000000023,0.026708217087661214,0.000546761147378062,0.0002131143602459283,0.00028815655209613484
0.04694549537140181,679.091712,646209070.0000001,183936,213564,0.9949047479959758,0.5447435881085082,1.0508854541456682e-06,0.026714183539305096,183935.99999999997,213564.00000000017,0.0267141788585369,0.0002931030670378273,0.0,0.0
0.04719821975989232,679.080636,645325526.6666669,183933,213272,0.9948885210787655,0.5439987756507547,1.0523071038390347e-06,0.026732029053970627,183932.99999999997,213272.00000000026,0.02673202436543288,0.0,0.0,0.0
0.04744904609544906,679.065868,644484345.0000001,183929,212994,0.9948668851891518,0.5432896733793318,1.0536576617698913e-06,0.026748886979921643,183928.99999999994,212994.0000000002,0.02674888228585206,0.0,0.0,0.0004522501341311727
0.047537986693855755,679.062176,644139400.0000002,183928,212880,0.9948614762167484,0.5429988904334966,1.0542161774299162e-06,0.026755902739768675,183927.99999999997,212880.0000000003,0.026755898036608303,0.00018239415816544534,0.0,0.0
0.04789611006389581,679.025256,642953273.3333335,183918,212488,0.9948073864927142,0.5419990052162382,1.056103583514949e-06,0.026779115111570728,183917.99999999994,212488.00000000023,0.02677911039848,0.0005189499602624631,0.0005326222836227218,0.0002661260622588182
0.04795378999708467,679.021564,642774749.1666669,183917,212429,0.9948019775203107,0.5418485122881306,1.0563911617255123e-06,0.026782688043410323,183916.99999999994,212429.00000000023,0.02678268332707762,0.0,0.0006243820048156644,0.0
0.04823661778713731,679.006796,641767146.6666669,183913,212096,0.9947803416306971,0.5409991199989801,1.0580267306089998e-06,0.02680312184118059,183912.99999999994,212096.00000000023,0.026803117115481983,0.0,0.00018980421790443523,0.0
0.048426904830696914,678.984644,641059101.6666669,183907,211862,0.9947478877962765,0.5404022497417392,1.0591607579312606e-06,0.0268170447693762,183906.99999999994,211862.00000000023,0.026817040035814897,0.0,0.0,0.0
0.048583663400136985,678.980952,640581020.0000002,183906,211704,0.9947424788238731,0.5399992347817218,1.059945472627334e-06,0.02682690414625954,183905.99999999994,211704.0000000003,0.02682689940676267,0.0,0.00025657238421061975,0.0
0.04895326071751757,678.932956,639394893.3333335,183893,211312,0.9946721621826285,0.5389993495644636,1.0618366882171113e-06,0.026849877495446674,183892.9999999999,211312.00000000023,0.026849872738604105,0.000361946454233804,0.0,0.00016253259403152745
0.04896411528538437,678.932956,639355557.5000002,183893,211299,0.9946721621826285,0.538966190105728,1.0619020168601565e-06,0.026850703441236468,183892.9999999999,211299.0000000003,0.02685069868903747,0.0002708815056227593,3.920500266157691e-05,1.6870228170200222e-05
0.04927115922170803,678.90342,638208766.6666669,183885,210920,0.9946288904034012,0.5379994643472054,1.0637638582526518e-06,0.0268736473415895,183884.99999999994,210920.00000000026,0.026873642576088846,0.0,0.0,0.00031183821705321713
0.04943490210641953,678.8886520000001,637645961.6666669,183881,210734,0.9946072545137876,0.5375250290145267,1.064679607200105e-06,0.026884919626883188,183881.0,210734.00000000026,0.026884914852394526,0.0,0.0001966119902820388,9.779510373711046e-05
0.04965070789483242,678.8812680000001,637022640.0000002,183879,210528,0.9945964365689808,0.5369995791299472,1.065709796436748e-06,0.02689777719301358,183878.99999999997,210528.0000000003,0.02689777241535279,0.0001970837989250363,0.0,0.00040144142073500044
0.049983924452357775,678.8591160000001,635924262.5000002,183873,210165,0.9945639827345603,0.5360736650129453,1.067515671333581e-06,0.02692011784813843,183872.99999999997,210165.0000000003,0.02692011305665818,0.0001830197467807144,0.0005204374958495012,0.0
0.05001018575649688,678.8591160000001,635836513.3333335,183873,210136,0.9945639827345603,0.5359996939126889,1.0676629947549304e-06,0.026921975351100164,183872.99999999997,210136.0000000002,0.026921970560975245,0.0002661748823635604,0.000563458720172641,0.0
0.050365681998302214,678.8185040000001,634650386.6666669,183862,209744,0.9945044840381225,0.5349998086954307,1.0695944070330036e-06,0.026945509371116196,183861.99999999997,209744.00000000026,0.026945504560846587,0.0,0.0,0.0
0.05048618994820321,678.8148120000001,634214666.6666669,183861,209600,0.9944990750657191,0.534632503921744,1.0703234215123794e-06,0.02695461726964645,183861.0,209600.00000000026,0.026954612459779714,0.0,0.0,0.0
0.05070256914885386,678.7963520000001,633464260.0000002,183856,209352,0.994472030203702,0.5339999234781725,1.0715621935797922e-06,0.026969844418221638,183856.0,209352.00000000026,0.026969839600805214,0.0,0.00044631328376379956,0.0002229290653679647
0.05101133035058312,678.7668160000001,632508096.6666669,183848,209036,0.9944287584244746,0.5331938935581378,1.0731353789415785e-06,0.02698904748784456,183847.99999999997,209036.00000000023,0.02698904266199217,0.0,0.000417631133490308,0.0
0.05108659275530684,678.7557400000001,632278133.3333335,183845,208960,0.9944125315072644,0.5330000382609142,1.0735081670809006e-06,0.026993514597825907,183844.99999999997,208960.00000000023,0.026993509770631384,0.00030941191321575047,0.00035435637142555823,0.0003185706909120749
0.05143763642756384,678.729896,631092006.6666669,183838,208568,0.9943746687004404,0.532000153043656,1.075484856138409e-06,0.027017840856670937,183837.99999999997,208568.00000000026,0.02701783601336832,0.0,0.00012562164683560978,0.0
0.051524543735746775,678.71882,630801526.6666669,183835,208472,0.9943584417832301,0.5317552831945316,1.0759625513060213e-06,0.027023619912709924,183834.99999999997,208472.00000000026,0.027023615070941562,0.0,0.0,0.0
0.051829361225921425,678.692976,629905880.0000002,183828,208176,0.9943205789764061,0.5310002678263979,1.0774514059148007e-06,0.02704179545029694,183827.99999999994,208176.0000000003,0.02704179059277613,0.00035942126588990776,0.0,0.0
0.052036493190464335,678.6819,629088905.0000002,183825,207906,0.9943043520591959,0.5303115713757353,1.0788330466581664e-06,0.027058907255998958,183824.99999999994,207906.0000000003,0.027058902390314634,0.0,0.0,0.0
0.05215105814182259,678.674516,628719753.3333335,183823,207784,0.994293534114389,0.5300003826091396,1.07945473703e-06,0.027066555399565397,183822.99999999994,207784.0000000002,0.027066550525617846,0.0004220901766835774,0.0001656673233947817,0.0
0.052485999848014456,678.622828,627533626.6666669,183809,207392,0.994217808500741,0.5290004973918814,1.0814126911488532e-06,0.02709005977665102,183808.99999999994,207392.00000000026,0.027090054892702237,0.0,0.0,0.0
0.052534269781826876,678.619136,627394438.3333335,183808,207346,0.9942123995283376,0.5288831639225092,1.0816467194110684e-06,0.027092917195901473,183807.99999999994,207346.0000000002,0.027092912313003134,0.0,0.0005950843133018286,0.0
0.05286894502292426,678.560064,626347500.0000002,183792,207000,0.9941258559698829,0.5280006121746232,1.0833603774262685e-06,0.02711319027782295,183791.99999999994,207000.0000000003,0.027113185374946523,0.0,0.0,0.00010201384339787102
0.053071723475406306,678.537912,625715100.8333335,183786,206791,0.9940934021354624,0.5274675101072585,1.0844199078723152e-06,0.027126002654628514,183785.99999999994,206791.0000000002,0.02712599775173319,0.0005240231544177104,0.0005142303246484115,0.0003680660974540384
0.05325609980187621,678.508376,625161373.3333335,183778,206608,0.9940501303562349,0.5270007269573649,1.0853331714693481e-06,0.027136831937287685,183777.99999999994,206608.00000000023,0.027136827030482646,0.000544612077200388,0.0,0.0005621603398410835
0.05366142610369027,678.467764,624026685.8333335,183767,206233,0.9939906316597973,0.5260442041092225,1.0872415866221574e-06,0.027159866866451082,183766.9999999999,206233.00000000023,0.027159861945312582,0.0005710837114550011,0.0003153241154224846,0.0003066492145702481
0.05367282606241095,678.467764,623975246.6666669,183767,206216,0.9939906316597973,0.5260008417401068,1.08733121646161e-06,0.02716098634365307,183766.9999999999,206216.00000000026,0.02716098142516091,0.0002576170617172592,0.0,0.0
0.054051666252493386,678.4160760000001,622789120.0000002,183753,205824,0.9939149060461495,0.5250009565228485,1.089319087655224e-06,0.027184767443532733,183753.0,205824.0000000003,0.02718476250750326,0.0005339773441220235,0.00017652589393250297,0.0002771803071284443
0.054180845302788605,678.3865400000001,622347348.3333335,183745,205678,0.9938716342669222,0.5246285502939717,1.090044878983965e-06,0.02719323029539983,183745.0,205678.0000000002,0.0271932253569229,0.00040578912157994315,0.0,0.0002312019148301109
0.054424535129124534,678.3533120000001,621599967.5000002,183736,205431,0.9938229535152913,0.5239985205779952,1.0913020390400838e-06,0.027208240527002003,183736.0,205431.0000000003,0.02720823558289519,0.0004316562202302516,0.0003055268150734014,0.00030371508986034906
0.054771450973592414,678.3274680000001,620649855.8333335,183729,205117,0.9937850907084673,0.5231975921131505,1.0929310006673956e-06,0.027228020831147844,183728.99999999997,205117.00000000023,0.027228015873524844,0.0,0.00046026539084376286,0.0
0.05484481398887689,678.3200840000001,620413840.8333335,183727,205039,0.9937742727636605,0.522998635360737,1.0933348667542418e-06,0.02723290286871501,183726.99999999997,205039.00000000023,0.027232897904392175,0.0,0.0003274496947753204,0.00030916005010703983
0.055237367032123126,678.2868560000001,619227714.1666669,183718,204647,0.9937255920120297,0.5219987501434787,1.0953754822049798e-06,0.02725763731441703,183717.99999999997,204647.00000000023,0.027257632343531915,0.0,0.0,0.0
0.05531783971300274,678.283164,618940260.0000002,183717,204552,0.9937201830396263,0.5217564310219494,1.0958782419485845e-06,0.02726381780506251,183717.0,204552.00000000026,0.02726381282761148,0.0005107771166663708,0.0,0.0
0.055569360024820144,678.253628,618041587.5000002,183709,204255,0.9936769112603988,0.5209988649262206,1.097423930230261e-06,0.027282444211116672,183708.99999999997,204255.00000000026,0.027282439220879574,0.0,0.0002798650039512308,0.0002968013538483338
0.05584657491393192,678.231476,617236715.8333336,183703,203989,0.9936444574259783,0.5203203713859382,1.0988190731400628e-06,0.027299334823997764,183702.99999999997,203989.0000000003,0.027299329821355224,0.0005990410313423627,0.00010791958614749391,0.0
0.055990748851406195,678.227784,616855460.8333336,183702,203863,0.9936390484535749,0.5199989797089624,1.099492226402205e-06,0.02730762121163236,183701.99999999994,203863.00000000032,0.02730761621283785,0.0004097765135855464,0.00016093721465596905,0.0
0.056351257446025184,678.194556,615669334.1666669,183693,203471,0.9935903677019441,0.5189990944917041,1.1015564985349864e-06,0.027332574346973792,183692.99999999994,203471.0000000003,0.02733256932369259,0.0,0.0,0.00024343235108799672
0.056400272135897295,678.18348,615530145.8333336,183690,203425,0.9935741407847338,0.5188817610223321,1.1017875965796012e-06,0.02733521806148965,183689.99999999994,203425.0000000003,0.027335213041897153,0.0004794750606469515,0.00035588943852566437,0.0
0.05677940953628871,678.150252,614483207.5000002,183681,203079,0.9935254600331029,0.5179992092744459,1.1036107150251127e-06,0.027357154174076304,183680.99999999994,203079.00000000026,0.027357149143219957,0.0,0.0004129116870388215,0.0002061947609891681
0.057004043682224254,678.135484,613823575.8333336,183677,202861,0.9935038241434893,0.5174431506587258,1.1047726263680176e-06,0.027371253527962998,183676.99999999994,202861.00000000032,0.02737124848953966,0.0,0.0,0.00034399872380173316
0.057166356171626916,678.131792,613297080.8333336,183676,202687,0.9934984151710858,0.5169993240571877,1.1057150167396371e-06,0.027382850577377077,183675.99999999994,202687.0000000003,0.027382845527860484,0.0005047243220111599,0.00022542294336252836,0.00011223074581120441
0.05757986992932343,678.087488,612117005.8333336,183664,202297,0.9934335075022448,0.5160045402951196,1.1077743005634266e-06,0.027407442287451976,183663.99999999997,202297.0000000003,0.027407437227195228,0.000494653241853312,0.0,0.0
0.0575816576750102,678.087488,612110954.1666669,183664,202295,0.9934335075022448,0.5159994388399294,1.1077852526314517e-06,0.027407577769666302,183663.99999999997,202295.00000000023,0.02740757270977556,0.0,0.0,0.0
0.05796960141809366,678.043184,610924827.5000002,183652,201903,0.9933685998334036,0.5149995536226712,1.1098635273584454e-06,0.027432378677314722,183651.99999999994,201903.00000000026,0.027432373604771985,0.0,0.0,0.0004760222137278099
0.05813533929524162,678.024724,610422539.1666669,183647,201737,0.9933415549713865,0.5145761328418935,1.1107465411182587e-06,0.027442915606321096,183646.9999999999,201737.00000000026,0.027442910524906747,0.0,0.00010877811066901809,0.0
0.0583604337586888,678.002572,609738700.8333336,183641,201511,0.993309101136966,0.513999668405413,1.1119559428872888e-06,0.027457403177071696,183640.99999999994,201511.00000000032,0.027457398085252098,0.0002008898848388225,0.0004637487203826318,0.0
0.05872443698558259,677.9361160000001,608749253.3333336,183623,201184,0.9932117396337046,0.5131655804818328,1.1136541232499579e-06,0.02747701495584012,183623.0,201184.00000000032,0.027477009856612482,0.0005276582426706538,0.0003406412990093139,0.0001699980734549838
0.05879454320289192,677.9324240000001,608552574.1666669,183622,201119,0.9932063306613012,0.5129997831881548,1.1140079802116356e-06,0.02748130510693075,183622.0,201119.00000000023,0.02748130000770033,0.0,0.0002925279935865398,0.0
0.05918360905283617,677.8955040000001,607366447.5000002,183612,200727,0.9931522409372668,0.5119998979708966,1.1161227407116522e-06,0.027506628071077465,183611.99999999997,200727.00000000026,0.027506622957217557,0.00033451732582307956,0.0,0.0003287367326302731
0.05930094645737529,677.8807360000001,607051760.8333336,183608,200623,0.9931306050476532,0.5117346223010117,1.1166769948404985e-06,0.0275131572731438,183608.0,200623.00000000032,0.027513152149998093,0.00032694940180608866,0.0002561885914817447,0.0
0.05959095354360356,677.8622760000001,606180320.8333336,183603,200335,0.9931035601856361,0.5110000127536384,1.118251867807459e-06,0.027532176743824948,183602.99999999997,200335.0000000003,0.02753217161372907,0.0,0.0,0.00023171674626927395
0.059914873005538084,677.8290480000001,605348216.6666669,183594,200060,0.9930548794340053,0.5102985626650005,1.119734112264255e-06,0.027549742418563648,183593.99999999997,200060.00000000023,0.027549737280868937,0.0,0.0,0.0
0.060032696859192665,677.810588,604994194.1666669,183589,199943,0.9930278345719881,0.5100001275363801,1.1203588307713138e-06,0.027557051327311795,183588.99999999997,199943.00000000023,0.027557046184747875,0.0,5.2947162786854546e-05,2.4284554313733084e-05
0.06043613916407268,677.784744,603808067.5000002,183582,199551,0.9929899717651641,0.5090002423191219,1.1225168732943433e-06,0.0275830529782598,183581.99999999997,199551.0000000003,0.027583047817063708,0.0004632667536891665,7.094487243869154e-05,0.0
0.06049259748899424,677.773668,603647698.3333336,183579,199498,0.9929737448479539,0.5088650537565844,1.1227967403360066e-06,0.027586265878439924,183578.99999999994,199498.0000000003,0.027586260721137765,0.00042657823789710473,0.0002806735226905987,0.0002942808858004915
0.06085123832694463,677.733056,602621940.8333336,183568,199159,0.9929142461515162,0.5080003571018638,1.1246405251405206e-06,0.027608079614578954,183567.99999999994,199159.0000000003,0.027608074438617933,0.0002871499319654211,0.00014518910654236341,0.0003727829337861013
0.061097837581876153,677.696136,601965335.0000002,183558,198942,0.9928601564274819,0.5074468492137386,1.1258059170467012e-06,0.02762162775559192,183557.99999999994,198942.0000000003,0.027621622567013764,0.0003456902970389613,0.0,0.0
0.06130391130876729,677.670292,601435814.1666669,183551,198767,0.992822293620658,0.5070004718846054,1.1267541374119224e-06,0.027632730688662413,183550.99999999994,198767.00000000023,0.027632725500049818,0.0002791012659952236,0.0001773780025620329,0.00027299479822706483
0.06172307304276742,677.633372,600270868.3333336,183541,198382,0.9927682038966238,0.5060184417605126,1.1288793238983347e-06,0.027658024203371954,183540.99999999994,198382.0000000003,0.027658018994232796,0.0005451464820332521,0.00022529804856256645,0.00011214704541077203
0.06173203155428225,677.633372,600249687.5000002,183541,198375,0.9927682038966238,0.5060005866673473,1.128919158329424e-06,0.027658512179330425,183540.99999999994,198375.0000000003,0.027658506974045857,0.00019154061117921217,0.0005035755497637064,0.0
0.06216151579692668,677.59276,599063560.8333336,183530,197983,0.9927087052001861,0.505000701450089,1.1310865896390485e-06,0.027684220850016896,183529.99999999994,197983.0000000003,0.027684215628080867,0.0,0.0,0.0
0.06232657620623369,677.5743,598573375.8333336,183525,197821,0.992681660338169,0.5045874835796915,1.1319820215135385e-06,0.02769479961724982,183524.99999999994,197821.00000000032,0.027694794391808174,0.00036341933677258825,0.0005753340372771671,0.00028746973581933547
0.06256657347605586,677.55584,597877434.1666669,183520,197591,0.9926546154761519,0.5040008162328308,1.1332687960441096e-06,0.02771015862548346,183519.99999999994,197591.00000000023,0.02771015338828249,0.0,0.0,0.0003049384992565403
0.0629888003649764,677.5152280000001,596875883.3333336,183509,197260,0.9925951167797143,0.5031565253988705,1.1351023670387305e-06,0.027731735232537927,183509.0,197260.0000000003,0.02773172999056224,0.0,0.00019197600712229563,0.00037634131614491345
0.06304805169509806,677.5078440000001,596691307.5000002,183507,197199,0.9925842988349075,0.5030009310155725,1.135441115840287e-06,0.027735721775030614,183506.99999999997,197199.00000000026,0.027735716526082047,0.0,0.00012248470922347667,6.0302992106437936e-05
0.06347687136419437,677.4524640000001,595502155.0000002,183492,196806,0.9925031642488561,0.5019984950707193,1.1376154700901122e-06,0.027761131160258308,183492.0,196806.00000000026,0.027761125898373408,0.0002480808281819882,0.00040941524458942466,0.0
0.06360219122414086,677.4376960000001,595193520.0000002,183488,196704,0.9924815283592424,0.5017383208560245,1.138180563524952e-06,0.027767722603525214,183488.0,196704.00000000026,0.02776771733361213,0.0,0.00019167575320832442,0.0
0.06397031571064098,677.4081600000001,594316028.3333336,183480,196414,0.992438256580015,0.5009986098534611,1.139811359117615e-06,0.027787002636609853,183479.99999999994,196414.00000000026,0.027786997353321647,0.00018970156266274533,0.00017011582503661214,0.0002703741744837733
0.06425926444196381,677.3712400000001,593502079.166667,183470,196145,0.9923841668559809,0.5003124641303937,1.1413123285955347e-06,0.027804534652607384,183469.99999999997,196145.00000000032,0.02780452936594281,0.0,0.0,0.0
0.06440431879186989,677.360164,593129901.666667,183467,196022,0.9923679399387705,0.49999872463620293,1.1420098061093363e-06,0.02781280190048871,183466.99999999997,196022.00000000032,0.027812796611571468,0.00036055523774475344,0.00037137433595390494,0.0
0.06486120697178081,677.293708,591943775.0000002,183449,195630,0.9922705784355089,0.49899883941894463,1.1441858781266848e-06,0.027837921905876136,183448.99999999994,195630.00000000026,0.027837916594585354,0.0,0.0005000496333716088,0.0
0.06490714115508321,677.290016,591822741.666667,183448,195590,0.9922651694631055,0.4988968103151428,1.1444136365774718e-06,0.027840616556178747,183447.99999999997,195590.00000000032,0.027840611248063883,0.0001237958393924688,0.0,0.00018907128055662719
0.0653034409474858,677.238328,590757648.3333336,183434,195238,0.9921894438494575,0.49799895420168644,1.1463894372094019e-06,0.027863575967426654,183433.99999999997,195238.00000000032,0.02786357064468429,0.000336804818182223,0.00025118207171922444,0.00012512660907145154
0.06553148701434673,677.219868,590134326.666667,183429,195032,0.9921623989874404,0.4974735043171069,1.147569015049895e-06,0.02787752745300379,183428.99999999994,195032.00000000035,0.027877522120243164,0.0005391721641270974,0.0,0.0002489061767657779
0.06574862217512556,677.182948,589571521.666667,183419,194846,0.9921083092634062,0.49699906898442825,1.1486018627318755e-06,0.027889309698934155,183418.99999999994,194846.00000000035,0.027889304359296593,0.0,0.0,0.0
0.06618496247068704,677.07588,588506428.3333336,183390,194494,0.9919514490637069,0.49610121287097186,1.150498698744035e-06,0.027910122158295407,183389.99999999994,194494.00000000032,0.027910116808943376,0.0,0.00027510456107404375,0.0003866240155891364
0.06622485448573906,677.07588,588385395.0000002,183390,194454,0.9919514490637069,0.49599918376716995,1.1507353611317965e-06,0.027912992625038057,183389.99999999994,194454.00000000026,0.027912987276595833,0.00034344697652382666,0.0,0.00023407763571399576
0.06666991012859876,677.0352680000001,587199268.3333336,183379,194062,0.9918919503672694,0.49499929854991176,1.1529906532779764e-06,0.027939494196272594,183378.99999999997,194062.0000000003,0.027939488826116427,0.0,0.0004581754593875849,0.00042749029359037715
0.06681237522666489,677.0057320000001,586818013.3333336,183371,193936,0.9918486785880419,0.4946779068729359,1.1536894175323084e-06,0.027947349581259297,183370.99999999997,193936.00000000032,0.02794734420790479,0.00035880715471534345,0.000307068381053977,0.0
0.06714200915377472,676.9725040000001,586013141.666667,183362,193670,0.9917999978364112,0.49399941333265357,1.1552172739243315e-06,0.027965162802898336,183362.0,193670.00000000032,0.027965157420557423,0.0,0.0,0.0
0.06751263246187243,676.9134320000001,585150779.166667,183346,193385,0.9917134542779564,0.49327245596806535,1.1568188167911446e-06,0.027983319950932787,183345.99999999997,193385.00000000035,0.02798331455580371,0.0003140801891867244,0.0,0.0
0.06763277187381866,676.887588,584827015.0000002,183339,193278,0.9916755914711324,0.49299952811539527,1.15741504861912e-06,0.02798999608029088,183338.99999999997,193278.00000000026,0.027989990680586056,0.00021505872155559822,0.0,0.0
0.06806714302070996,676.850668,583640888.3333336,183329,192886,0.9916215017470982,0.4919996428981371,1.1597039918379257e-06,0.028016895287625406,183328.99999999994,192886.0000000003,0.02801688987154005,0.00033292357739035005,0.0,0.00018292240491834386
0.06813948830032235,676.832208,583471441.666667,183324,192830,0.9915944568850811,0.4918568021528145,1.160009144692071e-06,0.02802019897684751,183323.99999999994,192830.00000000032,0.028020193559017244,0.00047949845047738355,0.00037287010277974335,0.0
0.06856675523266999,676.784212,582454761.666667,183311,192494,0.9915241402438365,0.4909997576808789,1.1619515480711561e-06,0.028042654347324496,183310.99999999997,192494.00000000032,0.02804264891700322,0.0006060899297725981,0.000267952446293698,0.0
0.06886657170734975,676.754676,581789078.3333336,183303,192274,0.9914808684646091,0.49043859760996866,1.1632302860320391e-06,0.028057468441343738,183302.99999999994,192274.0000000003,0.02805746300383908,0.0,0.00023081335142868695,0.0003773354327797507
0.06905583798649163,676.721448,581268635.0000002,183294,192102,0.9914321877129784,0.4899998724636206,1.1642146285770257e-06,0.028068648154719298,183293.99999999994,192102.00000000026,0.028068642701636,0.0,0.0,0.0
0.06952785703515973,676.66976,580112766.666667,183280,191720,0.9913564620993304,0.4890254945223129,1.1664452135541687e-06,0.028094451457696196,183279.99999999994,191720.00000000032,0.02809444599623316,0.0,0.0,0.0
0.06953602265816627,676.666068,580082508.3333336,183279,191710,0.991351053126927,0.4889999872463624,1.1664996931973795e-06,0.028095030890160577,183278.99999999994,191710.0000000003,0.028095025426207072,0.0,0.00034306374745956853,0.0
0.07000055568351027,676.6033040000001,578896381.666667,183262,191318,0.9912591005960689,0.4880001020291042,1.1687813664546162e-06,0.028121190127674688,183261.99999999997,191318.00000000032,0.028121184654439458,0.0,0.0,0.0
0.07018752047122952,676.5959200000001,578427377.5000002,183260,191163,0.9912482826512621,0.487604739251872,1.169716279551446e-06,0.02813228149834435,183260.0,191163.0000000003,0.02813227601180345,0.00030044299098374124,0.0,0.00026234202543286213
0.07046570107764459,676.5774600000001,577710255.0000002,183255,190926,0.991221237789245,0.48700021681184597,1.171136316422148e-06,0.028148968618381977,183254.99999999997,190926.00000000026,0.02814896312283651,0.0,0.0001780512421700258,8.83398290051747e-05
0.07088068492130235,676.5110040000001,576751065.8333336,183237,190609,0.9911238762859833,0.48619163616421623,1.1729687972444849e-06,0.02816959883783472,183236.99999999997,190609.0000000003,0.028169593327359087,0.0,0.000289215536922865,0.00014418535157271906
0.07097562189439863,676.5036200000001,576524128.3333336,183235,190534,0.9911130583411765,0.4860003315945878,1.1734177057874332e-06,0.028174834972671866,183234.99999999997,190534.00000000032,0.0281748294603956,0.0,0.0003512056341587449,0.00030776831595901284
0.07144992137504205,676.4667000000001,575338001.666667,183225,190142,0.9910589686171423,0.4850004463773296,1.1757726728294994e-06,0.028202323662052234,183224.99999999997,190142.00000000032,0.028202318130560483,0.0005687282867231317,0.0,0.0
0.0715465354341046,676.4630080000001,575044495.8333336,183224,190045,0.9910535596447388,0.48475302580061,1.176366373213771e-06,0.028209366092385665,183223.99999999997,190045.00000000032,0.02820936056362369,0.0,0.0,0.0
0.07193688902228176,676.415012,574151875.0000002,183211,189750,0.9909832430034943,0.4840005611600713,1.1781116485947204e-06,0.02822928275605913,183210.99999999997,189750.00000000026,0.02822927721377326,0.0,0.0,0.0
0.07225754833369213,676.385476,573362132.5000002,183203,189489,0.9909399712242669,0.4833348212577641,1.1796828525295046e-06,0.028247483918699853,183202.99999999997,189489.0000000003,0.02824747836664709,0.0,0.000383377904121349,0.0003166659144239954
0.07243318057990857,676.370708,572965748.3333336,183199,189358,0.9909183353346532,0.4830006759428131,1.1804731957668588e-06,0.028256636232854272,183198.99999999994,189358.00000000026,0.0282566306746173,0.0,0.0,0.00018296807751928137
0.07297646879247714,676.31902,571779621.666667,183185,188966,0.9908426097210052,0.4820007907255549,1.1828316266826957e-06,0.028283767899327815,183184.99999999994,188966.00000000035,0.02828376232639524,0.0003662683485334856,0.0,0.0
0.07301380899266827,676.311636,571676743.3333336,183183,188932,0.9908317917761984,0.4819140659873233,1.1830315714026797e-06,0.028286003915275783,183182.99999999994,188932.00000000032,0.02828599833911025,5.509371288063525e-05,0.0001576351968691984,7.802593607458262e-05
0.07343957653160807,676.274716,570593495.0000002,183173,188574,0.9907777020521642,0.4810009055082966,1.185212803731665e-06,0.028311295488606586,183172.99999999994,188574.00000000026,0.02831128989894994,0.0,0.0001844070012151829,0.0003675244035951006
0.07367103388339728,676.237796,569991354.166667,183163,188375,0.9907236123281299,0.4804933107168824,1.186400093714871e-06,0.028324699196071577,183162.99999999994,188375.0000000003,0.028324693588251668,0.0,0.0003294968653041765,0.0
0.07390309519896918,676.20826,569404342.5000004,183155,188181,0.9906803405489025,0.47999846956344344,1.1875713083449124e-06,0.02833805794407649,183154.99999999994,188181.00000000035,0.028338052336122188,9.233484299855172e-05,0.0,0.0
0.07436401352243466,676.163956,568305965.0000004,183143,187818,0.9906154328800615,0.47907255544644156,1.1897885956555102e-06,0.028363571066459776,183142.99999999994,187818.00000000032,0.028363565444893123,0.0,0.0,0.00018899006075100144
0.07440039041165256,676.156572,568218215.8333336,183141,187789,0.9906046149352546,0.47899858434618514,1.189959338083463e-06,0.028365451289515974,183140.9999999999,187789.0000000003,0.02836544566517947,0.0,0.0,0.0
0.07492287216490141,676.0827320000001,567032089.166667,183121,187397,0.9904964354871862,0.47799869912892695,1.1923182918864403e-06,0.028392002539309517,183121.0,187397.00000000032,0.028391996892205736,0.00013092890728566675,0.00012146858672797832,5.9686588707634085e-05
0.07509740633607669,676.0679640000001,566638730.8333336,183117,187267,0.9904747995975726,0.47766710454157085,1.1931199319992355e-06,0.02840123524135071,183117.0,187267.0000000003,0.02840122959662415,0.00039455262369952914,0.0,0.0
0.07542319001714855,676.0273520000001,565845962.5000004,183106,187005,0.9904153009011349,0.47699881391166876,1.1947197590899125e-06,0.028419416516171324,183105.99999999997,187005.00000000035,0.02841941085825485,0.0,0.0,0.0001720081395987566
0.07580983694498775,676.0162760000001,564938212.5000004,183103,186705,0.9903990739839247,0.4762335956331548,1.1966198445108715e-06,0.0284417736977485,183102.99999999997,186705.00000000035,0.02844176802503488,0.0002157389874972615,0.0,0.00013729926867638842
0.07592231577468536,676.0052000000001,564659835.8333336,183100,186613,0.9903828470667144,0.47599892869441046,1.1971901614045937e-06,0.028448317604005072,183099.99999999997,186613.0000000003,0.028448311925339715,0.0,0.0,0.00019393338663583153
0.0764500248950829,675.942436,563473709.166667,183083,186221,0.9902908945358562,0.47499904347715227,1.199598889892601e-06,0.028475600008725024,183082.99999999997,186221.00000000032,0.028475594314868836,0.00020393761876084498,0.0,0.00023184967731400982
0.07653855660254312,675.927668,563264926.666667,183079,186152,0.9902692586462425,0.4748230432730941,1.2000173204464502e-06,0.028480254720928636,183078.99999999997,186152.00000000032,0.02848024902481911,0.00020842630439525396,0.00015936891501137053,0.0
0.0769784316944117,675.87598,562287582.5000004,183065,185829,0.9901935330325945,0.4739991582598941,1.2020112146083176e-06,0.02850281578448675,183064.99999999997,185829.00000000035,0.02850281007386394,0.0004215588644841252,0.0,0.0002548827506979324
0.07727539696353676,675.813216,561612821.666667,183048,185606,0.9901015805017364,0.4734303460061987,1.2033436380501906e-06,0.028517284828395557,183047.99999999994,185606.00000000032,0.02851727910387149,0.0002234125123279529,0.0,0.0
0.07749781094441147,675.78368,561101455.8333336,183040,185437,0.9900583087225089,0.4729992730426358,1.2043876788669944e-06,0.028529029737644353,183039.99999999994,185437.00000000026,0.028529024008223207,0.0003398436615264628,0.00026052369491084135,0.0002813080408255429
0.07802408299894642,675.717224,559945587.5000004,183022,185055,0.9899609472192473,0.4720248951013281,1.206755154580086e-06,0.02855565168404578,183021.99999999994,185055.00000000035,0.028555645941171534,0.0003571179511808449,0.0,0.00032238902694819917
0.07803710574773284,675.713532,559915329.166667,183021,185045,0.9899555382468439,0.4719993878253776,1.2068137748714216e-06,0.02855626723303697,183020.99999999994,185045.0000000003,0.028556261489750392,0.0003708198940110885,0.0,0.0
0.07861684247972262,675.6692280000001,558729202.5000004,183009,184653,0.989890630578003,0.4709995026081194,1.2092964265636352e-06,0.028584687910827543,183008.99999999997,184653.00000000035,0.028584682148858995,0.0003095091825809318,8.402296611907109e-05,0.00025232239454394187
0.0788346022718065,675.6396920000001,558263224.166667,183001,184499,0.9898473587987755,0.47060669055848225,1.210252910727809e-06,0.028595365076288858,183000.99999999997,184499.00000000032,0.028595359307501445,0.0004639918585873198,0.0,0.0
0.07915954648023113,675.5990800000001,557543075.8333336,182990,184261,0.9897878601023379,0.46999961739086116,1.2117432881579842e-06,0.02861210671509019,182989.99999999997,184261.00000000032,0.028612100933379955,0.0,0.0,0.00022608463745744494
0.07958650655002461,675.532624,556605067.5000004,182972,183951,0.9896904985990762,0.4692088918363968,1.2136659607397476e-06,0.028633388746671304,182971.99999999997,183951.00000000032,0.02863338295333812,0.0,4.229922479754002e-05,0.000497492796212031
0.07967554542221082,675.510472,556356949.166667,182966,183869,0.9896580447646557,0.46899973217360297,1.214167402801036e-06,0.028638833694009644,182965.99999999997,183869.00000000032,0.0286388279039598,0.00034871290743392996,0.0,0.00019722408023638212
0.08018346144517167,675.43294,555170822.5000004,182945,183477,0.9895444563441838,0.4679998469563448,1.2166218263388645e-06,0.028666120369387777,182944.99999999994,183477.00000000035,0.028666114557911983,0.0,0.00025718614489886023,0.000512786851971892
0.08027482541642732,675.425556,554946910.8333336,182943,183403,0.9895336383993769,0.46781109311431124,1.217099406834701e-06,0.02867158948451582,182942.99999999997,183403.0000000003,0.028671583665535457,0.0,0.0001756239115643095,0.00026304166011889996
0.0807289192668948,675.348024,553984695.8333336,182922,183085,0.9894200499789051,0.4669999617390865,1.219073431232798e-06,0.028693184432787698,182921.99999999994,183085.0000000003,0.028693178602059055,0.0,0.00045562523336373207,0.0
0.08103234348070626,675.311104,553294805.8333336,182912,182857,0.9893659602548708,0.46641839584741585,1.2205267370672204e-06,0.028709497701464273,182911.99999999994,182857.0000000003,0.028709491860744913,0.0,0.0005360135276862748,0.00036486076929890214
0.08126708602282363,675.296336,552798569.166667,182908,182693,0.9893443243652571,0.4660000765218283,1.2215956655206181e-06,0.02872175267979924,182907.99999999994,182693.00000000032,0.02872174683560979,0.000413259397300993,0.0,0.0
0.08178388550914034,675.240956,551612442.5000004,182893,182301,0.9892631897792058,0.4650001913045701,1.2241220537732876e-06,0.028750258187546042,182892.9999999999,182301.00000000032,0.028750252319081,0.00032884059914092286,0.0002747179552120678,0.0
0.08178739792132717,675.240956,551606390.8333336,182893,182299,0.9892631897792058,0.46499508984937993,1.2241354836007007e-06,0.028750415896471124,182892.9999999999,182299.00000000026,0.02875041002759996,0.0,0.0002323395405827548,0.0
0.08231768130881023,675.1781920000001,550426315.8333336,182876,181909,0.9891712372483477,0.4640003060873118,1.2266459153171025e-06,0.028778543592892024,182876.0,181909.0000000003,0.028778537709124294,0.00037740199581212696,0.00032544285102109724,0.0
0.08252780603443018,675.1523480000001,549933105.0000004,182869,181746,0.9891333744415237,0.46358453748931927,1.2276990453229755e-06,0.028790343747290784,182868.99999999997,181746.00000000035,0.028790337859249813,0.00028431243474994085,0.0003058515328769188,0.0
0.08286936129026333,675.1154280000001,549240189.166667,182859,181517,0.9890792847174895,0.4630004208700536,1.229180677809315e-06,0.02880692346274704,182858.99999999997,181517.00000000032,0.028806917557379016,4.449748265501622e-05,0.0,0.00016521876007381643
0.08331739585826521,675.071124,548253767.5000004,182847,181191,0.9890143770486484,0.4621688836740685,1.2313114182110926e-06,0.02883093448166043,182846.99999999997,181191.00000000035,0.028830928562483482,0.00039787366177828737,0.0002179862601394417,0.0003653514235297563
0.0834013189543454,675.06374,548054062.5000004,182845,181125,0.9890035591038415,0.4620005356527954,1.2317466217121593e-06,0.028835871431003704,182844.99999999997,181125.00000000035,0.028835865510933662,0.000501545014460395,0.0,0.0
0.08392482088274131,675.00836,546867935.8333336,182830,180733,0.9889224245177902,0.4610006504355371,1.234316945226277e-06,0.02886475804363167,182829.99999999997,180733.00000000026,0.02886475210509433,0.0,0.00010114444469534959,0.0
0.08406867177016616,675.000976,546565352.5000004,182828,180633,0.9889116065729834,0.4607455776760325,1.234986764002754e-06,0.028872430986131747,182827.99999999994,180633.00000000035,0.028872425038322276,0.0,0.0,0.0
0.08449126886768321,674.945596,545681809.166667,182813,180341,0.988830471986932,0.46000076521827893,1.2368849110633485e-06,0.028893425263908375,182812.99999999997,180341.00000000032,0.02889341930624429,0.0,0.0004196240584931161,0.00020948762098029497
0.08488667314340148,674.853296,544940480.0000004,182788,180096,0.9886952476768464,0.45937583695749257,1.2383981751548344e-06,0.02890911777041329,182787.99999999994,180096.00000000032,0.028909111804585,9.406553079555143e-05,0.0,0.0
0.0851100503707161,674.816376,544495682.5000004,182778,179949,0.9886411579528122,0.45900088000102074,1.239342014433695e-06,0.028919341050665136,182777.99999999994,179949.00000000032,0.028919335075605238,0.0,0.0,0.0
0.08568374691802835,674.7573040000001,543306530.0000004,182762,179556,0.9885546143943575,0.45799844405616746,1.2419458753790417e-06,0.02894843779178217,182762.0,179556.00000000032,0.028948431793595294,0.00020847936041445885,0.0001509552842482048,0.0
0.08569965997082489,674.7536120000001,543279297.5000004,182761,179547,0.9885492054219541,0.4579754875078121,1.2420013335774122e-06,0.02894900492141614,182761.0,179547.00000000032,0.028948998929549025,0.0,0.00041217006720829075,0.00032039047360314226
0.08632582678633587,674.6723880000001,542120403.3333336,182739,179164,0.9884302080290788,0.45699855883890916,1.2445065410776732e-06,0.028976442154800407,182738.99999999997,179164.0000000003,0.028976436141385658,0.0002330423294688908,0.0,0.0
0.0865865419987059,674.6354680000001,541630218.3333336,182729,179002,0.9883761183050446,0.45658534096851167,1.245564677088994e-06,0.02898796489669812,182728.99999999997,179002.0000000003,0.028987958876202823,0.0,0.00056216244175934,0.000280835671650848
0.08691887851589639,674.609624,540934276.666667,182722,178772,0.9883382554982205,0.455998673621651,1.247119387880288e-06,0.029005495019754985,182721.99999999997,178772.00000000032,0.02900548899125519,0.000491628349865731,0.0,0.0
0.08737287110393112,674.554244,539950880.8333336,182707,178447,0.9882571209121692,0.45516968715326084,1.249288162950908e-06,0.029029513125395312,182706.99999999994,178447.0000000003,0.02902950708129185,7.372869171161062e-05,4.039189769388014e-05,0.0004899548080306623
0.08747812315725786,674.543168,539748150.0000002,182704,178380,0.988240893994959,0.45499878840439273,1.2497368782088455e-06,0.02903448764819908,182703.99999999997,178380.0000000003,0.02903448159410887,0.00032728786160755337,0.0,0.0002375098262355851
0.08809183475333054,674.461944,538562023.3333336,182682,177988,0.9881218966020836,0.45399890318713454,1.2523384768676003e-06,0.029062942790676255,182681.99999999994,177988.0000000003,0.029062936725080698,0.000244299673062485,0.0,0.0
0.08823511571596636,674.439792,538298775.8333336,182676,177901,0.9880894427676631,0.45377698988636544,1.2529097636454925e-06,0.029069093559790187,182675.99999999994,177901.00000000026,0.02906908749099914,0.0,0.00015065379887017322,0.00042991191370347686
0.08869887069667148,674.410256,537375896.666667,182668,177596,0.9880461709884356,0.45299901796987635,1.255006523707808e-06,0.029092770080132505,182667.99999999994,177596.00000000032,0.02909276399159331,0.000348649551892343,0.0,0.0
0.0890983193138953,674.38072,536601283.3333336,182660,177340,0.9880028992092083,0.4523460317055444,1.2567631516100541e-06,0.029112485964827142,182659.99999999994,177340.00000000026,0.02911247986497696,0.0,0.0,0.0002305786530976498
0.08931144605492847,674.340108,536189770.0000003,182649,177204,0.9879434005127706,0.4519991327526181,1.2576519466233002e-06,0.029121901543552518,182648.99999999994,177204.0000000003,0.029121895442137318,0.0,0.0,0.0
0.08993732434053892,674.2625760000001,535003643.3333336,182628,176812,0.9878298120922988,0.45099924753535986,1.2602952978021148e-06,0.029150813951187387,182627.99999999997,176812.0000000003,0.02915080782629185,0.0,0.00030919713853675785,0.0005112230520614637
0.08996199282272574,674.2515000000001,534961281.666667,182625,176798,0.9878135851750885,0.4509635373490292,1.2603743917678972e-06,0.029151489228015304,182624.99999999997,176798.0000000003,0.029151483107372467,0.00046350014692181607,0.0,0.0
0.09048891894459489,674.1813520000001,533817516.666667,182606,176420,0.9877108146994236,0.44999936231810167,1.262943479655391e-06,0.029179666595313524,182605.99999999997,176420.0000000003,0.029179660452603277,0.0,0.0,0.00034721861480047913
0.09074443390049292,674.162892,533287995.8333336,182601,176245,0.9876837698374064,0.4495529849889685,1.264162886221601e-06,0.0291933503958388,182600.99999999997,176245.00000000026,0.029193344246690876,0.0,0.00040296872577500387,0.00031569073949707537
0.0910696855678697,674.118588,532631390.0000003,182589,176028,0.9876188621685653,0.4489994771008434,1.2656381141937573e-06,0.029209419344781204,182588.99999999994,176028.0000000003,0.029209413184781305,0.00041503181484330167,0.0,0.0
0.09154552990119734,674.044748,531638916.666667,182569,175700,0.9875106827204968,0.4481628384496682,1.2678619395024844e-06,0.029233468516594866,182568.99999999994,175700.0000000003,0.029233462339138493,0.00037001537675148706,0.0,0.0
0.09162497214772092,674.033672,531445263.3333336,182566,175636,0.9874944558032865,0.4479995918835852,1.2683030944190238e-06,0.029238313767045755,182565.99999999994,175636.0000000003,0.029238307584990984,0.00012026743110551415,0.0,0.0
0.09218879882950096,673.981984,530259136.666667,182552,175244,0.9874187301896387,0.446999706666327,1.2710426608333588e-06,0.02926875218209868,182551.99999999994,175244.0000000003,0.02926874598520497,0.0,0.0,0.0
0.09235312043335447,673.970908,529953527.5000003,182549,175143,0.9874025032724283,0.44674208317922726,1.2717547351357136e-06,0.02927670906356649,182548.99999999994,175143.0000000003,0.029276702857139267,0.00022701975058977622,4.9594425505887937e-05,0.0
0.09281319490290543,673.915528,529073010.0000003,182534,174852,0.987321368686377,0.44599982144906875,1.2737665979219005e-06,0.029298653371568138,182533.99999999994,174852.0000000003,0.029298647156248213,0.00016065329725752317,0.0,0.0
0.09318870889510979,673.867532,528292345.0000003,182521,174594,0.9872510520451324,0.4453417337295468,1.275558009457812e-06,0.02931820471577631,182520.9999999999,174594.0000000003,0.029318198485019674,0.00020673271543929274,0.00032428897232930333,0.0
0.09341492921709055,673.856456,527886883.3333336,182518,174460,0.9872348251279222,0.4449999362318105,1.276516763866046e-06,0.029328979909355228,182517.99999999994,174460.0000000003,0.029328973671204402,0.0,0.0,0.0
0.09400158805306949,673.8195360000001,526700756.666667,182508,174068,0.9871807354038881,0.4440000510145523,1.2793213745588753e-06,0.029360376956029423,182507.99999999997,174068.00000000032,0.029360370696447136,0.0,0.0,0.00015870442560292076
0.0940505372292804,673.8158440000001,526588800.8333336,182507,174031,0.9871753264314846,0.44390567409353554,1.2795863545401606e-06,0.0293633369945475,182506.99999999997,174031.0000000003,0.029363330731574207,0.0,0.0,0.0
0.09462656837558243,673.7161600000001,525514630.0000003,182480,173676,0.9870292841765922,0.44300016579729407,1.282012186796778e-06,0.02938898309846613,182479.99999999997,173676.0000000003,0.029388976816919772,0.00028149410123990147,0.0002788989566136431,0.0
0.09492322292826266,673.694008,524942747.5000003,182474,173487,0.9869968303421717,0.4425180782818303,1.283366636092062e-06,0.029404020351005384,182473.99999999997,173487.0000000003,0.029404014064911194,0.0003255639765559891,0.0,0.0
0.09522876047030472,673.66078,524328503.3333336,182465,173284,0.9869481495905409,0.4420002805800358,1.2848067112836907e-06,0.02941978741039109,182464.99999999997,173284.0000000003,0.029419781110468606,0.0,0.0004290698574554709,0.0005804647796214825
0.09575795758159589,673.583248,523287616.666667,182444,172940,0.986834561170069,0.4411228302873399,1.2872141945393503e-06,0.029445643447367886,182443.99999999994,172940.0000000003,0.0294456371318657,0.00014635374763375395,0.0,0.00020450213955900093
0.09584559036071984,673.572172,523142376.666667,182441,172892,0.9868183342528587,0.44100039536277763,1.2875503917152235e-06,0.02944924640643753,182440.99999999997,172892.0000000003,0.02944924008653909,0.00030302259454851606,0.0002787477626076092,0.0
0.09650837642476645,673.502024,521956250.0000003,182422,172500,0.9867155637771936,0.4400005101455194,1.2903419089243583e-06,0.02947961816768628,182421.9999999999,172500.0000000003,0.029479611828531125,0.0003928790158686342,0.0,0.00038980993458914096
0.09667737499584336,673.472488,521635511.666667,182414,172394,0.9866722919979662,0.4397301330204445,1.2910786802995866e-06,0.02948738664285323,182413.99999999994,172394.00000000032,0.02948738029968625,0.0,0.0,0.00027852568619806485
0.09714458087490598,673.428184,520770123.3333336,182402,172108,0.9866073843291252,0.43900062492826114,1.2931390527734888e-06,0.02950993534335056,182401.99999999994,172108.0000000003,0.029509928981143706,0.0002180186401816078,0.0,0.00040258201295467955
0.09758444312650655,673.3617280000001,519980380.8333336,182384,171847,0.9865100228258636,0.438334885025954,1.2949752583373505e-06,0.029529422237342957,182384.0,171847.00000000026,0.02952941586464872,0.0002775898337549136,0.00038757839518488603,0.0
0.0978184395641048,673.3285000000001,519583996.6666669,182375,171716,0.9864613420742329,0.43800073971100295,1.2958992276891973e-06,0.029539226176918135,182374.99999999997,171716.00000000026,0.029539219795765834,0.0003982494496787388,7.516010939491215e-05,0.0
0.09846605526838803,673.232508,518397870.0000003,182349,171324,0.9863207087917438,0.43700085449374476,1.2986791554525477e-06,0.029568784637056707,182348.99999999997,171324.00000000032,0.029568778236074695,0.0002092771716623916,0.0,0.0
0.09850042868044759,673.232508,518340379.1666669,182349,171305,0.9863207087917438,0.4369523906694388,1.298823196221665e-06,0.029570424377084743,182348.99999999997,171305.00000000026,0.029570417974732418,0.0005172932939353186,0.0,0.0
0.09915399419092646,673.147592,517208717.5000003,182326,170931,0.986196302426465,0.4359984185488915,1.301500862657056e-06,0.02959902315421102,182325.99999999997,170931.0000000003,0.02959901673398234,0.00015600828600879414,0.0,0.0
0.09941861397774387,673.121748,516685248.3333336,182319,170758,0.9861584396196411,0.4355571426749484,1.3027694329793275e-06,0.029612876219104647,182318.99999999994,170758.00000000026,0.02961286978932286,0.0,0.0,0.0003268142632652714
0.09980214941011571,673.07006,516022590.8333336,182305,170539,0.9860827140059932,0.43499853333163324,1.3043422360890205e-06,0.029629608622203756,182304.99999999994,170539.0000000003,0.02962960218542713,0.00038444663649667935,0.00035213068536359696,0.0
0.10034144630144001,673.007296,515033143.3333336,182288,170212,0.985990761475135,0.43416444540805305,1.3067261878415157e-06,0.02965529056157782,182287.99999999997,170212.0000000003,0.029655284103791906,0.00033931529157275967,0.00032257603220320363,0.0002881697950713098
0.10047856897656483,672.985144,514836464.1666669,182282,170147,0.9859583076407145,0.433998648114375,1.3071823595271525e-06,0.02965997822758204,182281.9999999999,170147.00000000026,0.029659971764776586,0.00046616565951962695,0.00016054465810543773,0.0
0.10114021537979315,672.9223800000001,513650337.5000003,182265,169755,0.9858663551098564,0.4329987628971168,1.3100787264643814e-06,0.029691434700933206,182265.0,169755.0000000003,0.029691428218648747,0.0,0.0,0.00028155376577012643
0.10129523888027643,672.9002280000001,513374986.6666669,182259,169664,0.9858339012754358,0.43276664668596754,1.3107382429539999e-06,0.029698418519040135,182259.0,169664.00000000026,0.029698412035763073,0.00033937268763952063,0.00037420389306396743,0.00018669206710476583
0.10177669734458888,672.8300800000001,512464210.8333336,182240,169363,0.9857311307997708,0.43199887767985856,1.312930865759173e-06,0.029721698798070306,182239.99999999997,169363.00000000026,0.029721692292656907,0.00032735855072189276,0.0,0.0
0.10218897058621294,672.75624,511747088.3333336,182220,169126,0.9856229513517023,0.43139435523983255,1.3146264147609392e-06,0.02973925224008247,182219.99999999994,169126.0000000003,0.029739245726185908,0.0003623970136726309,0.0002594971058603713,0.0
0.10245032874873336,672.745164,511278084.1666669,182217,168971,0.985606724434492,0.4309989924626003,1.3158106807893176e-06,0.029752399436693524,182216.99999999994,168971.00000000026,0.02975239290953706,0.00017916033260531678,0.0,0.00046905039310453654
0.1031349674716809,672.623328,510110112.5000003,182184,168585,0.9854282283451791,0.4300144116109124,1.318584579128491e-06,0.02978104678923971,182183.99999999994,168585.0000000003,0.029781040245035438,0.00044692887690987,0.0003254784507558845,0.0
0.10315673372997203,672.615944,510091957.5000003,182182,168579,0.9854174104003722,0.4299991072453421,1.318617033870799e-06,0.029781249822858128,182181.99999999994,168579.0000000003,0.029781243277820394,0.0,0.0,0.0
0.10387586662825696,672.538412,508905830.8333336,182161,168187,0.9853038219799003,0.4289992220280839,1.3215380356297313e-06,0.029812498920419584,182160.99999999994,168187.00000000026,0.029812492355795826,0.0001043311409612148,0.0004738904501077078,0.00033539115258509174
0.10412818726378484,672.51626,508451955.8333336,182155,168037,0.9852713681454798,0.4286166128888269,1.3226741529546704e-06,0.02982481977386859,182154.9999999999,168037.0000000003,0.029824813203072856,7.7345994474747e-05,0.0004230410265427778,0.00031785910712062865
0.10453323777774373,672.4719560000001,507719704.1666669,182143,167795,0.9852064604766388,0.42799933681082564,1.324494500570438e-06,0.029844353025486176,182142.99999999997,167795.00000000026,0.029844346435391727,0.000368435328141297,0.0003601363222903559,0.0001796330869625978
0.10512896383588329,672.3981160000001,506802876.6666669,182123,167492,0.9850982810285703,0.42722646634952655,1.3267448685818096e-06,0.02986805567905411,182123.0,167492.00000000026,0.029868049073986006,0.00015320757766028848,0.00012978710953179398,6.367181016079078e-05
0.10530152994246081,672.3464280000001,506533577.5000003,182109,167403,0.9850225554149223,0.42699945159356745,1.3273481914434383e-06,0.0298736977160387,182108.99999999997,167403.0000000003,0.029873691107086223,0.00042042307912204166,0.0003080906202304395,0.0
0.10594339576353369,672.246744,505347450.8333336,182082,167011,0.9848765131600299,0.4259995663763092,1.3302664194534757e-06,0.029904301849903423,182081.99999999997,167011.0000000003,0.029904295219787366,0.0,0.00045913864757057626,0.00032961958191951547
0.1060174572306135,672.231976,505193133.3333336,182078,166960,0.9848548772704162,0.42586947926896185,1.3306435334235864e-06,0.02990821177912447,182077.99999999997,166960.00000000026,0.029908205146039618,0.0004510226778520402,0.0001810498172498028,0.0
0.10666069121077745,672.16552,504161324.1666669,182060,166619,0.9847575157671546,0.42499968115905096,1.3332349939992498e-06,0.029935841278034975,182059.99999999994,166619.00000000026,0.029935834627312433,0.00038485684555044475,0.00019836839160868085,9.838105478145611e-05
0.10701211273942934,672.121216,503538002.5000003,182048,166413,0.9846926080983135,0.4244742312744714,1.3347973989311753e-06,0.029952389735766635,182047.99999999994,166413.0000000003,0.02995238307140492,0.00033569143896627657,0.0,0.00019587087147632945
0.10738562876483809,672.084296,502975197.5000003,182038,166227,0.9846385183742793,0.42399979594179277,1.3362175696546143e-06,0.02996749646874347,182037.99999999994,166227.0000000003,0.029967489796033822,0.0,0.00024069396943397637,0.0
0.10800062589319337,672.025224,501870768.3333336,182022,165862,0.9845519748158245,0.4230687803696008,1.3390403793226165e-06,0.02999781510142574,182021.99999999994,165862.00000000026,0.029997808409118806,0.0002031740197145838,0.000364302164668615,0.00029788898235048205
0.10803807251089814,672.0215320000001,501789070.8333336,182021,165835,0.9845465658434213,0.4229999107245345,1.339251034072857e-06,0.030000092194028764,182021.0,165835.00000000026,0.030000085499983505,0.0,0.0001123811675522267,5.4747086294756134e-05
0.1088050626685441,671.9587680000001,500602944.1666669,182004,165443,0.984454613312563,0.42200002550727633,1.3422988734486612e-06,0.030032807016500313,182003.99999999997,165443.00000000026,0.03003280029858727,0.0004060825040026808,0.0,0.0
0.1090333172134428,671.9366160000001,500200508.3333336,181998,165310,0.9844221594781425,0.42166077873713514,1.3433345324635727e-06,0.030043895551334805,181997.99999999997,165310.0000000003,0.030043888824022893,0.0,0.00013412821953530328,0.00033971083738136646
0.10947578434636156,671.9107720000001,499416817.5000003,181991,165051,0.9843842966713185,0.42100014029001814,1.3453907606945969e-06,0.030066302477357837,181991.0,165051.0000000003,0.03006629573682802,0.00017621165173489455,0.00012664422627163357,0.0
0.11001854397679037,671.83324,498539325.8333336,181970,164761,0.9842707082508466,0.4202604292874546,1.3476032986505064e-06,0.030089278661461088,181970.0,164761.0000000003,0.03008927190301218,0.00040410284707139327,0.0003443985371409975,0.0006013191810578976
0.11019061144983433,671.81478,498230690.8333336,181965,164659,0.9842436633888295,0.4200002550727599,1.3484010366289e-06,0.030097769780743168,181964.99999999997,164659.0000000003,0.030097763014938377,0.00022166364553367841,0.0,0.00018697458627230234
0.11086163155518723,671.763092,497044564.1666669,181951,164267,0.9841679377751815,0.41900036985550165,1.3515148146248457e-06,0.03013134200058459,181950.99999999994,164267.00000000026,0.03013133521245238,0.00023455436979781896,0.0003973719577860452,0.00030740212537441573
0.1109650581637665,671.752016,496859988.3333336,181948,164206,0.9841517108579713,0.41884477547220383,1.3519945895690332e-06,0.030136441249160303,181947.99999999994,164206.00000000026,0.030136434460487603,0.0,0.00018567462652476524,0.0
0.1115047742536238,671.681868,495858437.5000003,181929,163875,0.9840489403823062,0.41800048463824346,1.3545839239651933e-06,0.030163710985416085,181928.99999999994,163875.0000000003,0.030163704174867825,0.00036111942798670903,0.0,0.00039578453842660044
0.11191299896918698,671.633872,495210909.1666669,181916,163661,0.9839786237410617,0.41745462893290347,1.3562582317304253e-06,0.03018126848906419,181915.99999999994,163661.00000000026,0.030181261667665164,0.00031995802815032616,0.0002665128241529408,0.0
0.11225346173154961,671.5415720000001,494672310.8333336,181891,163483,0.9838433994309762,0.4170005994209852,1.357548335116452e-06,0.030193544724495088,181891.0,163483.0000000003,0.03019353789090292,0.0,0.00023578894828819267,0.0
0.1129234693157622,671.4898840000001,493583010.8333336,181877,163123,0.9837676738173283,0.4160823374867685,1.3604396206147776e-06,0.03022451725066293,181877.0,163123.0000000003,0.03022451039601118,0.0,0.0,0.00039081828990428176
0.11297140243894044,671.4861920000001,493486184.1666669,181876,163091,0.9837622648449249,0.416000714203727,1.3606990702970047e-06,0.03022731607621947,181875.99999999997,163091.00000000026,0.03022730922340679,0.0004997841247306801,0.0,0.0
0.11365626721808832,671.4345040000001,492300057.50000024,181862,162699,0.9836865392312769,0.41500082898646873,1.3638724874615716e-06,0.030261378804311057,181861.99999999997,162699.00000000026,0.03026137192591199,0.0,0.00025143622516419524,0.0002651323858193387
0.11390501713783614,671.404968,491906699.1666669,181854,162569,0.9836432674520496,0.4146692343991127,1.3649030784443857e-06,0.030272144088353804,181853.99999999997,162569.00000000026,0.030272137203058172,0.0,0.0,0.0002882195181080698
0.1144273713710757,671.37174,491113930.8333336,181845,162307,0.9835945867004188,0.41400094376921054,1.3670386805375298e-06,0.030295067875807533,181844.99999999997,162307.00000000026,0.030295060972267675,0.0,0.00036831023419080304,0.0002971039539502397
0.11498575403289064,671.320052,490230387.50000024,181831,162015,0.9835188610867708,0.41325613131145694,1.369397061294981e-06,0.03032002154348169,181830.99999999997,162015.00000000026,0.030320014627167234,0.0,0.0,0.0
0.11519046467697289,671.286824,489924778.3333336,181822,161914,0.98347018033514,0.41299850782435726,1.3701834520059156e-06,0.03032797549778764,181821.99999999994,161914.0000000003,0.030327968572785434,0.0,0.0,0.0003201821450129208
0.11593539811188255,671.179756,488738651.6666669,181793,161522,0.9833133201354407,0.411998622607099,1.3732896993335466e-06,0.030359911813376585,181792.99999999994,161522.00000000023,0.030359904865906468,0.00040984183434640054,0.0,0.0
0.11601289297453866,671.16868,488608540.8333336,181790,161479,0.9832970932182304,0.41188894132051207,1.3736327221282414e-06,0.030363452717298445,181789.99999999994,161479.00000000026,0.030363445768363095,0.0,0.0003605082881156531,0.0
0.11670835489158263,671.1022240000001,487552525.00000024,181772,161130,0.983199731714969,0.4109987373898408,1.37647164067092e-06,0.030393308133982118,181772.0,161130.00000000026,0.030393301159923378,0.0,0.00017432338663071097,0.0
0.11704993763190617,671.0616120000001,486950384.1666669,181761,160931,0.9831402330185313,0.41049114259842656,1.3780903225867834e-06,0.030410253424736317,181761.0,160931.00000000026,0.03041024643967076,0.00014227588986649373,0.0,0.0
0.11735076074415404,671.0099240000001,486366398.3333336,181747,160738,0.9830645074048834,0.4099988521725826,1.3796387379954652e-06,0.030426161189505866,181746.99999999997,160738.00000000026,0.03042615419123691,0.0,3.816775464501362e-05,0.000328921204990797
0.11801049924186247,670.895472,485340640.8333336,181716,160399,0.9828968292603772,0.40913415551786186,1.382318758322129e-06,0.03045310157962533,181715.99999999997,160399.00000000026,0.03045309456569481,7.277204347727464e-05,0.0002364978826366565,0.000260183852030836
0.11812332809283316,670.877012,485180271.6666669,181711,160346,0.98286978439836,0.40899896695532434,1.382737615640135e-06,0.030457296005401698,181710.99999999994,160346.00000000026,0.03045728898445683,0.00040207435244877046,4.262022223682348e-05,0.0
0.11883131653398697,670.747792,483994145.00000024,181676,159954,0.9826804703642402,0.4079990817380661,1.385859310343516e-06,0.030488720413220954,181675.99999999994,159954.00000000026,0.03048871337123943,0.0,0.00041662451022075805,0.00031137822129250793
0.11897304889392943,670.733024,483727871.6666669,181672,159866,0.9826588344746265,0.407774617709702,1.3865916422988272e-06,0.03049643922316536,181671.99999999994,159866.00000000026,0.03049643217924613,0.0003546142377356857,0.00022750389321314602,0.00011299340672597767
0.11959199002118531,670.6444160000001,482808018.3333336,181648,159562,0.9825290191369446,0.4069991965208079,1.3890498718622835e-06,0.030521443938810566,181648.0,159562.00000000026,0.030521436872010685,0.0,0.00022247355653924264,0.000529352118367018
0.12005996545244027,670.5853440000001,482102999.1666669,181632,159329,0.9824424755784897,0.40640487699116207,1.390958664764857e-06,0.030541062435696677,181632.0,159329.00000000026,0.03054105535478638,0.0003488231239411196,0.0,0.0
0.12034780577443703,670.5558080000001,481621891.6666669,181624,159170,0.9823992037992624,0.4059993113035497,1.3922868117134826e-06,0.030554966993866613,181623.99999999997,159170.00000000026,0.030554959901355597,0.0003536449102173045,0.0,0.0
0.12108527531751175,670.459816,480459971.6666669,181598,158786,0.9822585705167733,0.4050198319070518,1.3954540555672992e-06,0.030587511656427778,181597.99999999994,158786.00000000026,0.03058750453910629,0.00043221440339077184,0.0,0.0
0.12110145673912992,670.459816,480435765.00000024,181598,158778,0.9822585705167733,0.40499942608629147,1.3955243652603584e-06,0.030588282219764756,181597.99999999994,158778.00000000023,0.03058827510582667,0.0,0.0,0.0
0.12187874032966593,670.3749,479249638.3333336,181575,158386,0.9821341641514946,0.4039995408690333,1.3988010556071252e-06,0.030622232410007617,181574.99999999994,158386.0000000003,0.03062222527295417,8.483216683921866e-05,0.00014296353040530338,0.0003336907014074596
0.12218909210786744,670.341672,478813918.3333336,181566,158242,0.9820854833998638,0.40363223609534654,1.4000045661440682e-06,0.030634643815077224,181565.99999999994,158242.00000000026,0.03063463666617499,0.0,0.0,0.00020364173523518622
0.12269253961834901,670.2826,478063511.6666669,181550,157994,0.981998939841409,0.40299965565177504,1.4020785599453137e-06,0.030655975968225196,181549.99999999994,157994.00000000023,0.03065596880651255,0.00018541675725792823,0.0,0.00019234752095112343
0.12321154595649532,670.230912,477158787.50000024,181536,157695,0.981923214227761,0.4022369881008561,1.4046286677681687e-06,0.03068265883230468,181535.99999999997,157695.00000000023,0.03068265165182356,0.00010569453222597638,0.00010836872899050781,0.0
0.12339391602074673,670.212452,476877385.00000024,181531,157602,0.9818961693657439,0.4019997704345168,1.4054188206052163e-06,0.030690864990168817,181530.9999999999,157602.00000000026,0.030690857801332124,0.00020855746783979582,0.0,0.0003943980711444008
0.12414586325588547,670.1016920000001,475691258.3333336,181501,157210,0.9817339001936414,0.4009998852172586,1.4086903643085999e-06,0.030724026373951857,181500.99999999997,157210.00000000026,0.03072401916045202,0.0,0.0002575786216174433,0.0002630996389560881
0.12424120011843405,670.0795400000001,475536940.8333336,181495,157159,0.9817014463592207,0.40086979810991125,1.4091009182709317e-06,0.030727995299540182,181494.99999999997,157159.00000000026,0.03072798808344768,0.0002851006001998959,7.639715057539927e-05,0.0003269126475869445
0.12484764462987247,669.998316,474505131.6666669,181473,156818,0.9815824489663455,0.40000000000000036,1.4119938253284567e-06,0.030757657342074418,181472.99999999997,156818.00000000026,0.030757650101746536,0.00036974377000786174,0.0003036303173954063,0.0
0.12520985475530555,669.957704,473890887.50000024,181462,156615,0.9815229502699078,0.3994822022982059,1.4137383133369487e-06,0.03077571891053164,181461.99999999997,156615.00000000026,0.030775711660494014,0.0,0.0,0.0
0.1256132977090362,669.93186,473319005.00000024,181455,156426,0.9814850874630838,0.3990001147827421,1.4153918455059705e-06,0.03079311760261776,181454.99999999997,156426.00000000026,0.03079311033749739,0.0,0.0001224670488998896,0.00023689485635684194
0.12632825276954954,669.850636,472232730.8333336,181433,156067,0.9813660900702085,0.39808440357612046,1.4184756630865813e-06,0.030824776156025337,181432.99999999994,156067.00000000026,0.03082476886835286,0.000369027167410678,0.0,0.00021873027016017485
0.1264039280004973,669.846944,472132878.3333336,181432,156034,0.981360681097805,0.3980002295654839,1.4187678400297235e-06,0.03082786567197592,181431.99999999997,156034.00000000026,0.030827858381659218,0.00018928861238545698,0.0,0.0
0.12713857725109395,669.7361840000001,470946751.6666669,181402,155642,0.9811984119257026,0.3970003443482257,1.4221059634233024e-06,0.03086155895587205,181402.0,155642.00000000026,0.030861551642040165,0.0004843718852208433,0.00023047740032926055,0.00011444985803607882
0.12733729633755247,669.7029560000001,470607858.33333355,181393,155530,0.9811497311740717,0.39671466285758045,1.4230594414036465e-06,0.03087113723968929,181393.0,155530.00000000023,0.03087112991571996,0.0,0.0,0.00018896928148300974
0.12788385648112838,669.6032720000001,469760625.00000024,181366,155250,0.9810036889191792,0.39600045913096743,1.4254137881394375e-06,0.030894364154196188,181365.99999999997,155250.00000000023,0.030894356815967302,0.0003666105590097972,0.0,0.00030898508573622493
0.12840080590710148,669.547892,468989037.50000024,181351,154995,0.9809225543331279,0.3953500235942306,1.4276408155915579e-06,0.03091721039506133,181350.99999999997,154995.00000000023,0.030917203037666863,0.0,0.0002444197948452628,0.00012146030432704712
0.12870619979054104,669.503588,468574498.33333355,181339,154858,0.9808576466642868,0.3950005739137092,1.4288092723384404e-06,0.030928836615661037,181338.99999999997,154858.00000000023,0.030928829250633703,0.00028777799973468297,0.0,0.0
0.1295402511941175,669.39652,467388371.6666669,181310,154466,0.9807007864645875,0.394000688696451,1.4322061920646193e-06,0.030963104509892217,181309.99999999994,154466.00000000023,0.030963097122178852,0.00035333224009414415,0.0,0.0
0.12955004658472646,669.39652,467367190.83333355,181310,154459,0.9807007864645875,0.3939828336032857,1.4322710988900192e-06,0.030963806117684477,181309.99999999994,154459.00000000023,0.03096379872610917,0.0001390949226250316,0.0,0.0
0.1302757933025209,669.318988,466202245.00000024,181289,154074,0.9805871980441155,0.39300080347919275,1.4356837513727537e-06,0.030998877327362277,181288.99999999994,154074.00000000026,0.03099886990960378,0.0,0.00029796449868223717,0.0001483607950116102
0.1305937471226988,669.2636080000001,465730215.00000024,181274,153918,0.9805060634580643,0.39260288997436554,1.437019945119944e-06,0.031012016271744346,181274.0,153918.00000000023,0.03101200884546707,0.0,0.0,0.0002906942176338891
0.13108062882094873,669.2229960000001,465016118.33333355,181263,153682,0.9804465647616267,0.3920009182619345,1.4391393537036208e-06,0.03103393545696454,181263.0,153682.0000000002,0.031033928014768786,0.00018916862230024275,0.0,0.00021414366209611011
0.13176376371488685,669.1417720000001,464084161.6666669,181241,153374,0.9803275673687514,0.39121529416266027,1.441854360202488e-06,0.031061310042427688,181240.99999999994,153374.00000000026,0.031061302575830705,0.00041286838101910043,0.0001800585368689951,0.0
0.13193869691401292,669.11962,463826965.83333355,181235,153289,0.9802951135343309,0.3909984823170813,1.4426061210085705e-06,0.03106889215113614,181234.99999999997,153289.00000000023,0.031068884683720325,0.00022761213735878751,0.00016619803462023362,0.00024127588518939089
0.13270808894340735,669.031012,462640839.1666669,181211,152897,0.9801652981966487,0.3899985970998231,1.446113173244917e-06,0.031104574579353728,181210.99999999994,152897.00000000023,0.03110456707904061,0.0,0.00015279246829366351,0.00023877263574411154
0.13284309568862976,669.016244,462441134.1666669,181207,152831,0.980143662307035,0.38983024907855,1.4467057417061045e-06,0.031110603361064092,181206.99999999997,152831.00000000026,0.031110595858987716,0.00023312860196940567,0.00027699034273295266,0.00013781596714145997
0.13350876845074527,668.901792,461454712.50000024,181176,152505,0.9799759841625288,0.38899871188256485,1.4495502459518163e-06,0.03113850923071319,181175.99999999994,152505.00000000023,0.031138501708708972,0.0,0.00021343575128223487,0.0
0.13397119743786037,668.850104,460831390.83333355,181162,152299,0.9799002585488809,0.38847326199798526,1.4513987486627174e-06,0.031157153335767507,181161.9999999999,152299.00000000023,0.031157145798609568,0.0,0.0002646607787492287,0.0
0.13435495000244088,668.7873400000001,460268585.83333355,181145,152113,0.9798083060180228,0.3879988266653066,1.4530371191619247e-06,0.031173271080295165,181145.0,152113.00000000023,0.03117326352790418,0.0,0.0,0.0
0.13504441265421216,668.7061160000001,459203492.50000024,181123,151761,0.9796893086251475,0.3871009705518502,1.4562304662785198e-06,0.03120561198095589,181122.99999999997,151761.00000000023,0.031205604407981688,0.0,0.0,0.0
0.13511692006499823,668.6950400000001,459082459.1666669,181120,151721,0.9796730817079372,0.3869989414480484,1.4565902631388377e-06,0.03120920832499978,181119.99999999997,151721.00000000023,0.0312092007483604,0.0,0.0002695499940054952,0.00013406701159363865
0.13589985841864657,668.610124,457896332.50000024,181097,151329,0.9795486753426584,0.38599905623079017,1.4601779410408352e-06,0.031245635762796983,181096.99999999994,151329.00000000026,0.03124562815697604,0.00043184135914938436,0.0002978421297212943,0.0
0.13615173176946951,668.576896,457566516.6666669,181088,151220,0.9794999945910277,0.3857210269229301,1.4611578243760616e-06,0.03125534134811937,181087.99999999997,151220.00000000026,0.03125533373488423,0.0,0.00029825210744981553,0.0004176691125106983
0.136702379651721,668.521516,456710205.83333355,181073,150937,0.9794188600049764,0.3849991710135319,1.4637761702307182e-06,0.03128203740818864,181072.99999999994,150937.0000000002,0.031282029776830464,0.00016908487159809313,0.00025645763126118837,0.0
0.13718982601083754,668.451368,455923489.1666669,181054,150677,0.9793160895293113,0.3843359818388199,1.4661481232778546e-06,0.03130572980615074,181053.99999999994,150677.00000000023,0.03130572215467694,0.0003995567671421271,0.0,0.0
0.13749172558810202,668.388604,455524079.1666669,181037,150545,0.979224136998453,0.38399928579627374,1.4672958786783482e-06,0.03131651072525122,181036.99999999994,150545.00000000026,0.0313165030672993,0.000520204810404382,0.0002740365821327482,0.0002629717688084434
0.13831325066725356,668.3036880000001,454337952.50000024,181014,150153,0.9790997306331745,0.3829994005790155,1.4709396041485214e-06,0.03135337880161749,181014.0,150153.00000000023,0.03135337111340412,0.0,0.0,0.0004361615778237893
0.13833406946049026,668.2999960000001,454301642.50000024,181013,150141,0.979094321660771,0.3829687918478749,1.4710490420469913e-06,0.031354458517343406,181012.99999999997,150141.00000000023,0.031354450829599874,0.0,0.00042020045719760846,0.0
0.13916923025606556,668.170776,453151825.83333355,180978,149761,0.9789050076266512,0.38199951536175725,1.4744964886133971e-06,0.03138814207636522,180977.99999999997,149761.00000000023,0.03138813436244358,0.0,0.0,0.0
0.13951859844896292,668.119088,452704002.50000024,180964,149613,0.9788292820130032,0.3816220076776904,1.4758409121863234e-06,0.03140123380192273,180963.99999999997,149613.00000000023,0.0314012260774267,0.0,0.00021095413712503416,0.0004021327339716827
0.14005317899400513,668.034172,451965699.1666669,180941,149369,0.9787048756477245,0.38099963014449906,1.4780638735012845e-06,0.031422876633076476,180940.99999999994,149369.00000000026,0.03142286889233243,0.0005151002385946901,0.000392551976757335,0.00019577554861664208
0.14072018923323765,667.986176,451067026.6666669,180928,149072,0.97863455900648,0.38024206404877026,1.4809022529009502e-06,0.03145190348683352,180927.9999999999,149072.00000000023,0.03145189572510968,0.00032206724815352615,0.0003730777082700191,0.0002909953961713368
0.14092668895072893,667.971408,450779572.50000024,180924,148977,0.9786129231168663,0.3799997449272408,1.4818138370722191e-06,0.03146123448218478,180923.99999999994,148977.00000000023,0.031461226708704645,0.00018152580053127358,0.00023695436547952845,0.0
0.1418211760341454,667.8569560000001,449593445.83333355,180893,148585,0.9784452449723603,0.37899985970998257,1.4854686210162812e-06,0.03149731022588201,180892.99999999997,148585.00000000023,0.0314973024291611,0.00032216159380518006,5.231059482775958e-05,0.000447376522968176
0.14192725194704042,667.8348040000001,449445180.00000024,180887,148536,0.9784127911379398,0.37887487405782533,1.4859093694140846e-06,0.03150146016432284,180887.0,148536.00000000023,0.031501452362272524,0.00023283878028331536,0.0002379409098608765,0.00011813398895857884
0.14268375827677582,667.687124,448407319.1666669,180847,148193,0.9781964322418027,0.3779999744927244,1.4890192364407633e-06,0.03153092088030112,180847.0,148193.00000000023,0.03153091305545678,0.0002579434050610424,3.248322384330011e-05,0.0003156439479231881
0.14306769713389744,667.635436,447862669.1666669,180833,148013,0.9781207066281549,0.377540843525616,1.4907146363465878e-06,0.03154764517660289,180832.99999999997,148013.00000000026,0.031547637339527757,0.00044425127911336084,0.0004257032006198759,0.00044076587186883914
0.1435641520367959,667.591132,447221192.50000024,180821,147801,0.9780557989593137,0.37700008927546613,1.492753794309512e-06,0.03156816743715705,180820.99999999994,147801.00000000026,0.03156815958373681,0.00035828704193015807,0.00013864360578961436,0.0003918673633106415
0.1442250839538067,667.49514,446231745.00000024,180795,147474,0.9779151656768247,0.37616600135188594,1.4958486200931303e-06,0.031598602565427965,180794.99999999994,147474.00000000023,0.03159859468744852,3.830690006888538e-05,0.00023147683505310933,0.0002504715624743059
0.1443531368913847,667.469296,446035065.83333355,180788,147409,0.9778773028700007,0.3760002040582079,1.4964502729240755e-06,0.03160434479889815,180787.99999999994,147409.00000000023,0.03160433691595095,0.0,0.0,0.0
0.14515477008622324,667.3733040000001,444848939.16666687,180762,147017,0.9777366695875119,0.3750003188409497,1.500224559937553e-06,0.03164189977399383,180761.99999999997,147017.0000000002,0.03164189186064104,0.0003829913113540372,0.00039219163060007694,0.00019557924784992917
0.14535010512478183,667.3474600000001,444606872.50000024,180755,146937,0.9776988067806879,0.374796260633346,1.5009832309778335e-06,0.03164928666961786,180754.99999999997,146937.00000000023,0.031649278749482646,0.00020260566258051567,0.0,0.0003436813370169958
0.14604459273047796,667.233008,443662812.50000024,180724,146625,0.9775311286361817,0.3740004336236915,1.5039191683436387e-06,0.03167750795884652,180723.99999999997,146625.00000000023,0.03167750002258751,0.0003665865333398068,0.0,0.00027461417635034205
0.14660603557681437,667.151784,443021335.83333355,180702,146413,0.9774121312433065,0.37345967937354163,1.5059134403652858e-06,0.03169657455134983,180701.99999999994,146413.0000000002,0.03169656659513926,0.0,0.0003389841599748725,0.00016888929943951239
0.14702892513631094,667.118556,442476685.83333355,180693,146233,0.9773634504916756,0.37300054840643326,1.5076919922765867e-06,0.03171449676063487,180692.99999999994,146233.00000000023,0.0317144887928398,0.0,0.0,0.0
0.14785274525217296,667.066868,441345024.16666687,180679,145859,0.9772877248780277,0.37204657628588583,1.5114407809616382e-06,0.031752670248713796,180678.99999999994,145859.00000000017,0.03175266225115164,0.00030943173892156926,0.0,0.0003678241612002529
0.1479035990915901,667.066868,441290559.16666687,180679,145841,0.9772877248780277,0.372000663189175,1.511627326131085e-06,0.03175462967860714,180678.99999999994,145841.0000000002,0.031754621679533544,0.00028568802619285136,0.0002179632328572457,0.0002463019218195541
0.14871272977922306,666.9671840000001,440104432.50000024,180652,145449,0.9771416826231354,0.37100077797191683,1.5154748163096488e-06,0.03179264019638765,180651.99999999997,145449.00000000023,0.03179263216469925,0.0,0.0,0.0002048568106123712
0.1489997003312971,666.9265720000001,439714100.00000024,180641,145320,0.9770821839266978,0.3706717341121558,1.5167277374093752e-06,0.03180481143738712,180641.0,145320.00000000023,0.031804803399871705,0.0,0.00020896735922866906,0.0
0.14966428020677386,666.8416560000001,438918305.83333355,180618,145057,0.976957777561419,0.3700008927546586,1.519284220178353e-06,0.03182957752340426,180617.99999999997,145057.0000000002,0.03182956946623444,8.533678295892865e-05,0.00030109775926274735,0.0
0.15027306389435302,666.771508,438098305.00000024,180599,144786,0.9768550070857539,0.369309645576401,1.521967787572243e-06,0.031856000327206306,180598.99999999997,144786.00000000023,0.031855992246423194,0.00028234245665948414,0.0,0.0002921637241280956
0.15053708478667321,666.712436,437729153.33333355,180583,144664,0.9767684635272992,0.3689984568098053,1.5231163629905505e-06,0.03186660667032012,180582.99999999997,144664.0000000002,0.031866598583033756,0.0,0.0003830060070205784,0.00042691679742871735
0.15148166519669806,666.55368,436543026.66666687,180540,144272,0.9765358777139519,0.36799857159254706,1.5268911408106478e-06,0.0319022712179985,180539.99999999994,144272.0000000002,0.031902263099766036,0.00046645970943386686,0.00016843204930422505,0.0
0.15148880899894307,666.549988,436533949.16666687,180539,144269,0.9765304687415485,0.3679909194097619,1.5269144341979092e-06,0.03190242620541019,180538.99999999994,144269.0000000002,0.031902418087389334,0.0002933466634361964,0.0,0.0
0.15238614474929393,666.4613800000001,435356900.00000024,180515,143880,0.9764006534038665,0.3669986863752889,1.530839134512396e-06,0.031941276777003404,180514.99999999997,143880.00000000023,0.03194126863044824,0.0,0.0,0.00028148271889466087
0.15277935319036445,666.4281520000001,434887895.83333355,180506,143725,0.9763519726522356,0.36660332359805664,1.532413659669668e-06,0.031956902279683085,180505.99999999997,143725.0000000002,0.031956894116848364,0.0,0.0,0.00011747767088555357
0.1533090244451457,666.365388,434170773.33333355,180489,143488,0.9762600201213775,0.36599880115803063,1.534800195978184e-06,0.03198027091966981,180488.99999999997,143488.00000000023,0.03198026273689953,0.00014624187569473626,0.0,0.0
0.15409795871628357,666.265704,433275126.66666687,180462,143192,0.976113977866485,0.36524378578989686,1.537742794343652e-06,0.03200851895112144,180461.99999999997,143192.00000000023,0.032008510749674486,0.00018361841940656607,0.0,0.0
0.15433548914981912,666.210324,432984646.66666687,180447,143096,0.9760328432804336,0.3649989159407724,1.5386465296837232e-06,0.03201659262104681,180446.99999999994,143096.00000000017,0.03201658441199064,0.0,0.00029614799183590233,0.0003432998023092578
0.15523270627467506,666.0737200000001,431798520.00000024,180410,142704,0.9758327113015071,0.3639990307235142,1.5425567461416953e-06,0.03205396247289397,180410.0,142704.00000000023,0.032053954230085904,0.0003202817169448198,0.0003272045336765886,0.0004672352128373864
0.15530287459741474,666.0589520000001,431698667.50000024,180406,142671,0.9758110754118934,0.36391485671287765,1.542879332607622e-06,0.032056958547858096,180406.0,142671.00000000023,0.03205695029970853,0.0,0.0,0.0
0.1561515489414775,665.9481920000001,430612393.33333355,180376,142312,0.9756488062397907,0.36299914550625595,1.5465142255775602e-06,0.032092029422048966,180375.99999999997,142312.0000000002,0.032092021151393244,0.00031154534717497305,0.00022976778879861903,0.0003295422580223294
0.15649293253412816,665.903888,430079846.66666687,180364,142136,0.9755838985709496,0.36255021744952776,1.5483261844540893e-06,0.0321097559336751,180363.99999999994,142136.0000000002,0.03210974764619459,0.00031008163893390494,0.0003591563379593225,0.0
0.1569949565382568,665.844816,429426266.66666687,180348,141920,0.9754973550124948,0.3619992602889977,1.5505451521828963e-06,0.03213133130691775,180347.99999999994,141920.00000000023,0.032131323006152304,0.0004460549574238361,0.0,0.00040801233557731824
0.15769883889289585,665.745132,428464051.66666687,180321,141602,0.9753513127576023,0.36118812891377294,1.5537946051957966e-06,0.032162574438887245,180320.99999999994,141602.0000000002,0.032162566110611794,0.000252230193467166,0.00020783207910168522,0.0003915205721582903
0.15784352686830208,665.734056,428240140.00000024,180318,141528,0.9753350858403921,0.3609993750717395,1.5545811656048862e-06,0.032170446449487584,180317.99999999997,141528.00000000023,0.03217043811733897,0.00020814795479570284,0.0,0.00015386381116305303
0.1588136525998671,665.623296,427054013.33333355,180288,141136,0.9751728166682894,0.35999948985448127,1.5586395987817427e-06,0.03220973186813608,180287.99999999994,141136.00000000023,0.0322097235032087,0.00018914704443523796,0.0,0.00024002616017666017
0.1589803298642091,665.6048360000001,426833127.50000024,180283,141063,0.9751457718062724,0.3598132867400429,1.5594029448897443e-06,0.03221717152996606,180282.99999999997,141063.00000000023,0.03221716315317128,0.00033486266668168355,0.0,0.0003504044908037561
0.15970496809441484,665.5199200000001,425867886.66666687,180260,140744,0.9750213654409936,0.3589996046372231,1.5627379777543837e-06,0.03224954656946449,180260.0,140744.00000000023,0.032249538169190094,0.0004375035987363033,0.00032875392207031413,0.00027217735691130587
0.1602946679344459,665.449772,425214306.66666687,180241,140528,0.9749185949653286,0.358448647476693,1.5649750292189913e-06,0.032270919980370426,180240.99999999997,140528.0000000002,0.03227091156506488,0.000123318774760348,0.0,0.0003017587549122515
0.16071043714448482,665.412852,424681760.00000024,180231,140352,0.9748645052412943,0.3579997194199649,1.566850556520251e-06,0.03228935579214809,180230.99999999997,140352.00000000023,0.03228934735797604,0.0,0.0,0.0
0.16160799705722292,665.2984,423592460.00000024,180200,139992,0.9746968270967882,0.35708145748574815,1.5706096373858959e-06,0.03232528543999909,180199.99999999994,139992.00000000023,0.032325276974542544,0.0002849453584291719,0.00033198482512590923,0.00016532087847121062
0.16169718313573064,665.287324,423495633.33333355,180197,139960,0.9746806001795779,0.35699983420270665,1.5709425827216314e-06,0.032328442384632804,180196.99999999994,139960.00000000023,0.032328433921659655,0.0,0.0003476076019330109,0.0
0.1626007257465633,665.1064160000001,422309506.66666687,180148,139568,0.9744155605318103,0.3559999489854484,1.5749264591501968e-06,0.03236500722553539,180148.0,139568.0000000002,0.03236499872976927,0.00039229907365665253,0.0,0.0005248525674172932
0.16286759625194216,665.0694960000001,422034155.83333355,180138,139477,0.974361470807776,0.3557678327742992,1.5758665188763635e-06,0.03237376640850394,180137.99999999997,139477.0000000002,0.032373757905147356,0.0,0.0,0.0
0.16370196030090126,664.943968,421123380.0000002,180104,139176,0.9741775657460596,0.35500006376819015,1.5789766125072414e-06,0.03240263838177014,180103.99999999994,139176.0000000002,0.032402629854057625,0.0,0.0,0.0
0.16423648234634616,664.870128,420451645.0000002,180084,138954,0.9740693862979911,0.3544338022420898,1.5813236454337092e-06,0.032424911018365754,180083.99999999994,138954.00000000017,0.032424902470663736,0.00030911413017609845,0.0,0.00019092952743727875
0.16461260939034253,664.796288,419937253.33333355,180064,138784,0.9739612068499227,0.35400017855093197,1.5830848126072414e-06,0.032441160691480654,180063.99999999994,138784.0000000002,0.03244115213141086,0.0,0.0,0.0002078719139121761
0.16549679662137418,664.6670680000001,418872160.0000002,180029,138432,0.973771892815803,0.3531023224374756,1.5868017296733205e-06,0.03247606585101242,180029.0,138432.00000000017,0.032476057263196585,0.0,0.00035523237075541197,0.0004133193696066158
0.1656239101265052,664.6449160000001,418751126.66666687,180023,138392,0.9737394389813825,0.3530002933336737,1.5872074692447787e-06,0.0324796763387625,180022.99999999997,138392.0000000002,0.03247966774744012,0.00041472217416025866,0.0,0.0004288329678282139
0.16665290332632596,664.482468,417565000.0000002,179979,138000,0.9735014441956318,0.3520004081164155,1.591327022140265e-06,0.032517824451627354,179978.99999999994,138000.00000000017,0.0325178158282744,0.0,0.0,0.0
0.16688232802599737,664.460316,417298726.66666687,179973,137912,0.9734689903612113,0.3517759440880514,1.5922893446323953e-06,0.03252711301511209,179972.99999999994,137912.0000000002,0.0325271043820263,0.0002714048417952286,0.00021856328151953537,0.00032306745982172243
0.1676746933009628,664.345864,416378873.33333355,179942,137608,0.9733013122167051,0.3510005228991573,1.5955321140132766e-06,0.032557413300566385,179941.9999999999,137608.0000000002,0.0325574046428358,0.00044097227921385313,8.908146384997566e-05,0.00021904654148862827
0.16819472965793564,664.260948,415716215.83333355,179919,137389,0.9731769058514264,0.3504419135558421,1.5978711503193119e-06,0.03257918668556593,179918.99999999994,137389.0000000002,0.032579178008289314,0.00033021188889462014,0.0,0.0
0.1686106250252319,664.2129520000001,415192746.66666687,179906,137216,0.973106589210182,0.35000063768189904,1.5997701244363416e-06,0.03259736242203148,179905.99999999997,137216.0000000002,0.03259735373331178,0.00026466354298543016,0.0,0.0003674866121410101
0.1695245557983343,664.057888,414136730.83333355,179864,136867,0.9728794123692381,0.34911043375122786,1.603474984369946e-06,0.03263127658522632,179863.99999999997,136867.0000000002,0.032631267862831444,0.0004377809394604182,0.00014856155339335449,0.0
0.16961477517608364,664.039428,414006620.0000002,179859,136824,0.972852367507221,0.3490007524646408,1.6039343235622652e-06,0.032635496484163584,179858.99999999997,136824.00000000017,0.03263548776153288,0.00022628567342838728,0.0,0.0
0.1706288698950138,663.888056,412820493.33333355,179818,136432,0.9726305996386807,0.3480008672473826,1.6081761121871946e-06,0.03267489728867704,179817.99999999994,136432.0000000002,0.03267488853072031,0.00021549767109434734,0.0,0.0
0.17084012385249878,663.865904,412548168.33333355,179812,136342,0.9725981458042602,0.3477713017638284,1.609183981308105e-06,0.03268458931137769,179811.9999999999,136342.0000000002,0.03268458054455911,0.0002800911477931254,0.0002472294802635333,0.0
0.17163445795127488,663.76622,411631340.83333355,179785,136039,0.9724521035493677,0.34699843130252933,1.6125259526065922e-06,0.0327160550221688,179784.99999999994,136039.0000000002,0.032716046232148376,0.0,0.0,0.0
0.17228074554473044,663.6480760000001,410980786.66666687,179753,135824,0.9722790164324583,0.3464500248695943,1.6147910012597825e-06,0.03273611065976177,179752.99999999997,135824.0000000002,0.03273610184974431,0.0001355289883437776,0.0,0.0
0.17274493811145827,663.585312,410445214.16666687,179736,135647,0.9721870639016,0.3459985460852711,1.61674515646939e-06,0.032754363664712356,179735.99999999997,135647.0000000002,0.03275435483949951,0.0,0.000163217281216231,0.00043439407460820677
0.1736030411127788,663.496704,409358940.0000002,179712,135288,0.9720572485639178,0.3450828348786494,1.620818893072177e-06,0.032793413871299186,179711.99999999994,135288.0000000002,0.03279340500992644,0.0,0.0,0.0
0.17367990317451465,663.48932,409259087.5000002,179710,135255,0.972046430619111,0.34499866086801284,1.6211963039183576e-06,0.03279704915496674,179709.99999999994,135255.00000000017,0.03279704029131168,0.0,0.0,0.0004254111891262615
0.17467982060608,663.34164,408072960.83333355,179670,134863,0.9718300717229741,0.34399877565075465,1.6255466636294093e-06,0.032837368800628056,179669.9999999999,134863.00000000023,0.03283735990678625,0.00021877425205791437,8.698484180044629e-05,4.0651967305156724e-05
0.17493475637986675,663.2862600000001,407785506.66666687,179655,134768,0.9717489371369229,0.34375645652922526,1.6265567293498376e-06,0.03284619810097184,179654.99999999997,134768.0000000002,0.032846189196267875,0.0002171363311368775,0.00030724033199931147,0.0
0.1756761194107216,663.1939600000001,406886834.16666687,179630,134471,0.9716137128268373,0.34299889043349646,1.629922387039798e-06,0.03287787527127591,179629.99999999997,134471.0000000002,0.03287786633830505,3.9965948590503043e-05,0.0,0.00041129680711022773
0.176328196452029,663.086892,406202995.83333355,179601,134245,0.971456852627138,0.34242242599701594,1.6324027611851165e-06,0.032900226038835315,179600.99999999994,134245.0000000002,0.03290021708902038,0.00023984401673544196,0.0,0.00016398995698171543
0.17675248469563487,663.016744,405700707.5000002,179582,134079,0.9713540821514729,0.3419990052162382,1.6342508941767122e-06,0.03291710355933723,179581.99999999994,134079.0000000002,0.032917094594597546,0.00013767488983665663,0.00027914695810825964,0.0
0.1777041189739141,662.839528,404659820.83333355,179534,133735,0.9710944514761085,0.34112155492354224,1.6380166596104988e-06,0.032950602263272205,179533.99999999994,133735.0000000002,0.03295059327012247,0.0002654959521338374,0.0,0.0
0.17781695281586132,662.8173760000001,404514580.83333355,179528,133687,0.9710619976416882,0.34099911999898,1.6385500236716842e-06,0.032955415748171096,179527.99999999997,133687.0000000002,0.03295540675006132,0.0,0.0,0.0
0.17890643300822714,662.666004,403328454.16666687,179487,133295,0.9708402297731478,0.3399992347817218,1.6429934391045158e-06,0.03299630126074144,179486.99999999997,133295.0000000002,0.03299629222417571,0.0,0.0,0.00027577749663587923
0.17914154119655573,662.629084,403086387.5000002,179477,133215,0.9707861400491136,0.339795176574118,1.6438885175699458e-06,0.033004368538051006,179476.99999999997,133215.00000000017,0.03300435949343222,0.0,0.00023050527837217152,0.00024039577926041845
0.18005587672407022,662.51094,402142327.5000002,179445,132903,0.970613052932204,0.33899934956446354,1.647453885589797e-06,0.033037194529026655,179444.99999999994,132903.0000000002,0.033037185459033454,0.0,0.0,5.7099768170919164e-05
0.18056820281242963,662.414948,401515980.0000002,179419,132696,0.970472419649715,0.3384713489522889,1.6497847682176926e-06,0.03305816225155468,179418.99999999994,132696.0000000002,0.03305815316404566,0.00015643664546893747,0.00013910489887758147,0.00030617901583799884
0.18106949327368072,662.3300320000001,400956200.83333355,179396,132511,0.9703480132844363,0.33799946434720535,1.6518762663438953e-06,0.03307698989248557,179395.99999999997,132511.0000000002,0.03307698078703415,0.0003981432054201961,0.0,0.0
0.18202679205980832,662.174968,399966753.33333355,179354,132184,0.9701208364434926,0.33716537642362515,1.6555750258775668e-06,0.033110124430181125,179353.99999999997,132184.0000000002,0.033110115294851965,0.0005079362723317724,0.0002525657100273471,0.00038589497993643876
0.18222011531400345,662.149124,399770074.16666687,179347,132119,0.9700829736366686,0.3369995791299471,1.6563248897013375e-06,0.03311697562844677,179346.99999999997,132119.0000000002,0.03311696648607104,0.0002192437742505518,0.00023520254229292454,0.00011653951455756911
0.18324747191926713,662.01252,398583947.5000002,179310,131727,0.9698828416577419,0.33599969391268886,1.6609111434423728e-06,0.033159372303563986,179309.99999999994,131727.0000000002,0.03315936312563539,0.00038608349395574145,0.0004929618348209604,0.0002459732120481715
0.1833899459035335,661.979292,398381216.66666687,179301,131660,0.9698341609061111,0.33582879516382075,1.661672951197121e-06,0.033166143637285005,179300.9999999999,131660.0000000002,0.033166134453154396,0.0,0.0,0.00030493997231495886
0.1842123962686252,661.8279200000001,397397820.83333355,179260,131335,0.9696123930375709,0.33499980869543067,1.665403998975543e-06,0.033199561210980874,179259.99999999997,131335.0000000002,0.03319955199413476,0.00032270673309003943,0.0,0.0
0.1847716870624475,661.757772,396819886.66666687,179241,131144,0.9695096225619058,0.33451261972477675,1.6676527417989108e-06,0.03322020714689387,179240.99999999997,131144.0000000002,0.033220197916543466,0.0003027354068477239,0.0004962866223372928,0.0
0.1852948235104322,661.66178,396211694.16666687,179215,130943,0.9693689892794167,0.3339999234781724,1.6699703460081905e-06,0.03324087170468,179214.99999999994,130943.00000000019,0.0332408624532548,0.0,0.00020522066550692015,0.0003771487720260824
0.1862135711953794,661.573172,395225272.5000002,179191,130617,0.9692391739417345,0.33316838628218726,1.6739141396885233e-06,0.03327787083107012,179190.99999999997,130617.00000000016,0.033277861546223114,0.0002856390231183254,0.0002344880121589447,0.0003181977940543448
0.18638705126839766,661.558404,395025567.5000002,179187,130551,0.9692175380521209,0.3330000382609142,1.674723001315604e-06,0.03328553853991912,179186.99999999994,130551.00000000017,0.033285529250822295,0.0003807278656960887,0.0,0.0
0.1874492654980244,661.3922640000001,393839440.8333335,179142,130159,0.968974134293967,0.33200015304365593,1.67934491934212e-06,0.033327252185570026,179142.0,130159.00000000017,0.03332724285609296,0.0002375795804198641,0.0,0.0
0.1876742781739679,661.3627280000001,393651839.16666687,179134,130097,0.9689308625147396,0.3318420079327631,1.6800702097570743e-06,0.03333370392195369,179133.99999999997,130097.00000000019,0.03333369458720363,0.0,0.0,0.00039885552564357683
0.18852789158470315,661.266736,392653314.16666687,179108,129767,0.9687902292322506,0.33100026782639774,1.6840981908007446e-06,0.03337121684527422,179107.99999999997,129767.0000000002,0.03337120747763633,0.00012323023383666232,0.0,0.0
0.1891038064028494,661.215048,392026966.66666687,179094,129560,0.9687145036186026,0.3304722672142231,1.6866570522487009e-06,0.03339525450961803,179093.99999999997,129560.0000000002,0.03339524512166356,0.00030541027013919963,0.0,0.0002559965961713824
0.1895707394986105,661.155976,391467187.5000002,179078,129375,0.9686279600601478,0.3300003826091395,1.6889179913706042e-06,0.03341613716407974,179077.99999999994,129375.00000000016,0.033416127758169746,0.0002567768396879723,6.537177495574077e-05,2.845185926487576e-05
0.19052344632323812,661.019372,390441430.0000002,179041,129036,0.9684278280812211,0.3291356859544188,1.6930052018301432e-06,0.0334530900711204,179040.99999999994,129036.00000000016,0.03345308063077003,0.00029917994993380317,0.0,0.0
0.19067134718839848,660.9935280000001,390281060.8333335,179034,128983,0.9683899652743974,0.32900049739188125,1.6936346503431082e-06,0.03345865422687137,179034.0,128983.00000000017,0.03345864478090178,0.0,0.0,0.0
0.19179127604988588,660.853232,389094934.16666687,178996,128591,0.9681844243230672,0.32800061217462306,1.698436998197789e-06,0.033502501094804654,178995.99999999997,128591.00000000017,0.033502491613709676,0.00011466524271159132,0.00031356938176758427,0.00015594730057200633
0.19205125110640425,660.83108,388849841.66666687,178990,128510,0.9681519704886467,0.3277940032394243,1.6994505569748521e-06,0.03351193439615644,178989.99999999997,128510.00000000019,0.033511924905946164,0.00036909365846548887,0.0,0.0003545080303718016
0.1929291862048726,660.731396,387908807.5000002,178963,128199,0.9680059282337542,0.3270007269573649,1.7033163032783156e-06,0.03354749705856818,178962.99999999997,128199.00000000017,0.03354748753519457,0.000302136854386572,0.0,0.0
0.1934494393799231,660.639096,387261279.16666687,178938,127985,0.9678707039236686,0.32645487125202494,1.7059260286016837e-06,0.03357084195218057,178937.99999999994,127985.00000000019,0.033570832407443754,0.0,0.00029307909600701263,0.00014563487874732722
0.19396468110659199,660.5652560000001,386722680.8333335,178918,127807,0.9677625244756003,0.32600084174010663,1.7081109765182999e-06,0.033590456449417605,178918.0,127807.00000000017,0.03359044688639687,0.00034109358172082943,0.0002151709893081583,0.0
0.19499111413312517,660.4840320000001,385642458.3333335,178896,127450,0.9676435270827249,0.32509023198867504,1.7126849435989872e-06,0.033633332530303206,178896.0,127450.00000000016,0.033633322928859295,0.0004855944285115599,0.0,0.0
0.1950916860191021,660.4655720000001,385533528.3333335,178891,127414,0.9676164822207078,0.32499840579525335,1.7131209699327615e-06,0.033637143477290646,178890.99999999997,127414.00000000015,0.03363713387438603,0.00040023606144854075,0.0,0.0
0.19632112350718403,660.251436,384347401.66666687,178833,127022,0.9673027618213093,0.32399852057799516,1.7178506557789e-06,0.033678084302875076,178832.99999999994,127022.00000000019,0.03367807465865045,0.0001871276386213347,0.0,0.00013715083878737745
0.19652907129077465,660.199748,384129541.66666687,178819,126950,0.9672270362076613,0.3238148681911518,1.7186903801658048e-06,0.03368499600527642,178818.9999999999,126950.0000000002,0.033684986355776346,0.0,0.0,0.0
0.19736346856714476,660.0668360000001,383161275.0000002,178783,126630,0.9670323132011381,0.3229986353607369,1.7226867094019347e-06,0.03372074088293711,178783.0,126630.00000000017,0.03372073120170186,0.00034966317563939393,0.0,0.00018209556058032135
0.19795887447092728,659.9856120000001,382559134.16666687,178761,126431,0.9669133158082629,0.32249104056932265,1.7251858681603685e-06,0.03374311560913681,178760.99999999997,126431.00000000019,0.033743105905232565,0.0,0.0002140014938101098,0.0001057287897543046
0.198522599330001,659.90808,381975148.3333335,178740,126238,0.966799727387791,0.3219987501434787,1.7276204561458179e-06,0.03376493296578435,178739.99999999997,126238.00000000017,0.03376492324334323,0.00023096410809713832,0.0,0.0
0.1995444309096288,659.745632,381009907.5000002,178696,125919,0.9665617326020403,0.3211850680406589,1.7315708043628753e-06,0.033799353169508044,178695.99999999994,125919.00000000017,0.03379934341464629,0.0,9.146422237825049e-05,0.00021004614244615668
0.19978820805194425,659.697636,380789021.66666687,178683,125846,0.9664914159607958,0.3209988649262205,1.7324492001176513e-06,0.033806695221622975,178682.99999999994,125846.00000000017,0.0338066854597098,0.0,0.00015654228800345365,7.650745751482986e-05
0.20097245051848114,659.498268,379602895.0000002,178629,125454,0.966199331451011,0.31999897970896224,1.7373372982310889e-06,0.03384923838308925,178629.0,125454.00000000019,0.03384922858161781,0.00034033175118370864,0.00023905095250558806,0.0
0.2010825368618454,659.476116,379484887.5000002,178623,125415,0.9661668776165905,0.3198995013327554,1.7378191799535093e-06,0.03385336383738026,178622.99999999997,125415.00000000017,0.03385335403393826,0.00026238636746780627,0.0,0.0
0.20218819136309976,659.321052,378416768.3333335,178581,125062,0.9659397007756467,0.318999094491704,1.7423145779291372e-06,0.03389313618470818,178580.99999999997,125062.00000000017,0.033893126343479886,0.0002333691465661151,0.0003672467651180159,0.0002746890932782588
0.20260915479783212,659.228752,377941712.5000002,178556,124905,0.9658044764655611,0.3185986302592817,1.7442603718953082e-06,0.03390968280782939,178555.99999999994,124905.00000000017,0.03390967295057514,0.0,0.00013126583549408072,0.0
0.2033483846636112,659.1364520000001,377230641.66666687,178531,124670,0.9656692521554756,0.3179992092744458,1.7473035835260549e-06,0.033936874997740285,178530.99999999997,124670.00000000019,0.033936865116400046,0.00036005868055002016,0.000387994620382301,0.0004037329671831382
0.20415175043328562,658.992464,376392485.8333335,178492,124393,0.9654583022317421,0.3172926577306179,1.7508119550819135e-06,0.033967217788333615,178491.99999999994,124393.00000000017,0.03396720787709397,0.0,0.0,0.00014741046666273696
0.20454560908497285,658.907548,376044515.0000002,178469,124278,0.9653338958664633,0.31699932405718756,1.7522062461142393e-06,0.033978550899316146,178468.99999999997,124278.00000000019,0.03397854098045593,0.0,0.00012494600522173019,0.0
0.20572547746228217,658.7414080000001,374858388.3333335,178424,123886,0.9650904921083094,0.3159994388399293,1.7573073686008347e-06,0.03402368484278105,178423.99999999997,123886.00000000016,0.03402367487956157,0.00038550041878361964,5.68907269356643e-05,0.0
0.2057352065318045,658.7414080000001,374852336.66666687,178424,123884,0.9650904921083094,0.31599433738473925,1.757335738807941e-06,0.03402395948315045,178423.99999999997,123884.00000000017,0.03402394951511716,0.00011254789173285567,0.0,0.0003376847795310115
0.20686794388009921,658.5605,373672261.66666687,178375,123494,0.9648254524605416,0.3149995536226711,1.762401354231283e-06,0.03406828315373745,178374.99999999997,123494.0000000002,0.034068273148749696,0.0,0.0,0.0
0.20723391196691582,658.508812,373297058.3333335,178361,123370,0.9647497268468938,0.3146832634008853,1.7640342919927012e-06,0.034082724743590774,178360.99999999997,123370.00000000019,0.03408271472103721,0.00024640431457938146,0.0001976857262953635,0.0
0.20801711508545298,658.390668,372486135.0000002,178329,123102,0.9645766397299841,0.3139996684054129,1.7675575172751053e-06,0.03411368309824048,178328.99999999994,123102.00000000016,0.0341136730466227,0.0004273860238231733,0.0003313822379845268,0.0
0.20875979949259596,658.276216,371741780.0000002,178298,122856,0.964408961585478,0.3133721894170315,1.7707888954531816e-06,0.034141883565991786,178297.99999999994,122856.00000000019,0.03414187348592357,0.00035061775789617866,0.0,0.0
0.20922390484775533,658.2245280000001,371300008.3333335,178284,122710,0.9643332359718302,0.31299978318815463,1.772756566730483e-06,0.0341595060619306,178283.99999999997,122710.00000000017,0.03415949596732479,0.0,0.0,0.0
0.21031671613122946,658.039928,370189527.5000002,178234,122343,0.964062787351659,0.31206366616077263,1.7775757527338472e-06,0.034201108466591065,178233.99999999994,122343.00000000019,0.03420109833600789,0.0003167249494113598,0.0,0.00027745733234404665
0.21039412043961156,658.032544,370113881.6666668,178232,122318,0.9640519694068521,0.31199989797089644,1.777919112454797e-06,0.03420421957295404,178231.99999999994,122318.00000000017,0.034204209437403765,0.0,0.000269207626883935,0.0
0.21156383606971968,657.851636,368927755.0000002,178183,121926,0.9637869297590844,0.31100001275363826,1.7831448761560367e-06,0.03424974122536207,178182.9999999999,121926.00000000019,0.03424973104598579,0.00019211824380831739,0.00012955858391817366,0.0
0.21187184863178637,657.8184080000001,368625171.6666668,178174,121826,0.9637382490074538,0.31074493999413355,1.784518417518268e-06,0.0342620645095789,178173.99999999997,121826.00000000015,0.03426205431831236,0.0,0.00019950164617735743,0.0003639186911136607
0.21267015859832158,657.7039560000001,367741628.3333335,178143,121534,0.9635705708629476,0.31000012753638,1.788494707495652e-06,0.034297230856221515,178142.99999999997,121534.00000000017,0.034297220632506155,0.0004083472715137709,0.0,0.0
0.21330695570802613,657.596888,367060815.8333335,178114,121309,0.9634137106632483,0.3094262138274945,1.7915202594073306e-06,0.034323434376169484,178113.99999999997,121309.00000000017,0.0343234241288098,0.0005090882724242603,0.0,0.0
0.21375951769446053,657.537816,366555501.6666668,178098,121142,0.9633271671047935,0.30900024231912177,1.7938288008508537e-06,0.03434399906809586,178097.99999999997,121142.00000000016,0.03434398880127561,0.0003967873439045555,0.0002008471903310063,9.895083360196791e-05
0.21482532095661458,657.371676,365499485.8333335,178053,120793,0.9630837633466394,0.3081100383884505,1.7985570472177332e-06,0.03438488709463988,178052.9999999999,120793.00000000017,0.034384876787710295,0.0003238531437122594,0.0,0.0003750138251997202
0.21496285423695627,657.3347560000001,365369375.0000002,178043,120750,0.9630296736226053,0.3080003571018636,1.7990964787347045e-06,0.034389077406489645,178043.0,120750.00000000019,0.03438906709680909,0.00044914056547157966,0.00032641899665305265,0.00025866215577579645
0.21626107310600562,657.164924,364183248.3333335,177997,120358,0.9627808608920478,0.30700047188460533,1.8044897095280538e-06,0.03443613426069752,177996.99999999994,120358.00000000019,0.03443612390493737,0.00012981518322649623,0.0,0.0
0.21650324905499888,657.128004,363953285.0000002,177987,120282,0.9627267711680135,0.3068066165873818,1.8055284320348962e-06,0.03444507649444752,177986.99999999997,120282.00000000019,0.034445066131308974,0.0,0.0002230423321810332,0.0
0.2175275302506754,656.9914,362997121.6666668,177950,119966,0.9625266391890869,0.3060005866673471,1.8099080152026727e-06,0.034483242318251124,177949.99999999994,119966.00000000016,0.03448323191826085,0.0,7.350379589137814e-05,0.00028575035026006084
0.21812407485831908,656.8621800000001,362425239.1666668,177915,119777,0.9623373251549672,0.3055184991518833,1.8124073850660603e-06,0.034503650038837805,177915.0,119777.00000000016,0.03450363961622179,0.0,0.0002653662226796322,0.0
0.21880479837980218,656.747728,361810995.0000002,177884,119574,0.962169647010461,0.3050007014500889,1.8151679663576828e-06,0.034526908895002296,177883.99999999997,119574.00000000019,0.03452689845097657,0.0003949816729763742,0.0002532150650432804,0.0
0.21978254284914903,656.60374,360891141.6666668,177845,119270,0.9619586970867275,0.3042252802611947,1.8193955578063618e-06,0.03456330319565888,177844.99999999997,119270.00000000017,0.03456329271409014,0.00030205540450991034,0.00020460096510820883,0.00030049451368415614
0.22005399051134192,656.574204,360624868.3333335,177837,119182,0.9619154253075001,0.30400081623283065,1.8206570363115226e-06,0.03457450569962262,177836.99999999994,119182.00000000016,0.03457449520851265,0.00025461871330343517,0.00020172487320378906,0.0002234005255064113
0.22138716353091556,656.3637600000001,359435715.8333335,177780,118789,0.9616071138805051,0.3029983802879774,1.8260949902495192e-06,0.034620551323127975,177780.0,118789.00000000017,0.03462054078710803,0.0,0.0,0.0
0.22147876227206392,656.3489920000001,359354018.3333335,177776,118762,0.9615854779908914,0.3029295106429111,1.8264690486671468e-06,0.03462370747063175,177775.99999999997,118762.00000000017,0.03462369693067793,0.0003989614543662294,0.0,0.0
0.22262336617921188,656.171776,358249589.1666668,177728,118397,0.9613258473155271,0.30199849507071913,1.8316051039342078e-06,0.03466767332803247,177727.99999999994,118397.00000000016,0.034667662743597616,0.0,0.0,0.00027451671362394486
0.22311771277700645,656.075784,357832024.1666668,177702,118259,0.961185214033038,0.30164649466260274,1.833474199319904e-06,0.03468282028270738,177701.99999999994,118259.00000000017,0.03468280968451603,0.00036181867379629884,0.0,0.0002627355478079549
0.22399107081017894,655.9354880000001,357063462.5000002,177664,118005,0.9609796730817081,0.30099860985346094,1.8370277468532635e-06,0.03471270216508268,177664.0,118005.00000000019,0.03471269153670305,0.0,0.0,0.0
0.22482137030376628,655.82842,356291875.0000002,177635,117750,0.9608228128820088,0.3003481743167241,1.8407055170707997e-06,0.034744596571925045,177634.99999999997,117750.0000000002,0.03474458591223306,0.0002392706079281834,0.00021187609183581776,0.00022465376311790126
0.22518195977437788,655.739812,355877335.8333335,177611,117613,0.9606929975443266,0.2999987246362027,1.8426006547017083e-06,0.03476012955823346,177610.99999999997,117613.00000000017,0.03476011888628675,0.00029115293391159506,0.0,0.000182393953998738
0.22642035985945957,655.56998,354757777.5000002,177565,117243,0.960444184813769,0.29905495542603555,1.84793687856498e-06,0.034805918211162114,177564.99999999994,117243.00000000019,0.03480590749381864,0.00021712746738703352,0.00022384515873085696,0.0001105174857312558
0.22648650055878772,655.558904,354691209.1666668,177562,117221,0.9604279578965588,0.29899883941894445,1.8482524716082199e-06,0.03480859613088089,177561.99999999994,117221.00000000016,0.034808585411156355,0.00017892673581087988,0.00038765990012452965,0.0004413300319959373
0.227781594242089,655.34846,353505082.5000002,177505,116829,0.9601196464695638,0.29799895420168626,1.8538586641112854e-06,0.034855751614087854,177504.99999999997,116829.00000000019,0.03485574084691893,0.00031563189145142117,0.0,0.00018592922693909064
0.2281418015895951,655.296772,353235783.3333335,177491,116740,0.9600439208559158,0.2977719394457271,1.8551256778581362e-06,0.03486628555431089,177490.99999999997,116740.00000000017,0.03486627477259124,0.00040675256083186177,0.00018790273846016264,0.0
0.22927427390117197,655.134324,352318955.8333335,177447,116437,0.9598059260701652,0.296999068984428,1.8594921253964975e-06,0.034902967159755306,177446.99999999994,116437.00000000017,0.034902956345009964,0.0002712388528291263,0.0,0.0001030817393960497
0.22996931055091258,655.0051040000001,351728918.3333335,177412,116242,0.9596166120360455,0.296501677103394,1.8622441029408101e-06,0.034925340260620684,177411.99999999997,116242.00000000017,0.034925329421949695,0.00024933723864428465,0.0001918377852598485,0.0
0.2305881981272912,654.9386480000001,351132829.1666668,177394,116045,0.9595192505327839,0.2959991837671698,1.865216219042653e-06,0.03495142613295582,177393.99999999997,116045.00000000016,0.03495141526535926,0.0,0.00035235906369828775,0.0
0.23162312646018207,654.761432,350182717.5000002,177346,115731,0.9592596198574195,0.29519825530232524,1.8697708347071687e-06,0.03498933879404841,177345.99999999994,115731.00000000017,0.034989327888431954,0.0,0.0,0.0
0.23184640409928609,654.731896,349946702.5000002,177338,115653,0.9592163480781921,0.29499929854991164,1.8709474652072186e-06,0.034999556871645056,177337.99999999997,115653.00000000019,0.03499954595747802,0.00011262278253411297,0.0,0.0001818119283161985
0.23314512052213102,654.5103760000001,348760575.8333335,177278,115261,0.9588918097339868,0.2939994133326534,1.8766753508079393e-06,0.035047160933337186,177277.99999999997,115261.00000000019,0.03504714997077815,0.0003098652468259511,0.0,0.0003117276730583315
0.23325443116086744,654.4993000000001,348651645.8333335,177275,115225,0.9588755828167765,0.2939075871392317,1.8772299165134916e-06,0.035052042255725106,177274.99999999997,115225.00000000017,0.035052031289746655,0.00020764154927044377,0.0,0.0001543821247238066
0.23442554162771995,654.233476,347574449.1666668,177203,114869,0.9584861368037301,0.29299952811539515,1.8822829974083794e-06,0.035092058192847324,177202.99999999994,114869.00000000016,0.03509204718363574,0.0,0.00024045875769252616,0.00011887036796596045
0.2348505688747208,654.163328,347181090.8333335,177184,114739,0.958383366328065,0.2926679335280391,1.8842135855666036e-06,0.035108167565355244,177183.99999999994,114739.00000000017,0.03510815653911841,0.0002360826833992815,0.0,0.0
0.23577456170177444,654.01934,346388322.5000001,177145,114477,0.9581724164043316,0.2919996428981369,1.8881102436702377e-06,0.0351405835952172,177144.99999999997,114477.00000000016,0.03514057253628242,0.0,0.0,0.00015871885786368956
0.23659644463376905,653.897504,345653045.0000001,177112,114234,0.9579939203150186,0.2913798160925406,1.8917741748810567e-06,0.035171386254829115,177111.99999999997,114234.00000000016,0.03517137516321132,0.0,0.0,0.0001605917394135661
0.2370987197705197,653.842124,345202195.8333335,177097,114085,0.9579127857289672,0.2909997576808787,1.894084486981886e-06,0.03519136575928372,177096.99999999994,114085.00000000017,0.03519135464942324,0.0,0.0,0.0
0.2383492183781516,653.679676,344085663.3333335,177053,113716,0.9576747909432166,0.29005853919830654,1.8997585359049e-06,0.03523965868490428,177052.99999999994,113716.00000000017,0.035239647527204654,0.00041704930833992224,0.0,0.0
0.2384235912622947,653.6612160000001,344016069.1666668,177048,113693,0.9576477460811996,0.28999987246362047,1.9000891952036063e-06,0.03524222770832246,177047.99999999997,113693.00000000016,0.03524221654951356,0.0,0.00018519119272414244,0.00029091171057510774
0.23976189616698804,653.439696,342829942.5000001,176988,113301,0.9573232077369942,0.2889999872463622,1.906016992666852e-06,0.035291176861349666,176987.99999999997,113301.00000000015,0.03529116564939636,0.00021850202675235934,0.00031508817530907275,0.00015648190024103773
0.24002779284650344,653.376932,342587875.8333335,176971,113221,0.957231255206136,0.28879592903875856,1.9071805457524805e-06,0.03530025175198955,176970.99999999997,113221.00000000017,0.03530024053211843,0.00026270963049436757,0.0,0.0
0.24108220177046188,653.2034080000001,341643815.8333335,176924,112909,0.9569770335031752,0.28800010202910403,1.9119427243449853e-06,0.03533960247997916,176924.0,112909.00000000016,0.03533959121964667,0.00038248129404046125,0.0,0.0
0.2416710964653413,653.070496,341093114.1666668,176888,112727,0.956782310496652,0.28753586960680555,1.9146399293211565e-06,0.035360922616684824,176887.99999999997,112727.00000000016,0.035360911334837784,0.0,0.00013135386177177323,0.00039427493521424563
0.2424214024296505,652.98558,340457689.1666668,176865,112517,0.9566579041313732,0.2870002168118458,1.9179639666776306e-06,0.035389303655201994,176864.99999999997,112517.00000000016,0.0353892923438231,0.0002699683246647475,0.00031424500793537675,0.0
0.24350996711718054,652.815748,339555990.8333335,176819,112219,0.9564090914008156,0.28624009998852196,1.9225570027431085e-06,0.035427044582047484,176818.9999999999,112219.00000000017,0.035427033230474685,0.0003081659559511951,0.0,0.00011116809416397084
0.24385946228152014,652.7456000000001,339271562.5000001,176800,112125,0.9563063209251508,0.28600033159458754,1.92396201788943e-06,0.035438083212053766,176799.99999999997,112125.00000000015,0.03543807184749438,0.00023619756722603462,0.00022154239927564927,0.00010922453249395659
0.24535596618437083,652.490852,338085435.8333335,176731,111733,0.9559331018293146,0.28500044637732935,1.9299584745249407e-06,0.035486338911860135,176730.99999999994,111733.00000000016,0.03548632749960907,0.0003151040808092275,0.0,0.00014042273758487514
0.24536694722100919,652.490852,338079384.1666668,176731,111731,0.9559331018293146,0.28499534492213924,1.929993021042461e-06,0.035486656515570036,176730.99999999994,111731.00000000016,0.03548664510141207,0.0002621955573421971,0.00015801588879120953,7.680999069412314e-05
0.24684691576911422,652.2877920000001,336899309.1666668,176676,111341,0.9556356083471264,0.2840005611600711,1.9361505774928973e-06,0.035537689643143196,176676.0,111341.00000000015,0.03553767817731503,0.0,0.0,0.0003465288864161479
0.24731633626081861,652.2139520000001,336560415.8333335,176656,111229,0.9555274288990578,0.28371487966942593,1.9378807528065924e-06,0.03555155220651726,176655.99999999997,111229.00000000016,0.035551540725950605,0.00033651298321390403,0.000282632084802774,0.0
0.24833676555156248,652.010892,335713182.5000001,176601,110949,0.9552299354168695,0.28300067594281286,1.9421664861194414e-06,0.03558530178356287,176600.99999999994,110949.00000000013,0.03558529026462092,0.0002630389593068294,0.00023184979176019106,0.00029603197145154246
0.2491821427208773,651.892748,335077757.5000001,176569,110739,0.95505684829996,0.2824650231478531,1.945496928425635e-06,0.035612572764361555,176568.99999999994,110739.00000000013,0.035612561219563556,0.0,0.0,0.0
0.2499691719971151,651.7856800000001,334527055.8333335,176540,110557,0.9548999881002609,0.2820007907255547,1.948379566419075e-06,0.03563601970754537,176539.99999999997,110557.00000000017,0.035636008135076766,0.0002149766982896871,0.0,0.0
0.251107199096389,651.571544,333595099.1666668,176482,110249,0.9545862677008622,0.2812151666262804,1.953180803997572e-06,0.035674038629959735,176481.99999999994,110249.00000000015,0.03567402701639437,0.0,0.00032503483158590884,0.00016143307251075212
0.25140314885675746,651.523548,333337903.3333335,176469,110164,0.9545159510596177,0.2809983547807014,1.9545438472038537e-06,0.035685169777539584,176468.99999999997,110164.00000000017,0.03568515815231655,0.0003501218090450599,0.00017586439093077315,0.00021068525913899532
0.25269194529203576,651.3278720000001,332151776.6666668,176416,109772,0.9542292755222365,0.2799984695634432,1.9609344816289954e-06,0.03573809288491534,176416.0,109772.00000000015,0.03573808120589605,0.0002472295111126848,0.0,0.00017384963493893466
0.2528195775907139,651.3241800000001,332051924.1666668,176415,109739,0.9542238665498329,0.27991429555280667,1.961513042379122e-06,0.035743263335723655,176414.99999999997,109739.00000000015,0.03574325165302795,0.0,0.000269433356239465,0.0
0.2540793770619353,651.128504,330965650.0000001,176362,109380,0.9539371910124516,0.27899858434618496,1.9673597667915078e-06,0.03579111652045439,176361.99999999994,109380.00000000013,0.035791104781428176,0.00021579824126257056,0.0,0.0003703305103025553
0.2546234937165475,651.04728,330532955.8333335,176340,109237,0.9538181936195762,0.2786338303000933,1.9696894621554204e-06,0.035810067952755265,176339.99999999997,109237.00000000016,0.03581005619700769,0.0002634028288219578,6.310478363854159e-05,0.0
0.25558460527343074,650.9069840000001,329779523.3333335,176302,108988,0.9536126526682462,0.2779986991289268,1.973764099786385e-06,0.03584322582189598,176302.0,108988.00000000017,0.03584321402902611,0.0003705990924421375,0.00018890349224283276,0.0
0.25648185037798055,650.748228,329032142.5000001,176259,108741,0.953380066854899,0.27736866941295024,1.977764916994393e-06,0.03587515874717028,176258.99999999997,108741.00000000015,0.035875146921857656,0.00013754884563957668,0.0,0.0
0.25705326185233424,650.648544,328593396.6666668,176232,108596,0.9532340246000065,0.27699881391166853,1.9801023106378302e-06,0.03589360229048542,176231.99999999994,108596.00000000016,0.035893590444841514,0.0,0.0,0.00014384969821911264
0.2583353147011061,650.4528680000001,327528303.3333335,176179,108244,0.9529473490626252,0.27610095779821214,1.9859439974505607e-06,0.035941104168195806,176179.0,108244.00000000017,0.035941092270880104,0.00031200684048393536,0.0001460389890268315,0.00020330043864788143
0.258461143816924,650.4270240000001,327407270.0000001,176172,108204,0.9529094862558013,0.2759989286944103,1.9865992102130166e-06,0.03594631847880396,176171.99999999997,108204.00000000013,0.03594630657533935,0.0,0.0,0.0
0.2599772716092308,650.175968,326221143.3333335,176104,107812,0.9525416761323684,0.2749990434771521,1.993052814898784e-06,0.03599770886045307,176103.99999999994,107812.00000000017,0.035997696901348575,0.00016287091074350125,0.00013373514278083818,0.000276659558344356
0.26017367393455915,650.139048,326039593.3333335,176094,107752,0.9524875864083342,0.2748459998214493,1.9940493771114375e-06,0.03600568515804446,176093.99999999994,107752.00000000017,0.03600567319128414,0.00021877629536177769,0.0002660418056742244,0.000299538124162161
0.2614101051593241,649.9396800000001,325035016.6666668,176040,107420,0.9521955018985494,0.27399915825989385,1.999598956030429e-06,0.03605022476505176,176040.0,107420.00000000016,0.03605021275318195,0.0001643601889613778,0.0,0.00024548343443265295
0.2620989227742402,649.839996,324538780.0000001,176013,107256,0.952049459643657,0.2735808389343062,2.002349290892139e-06,0.03607224217017775,176012.99999999997,107256.00000000015,0.036072230130718724,0.0,0.00025982053871797986,0.0
0.2630271194299608,649.714468,323848890.0000001,175979,107028,0.9518655545819406,0.2729992730426356,2.00622724999922e-06,0.03610366837899365,175978.99999999994,107028.00000000015,0.036103656308742085,0.00033258748877968905,0.0,8.681519069742412e-05
0.26397383872356855,649.5224840000001,323053095.8333335,175927,106765,0.9515842880169627,0.27232843168513843,2.0105750180926778e-06,0.03613742768958385,175927.0,106765.00000000017,0.036137415580113776,0.00025684240513105237,0.0002638453243008121,0.0001304998073077851
0.2644294710391794,649.437568,322662763.3333335,175904,106636,0.9514598816516839,0.2719993878253774,2.0127440839186176e-06,0.03615455189691189,175904.0,106636.00000000017,0.036154539767337956,0.0004893759000361927,0.0003412164464011405,0.00031682575428773683
0.2658721401161334,649.18282,321585566.6666668,175835,106280,0.9510866625558476,0.27109132880154085,2.0186938945332012e-06,0.036200847989651376,175834.99999999994,106280.00000000016,0.036200835811550355,0.0,0.0,0.0
0.2660001402286773,649.171744,321476636.6666668,175832,106244,0.9510704356386374,0.27099950260811917,2.019343460635723e-06,0.036206362922501456,175831.99999999994,106244.00000000015,0.03620635073709413,0.0,0.00023025359687992307,0.00011347811396144395
0.2674213027011456,648.92438,320290510.0000001,175765,105852,0.9507080344876081,0.2699996173908609,2.026049351259267e-06,0.03625952039279232,175764.99999999997,105852.00000000015,0.036259508148956295,0.00020370609212981504,0.000326645707828874,0.0001621566918651049
0.26767073799556534,648.891152,320078701.6666668,175756,105782,0.9506593537359773,0.26982106645920767,2.0272862537281905e-06,0.03626965829195872,175755.99999999994,105782.00000000015,0.0362696460421012,0.0,0.0,0.0
0.2689155411407093,648.6511720000001,319104383.33333343,175691,105460,0.9503077705297549,0.2689997321736027,2.032724104959803e-06,0.03631155288657905,175690.99999999997,105460.00000000013,0.036311540582747256,0.0002524507231536057,0.0,0.0
0.26938873391770835,648.525644,318635379.1666668,175657,105305,0.9501238654680385,0.2686043693963705,2.0353221468880873e-06,0.03633123457932664,175656.99999999994,105305.00000000015,0.03633122225607963,4.677525463088927e-05,0.0,0.00019932594943856518
0.27035789144418715,648.38904,317918256.6666668,175620,105068,0.9499237334891117,0.2679998469563445,2.039483503710287e-06,0.036364525998100805,175619.99999999997,105068.00000000016,0.03636451363826881,0.0,0.0,0.0
0.27136372691848254,648.226592,317134565.83333343,175576,104809,0.9496857387033611,0.26733920850922743,2.0440111606776675e-06,0.036400307535734484,175575.99999999994,104809.00000000013,0.03640029513685421,0.00034481852067038836,0.0002130576570526167,0.00021487382638614723
0.27196470820193797,648.1306000000001,316732130.0000001,175550,104676,0.9495451054208722,0.26699996173908624,2.0463051853943576e-06,0.036418031352514875,175549.99999999997,104676.00000000013,0.03641801892865197,0.0003525315107529657,0.0002711221015440338,0.00023055055085258424
0.27338083889296383,647.83524,315709398.33333343,175470,104338,0.9491123876285983,0.26613781581196055,2.051998589272278e-06,0.036460348305534164,175469.99999999994,104338.00000000012,0.036460335834609454,0.0001852439892098576,0.00021632260361195547,0.0
0.27358953267124203,647.79832,315546003.33333343,175460,104284,0.9490582979045641,0.266000076521828,2.052944144932443e-06,0.03646770856718411,175459.99999999994,104284.00000000013,0.036467696090734934,0.00032031124027531396,0.0,0.0
0.27505289174698555,647.573108,314359876.6666668,175399,103892,0.9487283505879553,0.2650001913045698,2.059973794577664e-06,0.03652374067032581,175398.99999999997,103892.00000000015,0.03652372813237153,0.00017082804955120392,0.0002266223429840394,0.0003422708842941044
0.275189056185388,647.53988,314205559.1666668,175390,103841,0.9486796698363246,0.26487010419722246,2.0608797683828368e-06,0.036530834070864715,175389.99999999994,103841.00000000016,0.03653082151892917,0.00024361383838480274,0.0,0.0
0.2764588099347628,647.35528,313173750.0000001,175340,103500,0.9484092212161533,0.2640003060873116,2.0670802709358616e-06,0.036580532084350005,175339.99999999994,103500.00000000013,0.0365805194794563,0.0002975659199132967,0.0,0.00024804860597398026
0.27712717717139074,647.2555960000001,312692642.5000001,175313,103341,0.9482631789612611,0.2635947403996992,2.0699418791089715e-06,0.036603025348296514,175312.99999999997,103341.00000000015,0.036603012718801724,0.0001572073807153683,1.1913353549518779e-05,0.0
0.27813587964742986,647.056228,311987623.33333343,175259,103108,0.9479710944514762,0.2630004208700534,2.0739804389889948e-06,0.03663307194050212,175258.99999999997,103108.00000000013,0.03663305927786578,0.0002825180692428568,0.00031902249347157504,0.00040446956255870054
0.27910233138749063,646.904856,311234190.83333343,175218,102859,0.9477493265829358,0.2623652896988868,2.078514748870952e-06,0.036668805329765505,175217.9999999999,102859.00000000012,0.0366687926266345,0.0003296643309290121,0.00026298495279058494,0.00022681177040906946
0.2796376104692887,646.7977880000001,310801496.6666668,175189,102716,0.9475924663832367,0.2620005356527952,2.0810639425385e-06,0.03668824818276911,175189.0,102716.00000000015,0.036688235459743444,0.0,0.0,0.0
0.28101718231356837,646.609496,309730351.6666668,175138,102362,0.947316608790662,0.2610975780841487,2.0876529940336106e-06,0.03674093425996356,175137.99999999997,102362.00000000015,0.036740921477596604,0.0,0.0,0.0
0.2811652297426524,646.576268,309615370.0000001,175129,102324,0.9472679280390313,0.26100065043553694,2.088320964169188e-06,0.0367458674601468,175128.99999999997,102324.00000000015,0.03674585467248035,4.631512285575254e-05,0.0,0.00022949005969646473
0.2827311425612143,646.3030600000001,308429243.33333343,175055,101932,0.946867664081178,0.2600007652182787,2.095466217843394e-06,0.03680089983572157,175054.99999999997,101932.00000000013,0.036800886980822844,0.0,0.00010728563051455292,0.00019160511454548637
0.2829630625828993,646.2550640000001,308274925.83333343,175042,101881,0.9467973474399335,0.25987067811093134,2.096359482539923e-06,0.0368073760482304,175041.99999999997,101881.00000000013,0.03680736318555754,0.0,0.0,0.0002430257493021991
0.28434964694039677,646.02616,307240090.83333343,174980,101539,0.9464619911509212,0.2589983292734254,2.1026753320107748e-06,0.036856251443488475,174979.99999999997,101539.00000000012,0.03685623852390094,0.0003226928765276827,0.0,0.0
0.28500686214495186,645.9043240000001,306816474.1666668,174947,101399,0.9462834950616084,0.25864122741011897,2.1051813653563343e-06,0.03687473046257939,174946.99999999997,101399.00000000015,0.036874717522348735,0.0,0.0,0.0
0.28609371974767317,645.738184,306053964.1666668,174902,101147,0.9460400913034542,0.25799844405616723,2.1098834179725003e-06,0.03691114041550701,174901.99999999997,101147.00000000016,0.03691112743799214,0.0,0.00018018411044126888,0.0002041613149051149
0.2871477970730816,645.608964,305312635.0000001,174867,100902,0.9458507772693344,0.2573735157953808,2.114583184544589e-06,0.0369485298633877,174866.99999999997,100902.00000000015,0.03694851684243442,0.0,0.0,0.0
0.2877536993293987,645.512972,304867837.5000001,174841,100755,0.9457101439868454,0.256998558838909,2.1173534646795915e-06,0.03696997603136659,174840.99999999994,100755.00000000013,0.03696996298275808,0.00023674821354762032,0.0,0.00016146930974868378
0.2891212621546275,645.258224,303854183.33333343,174772,100420,0.9453369248910093,0.2561440650945684,2.123578543238749e-06,0.037016976096579564,174771.99999999997,100420.00000000013,0.037016962994257704,0.00043931793665819105,0.00013718041647279956,0.0
0.2893469306832436,645.210228,303681710.83333343,174759,100363,0.9452666082497648,0.25599867362165074,2.1246265579493664e-06,0.03702473208369462,174758.99999999994,100363.00000000015,0.03702471897205307,0.00041396824251960717,0.0,0.0001600719909030049
0.29113817529349023,644.9480960000001,302495584.1666668,174688,99971,0.9448825712091218,0.25499878840439255,2.132090945316581e-06,0.037082178950012756,174688.0,99971.00000000016,0.037082165770516685,0.00028641678079791754,0.0,0.0
0.2913366205685576,644.9185600000001,302386654.1666668,174680,99935,0.9448392994298944,0.25490696221097087,2.132761321022255e-06,0.03708715896341172,174679.99999999997,99935.00000000015,0.03708714578152872,0.00024066154385529379,0.0,0.0
0.29281031825570425,644.630584,301309457.5000001,174602,99579,0.9444173995824273,0.2539989031871343,2.1394303031460595e-06,0.037136803924736735,174601.99999999997,99579.00000000015,0.03713679068066926,0.00014758289612166824,7.22332034009222e-05,0.00018528501504502424
0.29335826642225954,644.534592,300955435.0000001,174576,99462,0.9442767662999383,0.2537004680585139,2.1416280187795902e-06,0.037153106751654986,174575.99999999994,99462.00000000015,0.037153093487375714,0.00039498388327733583,0.0,0.00016603051371333704
0.29438390223457295,644.313072,300123330.83333343,174516,99187,0.9439522279557331,0.25299901796987606,2.1468276731801447e-06,0.037191788517914964,174515.99999999997,99187.00000000013,0.037191775211300244,0.00024861076588424976,0.0003805196359432176,0.00026284993180365984
0.295283882668942,644.128472,299545396.6666668,174466,98996,0.9436817793355619,0.25251182899922225,2.150353432794643e-06,0.037216983635512,174465.99999999994,98996.00000000016,0.03721697029549076,0.0,0.0,1.6626983287329238e-05
0.29614086862485667,644.0140200000001,298937204.1666668,174435,98795,0.9435141011910558,0.25199913275261787,2.1543454980630052e-06,0.037248204046322266,174435.0,98795.00000000016,0.037248190671806194,0.0,0.0,0.0
0.2973176966675425,643.803576,298065764.1666668,174378,98507,0.9432057897640607,0.2512645232052445,2.159938018376408e-06,0.037290425314939556,174377.99999999994,98507.00000000016,0.03729041189059167,0.0,0.0,0.00024981302481120934
0.2978372393283554,643.696508,297751077.5000001,174349,98403,0.9430489295643614,0.2509992475353596,2.1618612211403324e-06,0.037303920957838306,174348.99999999997,98403.00000000013,0.037303907515406555,0.0004004868106160053,0.0002484509992352428,0.00012245948167926557
0.29955579565636137,643.38638,296661777.5000001,174265,98043,0.9425945758824739,0.2500809856011429,2.1687538766263875e-06,0.03735433985219948,174265.0,98043.00000000015,0.037354326350764376,0.00020231443314918868,0.0,0.0
0.29966135199205757,643.356844,296564950.83333343,174257,98011,0.9425513041032465,0.2499993623181014,2.1693623679811046e-06,0.037358722228640125,174256.99999999994,98011.00000000012,0.037358708723479524,0.00023614266769551745,0.00027884617652108146,0.0002912914276089149
0.30148139250161005,643.031948,295378824.16666675,174169,97619,0.9420753145317453,0.24899947710084316,2.1769737550216902e-06,0.03741475209641877,174168.99999999997,97619.0000000001,0.03741473851900173,0.00015207303868062947,0.00018309480383717463,0.0
0.30170871792837234,642.976568,295251739.16666675,174154,97577,0.941994179945694,0.24889234654185122,2.177723219564326e-06,0.037419580459558614,174153.99999999997,97577.0000000001,0.03741956687655373,2.2645084022292004e-05,0.0,0.00017689829697028795
0.3032127441591241,642.732896,294192697.5000001,174088,97227,0.9416371877670681,0.24799959188358497,2.1847343644551194e-06,0.03747266530495207,174087.9999999999,97227.00000000013,0.03747265165900096,0.0003727432613988468,0.0001640590182696831,0.0002675954617110451
0.30379867555465884,642.6258280000001,293793287.5000001,174059,97095,0.9414803275673689,0.24766289584103884,2.1873400630366676e-06,0.0374918820430038,174059.0,97095.00000000013,0.03749186837748226,0.00036177808980221313,7.39310238768681e-05,3.032723532161511e-05
0.3050726116703654,642.396924,293006570.83333343,173997,96835,0.9411449712783566,0.24699970666632673,2.1924318016929564e-06,0.03752880820766006,173996.99999999994,96835.00000000013,0.03752879449687274,0.00039658030933122036,0.0003075113480163028,0.00015228880124267184
0.30603724771026714,642.1975560000001,292398378.33333343,173943,96634,0.9408528867685718,0.2464870104197224,2.1963102519942723e-06,0.037556158962924656,173943.0,96634.00000000013,0.03755614521754966,0.00035742013661904177,0.0,0.00015925106216399708
0.30695443417106394,642.064644,291820444.16666675,173907,96443,0.9406581637620486,0.24599982144906848,2.2002044641988793e-06,0.03758554903194929,173906.99999999994,96443.00000000009,0.03758553524648156,0.0003815372822217964,0.0,0.00025097546990579924
0.3082898932175126,641.820972,290961107.5000001,173841,96159,0.9403011715834226,0.24527541481207532,2.2058651670481414e-06,0.037626726214431416,173840.99999999994,96159.00000000013,0.03762671238316478,0.00016022588976283777,0.0,0.0
0.3086902285888659,641.7323640000001,290634317.5000001,173817,96051,0.9401713562457406,0.2449999362318103,2.208040569744486e-06,0.03764267650725751,173816.99999999997,96051.00000000013,0.03764266265658949,0.00039978482353132845,0.0,0.0
0.31032193864874263,641.459156,289511733.33333343,173743,95680,0.9397710922878871,0.24405361629404804,2.215658580101301e-06,0.03769952894634015,173742.99999999997,95680.00000000012,0.037699515025214465,0.0,0.0002505748021731248,0.00021766965014676512
0.3103938844011507,641.44808,289448190.83333343,173740,95659,0.9397548653706769,0.24400005101455208,2.2161067172444376e-06,0.037703015779265554,173739.99999999994,95659.00000000012,0.03770300185300756,0.00018093876098321948,0.0002940702420628402,0.0003428786809935819
0.3121005647101826,641.156412,288262064.16666675,173661,95267,0.9393275565508066,0.24300016579729383,2.224213629544044e-06,0.037763326525081936,173660.99999999994,95267.00000000012,0.037763312527925044,6.944227671981223e-05,0.00018195378422602364,0.0003685487626867847
0.3124086662579528,641.09734,288062359.16666675,173645,95201,0.9392410129923517,0.24283181777602075,2.2255505434817146e-06,0.03777293387416023,173644.99999999994,95201.0000000001,0.03777291986394243,0.0003820876329938682,0.0001830194840752865,0.0
0.3138482722905552,640.8241320000001,287075937.5000001,173571,94875,0.9388407490344985,0.24200028058003564,2.232246065555389e-06,0.037821649188922835,173570.99999999997,94875.00000000013,0.03782163511784357,0.0002005166333364637,0.00023255452862490028,0.00011425341848014892
0.3144183862929679,640.698604,286643243.33333343,173537,94732,0.9386568439727822,0.24163552653394396,2.2351777650483134e-06,0.03784277042921533,173537.0,94732.00000000012,0.03784275633238298,0.0003805700249731192,0.0,0.00016353563916478655
0.3156346294362748,640.48816,285889810.83333343,173480,94483,0.938348532545787,0.2410003953627774,2.2403322389596754e-06,0.03788015672512408,173479.99999999994,94483.00000000012,0.03788014258030528,0.0,0.00021272061089906626,0.0003256731603649947
0.3167946969396297,640.3109440000001,285215050.0000001,173432,94260,0.9380889018704228,0.24043158310908205,2.24501106796433e-06,0.037914445218395175,173431.99999999997,94260.00000000013,0.037914431035436055,0.00012582498294226534,0.00022725778377035222,0.00011153133096486237
0.31756718034383224,640.203876,284703684.16666675,173403,94091,0.9379320416707235,0.24000051014551915,2.2486673394265666e-06,0.037942134185302435,173402.99999999997,94091.00000000012,0.037942119966835504,0.0003750968018294025,0.0,0.0
0.31904492517045535,639.960204,283756598.33333343,173337,93778,0.9375750494920975,0.23920213240826962,2.2553139125534216e-06,0.03799093512354922,173336.9999999999,93778.0000000001,0.037990920841780226,0.00011923309553316646,0.00012303725424154193,0.00025751582391224457
0.3193392093090269,639.8900560000001,283517557.5000001,173318,93699,0.9374722790164326,0.23900062492826096,2.2569680045300187e-06,0.03800278125096796,173318.0,93699.00000000013,0.038002766956012964,0.0002754229311694817,0.0,0.0
0.32120923632343834,639.543008,282352611.66666675,173224,93314,0.9369638356105107,0.23801859480416804,2.2650507966790713e-06,0.03806044403026493,173223.99999999994,93314.00000000012,0.038060429662454175,0.0002142071303102616,0.0,0.0
0.3212595115587995,639.539316,282331430.83333343,173223,93307,0.9369584266381072,0.23800073971100272,2.2652076466028832e-06,0.038061651946629665,173222.99999999994,93307.00000000012,0.03806163757470378,0.00017540150931006387,0.0003001190659918742,0.0
0.32306098336260514,639.221804,281145304.16666675,173137,92915,0.936493255011413,0.2370008544937445,2.273635001284107e-06,0.03812292049618404,173136.99999999994,92915.00000000012,0.038122906049026545,5.4174385902073744e-05,0.0,0.0
0.3234109004326377,639.147964,280933495.83333343,173117,92845,0.9363850755633445,0.23682230356209125,2.275086358442572e-06,0.03813288362978525,173116.99999999994,92845.00000000012,0.03813286917266926,0.0003151846676200222,0.0,0.0
0.3249351090685862,638.856296,279956151.66666675,173038,92522,0.9359577667434742,0.23599841854889123,2.2819869904507837e-06,0.03818195589855993,173037.99999999997,92522.0000000001,0.038181941375193026,0.0002739205178520236,0.0,5.70997391161693e-05
0.325664593867711,638.738152,279523457.5000001,173006,92379,0.9357846796265646,0.2356336645027996,2.2850967776112304e-06,0.03820443027807838,173005.99999999997,92379.00000000012,0.03820441572885794,0.00021416774674887877,0.00020814840153309888,0.0002034068660892806
0.326838439426068,638.5129400000001,278770025.0000001,172945,92130,0.9354547323099559,0.23499853333163304,2.2904648374587613e-06,0.038242534399963814,172945.0,92130.00000000013,0.038242519799188364,0.00016082500971221147,0.00032604059017754034,0.0
0.32792299942072917,638.284036,278149729.16666675,172883,91925,0.9351193760209436,0.23447563417464845,2.294749802246047e-06,0.03827142753266213,172882.99999999997,91925.0000000001,0.03827141289297174,0.00019673464001841902,0.0,0.0
0.32892477688217797,638.1142040000001,277583898.33333343,172837,91738,0.9348705632903862,0.2339986481143748,2.2988156295496936e-06,0.038300220699009846,172837.0,91738.00000000012,0.03830020602293105,0.0,0.00022730160695699694,0.00020793674468954027
0.33012421499321687,637.844688,276763897.5000001,172764,91467,0.9344757083049363,0.2333074009361172,2.3046527880320797e-06,0.038340716458233434,172763.99999999997,91467.00000000013,0.038340701729415734,0.00027749427485629157,0.00016620504760931994,0.0
0.3306871682740579,637.770848,276397771.66666675,172744,91346,0.9343675288568678,0.23299876289711655,2.307438457822106e-06,0.038361660312778656,172743.99999999994,91346.0000000001,0.03836164555973207,0.00035443724530084516,0.0001561413903127794,0.00019047449899848922
0.33233707252150896,637.49764,275302420.0000001,172670,90984,0.9339672648990146,0.23207539950770975,2.315626720607831e-06,0.03842143372531056,172669.99999999997,90984.00000000013,0.03842141889598609,0.0,0.0,0.0
0.33249921983081887,637.47918,275211645.0000001,172665,90954,0.9339402200369975,0.23199887767985836,2.316323424468466e-06,0.03842665685751169,172664.99999999997,90954.00000000015,0.038426642021521955,0.00032637715682079906,0.0001661997287777663,0.0002598268144363476
0.3344104916134029,637.1579760000001,274025518.33333343,172578,90562,0.9334696394378997,0.2309989924626001,2.325177523156587e-06,0.03849032871378399,172577.99999999997,90562.00000000013,0.03849031379661934,0.00014820229891555607,0.00021833746522249332,0.0002688024172522472
0.33461515757224,637.1062880000001,273877252.5000001,172564,90513,0.9333939138242517,0.23087400681044284,2.326247551355145e-06,0.038497622555334066,172563.99999999997,90513.00000000013,0.0384976076295367,0.00021330457532327236,9.780752084291629e-05,0.0
0.3361488189990782,636.829388,272839391.66666675,172489,90170,0.932988240893995,0.22999910724534187,2.334081541927886e-06,0.03855401042548015,172488.99999999994,90170.0000000001,0.038553995428875026,0.00020139323863163755,0.0,0.00018535697899185383
0.3367519653091286,636.7186280000001,272449059.16666675,172459,90041,0.9328259717218924,0.22967006338558088,2.3370190007171092e-06,0.03857490805882146,172458.99999999997,90041.00000000009,0.038574893033439625,0.0003228112760315016,0.0002804355069155901,0.0
0.3379140490429711,636.515568,271653265.00000006,172404,89778,0.9325284782397041,0.22899922202808365,2.3431176798114312e-06,0.03861904816092721,172403.99999999994,89778.00000000009,0.03861903307952677,0.00017262386888186745,0.0,0.0
0.33891595131500085,636.305124,271042046.66666675,172347,89576,0.9322201668127089,0.22848397505388426,2.3476251446054845e-06,0.03864978536478192,172346.99999999994,89576.0000000001,0.038649770242090015,0.00022053570133713325,0.0,0.00016695248491532932
0.339757726236568,636.105756,270467138.33333343,172293,89386,0.9319280823029241,0.22799933681082546,2.351878161316738e-06,0.03867871812540164,172293.0,89386.00000000012,0.03867870296534521,0.0001412247064595254,0.00041742305194074635,0.00032108356018525734
0.3409977190097196,635.902696,269625956.66666675,172238,89108,0.9316305888207358,0.2272902345394025,2.3584624561431004e-06,0.03872663985264122,172237.99999999994,89108.0000000001,0.038726624632318254,0.0003014876156581099,0.0,0.0002774637417899602
0.3415458574661169,635.7919360000001,269281011.66666675,172208,88994,0.9314683196486333,0.22699945159356721,2.361072294198835e-06,0.038744686409424446,172208.0,88994.0000000001,0.03874467116134773,0.00029068075328939037,0.0,0.0
0.34315484914785244,635.44858,268252228.3333334,172115,88654,0.9309652852151148,0.22613220421125138,2.3688473491835603e-06,0.03879794690799318,172114.99999999994,88654.0000000001,0.03879793158960719,0.00013017600877914874,0.00037116265631571957,0.0003510793929369408
0.3434011356203472,635.407968,268094885.0000001,172104,88602,0.9309057865186772,0.225999566376309,2.3700861282750685e-06,0.03880685004934372,172103.99999999994,88602.0000000001,0.038806834720466823,0.00028166985556735976,0.0,0.00027161417616365234
0.3453287526537451,635.012924,266908758.3333334,171997,88210,0.930327026471511,0.22499968115905075,2.379138578910751e-06,0.03886880170001798,171996.99999999994,88210.00000000009,0.03886878628484423,0.00012316900117454068,0.00027274634480810837,0.0
0.3453593008482499,635.001848,266872448.3333334,171994,88198,0.9303107995543007,0.2249690724279102,2.379420775601607e-06,0.03887076780405314,171993.99999999994,88198.00000000009,0.03887075238855215,0.0003254901614757416,0.0,0.0002732462291758563
0.3473755962400484,634.588344,265722631.66666675,171882,87818,0.9297049946451174,0.22399979594179253,2.388160692296821e-06,0.038929409691524135,171881.99999999994,87818.0000000001,0.03892939419931467,0.0003920014011629579,0.00030478276456812975,0.00022844065103434202
0.3476694003580673,634.521888,265519900.8333334,171864,87751,0.9296076331418557,0.22382889719292443,2.3897338241260072e-06,0.03894019026535302,171863.99999999994,87751.00000000009,0.03894017475535763,0.0,0.00029790792206473406,0.0
0.34933103588761316,634.204376,264536505.0000001,171778,87426,0.9291424615151614,0.22299991072453432,2.3974172335874773e-06,0.0389929801456492,171777.99999999997,87426.00000000012,0.03899296456851893,0.00030453652609296894,0.00013673064711870048,0.0002507371555129223
0.3500037041076189,634.078848,264137095.0000001,171744,87294,0.9289585564534449,0.2226632146819882,2.4005672054506383e-06,0.03901472655522169,171743.99999999994,87294.0000000001,0.039014710945102817,0.0002677932317100228,0.0,0.0
0.35120364079036065,633.8905560000001,263350378.3333334,171693,87034,0.9286826988608705,0.22200002550727607,2.4070235251291675e-06,0.039061355335538575,171692.99999999997,87034.0000000001,0.03906133966834344,0.0003293617576553266,0.0,0.0
0.3523145439377985,633.717032,262690746.66666675,171646,86816,0.9284284771579095,0.22144396689155596,2.4124071366858443e-06,0.039099661004108104,171645.99999999997,86816.0000000001,0.039099645281963434,0.0004119292744175519,0.0,0.00013605852849022081
0.35319320188370373,633.5065880000001,262164251.66666675,171589,86642,0.9281201657309146,0.22100014029001788,2.4164491686894174e-06,0.039125905330507936,171588.99999999997,86642.0000000001,0.039125889573485666,0.00026447654804907496,0.0,0.0
0.35460802468046226,633.218612,261353328.3333334,171511,86374,0.9276982658834475,0.2203165452945454,2.42284502760334e-06,0.039168744752290555,171510.99999999994,86374.00000000009,0.03916872893420479,0.00027041713664156385,7.754353245660824e-05,0.0003420694438549216
0.3551841201916472,633.133696,260978125.0000001,171488,86250,0.9275738595181687,0.22000025507275967,2.4260029303222244e-06,0.03919163433415019,171487.99999999994,86250.0000000001,0.039191618487816916,0.0,0.0001684899701077143,0.0
0.35689335044563086,632.805108,259946315.8333334,171399,85909,0.9270924609742641,0.21913045696284877,2.434368442466128e-06,0.03924895903264913,171398.99999999994,85909.0000000001,0.03924894310871902,0.0002738395504482812,0.0004562185590818065,0.00022687428101782157
0.3571863338456657,632.77188,259791998.3333334,171390,85858,0.9270437802226333,0.21900036985550142,2.435686564865267e-06,0.03925855278459125,171389.99999999994,85858.00000000009,0.03925853684520368,0.0,0.0002721626965059057,0.0
0.359100420189047,632.395296,258605871.66666675,171288,85466,0.9264920650374843,0.2180004846382432,2.4454019234920302e-06,0.03932506418616137,171287.99999999994,85466.0000000001,0.039325048160090165,0.00019445513108132584,0.0,0.0
0.35920311157309254,632.380528,258548380.8333334,171284,85447,0.9264704291478706,0.2179520208139373,2.44588856430568e-06,0.039328517664981834,171283.99999999997,85447.00000000009,0.03932850163255718,0.0,0.0001924011683891209,0.00025709215770910304
0.361016520539021,632.029788,257419745.0000001,171189,85074,0.9259565767695455,0.21700059942098499,2.4552498410718255e-06,0.03939277898980548,171188.99999999997,85074.0000000001,0.03939276287097207,0.0002083547695081463,0.00010390941616555628,0.00024348675929513038
0.36138229771709257,631.919028,257180704.16666675,171159,84995,0.9257943075974427,0.2167990919409763,2.457101243452864e-06,0.0394041752795351,171158.99999999997,84995.0000000001,0.03940415914622999,0.0003325275265200279,0.0,0.0
0.3628743897475924,631.5867480000001,256233618.3333334,171069,84682,0.9253075000811347,0.21600071420372674,2.4648863490596737e-06,0.0394561725638992,171068.99999999997,84682.00000000009,0.03945615635396957,0.000231673949080536,0.0,0.0002816925837648295
0.36363810530546054,631.431684,255834208.3333334,171027,84550,0.9250803232401908,0.2156640181611806,2.468128434088417e-06,0.03947726552668931,171026.99999999997,84550.0000000001,0.039477249285457004,0.00023001406751025407,0.00032444530578205146,0.00016042869250137526
0.36489479786319007,631.1547840000001,255047491.66666675,170952,84290,0.9246746503099342,0.21500082898646852,2.4746559155535048e-06,0.03952076567901354,170951.99999999997,84290.00000000009,0.03952074937770512,0.0003056019562116586,0.00015608950284677059,0.0
0.3657107054897306,630.977568,254460480.0000001,170904,84096,0.9244150196345698,0.21450598783302952,2.4796682298170615e-06,0.039555214941861136,170903.99999999994,84096.0000000001,0.03955519859397702,0.0,0.00021511113328093114,0.0001980766837981409
0.36673109790575265,630.807736,253858339.16666675,170858,83897,0.9241662069040124,0.21399839304161525,2.4848808909359994e-06,0.03959143959293474,170857.99999999994,83897.0000000001,0.039591423196879603,0.0003665097926598785,0.0,0.0
0.36805906610363165,630.534528,253077674.16666675,170784,83639,0.9237659429461591,0.21334030532209328,2.491466424591667e-06,0.0396352823385649,170783.99999999994,83639.0000000001,0.039635265879195095,0.00026210595149286605,0.0,0.0
0.36866162098865796,630.423768,252672212.5000001,170754,83505,0.9236036737740564,0.21299850782435703,2.495026112141238e-06,0.039660102910538064,170753.99999999994,83505.0000000001,0.039660086417837435,0.00029220460243478165,0.0,0.0003201391641994763
0.37047255062785395,630.124716,251667635.8333334,170673,83173,0.9231655470093793,0.2121516662628016,2.503797176436701e-06,0.03972032835619285,170672.99999999997,83173.0000000001,0.03972031178531762,0.00016914630367540574,0.0,0.0002282908544192891
0.3707463853495883,630.061952,251486085.8333334,170656,83113,0.923073594478521,0.2119986226070988,2.5053551170125534e-06,0.03973070519734224,170655.99999999994,83113.00000000009,0.03973068860857964,0.0003073662169085848,0.0,0.0
0.3727462865527029,629.65214,250309036.66666675,170545,82724,0.9224731985417411,0.21100638957262574,2.5154990342538032e-06,0.039798107368138005,170544.99999999994,82724.0000000001,0.03979809068245561,0.00016281933625898477,0.0,0.0
0.3727829906825348,629.641064,250299959.16666675,170542,82721,0.9224569716245309,0.2109987373898406,2.5155460116585245e-06,0.03979812894247203,170541.99999999997,82721.0000000001,0.039798112258275904,0.0002038347488393653,0.0002110181814153574,0.0
0.37486164624840695,629.22756,249113832.5000001,170430,82329,0.9218511667153475,0.20999885217258238,2.5258635929018507e-06,0.03986656475612697,170429.99999999997,82329.0000000001,0.039866547973605906,0.00018100109485537068,0.0,0.0
0.3751343822488157,629.15372,248971618.3333334,170410,82282,0.921742987267279,0.20987896797561517,2.527009802208311e-06,0.0398732694613299,170409.99999999994,82282.0000000001,0.03987325266520747,0.00013216288176937528,0.0,0.0003257668918420112
0.37701242994402645,628.758676,247927705.8333334,170303,81937,0.9211642272201128,0.20899896695532413,2.536056524568803e-06,0.03993203654522321,170302.99999999997,81937.00000000009,0.0399320196662549,0.00020884151155781244,0.0003546514420754483,0.0001755866805548101
0.37747420081563204,628.644224,247643277.50000006,170272,81843,0.9209965490756067,0.20875919856138975,2.538507123416665e-06,0.03994768880321791,170271.99999999994,81843.00000000007,0.03994767190222406,0.0002770077562111599,0.0001293356877817214,0.0002419811193495911
0.37919882393952653,628.30456,246741579.16666675,170180,81545,0.9204989236144918,0.20799908173806592,2.5464073064702184e-06,0.03999899151569394,170179.99999999997,81545.00000000009,0.03999897454076961,0.00031148267276393866,0.0,0.0001629692958043746
0.37998738105858687,628.123652,246324014.16666675,170131,81407,0.920233883966724,0.2076470813299495,2.549989509244525e-06,0.04002135333929075,170130.99999999997,81407.0000000001,0.040021336330949064,0.00035572563504923167,0.0,0.0
0.3814072478995956,627.913208,245555452.50000006,170074,81153,0.919925572539729,0.20699919652080767,2.5571136849425077e-06,0.040070506075328666,170073.99999999997,81153.00000000007,0.04007048899892775,0.00023778461641419123,0.0002656978311579174,0.00013047606389289792
0.3824570321504667,627.647384,244971466.66666675,170002,80960,0.9195361265266825,0.20650690609496372,2.56212444877934e-06,0.04010125568805539,170001.99999999994,80960.00000000009,0.04010123856262259,0.00039816790336397797,0.0,0.0
0.38346991560337623,627.4554,244369325.8333334,169950,80761,0.9192548599617045,0.20599931130354945,2.567652048227779e-06,0.04013835002814117,169950.0,80761.00000000009,0.040138332849008446,0.00037017672258712924,0.0,0.0
0.38486035116424316,627.16004,243624970.8333334,169870,80515,0.9188221421694307,0.20537183231516803,2.574284720711356e-06,0.04018069820713327,169869.99999999994,80515.00000000009,0.04018068096584386,0.00024325484365284595,5.869311002308165e-05,0.00016515179626964957
0.3856617347374583,627.0308200000001,243183199.16666672,169835,80369,0.918632828135311,0.20499942608629124,2.5784298510287366e-06,0.0402088918499755,169835.0,80369.00000000006,0.04020887457219249,0.0,0.0,0.0
0.3874919047231946,626.73546,242227035.8333334,169755,80053,0.9182001103430371,0.20419339616625656,2.5873885540639287e-06,0.04026919611353064,169754.99999999994,80053.00000000009,0.04026917874750511,0.0003603641997844973,0.00027940079542705806,0.00021393459581915296
0.38790159027778415,626.6505440000001,241997072.50000006,169732,79977,0.9180757039777584,0.20399954086903302,2.5894963832671983e-06,0.040282866298966644,169732.0,79977.00000000007,0.04028284891324568,0.00030366469827012703,0.0,0.0
0.39001934192681487,626.240732,240886591.66666672,169621,79610,0.9174753080409783,0.20306342384165094,2.5997326279852778e-06,0.040349206484809386,169620.99999999994,79610.00000000007,0.040349189003834815,0.0002918270989777662,0.00018989123240136516,0.0
0.3901714044943303,626.196428,240810945.8333334,169609,79585,0.9174104003721373,0.2029996556517748,2.6003653024700714e-06,0.04035268843462475,169608.99999999994,79585.00000000009,0.04035267094715335,0.0,0.0,0.0003047093215833909
0.3921699456999008,625.834612,239624819.16666672,169511,79193,0.9168803210766019,0.20199977043451656,2.611727007980388e-06,0.04042906329225705,169510.99999999994,79193.00000000009,0.04042904569543692,0.00023941401591669352,0.0,0.0
0.39239356042275336,625.782924,239515889.16666672,169497,79157,0.9168045954629539,0.20190794424109487,2.612698999541321e-06,0.04043491584589787,169496.9999999999,79157.00000000009,0.04043489824065215,0.0004081265286888685,0.0,0.0002017358204374007
0.3943418718159676,625.38788,238438692.50000006,169390,78801,0.9162258354157877,0.20099988521725834,2.6228456189005474e-06,0.04050056618334491,169389.99999999994,78801.00000000009,0.04050054847818669,0.00032344472847574857,0.00011353308840410656,5.06205269976547e-05
0.39475192174162493,625.284504,238178470.8333334,169362,78715,0.9160743841884919,0.20078052264408436,2.6252771789669687e-06,0.04051598621177671,169361.99999999994,78715.00000000009,0.040515968483242445,6.356637816394915e-05,9.270560206675261e-05,3.856484301398226e-05
0.3964980408472813,624.90792,237252565.8333334,169260,78409,0.9155226690033428,0.20000000000000012,2.633935349887803e-06,0.0405705196036834,169259.99999999994,78409.00000000009,0.04057050179388535,0.0002319905416163374,0.0,0.00014749878659973872
0.39723015393268857,624.7713160000001,236853155.8333334,169223,78277,0.9153225370244162,0.199663303957454,2.6378002598353945e-06,0.040595836482113554,169222.99999999997,78277.00000000009,0.04059581863468433,0.0,0.0,0.0
0.39867201248572276,624.442728,236066439.16666672,169134,78017,0.9148411384805115,0.19900011478274188,2.6451990812600574e-06,0.040642038954820214,169133.99999999994,78017.00000000007,0.040642021038244575,0.0002900398904149406,0.0,0.0
0.39963197020005947,624.247052,235536918.3333334,169081,77842,0.9145544629431301,0.19855373745360877,2.6503151031150094e-06,0.04067494794084709,169080.99999999997,77842.00000000009,0.040674929973018845,0.00015543942610553353,0.0,0.00022156497954426143
0.40077107557305486,624.018148,234880312.50000006,169019,77625,0.9142191066541179,0.19800022956548366,2.656749479588673e-06,0.04071682563698805,169018.99999999994,77625.00000000009,0.04071680760843501,7.970127806850521e-05,0.0,0.0
0.4022472855217286,623.756016,234193448.3333334,168948,77398,0.9138350696134749,0.1974212144014081,2.6634221428440326e-06,0.040759361927618254,168947.99999999997,77398.0000000001,0.04075934383449336,7.71271034898258e-05,0.0,0.00014206961583698916
0.40314512683438686,623.54188,233694185.8333334,168890,77233,0.9135213492140764,0.19700034434822544,2.668195949233838e-06,0.040788870030850966,168889.99999999994,77233.00000000009,0.04078885189423205,1.3846353052272817e-05,0.0,0.0
0.4046487028325744,623.216984,232889314.16666672,168802,76967,0.9130453596425752,0.19632185080794307,2.6760222392771367e-06,0.040838003245497,168801.99999999997,76967.00000000007,0.04083798503222796,0.00042133185288419225,0.0002522920506617452,0.00012338303763447783
0.4053356975388924,623.069304,232508059.16666672,168762,76841,0.9128290007464382,0.19600045913096723,2.6797750849288656e-06,0.040861786513112335,168761.99999999997,76841.00000000007,0.04086176826247687,0.0003756645868638397,0.0002483743011983023,0.00020135680937191527
0.40706635916523104,622.677952,231585180.00000006,168656,76536,0.9122556496716754,0.19522248721447805,2.688764246485893e-06,0.04091740722984118,168655.99999999994,76536.00000000007,0.040917388893565054,0.0003272875913028011,0.0,0.00015275998074271431
0.40756645827361554,622.537656,231321932.50000006,168618,76449,0.9120501087203453,0.195000573913709,2.6912175999567175e-06,0.04093145851863821,168617.9999999999,76449.00000000007,0.040931440159912465,0.0003836850282355142,5.3242142019487746e-05,0.00022665953709066853
0.4094531825797702,622.094616,230317355.8333334,168498,76117,0.9114010320319346,0.19415373235215358,2.7010322941106175e-06,0.04099143383450186,168497.99999999994,76117.00000000009,0.04099141537854769,0.00035880998815503694,0.0,0.0
0.4098287269355082,621.9875480000001,230135805.8333334,168469,76057,0.9112441718322354,0.1940006886964508,2.702697851591375e-06,0.04100054157808391,168468.99999999997,76057.00000000009,0.04100052310816335,0.00027160729851324916,0.00012232375706336618,5.510119683737502e-05
0.411889568713626,621.5371240000001,229031376.66666672,168347,75692,0.9105842771990178,0.1930696731242588,2.7137640835324847e-06,0.04106951574700238,168347.0,75692.00000000007,0.04106949717399703,0.00040260040209710065,9.519726458188612e-05,0.0
0.4120219316959678,621.507588,228949679.16666672,168339,75665,0.9105410054197904,0.19300080347919255,2.714603445884569e-06,0.04107489062709976,168338.99999999997,75665.00000000007,0.04107487204164391,9.78758521962355e-05,0.0,0.00014614106398225588
0.41418127305418057,620.9944,227760526.66666672,168200,75272,0.9097891582557147,0.19199836753433927,2.7265233756191695e-06,0.04114797379857969,168199.99999999997,75272.00000000007,0.04114795509926843,0.0003953956451234182,8.588022074223421e-05,0.0002774622266228769
0.41423766132507345,620.983324,227739345.8333334,168197,75265,0.9097729313385043,0.19198051244117398,2.72672832060585e-06,0.041149153286243426,168196.99999999997,75265.00000000007,0.041149134585973586,0.0,0.0002124229558529675,0.0
0.4165036454565504,620.473828,226574400.00000006,168059,74880,0.909026493146832,0.19099848231708105,2.7384992655834015e-06,0.041220954893011905,168058.99999999997,74880.00000000007,0.041220936078085024,0.00012022436508650648,0.0,0.00027168970068009986
0.4167689324272671,620.42214,226453366.66666672,168045,74840,0.908950767533184,0.1908964532132792,2.739734670905753e-06,0.041228534385247595,168044.99999999997,74840.00000000007,0.041228515558954765,0.00023778084103738559,0.0,0.0
0.41875359643518517,619.912644,225388273.3333334,167907,74488,0.9082043293415117,0.18999859709982284,2.7504210171715223e-06,0.04129189708487572,167906.99999999994,74488.00000000009,0.041291878155499215,0.0,9.798566220843071e-05,0.0
0.41915583522741867,619.842496,225182516.66666672,167888,74420,0.9081015588658466,0.18982514762335967,2.7526226510628297e-06,0.041306083021522645,167887.99999999994,74420.00000000007,0.04130606407174059,0.00037249363798167194,0.00019918980570660764,0.0
0.42095016614581443,619.46222,224202146.66666672,167785,74096,0.9075444347082942,0.18899871188256462,2.762962929703735e-06,0.041370897382241784,167784.99999999994,74096.00000000007,0.04137087833106194,0.00037222264627720077,5.0027419006425484e-05,0.0003153606022466594
0.42149928043389123,619.3145400000001,223869305.00000006,167745,73986,0.9073280758121574,0.1887181318471095,2.7664111433231094e-06,0.04139177025301075,167744.99999999997,73986.00000000007,0.04139175116746661,0.0002571121328320172,0.00016446069890292063,0.0
0.4231029188525423,618.90842,223016020.00000006,167635,73704,0.9067330888477807,0.1879988266653064,2.7751747161481934e-06,0.04144368466721108,167634.99999999994,73704.00000000007,0.04144366549743428,0.00030211184136841914,0.00017577173731979714,0.0
0.42397861875500914,618.727512,222604506.66666672,167586,73568,0.9064680492000131,0.18765192771238007,2.7794922989878967e-06,0.04146984874310421,167586.0,73568.00000000006,0.04146982953195762,0.0003911947453644911,0.0,0.00026778921240054143
0.425292088634024,618.44692,221829893.33333337,167510,73312,0.9060569672973529,0.18699894144804816,2.7879331802711044e-06,0.041523351123247135,167509.99999999994,73312.00000000006,0.04152333182935594,0.0002304204703598572,0.0,0.0
0.42638428027439584,618.229092,221267088.33333337,167451,73126,0.905737837925551,0.1865245061153695,2.7940399842413676e-06,0.041561482197694,167450.99999999997,73126.00000000006,0.04156146284335543,0.00010459593001515574,0.0,0.0001115710317426931
0.4275452655822921,617.8894280000001,220643766.66666672,167359,72920,0.9052402124644361,0.18599905623078994,2.8003937629176924e-06,0.04159727996328583,167358.99999999997,72920.00000000006,0.04159726054822565,0.00043090592358222923,0.0,9.520180242355342e-05
0.42876120825872016,617.638372,220005315.83333337,167291,72709,0.9048724023410033,0.18546085270823512,2.8073793110885395e-06,0.04164066746928064,167290.9999999999,72709.00000000006,0.041640647985580835,0.0001993768545508863,0.0002887326068630602,0.00014168988317023596
0.42988351453145274,617.317168,219457640.00000003,167204,72528,0.9044018217419055,0.1849991710135317,2.8129217465384204e-06,0.04167091175362871,167203.99999999997,72528.00000000006,0.04167089221641472,0.0003190155759597245,0.0,0.00021854017739202084
0.4312103888106878,617.0144240000001,218770775.83333337,167122,72301,0.903958286004825,0.18442015584945615,2.8203695015922123e-06,0.04171580831641748,167122.0,72301.00000000006,0.041715788707920476,0.0002672016931232639,0.00012864700866051115,0.0
0.43227793965612665,616.7486,218271513.33333337,167050,72136,0.9035688399917784,0.18399928579627348,2.8256028035052486e-06,0.04174549764008015,167049.99999999997,72136.00000000006,0.04174547798228033,9.902325201450328e-05,0.0,0.0
0.43377019567593406,616.405244,217524132.50000003,166957,71889,0.9030658055582601,0.183369256080297,2.833732684809121e-06,0.04179387140491464,166956.99999999997,71889.00000000004,0.04179385166808774,0.0003193452444224436,0.00019818171583061854,0.0
0.4345725111710342,616.25018,217085386.66666672,166915,71744,0.9028386287173163,0.18299940057901526,2.8387455713278774e-06,0.041825559999897274,166914.99999999994,71744.00000000007,0.041825540210681335,0.00038207986228256676,0.00019112177133737664,0.0002839920376209029
0.4362328702581305,615.814524,216262360.00000003,166797,71472,0.9022003699737124,0.1823056026731626,2.8475344669317393e-06,0.04187544724927918,166796.99999999994,71472.00000000006,0.041875427374272835,0.0003571403789447604,0.0002235290513266571,0.00010817265031236199
0.43706170812218165,615.6225400000001,215899260.00000003,166745,71352,0.9019191034087345,0.181999515361757,2.8514342290936987e-06,0.04189757967660668,166745.0,71352.00000000006,0.04189755976616245,0.0002583575652824203,9.288628945335745e-05,0.00031183864652607063
0.43878451647128885,615.238572,214988484.16666672,166641,71051,0.9013565702787785,0.18123174635564804,2.8617280334096645e-06,0.041960046100157355,166640.9999999999,71051.00000000007,0.04196002608568996,0.00042487083260712115,0.000315855212443877,0.00015537851267226295
0.4394556370891641,615.083508,214713133.33333337,166599,70960,0.9011293934378348,0.18099963014449882,2.864675758073485e-06,0.04197636018711483,166598.99999999997,70960.00000000006,0.04197634014615229,0.0002990606432271578,0.0,0.00019093887714972157
0.44129222325249745,614.618316,213750918.33333337,166473,70642,0.9004478629150034,0.18018849876927404,2.875394972767017e-06,0.042038915495014026,166472.99999999997,70642.00000000006,0.04203889534711409,0.0003111660972318005,5.554364663181109e-05,0.0
0.4417478940248738,614.507556,213527006.66666672,166443,70568,0.9002855937429007,0.1799997449272406,2.8778914929449513e-06,0.042053371657487744,166442.99999999994,70568.00000000007,0.04205335148675598,0.0003465801564151369,0.0,0.00011156387106222409
0.44376379031349333,614.068208,212458887.50000003,166324,70215,0.8996419260268935,0.17909933808618916,2.890291930009282e-06,0.04212880708087592,166323.99999999997,70215.00000000006,0.04212878678645019,0.0002254806106436258,0.00018282759022854628,0.0
0.44394343027686944,614.042364,212340880.00000003,166317,70176,0.8996040632200695,0.17899985970998236,2.8917764869393024e-06,0.04213873835557757,166316.99999999997,70176.00000000006,0.042138718046019784,0.00034158168587613766,0.00011506753213278958,0.00027058628636080764
0.44637150048868557,613.459028,211212244.16666672,166159,69803,0.8987494455803287,0.17804843831703004,2.904467164867213e-06,0.04221103651673761,166158.99999999997,69803.00000000007,0.04221101608335694,0.00035660668884034304,0.00027535532630333697,0.0
0.44649026167580985,613.422108,211154753.33333337,166149,69784,0.8986953558562945,0.17799997449272414,2.9050831123448064e-06,0.04221424175192244,166148.99999999994,69784.00000000006,0.042214221311963236,0.00019112061463725502,0.00027540265376005884,0.0
0.4486922832624251,612.923688,209968626.66666672,166014,69392,0.8979651445818323,0.17700008927546593,2.91912033588256e-06,0.042298912539035054,166013.99999999994,69392.00000000006,0.04229889195848468,0.00028387447772913933,0.0,0.0
0.4488099513323997,612.9052280000001,209920213.33333337,166009,69376,0.8979380997198154,0.17695927763394517,2.919705626569485e-06,0.042302515796882025,166009.0,69376.00000000006,0.04230249521044356,0.0,0.0,0.0
0.4512263788712944,612.344044,208782500.00000003,165857,69000,0.897115935914495,0.17600020405820768,2.9329280183923458e-06,0.042378780109192334,165856.99999999997,69000.00000000006,0.04237875939196175,0.0002854601569485112,0.0002970396769489109,0.00021070095174174452
0.4514835877551173,612.321892,208652389.16666672,165851,68957,0.8970834820800745,0.1758905227716207,2.934650757873141e-06,0.042390457704772615,165850.99999999997,68957.00000000007,0.042390436968849976,0.00023388702238604075,0.00034679686970383804,0.0
0.45368506927280494,611.834548,207596373.33333337,165719,68608,0.8963694977228227,0.17500031884094946,2.9472313902978905e-06,0.04246431425955589,165718.99999999997,68608.00000000006,0.04246429340112822,0.00039490652183142105,0.0,0.0
0.45410554130732567,611.753324,207372461.66666672,165697,68534,0.8962505003299474,0.17481156499891604,2.9500219994655827e-06,0.04248159323808603,165696.99999999994,68534.00000000007,0.042481572350239485,0.00035649833474202117,0.00018925144128884589,0.00017641861410542617
0.4559371339835868,611.258596,206410246.66666672,165563,68216,0.8955256980278887,0.17400043362369125,2.961377188735817e-06,0.04254606048288234,165562.99999999997,68216.00000000006,0.04254603948333429,0.0002508832946489412,0.0,0.0002527620680254461
0.4564086788474501,611.133068,206134895.83333337,165529,68125,0.8953417929661723,0.173768317412542,2.964723976158411e-06,0.04256572399622551,165528.99999999994,68125.00000000006,0.042565702965860444,0.00021896477791956797,7.056573239259577e-05,0.0
0.45833408520236685,610.71218,205224120.00000003,165415,67824,0.8947251701121821,0.17300054840643303,2.9758304238312725e-06,0.04263069182465047,165414.99999999997,67824.00000000007,0.04263067068142192,8.652635764515033e-05,0.0,0.0
0.45911297104102267,610.516504,204894304.16666672,165362,67715,0.8944384945748007,0.17272251909857297,2.9796655718813392e-06,0.04265131894835324,165361.99999999997,67715.00000000007,0.04265129776750109,0.0003132437399504995,0.0,0.0
0.46092756266377405,610.0697720000001,204037993.33333337,165241,67432,0.8937840089139866,0.1720006631891748,2.989981238461503e-06,0.042709450621993335,165240.99999999997,67432.00000000006,0.0427094293373572,0.0004193717474158307,0.0,0.00019949350470131375
0.46179365020881746,609.88148,203668841.66666672,165190,67310,0.893508151321412,0.17168947442257915,2.994476106454018e-06,0.04273494494706661,165189.99999999997,67310.00000000007,0.04273492362115972,0.0003033387531728237,0.00032839626921156857,0.00022065969184994902
0.4634716973404866,609.497512,202851866.66666672,165086,67040,0.892945618191456,0.1710007779719166,3.0046433489396853e-06,0.04279395571369964,165085.99999999997,67040.00000000006,0.04279393428467935,0.00018491248857234788,0.0001447169249169554,0.00016391518761825537
0.46433209792864444,609.268608,202425224.16666672,165024,66899,0.8926102619024437,0.17064112538101503,3.0098452922959787e-06,0.04282294071560854,165023.99999999994,66899.00000000007,0.042822919234194685,0.00016204325636816718,0.00025111326690934165,0.00024458108191420205
0.4659799226179198,608.840336,201662714.16666672,164908,66647,0.8919828211036467,0.16999834202706332,3.019102160336968e-06,0.04287366527039513,164907.99999999994,66647.00000000006,0.04287364369785169,0.00019539443441727572,0.00025625966315907036,0.00024555498660950296
0.46693064696393716,608.57082,201251200.83333337,164835,66511,0.8915879661181969,0.169651443074137,3.023936341646922e-06,0.0428984780506706,164834.99999999997,66511.00000000004,0.04289845642960223,0.00032462034681315043,0.0,0.0
0.468468603164082,608.124088,200476587.50000003,164714,66255,0.8909334804573827,0.16899845680980508,3.0333920563168e-06,0.042949723838391546,164713.99999999997,66255.00000000004,0.04294970212317389,0.0002567658694456529,0.00026088133221983565,0.0002462149459988889
0.469347007847189,607.90626,200049945.00000003,164655,66114,0.8906143510855807,0.16863880421890354,3.0387724425517833e-06,0.042980097609739316,164654.9999999999,66114.00000000006,0.042980075842515335,0.00035612588642839146,0.00012786660669748487,5.6356606941299086e-05
0.4709358245023801,607.570288,199290460.83333337,164564,65863,0.8901221345968693,0.16799857159254686,3.048667183865419e-06,0.04303811797601356,164563.99999999994,65863.00000000006,0.04303809610774993,0.0003922541820870912,0.0,0.0
0.47196085168653096,607.3229240000001,198782120.83333337,164497,65695,0.88975973344584,0.16757004935657904,3.0552190582029413e-06,0.043075568155142616,164496.99999999997,65695.00000000007,0.04307554621846954,0.00026692454863545324,0.0,0.00011249577725568603
0.4733641803994215,607.00172,198104334.1666667,164410,65471,0.8892891528467421,0.1669986863752886,3.0640506809372723e-06,0.043126372830277475,164409.99999999994,65471.000000000044,0.043126350806502844,0.00032652780396224277,0.00022556955437578812,0.0001838109455566226
0.4745867177689092,606.665748,197574813.33333337,164319,65296,0.8887969363580307,0.1665523090461555,3.070562172195902e-06,0.043160223551039816,164318.99999999994,65296.00000000006,0.04316020146173394,0.00034749334241112375,0.0,0.0
0.47591133095393023,606.333468,196918207.50000003,164229,65079,0.8883101288417228,0.1659988011580304,3.0791132810814355e-06,0.043208441699313406,164228.99999999997,65079.00000000004,0.04320841952442732,0.00033200394608085714,0.0,0.0
0.47715216399021704,606.0085720000001,196370531.6666667,164141,64898,0.8878341392702216,0.165537119463327,3.086046398390784e-06,0.04324546879170744,164141.0,64898.00000000004,0.043245446551385354,0.0003600157897078805,0.0002633898365089517,0.000195453937003891
0.47858856847988285,605.631988,195732080.83333337,164039,64687,0.8872824240850723,0.1649989159407722,3.0941886757730735e-06,0.04328902446296907,164038.99999999994,64687.00000000006,0.04328900213706529,0.00025949133078586077,0.00021144173788898894,0.0
0.47974311250691165,605.32186,195187430.83333334,163955,64507,0.8868280704031849,0.1645397849736638,3.101233811089364e-06,0.04332718106250974,163954.99999999997,64507.00000000003,0.04332715866658842,0.00028665752492232534,5.1221743178221196e-05,0.0
0.48109337057274504,604.974812,194545954.1666667,163861,64295,0.8863196269972632,0.16399903072351396,3.109675626981791e-06,0.04337367205822319,163860.99999999997,64295.00000000004,0.04337364957774429,0.0003835114983031887,0.0,0.00017653588817658606
0.4823473492369494,604.6683760000001,193977097.50000003,163778,64107,0.8858706822877791,0.16351949393564522,3.1172152990896255e-06,0.04341522212937392,163777.99999999997,64107.00000000005,0.04341519957258082,0.00019814435365790177,4.697210779995853e-05,0.00025336721592785475
0.483676160555515,604.336096,193359827.50000003,163688,63903,0.885383874771471,0.16299914550625574,3.1254480509918737e-06,0.04346056917928293,163687.99999999997,63903.00000000006,0.043460546539228394,0.00028100574851035696,0.0,0.0
0.48493859634196573,604.02966,192754660.83333334,163605,63703,0.8849349300619869,0.16248899998724642,3.1336708403760905e-06,0.043506667675935425,163605.0,63703.00000000003,0.04350664495166941,0.00037079168192966013,0.0,0.0
0.4861617563649673,603.7453760000001,192173700.83333334,163528,63511,0.8845184391869234,0.1619992602889975,3.141664928041381e-06,0.043551873360928535,163528.0,63511.00000000004,0.04355185055769964,0.0003119455457468837,0.0,0.0
0.48754657733927065,603.3651,191553405.00000003,163425,63306,0.8839613150293707,0.161476361132013,3.149853170190318e-06,0.04359485603849608,163424.99999999994,63306.00000000005,0.04359483315183826,0.00013998379331768505,0.0,0.00019337583578173242
0.48888897455867064,603.010668,190987574.1666667,163329,63119,0.8834420536786421,0.16099937507173928,3.157329321716911e-06,0.04363373996558743,163328.99999999997,63119.000000000044,0.04363371700346583,0.0002316679417217865,0.00021171511430891229,0.0
0.49019116018759085,602.652544,190391485.00000003,163232,62922,0.8829173833555102,0.16049688173551513,3.1653334916737474e-06,0.04367603783959331,163231.99999999997,62922.00000000006,0.043676014795988816,0.00024109760240235807,0.0,0.0
0.4914352190876268,602.279652,189801447.50000003,163131,62727,0.8823710771427645,0.15999948985448106,3.1732089503690425e-06,0.043716806634880735,163130.99999999997,62727.00000000005,0.043716783513293715,0.00025242584883399536,0.0,0.00023672737791293117
0.4925549006761432,601.939988,189229565.00000003,163039,62538,0.8818734516816495,0.1595174023390173,3.181003919762749e-06,0.04375812451751037,163038.99999999994,62538.00000000005,0.04375810131675499,0.0003486846952658928,0.0,0.00017354926680456707
0.493822254340144,601.644628,188615320.83333334,162959,62335,0.8814407338893757,0.15899960463722282,3.189797230372568e-06,0.043807811724199765,162958.99999999994,62335.00000000004,0.04380778843465692,0.0003873414950324262,0.0,0.0
0.4951838876446973,601.290196,188016205.83333334,162863,62137,0.8809214725386472,0.15849456057340364,3.198076428225622e-06,0.04385170466869862,162862.99999999997,62137.00000000004,0.0438516812973256,0.0003027881900395906,0.0,0.0
0.49647670720280934,600.9689920000001,187429194.1666667,162776,61943,0.8804508919395494,0.1579997194199646,3.2063787857168265e-06,0.04389685896305595,162775.99999999997,61943.00000000004,0.043896835505618834,0.00018195397406670026,0.0002443897572131398,0.00023563307220282362
0.49780610894736227,600.599792,186836130.83333334,162676,61747,0.879909994699207,0.1574997768113355,3.2145805488541364e-06,0.04393946300319384,162675.9999999999,61747.00000000003,0.043939439461618324,0.00032106701620728624,0.0,0.0
0.4990339759676961,600.267512,186243067.50000003,162586,61551,0.879423187182899,0.1569998342027064,3.223032782146374e-06,0.04398501869083884,162585.99999999997,61551.00000000005,0.04398499506414512,0.00033564196223050846,0.0,0.00016504867774580842
0.5003006394418827,599.924156,185643952.50000003,162493,61353,0.8789201527493807,0.1564947901388872,3.2315846970560486e-06,0.04403073610472422,162492.99999999997,61353.00000000005,0.04403071239079747,0.00027708806754445445,0.0,0.00018856038243239434
0.5015536636543387,599.5512640000001,185056940.83333334,162392,61159,0.8783738465366351,0.15599994898544817,3.2398204644481296e-06,0.0440731035280356,162391.99999999997,61159.00000000003,0.04407307972884398,0.00032530427121467176,0.00010554339492069184,0.0
0.5028095131099366,599.207908,184485058.33333334,162299,60970,0.8778708121031167,0.15551786146998436,3.248002377066941e-06,0.044116082209794065,162298.99999999994,60970.00000000004,0.04411605832928617,0.00031798196522715526,0.00019811827418565536,9.35754390041158e-05
0.5041966889776427,598.820248,183870814.1666667,162194,60767,0.8773028700007572,0.15500006376818995,3.2567444197925247e-06,0.0441611197902949,162193.99999999997,60767.00000000004,0.04416109581999992,0.00023831210611735432,0.00026836961109263,0.0001301645779123963
0.5054834088620173,598.480584,183335241.6666667,162102,60590,0.8768052445396424,0.15454858498386673,3.2644055695965706e-06,0.0442004904011823,162101.99999999997,60590.000000000044,0.04420046635032801,0.0003913033676125321,0.00017950112280638438,0.0002973285917623696
0.5069591012752047,598.096616,182684687.50000003,161998,60375,0.8762427114096865,0.15400017855093173,3.2739285606518058e-06,0.04425071291122434,161997.99999999997,60375.00000000006,0.04425068876564304,0.00029989693735355677,0.00014743835802023388,6.602461231027707e-05
0.5081432532153766,597.7274160000001,182206605.83333334,161898,60217,0.8757018141693442,0.15359716359091438,3.2804925664810903e-06,0.04428137695431286,161898.0,60217.000000000044,0.04428135274390383,0.00043415171950217173,0.0,0.0
0.5098084755117521,597.3212960000001,181498560.83333334,161788,59983,0.8751068272049677,0.1530002933336735,3.2910525199619007e-06,0.04433752086470001,161788.0,59983.00000000004,0.04433749654391349,0.00033695892105030395,0.0,0.0
0.5108702995802852,597.066548,181005350.00000003,161719,59820,0.8747336081091315,0.15258452473568093,3.2986127095138342e-06,0.044378951132922825,161718.99999999997,59820.00000000005,0.04437892673320674,0.00035498447022753446,8.101835696570893e-05,0.0
0.5124663288868798,596.605048,180312434.1666667,161594,59591,0.8740574865587036,0.15200040811641527,3.3087293771906217e-06,0.04442977210044882,161593.99999999994,59591.00000000004,0.044429747599976026,0.000328258785336006,0.0,0.0
0.513474766457878,596.302304,179885791.6666667,161512,59450,0.873613950821623,0.15164075552551373,3.3148938472303837e-06,0.04445985648446137,161512.0,59450.00000000004,0.04445983192187893,0.0003241358271965828,0.0002400144590766772,0.0002705740095710306
0.5153501237214405,595.848188,179126307.50000003,161389,59199,0.872948647216002,0.15100052289915705,3.3264136145942716e-06,0.044520080017836076,161389.0,59199.00000000005,0.04452005533771807,0.00038187993440868515,9.793885846432317e-05,0.0002468704811420225
0.5163525399524984,595.600824,178714794.1666667,161322,59063,0.8725862460649726,0.15065362394623072,3.3326889739444388e-06,0.044552803492227316,161321.99999999994,59063.00000000004,0.04455277874449855,0.0002853302846216659,0.000257679546552539,0.0
0.5182253396474481,595.1504,177940180.83333334,161200,58807,0.871926351431755,0.1500006376818988,3.344665590496641e-06,0.04461590595348605,161199.99999999994,58807.00000000004,0.04461588108449939,0.00033590109151035533,0.00016640435354201997,0.0
0.5192801043804496,594.880884,177558925.83333334,161127,58681,0.8715314964463052,0.14967924600492297,3.350329369295623e-06,0.04464355381124741,161127.0,58681.00000000004,0.044643528882170734,0.00034647239207959466,0.0,0.0
0.5210837269973347,594.43046,176754054.1666667,161005,58415,0.8708716018130876,0.14900075246464062,3.3630372033192164e-06,0.044711203872923794,161004.99999999997,58415.00000000004,0.044711178811550886,0.0003697510021739408,0.00026404452541972293,0.00012762548130458432
0.5220691525014158,594.186788,176381876.6666667,160939,58292,0.8705146096344616,0.1486870129704499,3.3687519331870883e-06,0.044740003249320696,160938.99999999994,58292.000000000044,0.044739978130220015,0.0002527228316314799,0.00012519796044470607,0.00020478644089526462
0.5237978510089092,593.666216,175564901.6666667,160798,58022,0.869751944525579,0.14799831651978734,3.3814629824311596e-06,0.04480469097453949,160797.99999999994,58022.000000000044,0.04480466572460112,0.00030969740491142817,0.0002289142028960145,0.0
0.5244228364806561,593.441004,175247189.1666667,160737,57917,0.8694219972089703,0.14773049012230746,3.386308258762514e-06,0.04482827425781098,160736.99999999997,57917.00000000004,0.04482824895795827,0.00037064105415998027,0.0,0.00023771269243872035
0.526259812850947,592.89828,174378775.00000003,160590,57630,0.8686268782656671,0.14699843130252913,3.4000598983448524e-06,0.04489865995356251,160589.99999999997,57630.00000000005,0.04489863450954125,0.0004084687775773481,0.00020686678488996622,0.0
0.5269284936841484,592.6952200000001,174112501.6666667,160535,57542,0.868329384783479,0.14677396727416503,3.4040934127446965e-06,0.04491759003071368,160534.99999999997,57542.00000000004,0.04491756454627497,0.0002988421131308814,8.984977417711655e-05,2.9072148561682052e-05
0.5290994408098182,592.097116,173192648.33333337,160373,57238,0.8674531312541244,0.1459985460852709,3.418719684108223e-06,0.044991266545552036,160372.99999999997,57238.00000000006,0.044991240910652756,0.00040684373189113336,0.0,0.0
0.5296826273724969,591.95682,172971762.50000003,160335,57165,0.8672475903027943,0.1458123429708325,3.422274314861074e-06,0.04500931704206186,160334.99999999994,57165.000000000044,0.04500929137092428,0.0003516301940540474,0.0,0.0
0.5320209797760012,591.3365640000001,172006521.6666667,160167,56846,0.8663388829390194,0.14499866086801266,3.4378729263879754e-06,0.04508813550989762,160167.0,56846.00000000004,0.045088109675527385,0.0004024868444333365,9.391081270818669e-05,0.0
0.532426853215575,591.214728,171834049.1666667,160134,56789,0.8661603868497064,0.14485326939509502,3.440614539825947e-06,0.04510146327244874,160133.99999999997,56789.00000000004,0.04510143740964694,0.0003096902666034957,0.0001339862598010593,0.00020357232218379823
0.5349002584378416,590.49848,170820395.00000003,159940,56454,0.8651110462034423,0.14399877565075445,3.456838277419976e-06,0.0451802805261578,159939.99999999994,56454.000000000044,0.04518025449581876,0.0003766685664122465,0.0002896820941197304,0.00014058716477939598
0.5351516855053782,590.457868,170708439.1666667,159929,56417,0.8650515475070046,0.14390439872973773,3.4588674753421063e-06,0.045191985076836826,159928.99999999994,56417.00000000004,0.045191959024509946,0.000382555003809858,0.0002439034020709972,0.0
0.537613607633013,589.68624,169634268.33333337,159720,56062,0.8639210722746893,0.14299889043349623,3.4762212010208895e-06,0.0452755983885171,159719.99999999994,56062.000000000044,0.04527557215592886,0.0003317415416110829,0.0,0.0
0.5377198239404168,589.671472,169607035.83333337,159716,56053,0.8638994363850756,0.14297593388514082,3.476692279319406e-06,0.04527809905503222,159715.99999999994,56053.00000000005,0.045278072819175716,0.00040883272993134804,0.0001817983998979983,0.0
0.540399660875068,588.885076,168505632.50000003,159503,55689,0.8627473252631466,0.14204746904054388,3.4947500998223304e-06,0.04536525298215453,159502.99999999997,55689.00000000005,0.04536522655708605,0.0003789495443795934,4.6089688739815165e-05,0.00023539442438658476
0.5405084060057063,588.877692,168448141.6666667,159501,55670,0.8627365073183397,0.14199900521623798,3.4958990118472165e-06,0.045372424902815914,159500.99999999997,55670.00000000003,0.04537239846734472,0.0002771528510959322,0.0,0.0001896869020584497
0.543081181777723,588.1540600000001,167358841.6666667,159305,55310,0.861676348727269,0.14108074328202125,3.5143291752188572e-06,0.045463908461343516,159305.0,55310.00000000003,0.04546388183167342,0.00029053361040983194,0.0,6.215120755535526e-05
0.5433038237976663,588.0949880000001,167262015.00000003,159289,55278,0.8615898051688141,0.1409991199989798,3.5160104223304972e-06,0.04547249836030927,159288.99999999997,55278.00000000005,0.04547247171299666,0.0002851368798639546,0.00014174896134761775,6.13346631025308e-05
0.5455800249506413,587.371356,166257438.33333337,159093,54946,0.8605296465777432,0.14015227843742437,3.5329027193500096e-06,0.04555354937741627,159092.99999999994,54946.000000000044,0.045553522555025296,0.00039243024903491246,0.000178850829557817,8.198765670596727e-05
0.5460691923613498,587.2015240000001,166075888.33333337,159047,54886,0.8602808338471858,0.13999923478172158,3.5357421832446817e-06,0.045565263068179075,159047.0,54886.00000000005,0.045565236216826885,0.0002860185807856106,0.0,0.0
0.548188044645897,586.647724,165104595.83333337,158897,54565,0.8594694879866723,0.13918045122371164,3.553188335182371e-06,0.045655994675158344,158896.99999999997,54565.00000000005,0.04565596763961738,0.00035685231399715375,0.0002445185842806785,0.0
0.548726166619804,586.496352,164889761.6666667,158856,54494,0.859247720118132,0.13899934956446333,3.556899749698427e-06,0.04567393926111301,158855.99999999994,54494.00000000004,0.04567391218389986,0.0003309328612919151,0.0,0.00011213371697513469
0.5509372697273156,585.898248,163972934.1666667,158694,54191,0.8583714665887774,0.13822647910316424,3.5731399878743193e-06,0.04575474247282247,158693.9999999999,54191.00000000004,0.04575471522451144,0.00039325205169470214,6.978016545401193e-05,0.00013459048843785635
0.551516942779284,585.743184,163703635.00000003,158652,54102,0.8581442897478337,0.13799946434720511,3.5780707251857904e-06,0.04578024179870082,158651.99999999997,54102.000000000044,0.04578021449819455,0.00042931705226831156,0.00013003272398220424,0.00019815493419990943
0.55355066236074,585.086008,162892711.6666667,158474,53834,0.8571814926600244,0.13731586935173265,3.5918489048011115e-06,0.045842562505266374,158473.99999999997,53834.00000000003,0.0458425350624496,0.00035360963525603696,0.0,0.0
0.5544976771805556,584.779572,162517508.33333337,158391,53710,0.8567325479505404,0.1369995791299469,3.5982558309999516e-06,0.045871412718583846,158390.99999999997,53710.00000000005,0.04587138521067333,0.00038194420188850776,9.497480639020663e-05,0.0002346402677427316
0.5561590288265121,584.259,161824592.50000003,158250,53481,0.8559698828416578,0.13641546251068123,3.6104462923334713e-06,0.04592859392919037,158249.99999999997,53481.00000000004,0.04592856629231249,0.0003381930805822556,0.00021438142405299986,0.00010075313136727154
0.5573975108026469,583.900876,161331381.6666667,158153,53318,0.8554452125185258,0.13599969391268865,3.619264088411648e-06,0.0459705500478176,158152.99999999997,53318.00000000003,0.04597052231752691,0.0003672715385929277,0.00014920246377441538,0.0
0.5588933098240023,583.431992,160756473.33333337,158026,53128,0.8547582730232911,0.13551505566962985,3.6292908142506727e-06,0.04601569698815364,158025.99999999997,53128.00000000005,0.04601566915207674,0.00031275942911170224,0.00017444797470305264,0.00020481383643235936
0.5605315485894267,582.981568,160145255.00000003,157904,52926,0.8540983783900735,0.13499980869543043,3.6403299492076736e-06,0.04606783326602685,157903.99999999997,52926.000000000044,0.04606780531683484,0.00038757306813810437,4.614132569196803e-05,0.0
0.561629346510073,582.6603640000001,159642966.6666667,157817,52760,0.8536277977909758,0.1345763879146527,3.6497715882253087e-06,0.046114826705867785,157817.0,52760.000000000044,0.04611479865503403,0.00029253673255590036,0.0,0.0
0.5632968602361881,582.128716,158959128.33333337,157673,52534,0.8528489057648829,0.13399992347817222,3.6621282596573537e-06,0.0461717448405586,157673.0,52534.00000000005,0.046171716660330035,0.00035550187357621244,0.0001773145459290969,0.00020438687256412952
0.5641969008737635,581.796436,158605105.83333337,157583,52417,0.8523620982485747,0.13370148834955178,3.668207482622708e-06,0.04619686179707907,157582.99999999994,52417.00000000005,0.04619683355517492,0.00046840124611071613,0.00023182102317357637,0.00010976139744353141
0.5660703750698675,581.2647880000001,157773001.6666667,157439,52142,0.851583206222482,0.133000038260914,3.684184124404639e-06,0.04627619802906272,157439.0,52142.00000000003,0.046276169613353485,0.00029876966584162625,0.0,0.0
0.5667711400951443,581.04696,157473444.1666667,157380,52043,0.85126407685068,0.13274751622900438,3.6898091806833905e-06,0.046302833686678126,157379.99999999997,52043.00000000004,0.04630280521167696,0.00031628071189163467,0.0,0.0
0.5688658032234836,580.3528640000001,156586875.00000003,157192,51750,0.8502471900388365,0.13200015304365578,3.70626761661857e-06,0.046378260274131035,157192.0,51750.000000000044,0.04637823162503108,0.00030041111035890506,0.0,0.0
0.5694064388652426,580.242104,156387170.00000003,157162,51684,0.8500849208667338,0.1318318050223827,3.7102922445620056e-06,0.04639900622254253,157161.99999999997,51684.000000000044,0.04639897753109965,0.0003052514777462625,0.0002776837478351601,0.0
0.5717081900893676,579.488936,155400748.33333337,156958,51358,0.8489814904964355,0.13100026782639757,3.728997075078434e-06,0.04648561656452793,156957.99999999994,51358.00000000005,0.0464855876746654,0.0003329927828830176,0.0,0.00012534327391659292
0.5719658331490513,579.4261720000001,155309973.33333337,156941,51328,0.8488895379655774,0.13092374599854617,3.7307724646659305e-06,0.046494163158448024,156941.0,51328.00000000005,0.04649413424825091,0.00029687363921325103,9.703539900617848e-05,0.0
0.5746474925719401,578.621316,154223699.1666667,156723,50969,0.8477103819816311,0.13000803479192446,3.7518313924936705e-06,0.046592806502021314,156722.9999999999,50969.00000000004,0.046592777367652445,0.00030193567905557997,0.00015822423017276108,6.927555523388674e-05
0.574678859679102,578.606548,154214621.6666667,156719,50966,0.8476887460920174,0.13000038260913932,3.751956473042174e-06,0.04659298856172662,156718.99999999994,50966.000000000044,0.04659295942619491,0.00030120016347273427,0.00014915852193812693,6.404926807181713e-05
0.57726257030396,577.790616,153158605.83333337,156498,50617,0.846493363190861,0.1291101786784681,3.772498534158437e-06,0.04668740999359999,156497.99999999994,50617.00000000005,0.04668738063933421,0.0004279390374066193,0.00018926943885640753,8.647458587809647e-05
0.5775845518135408,577.661396,153028495.00000003,156463,50574,0.8463040491567412,0.1290004973918811,3.7748616425980002e-06,0.046696807665728216,156462.9999999999,50574.000000000044,0.04669677828725129,0.0003909428697918908,0.0,0.0002217903308697809
0.5798252581627826,576.970992,152087460.83333337,156276,50263,0.8452925713173012,0.12820722110982166,3.7936789057993393e-06,0.04678506900292571,156275.99999999997,50263.000000000044,0.0467850394222599,0.0004199611443570866,0.00010007849526670033,0.00013376258632137199
0.5803471193648925,576.815928,151842368.33333337,156234,50182,0.8450653944763574,0.12800061217462289,3.7987811592462747e-06,0.04681022836559928,156233.99999999997,50182.000000000044,0.04681019872975776,0.00030588708140410185,7.63076368365082e-05,0.0
0.582415665152726,576.177212,150992109.1666667,156061,49901,0.8441296422505653,0.1272838577204148,3.815942536202402e-06,0.04688986171510116,156061.0,49901.00000000004,0.04688983189285388,0.00029817295115427804,0.0,0.0001568849688376838
0.5832685852718951,575.907696,150656241.6666667,155988,49790,0.8437347872651154,0.12700072695736464,3.822660711756106e-06,0.0469201419765241,155987.99999999997,49790.00000000004,0.046920112083256874,0.0003800345846475594,0.0,0.0
0.5849791200253625,575.3280520000001,149942145.00000003,155831,49554,0.8428855785977781,0.12639875524493369,3.8370002776737655e-06,0.04698440055249728,155831.0,49554.00000000004,0.0469843705067696,0.00037517690229680353,0.0,0.0
0.5861908954146303,574.907164,149470115.00000003,155717,49398,0.8422689557437878,0.12600084174010642,3.846301743997453e-06,0.04702410474990278,155716.99999999997,49398.00000000004,0.0470240746075746,0.00034148445942376533,7.864786957560225e-05,1.5542841164252411e-06
0.5877632878138551,574.504736,148871000.00000003,155608,49200,0.8416793777518147,0.12549579767628724,3.859077563796843e-06,0.047085648949468976,155607.99999999994,49200.000000000044,0.047085618662543,0.0003558809251758333,0.0,0.00021709249641982398
0.5891412699981041,574.002624,148280962.50000003,155472,49005,0.8409437575049492,0.12499840579525316,3.871047330165528e-06,0.04713800298212905,155471.9999999999,49005.000000000044,0.04713797256887959,0.000440272182702259,0.00021672183742125424,0.0
0.5902265817908746,573.6445,147830113.33333337,155375,48856,0.8404190871818172,0.12461834738359125,3.880430631251178e-06,0.047180373983773866,155374.99999999994,48856.000000000044,0.04718034347202731,0.0003035674378380312,0.0,0.00017423509000686187
0.5920868628911437,573.039012,147094835.83333337,155211,48613,0.8395320157076558,0.12399852057799494,3.895711285536122e-06,0.047248222676634824,155210.99999999994,48613.000000000044,0.047248191998343264,0.0003532846502151001,0.00017009972590375724,0.00019571967303388428
0.5927458686240661,572.75842,146810407.50000003,155135,48519,0.8391209338049958,0.12375875218406057,3.901347525378948e-06,0.04727081176060927,155134.99999999994,48519.00000000004,0.04727078102459714,0.00040951511241824377,0.0002357966473427406,0.00011093045639600447
0.5950728426525839,571.994176,145908709.1666667,154928,48221,0.8380012765174872,0.12299863536073671,3.9202195624020634e-06,0.04735338169904288,154927.99999999997,48221.00000000003,0.04735335075970527,0.0003655725718423447,3.4411088281314143e-05,0.0
0.595466308491355,571.887108,145778598.33333337,154899,48178,0.8378444163177879,0.12288895407414972,3.922983994484146e-06,0.04736564125329484,154898.99999999994,48178.000000000044,0.04736561028407608,0.00038549509269704857,0.00020665337229870792,0.00020354673242395623
0.5980237074754394,571.030564,144734685.83333337,154667,47833,0.8365895347201939,0.12200895305385868,3.945360856053261e-06,0.04746495164661623,154666.99999999997,47833.000000000044,0.04746492043558748,0.0004402476423769225,0.0,0.0
0.5980711927480918,570.993644,144722582.50000003,154657,47829,0.8365354449961597,0.1219987501434785,3.945435702821292e-06,0.04746386740586602,154656.99999999997,47829.000000000044,0.04746383619649399,0.00036482333633867443,0.0,0.00014801816930280938
0.6005191604485528,570.070644,143775496.6666667,154407,47516,0.8351832018953039,0.12120037240622894,3.9650055622598085e-06,0.04754296240602842,154406.99999999997,47516.00000000003,0.04754293098471442,0.0004411971110550032,0.0,0.0001027503424538674
0.6010659127739726,569.893428,143536455.83333337,154359,47437,0.8349235712199397,0.12099886492622028,3.970374109429934e-06,0.047567742343582714,154358.9999999999,47437.00000000005,0.047567710868916264,0.0003271789284013102,0.00020429121426494793,0.00020160780469790298
0.6031243758235016,569.19564,142746713.33333337,154170,47176,0.8339012754356928,0.12033312502391315,3.98745180682969e-06,0.04764074079144427,154169.99999999997,47176.00000000005,0.047640709129526934,0.00036770788512932535,0.00017102589678794194,0.0
0.6040040828209672,568.8707440000001,142350329.1666667,154082,47045,0.8334252858641916,0.11999897970896203,3.996272768248779e-06,0.04767979302493482,154082.0,47045.00000000003,0.04767976126723574,0.0004422465082829047,0.0,0.0
0.6055072108159505,568.320636,141717930.00000003,153933,46836,0.8326193489760816,0.11946587764159733,4.010223942729053e-06,0.04773984731473492,153932.99999999997,46836.00000000003,0.04773981540829504,0.00042942549690154155,0.0,9.687566105326216e-05
0.6072314002082964,567.825908,141164202.50000003,153799,46653,0.831894546674023,0.11899909449170383,4.022449728358008e-06,0.047791747921469035,153798.99999999997,46653.000000000044,0.04779171587974795,0.00032231196452409117,0.00021476036837811166,9.910002635384216e-05
0.6084246535461295,567.401328,140725456.6666667,153684,46508,0.8312725148476293,0.11862923899042208,4.031973613302895e-06,0.04783040019327688,153684.0,46508.00000000003,0.047830368053323455,0.00047568160010922646,0.0,0.0
0.610293807937574,566.747844,139978075.83333334,153507,46261,0.8303151267322234,0.11799920927444559,4.048832937772379e-06,0.047902686127175395,153506.99999999994,46261.00000000002,0.04790265380320708,0.00038301094291725836,0.00012243299227458038,0.0
0.6109684537013842,566.522632,139702725.00000003,153446,46170,0.8299851794156147,0.11776709306329637,4.05520101343764e-06,0.047930816302476635,153445.99999999997,46170.00000000003,0.04793078390748843,0.0003963893097640797,0.0,0.0
0.6131175720264342,565.784232,138791949.1666667,153246,45869,0.8289033849349301,0.11699932405718737,4.07649172302195e-06,0.04802514694162144,153245.99999999994,45869.00000000002,0.04802511431167904,0.00045145839138038227,0.0,0.0
0.6134406083025145,565.6697800000001,138655786.6666667,153215,45824,0.8287357067904241,0.11688454131541028,4.079669472143199e-06,0.048039002204250246,153214.99999999997,45824.00000000003,0.04803896953973235,0.0003895974637148141,0.0,9.566086065844938e-05
0.6159294660305561,564.831696,137605822.50000003,152988,45477,0.8275078700548469,0.11599943883992915,4.10470782222896e-06,0.048150483702804586,152987.99999999997,45477.00000000004,0.048150450761148864,0.0003745030980278887,0.00017536859448854386,7.680350688221581e-05
0.6159508189547006,564.824312,137602796.6666667,152986,45476,0.8274970521100401,0.11599688811233409,4.1047444214978275e-06,0.04815038363095717,152985.99999999994,45476.00000000003,0.04815035068923134,0.0004806876648823702,0.0,0.0
0.6184749917868382,563.864392,136643607.50000003,152726,45159,0.8260907192851502,0.11518830746470438,4.12653326647571e-06,0.04823696892808564,152725.99999999994,45159.00000000004,0.048236935753286136,0.0004285922841059587,0.00015172352811660582,0.00018515978697743765
0.6190261420417875,563.672408,136419695.83333337,152674,45085,0.8258094527201723,0.11499955362267093,4.131899023500607e-06,0.04826010228117462,152673.99999999997,45085.00000000005,0.0482600690496399,0.000413097205413617,0.00011891200617825558,0.0
0.620937769949125,562.970928,135629953.33333337,152484,44824,0.8247817479635219,0.1143338137203638,4.150786121826676e-06,0.04834016875161158,152483.99999999994,44824.000000000044,0.04834013530953038,0.0004598297624936485,0.0002021646821571128,0.00015309945542014966
0.6220041192409255,562.601728,135233569.1666667,152384,44693,0.8242408507231797,0.1139996684054127,4.160222431951267e-06,0.04837921381213367,152383.99999999994,44693.00000000004,0.04837918026765926,0.00042643171492136035,0.0,0.0
0.6235451884681841,562.0257760000001,134658660.83333337,152228,44503,0.8233970510282458,0.11351503016235388,4.173706856446595e-06,0.048432745480624144,152228.0,44503.00000000005,0.04843271179210681,0.00038723116276062413,0.00015467856352614851,0.00013810083537728853
0.6250986195802366,561.398136,134047442.50000003,152058,44301,0.8224775257196638,0.11299978318815448,4.188055553540306e-06,0.04848882944784269,152057.99999999997,44301.00000000004,0.04848879560222038,0.0003753983146063532,0.0,0.00016630182541843572
0.6259338856335956,561.065856,133699471.66666669,151968,44186,0.8219907182033558,0.11270644951472412,4.19647025531128e-06,0.048523150927930914,151968.0,44186.00000000003,0.04852311698772859,0.00039766045937748515,8.683217470179784e-05,0.00017230522432452647
0.628326383401746,560.275768,132861315.83333336,151754,43909,0.8208331981090232,0.11199989797089625,4.216996982799965e-06,0.048607419425350414,151753.99999999997,43909.00000000003,0.048607385262488874,0.0003667257788662728,8.419475207687334e-05,0.00021004691747846882
0.6287682096084762,560.128088,132722127.50000003,151714,43863,0.8206168392128864,0.11188256450152412,4.22030673069191e-06,0.04862008165188527,151713.99999999997,43863.00000000004,0.04862004745288303,0.0004512316464720612,0.00011774752852911359,0.0
0.6313599045805113,559.182936,131750835.00000003,151458,43542,0.8192321422776102,0.1110637809435142,4.244245859997775e-06,0.04871662817867633,151457.99999999997,43542.00000000003,0.048716593716993696,0.00044588762273632443,0.00019165866292297852,8.514939340162994e-05
0.6315982484168676,559.101712,131675189.16666669,151436,43517,0.8191131448847349,0.11100001275363804,4.24606727765792e-06,0.04872354137586596,151435.99999999997,43517.00000000003,0.04872350689398396,0.0004292849813843889,0.0,0.0001809165076428091
0.6336885639480926,558.21194,130800723.33333336,151195,43228,0.81780958253551,0.1102628524786696,4.267651781844121e-06,0.04880834129928678,151194.99999999997,43228.00000000004,0.04880830658269289,0.00038676793152301426,0.00020866838964874888,9.448810870385684e-05
0.6345044524713521,557.8612,130489062.50000003,151100,43125,0.8172957301571848,0.11000012753637982,4.27515677798666e-06,0.048835889367920514,151100.0,43125.00000000004,0.04883585457045858,0.00039097040767230475,0.0,0.0
0.6361382078027156,557.226176,129862715.00000003,150928,42918,0.816365386903796,0.10947212692420519,4.290886541221627e-06,0.04889779441871375,150927.99999999997,42918.00000000004,0.048897759448885705,0.000461788735853718,0.0,0.0
0.6375471325269069,556.69822,129302935.83333336,150785,42733,0.8155919038501066,0.10900024231912159,4.305379583318689e-06,0.04895709499610711,150784.99999999994,42733.00000000004,0.04895705986534567,0.00042454072431865475,0.00013398262650419208,0.0
0.638522268414523,556.27364,128897474.16666669,150670,42599,0.814969872023713,0.10865844482138536,4.315628708757539e-06,0.048996637544928084,150669.99999999997,42599.00000000004,0.048996602301959395,0.0004290679851897472,0.0,0.0
0.6405096528447987,555.439248,128116809.16666669,150444,42341,0.8137474442605395,0.10800035710186336,4.335412750386494e-06,0.04907197161154508,150443.99999999997,42341.00000000003,0.049071936153474494,0.0004684230683508379,0.0002005423097261994,8.957645803442427e-05
0.6409669603800943,555.273108,127971569.16666669,150399,42293,0.8135040405023853,0.10787792217730113,4.339034924834183e-06,0.04908512410530529,150398.99999999994,42293.00000000004,0.04908508861130175,0.0004700067674105332,0.00017418715451506992,7.450457549641959e-05
0.6434897407861674,554.294728,127030535.00000003,150134,41982,0.8120706628154782,0.10708464589524168,4.36347629331798e-06,0.04917979163375072,150133.99999999994,41982.00000000004,0.049179755870147626,0.00043982112862169426,0.00016130725069295486,0.00013618858680082934
0.6437230528078376,554.180276,126930682.50000003,150103,41949,0.8119029846709723,0.10700047188460514,4.366007218152317e-06,0.04918897320714921,150102.99999999997,41949.00000000004,0.04918893741601635,0.0004602844411244654,0.0,0.0
0.6459127181937215,553.3274240000001,126077397.50000003,149872,41667,0.8106535120457816,0.10628116670280204,4.388791607155437e-06,0.04927919190145206,149871.99999999997,41667.00000000004,0.04927915585583804,0.00042754835000423494,0.00023137835849102066,0.0
0.6467925347831373,552.965608,125744555.83333336,149774,41557,0.8101234327502461,0.10600058666734692,4.397531203918854e-06,0.049312103137809496,149773.99999999994,41557.00000000004,0.04931206699494999,0.0004370781364744882,0.0,9.282850286893805e-05
0.6483911246591166,552.337968,125142415.00000003,149604,41358,0.8092039074416644,0.10549299187593267,4.413675155621696e-06,0.04937449105426984,149604.0,41358.00000000004,0.04937445473365312,0.0004114127189002266,0.0001174750278345203,0.0
0.6499953806346045,551.629104,124558429.16666669,149412,41165,0.808165384740207,0.10500070145008869,4.428677430267581e-06,0.04942658558674197,149411.99999999994,41165.00000000003,0.049426549103513656,0.00043592134120688206,0.00014900525228111602,0.00017628112155402732
0.6508544083875483,551.28944,124255845.83333336,149320,41065,0.8076677592790922,0.10474562869058404,4.436728399398243e-06,0.049456258600265694,149319.99999999997,41065.00000000003,0.04945622202893882,0.00040704045805227,0.00019807290131727405,0.0001464960373347456
0.6529173904371027,550.340596,123372302.50000003,149063,40773,0.8062776533714126,0.10400081623283047,4.4608115828915475e-06,0.049547610489025985,149062.99999999997,40773.00000000004,0.0495475736519829,0.0004074936562356908,0.00015048553693064066,0.00013110744562449872
0.6530814303666828,550.2926,123326915.00000003,149050,40758,0.806207336730168,0.10396255531890478,4.462064100119587e-06,0.0495524051386153,149049.99999999994,40758.00000000003,0.0495523682864688,0.0004378201702811651,8.970968366295023e-05,0.0
0.6553775028140807,549.436056,122283002.50000003,148818,40413,0.804952455132574,0.10308255429861374,4.493151499121882e-06,0.04968600848013467,148817.99999999994,40413.00000000004,0.04968597127029142,0.00042944563108318374,0.00020579104826892793,9.155799949804221e-05
0.6556605646226591,549.325296,122183150.00000003,148788,40380,0.8047901859604712,0.10299838028797721,4.495916957452806e-06,0.04969628671685825,148787.99999999994,40380.00000000004,0.04969624947699332,0.0004677148846424506,0.0,0.00015411074199658397
0.6577729332908836,548.435524,121357097.50000003,148547,40107,0.8034866236112463,0.10230203165452952,4.5191878785663924e-06,0.04978436674535499,148546.99999999994,40107.00000000004,0.049784329247771715,0.0004569575731439401,0.00012476519308133625,0.00012300693938808486
0.6588033942816113,548.066324,120997023.33333336,148447,39988,0.8029457263709041,0.10199849507071898,4.52958518235724e-06,0.04982482413555919,148446.99999999997,39988.00000000003,0.04982478652158161,0.00048212890973874247,0.0,0.00019029876473444728
0.6602805998195115,547.471912,120400934.16666669,148286,39791,0.8020748818139529,0.10149600173449481,4.5470736235497496e-06,0.049893838203625404,148285.99999999994,39791.00000000003,0.0498938003898285,0.0004594888483061209,0.0,0.0
0.6618605690578925,546.870116,119810896.66666669,148123,39596,0.8011932193121951,0.10099860985346075,4.564443896296688e-06,0.04996156485783109,148122.99999999997,39596.00000000003,0.04996152684917627,0.0004326363262756218,8.06415080046169e-05,0.0
0.6628558002528282,546.54522,119414512.50000003,148035,39465,0.8007172297406938,0.10066446453850966,4.576874356037754e-06,0.05001468586158482,148034.99999999997,39465.00000000004,0.05001464770915719,0.0004442357797688651,0.0,0.0
0.6648845958020331,545.64068,118624770.00000003,147790,39204,0.7993920315018552,0.09999872463620253,4.599719603249809e-06,0.0500978455836831,147789.99999999994,39204.00000000004,0.050097807179491534,0.0003792137956908116,0.00010688085968294417,0.00011704467828002115
0.6651657025060157,545.5336120000001,118497685.00000003,147761,39162,0.7992351713021562,0.09989159407721059,4.603749111216814e-06,0.050114866869861066,147760.99999999997,39162.00000000003,0.05011482841616987,0.0004544294349357127,5.001473366312398e-05,0.00010700589803053392
0.667544479178752,544.481392,117614141.66666669,147476,38870,0.7976936141671805,0.099146781619457,4.629387115225727e-06,0.050205728165269824,147476.0,38870.00000000002,0.050205689427887605,0.0005117579111591846,0.0,0.0
0.6679783845120141,544.248796,117438643.33333334,147413,38812,0.7973528489057649,0.0989988394189443,4.634324618815844e-06,0.050221764147266694,147412.9999999999,38812.000000000015,0.05022172535611862,0.0004077466587604939,0.0,9.792334061494218e-05
0.6696919863938343,543.399636,116754805.00000001,147183,38586,0.7961087852529777,0.0984223749824638,4.654195054327742e-06,0.05029003776489629,147182.99999999994,38586.000000000015,0.050289998755992445,0.0004572870550894913,0.0,0.0
0.6710193914461613,542.794148,116252516.66666669,147019,38420,0.7952217137788162,0.09799895420168608,4.669095891974237e-06,0.05034240684169218,147018.9999999999,38420.00000000002,0.050342367665097636,0.0004359496603644822,0.0,8.991569990471925e-05
0.6719201398100677,542.347416,115871261.66666669,146898,38294,0.7945672281180021,0.09767756252471023,4.680603354093106e-06,0.050383659398790484,146897.9999999999,38294.00000000002,0.05038362009595559,0.0005078224707240341,0.0,0.0
0.6738896628896136,541.50564,115066390.00000001,146670,38028,0.7933339824100217,0.09699906898442785,4.706027885293003e-06,0.050481091924436755,146669.9999999999,38028.00000000002,0.05048105233050339,0.0004623730342607943,0.0,8.964795893486735e-05
0.6741858536015758,541.372728,114927201.66666669,146634,37982,0.7931392594034986,0.09688173551505572,4.710570867027549e-06,0.050499253466957605,146633.99999999997,37982.00000000003,0.05049921381913439,0.0004952819248566649,0.00014022189068714104,4.956136818219065e-05
0.6765507384137383,540.357428,114013400.00000001,146359,37680,0.7916517919925573,0.09611141578135167,4.739420348836189e-06,0.050606135891885534,146358.99999999994,37680.00000000002,0.050606095916093045,0.0004622667973473453,0.0,0.0
0.6768728163070215,540.191288,113880263.33333336,146314,37636,0.7914083882344032,0.09599918376716964,4.743502273250216e-06,0.050620140286431074,146313.99999999994,37636.00000000002,0.05062010026637484,0.0004954780464415177,0.00018398719903143658,7.722460286734195e-05
0.6788324097863335,539.275672,113154063.33333336,146066,37396,0.7900669630783543,0.09538700914435848,4.765853351738524e-06,0.05069624018516802,146065.99999999994,37396.00000000002,0.05069619991802754,0.0004450341747772738,0.0,0.0
0.6798979276718119,538.817864,112694136.66666669,145942,37244,0.7893962505003299,0.0949992985499114,4.781241331070728e-06,0.05075646009402199,145941.99999999994,37244.00000000002,0.05075641964929533,0.000506814967525062,0.00018108905123240184,0.0002078162367322136
0.6810506015310878,538.16438,112318933.33333334,145765,37120,0.7884388623849242,0.09468300832812564,4.791395039364096e-06,0.05077950512455251,145764.99999999997,37120.00000000002,0.05077946457174595,0.0004803178457638288,0.00015752627114831575,0.00012694135692048114
0.6831558330497157,537.219228,111508010.00000003,145509,36852,0.787054165449648,0.0939994133326532,4.817763566940168e-06,0.050874308094736025,145508.99999999997,36852.00000000003,0.05087426724402237,0.0005022017326462722,0.0001812855283033047,7.499202006482193e-05
0.6833735243765596,537.134312,111417235.00000003,145486,36822,0.7869297590843692,0.0939228915048018,4.820926600808213e-06,0.050886983531425976,145485.99999999994,36822.00000000003,0.05088694264393277,0.00048148281771905554,0.00023456850449505993,0.00015339286516797204
0.6855871084990959,536.04148,110566975.83333336,145190,36541,0.785328703252956,0.09320613705059373,4.8481155965414044e-06,0.05097833912144585,145189.99999999994,36541.00000000002,0.05097829793218207,0.0004334176752411311,0.00019003965046975884,0.0002079045267916593
0.6862068783813688,535.76458,110321883.33333336,145115,36460,0.7849230303226994,0.09299952811539497,4.856376303704024e-06,0.05100857193331273,145114.99999999994,36460.00000000002,0.05100853064693758,0.00048037244364486224,0.00013439075713953357,0.00011883732980691744
0.6878968280278902,534.948648,109716716.66666669,144894,36260,0.783727647421543,0.09248938259638567,4.875725999213428e-06,0.05107115654944259,144893.99999999997,36260.00000000002,0.05107111504734536,0.0005033957155525185,0.00025013960048932084,0.00015861015195481554
0.6894077589027445,534.180712,109135756.66666669,144686,36068,0.7826025811616308,0.09199964289813674,4.8946443247885106e-06,0.051133399949566095,144685.99999999994,36068.00000000003,0.05113335823602283,0.0005111668500792863,0.0,0.0
0.6900513982600043,533.829972,108887638.33333336,144591,35986,0.7820887287833057,0.09179048323534293,4.902576455610211e-06,0.05115801258870655,144590.99999999994,35986.00000000003,0.0511579707887377,0.00046026701046654315,0.0,6.236089215116863e-05
0.6923278823256434,532.844208,107949630.00000001,144324,35676,0.7806445331515919,0.0909997576808785,4.936044783108565e-06,0.05128491857367052,144323.99999999994,35676.00000000003,0.051284876382374,0.0004923417854756642,0.0001153833947684435,0.00011211482314814092
0.6923286992059405,532.844208,107949630.00000001,144324,35676,0.7806445331515919,0.0909997576808785,4.936044783108565e-06,0.05128491857367052,144323.99999999994,35676.00000000003,0.051284876382374,0.0004923417854756642,0.0001153833947684435,0.00011211482314814092
0.6944704173075422,531.817832,107044905.83333336,144046,35377,0.7791408388234403,0.09023709012995962,4.9681750650332585e-06,0.05140198529320094,144045.9999999999,35377.00000000002,0.051401942730945296,0.0005000991647448753,0.0001366979488383647,4.343843064785309e-05
0.6951912777797383,531.456016,106763503.33333336,143948,35284,0.7786107595279049,0.0899998724636203,4.97788101183516e-06,0.05143466545698497,143947.9999999999,35284.00000000003,0.05143462278546764,0.0004979778422424418,0.00011050536934253855,1.5980753527575795e-05
0.6966069955211818,530.754536,106170440.00000001,143758,35088,0.7775830547712547,0.08949992985499118,4.999080120606074e-06,0.051510042223231585,143757.99999999994,35088.00000000002,0.05150999930744681,0.0005164240155768971,0.0001368977301007254,0.0
0.6983082806431427,529.9496800000001,105577376.66666669,143540,34892,0.7764038987873085,0.08899998724636207,5.019538245141091e-06,0.0515761833287447,143539.99999999997,34892.00000000003,0.05157614017901071,0.0005024569221003058,0.00020179095402179974,0.00013801744093359957
0.6988898473910833,529.639552,105338335.83333336,143456,34813,0.7759495451054209,0.0887984797663534,5.0279848054368105e-06,0.05160445348818606,143455.99999999994,34813.00000000002,0.05160441024479691,0.0004649861036075106,5.699073174144419e-05,0.0
0.7011636406715963,528.506108,104521360.83333336,143149,34543,0.7742889905775702,0.08810978331569085,5.056441131136248e-06,0.051694874238631595,143148.99999999997,34543.00000000002,0.051694830671387026,0.0005146425311111319,0.0,5.84749113998714e-05
0.7015545111633595,528.30674,104391250.00000001,143095,34500,0.7739969060677853,0.08800010202910384,5.060833546872941e-06,0.05170756688175417,143094.99999999994,34500.00000000002,0.051707523267184315,0.0004817236114638057,7.758573313310365e-05,0.0
0.7033912230939995,527.461272,103634791.66666669,142866,34250,0.7727582513874015,0.08736242013034222,5.089615789420781e-06,0.051812886604388,142865.99999999994,34250.00000000002,0.051812842653724676,0.0005339003127763402,0.0001310870631999488,0.00015608002879494317
0.7045270610688733,526.8484,103205123.33333336,142700,34108,0.7718603619684332,0.08700021681184562,5.104866725447124e-06,0.05186030145029101,142699.9999999999,34108.00000000002,0.051860257328104446,0.000548225312355236,0.00019793358802249026,0.0
0.7055455290232607,526.2946000000001,102845049.16666669,142550,33989,0.7710490161079199,0.08669668022803509,5.117354741569597e-06,0.051896398398853016,142549.99999999997,33989.00000000002,0.05189635413707627,0.0005234995155804059,8.385728379308209e-05,0.0001009492565144488
0.7077296455210691,525.135312,102049255.00000001,142236,33726,0.7693505987732451,0.08602583887053786,5.145900496774817e-06,0.05198359417061116,142235.99999999994,33726.00000000002,0.051983549588462505,0.0005403684549973148,0.00024021880535149065,0.00015076656838771256
0.7078104752631941,525.083624,102018996.66666669,142222,33716,0.7692748731595971,0.0860003315945874,5.146920094849001e-06,0.051986185240328386,142221.99999999994,33716.00000000002,0.05198614064572702,0.0004747261226499416,0.00012186280106281463,0.0
0.7099281755247953,524.02402,101214125.00000001,141935,33450,0.7677224980798147,0.08532183805430503,5.17738033105557e-06,0.052087154406328155,141934.9999999999,33450.00000000002,0.05208710945967787,0.0005034125683799254,0.00014785907091216955,4.895314801440723e-05
0.7110059705829288,523.418532,100832870.00000001,141771,33324,0.7668354266056535,0.08500044637732918,5.190951442719026e-06,0.05212523557578685,141770.99999999997,33324.00000000002,0.05212519047849423,0.00048451418912331463,0.00016679325312216392,0.0
0.712162198362631,522.857348,100424382.50000001,141619,33189,0.7660132628003332,0.0846560981519979,5.206478098085392e-06,0.05217514092731338,141618.99999999994,33189.00000000002,0.05217509565221158,0.000528024544317561,0.0,0.0
0.7141976034162691,521.738672,99646743.33333336,141316,32932,0.764374344162096,0.08400056116007096,5.235882825138656e-06,0.05226626590771002,141315.9999999999,32932.00000000003,0.05226622029766541,0.0005407060371533945,0.0,0.0
0.7142527145085499,521.7091360000001,99619510.83333336,141308,32923,0.7643310723828688,0.08397760461171554,5.237017644794866e-06,0.05227045007155271,141307.99999999997,32923.00000000002,0.052270404447684854,0.0005518165086332004,0.0002175978935544435,0.0
0.7164591930091474,520.642148,98748070.83333334,141019,32635,0.7627678793582796,0.08324299506434214,5.272428550819368e-06,0.05239321068492675,141018.99999999997,32635.00000000002,0.0523931646465415,0.0005108492192749189,0.00012711128849071085,0.00010862352645592244
0.7171478072105493,520.302484,98460616.66666669,140927,32540,0.7622702538971647,0.08300067594281273,5.284371575301597e-06,0.05243540461375705,140926.99999999997,32540.000000000022,0.05243535843365793,0.0005183165296859025,0.00021530751853839043,0.00013892645486231507
0.7187397520164734,519.541932,97903863.33333334,140721,32356,0.7611560055820595,0.08253134206532417,5.306654041129258e-06,0.05250742131340961,140720.99999999994,32356.00000000002,0.05250737487504879,0.0005516262003263897,0.000107679009668194,0.00014623851777818286
0.7202834582487202,518.685388,97274490.00000001,140489,32148,0.7599011239844654,0.08200079072555451,5.332183062589173e-06,0.05259016486669436,140488.99999999994,32148.000000000022,0.05259011812925317,0.0005278840931325577,0.00018045654022972224,0.0
0.7207759284135411,518.382644,97108069.16666669,140407,32093,0.7594575882473849,0.08186050070782695,5.338203595731054e-06,0.05260448739570961,140406.99999999997,32093.000000000025,0.0526044405932132,0.0005405008568321857,0.0001905903554964353,7.6045688573309e-05
0.7226811789543137,517.2492,96291094.16666669,140100,31823,0.757797033719534,0.0811718042571644,5.371724191904108e-06,0.05271166892522988,140099.99999999994,31823.000000000025,0.05271162173331833,0.0005222540368133213,0.00015435455845854524,0.00011532445977610301
0.7231504932714544,516.979684,96085337.50000001,140027,31755,0.7574021787340841,0.08099835478070123,5.380422210620845e-06,0.05274058185338256,140026.99999999994,31755.000000000022,0.0527405345586883,0.0005132356498310002,0.00011118662946267236,0.0
0.7246859623406404,516.03084,95543713.33333334,139770,31576,0.7560120728264045,0.08054177454118791,5.400992090391853e-06,0.052792788193448015,139769.99999999994,31576.00000000002,0.05279274067062787,0.0005641942636306937,0.0,0.0
0.7263080720129333,515.196448,94899210.83333334,139544,31363,0.754789645063231,0.079998469563443,5.428880213817725e-06,0.05288610217038473,139543.99999999994,31363.000000000015,0.05288605431826581,0.0005501518989595817,0.0,0.0
0.7267857595473803,514.9417,94690428.33333334,139475,31294,0.7544164259673947,0.07982246935938479,5.438160002690873e-06,0.052918194948974234,139474.99999999994,31294.000000000015,0.05291814698644598,0.0005712480116597709,0.0,0.0
0.7289126849538484,513.808256,93873453.33333334,139168,31024,0.7527558714395439,0.07913377290872224,5.4734138114161915e-06,0.05303098344185281,139167.99999999994,31024.000000000015,0.053030935064735156,0.0005364547816553021,2.5822529057150023e-05,0.0
0.7294018301088327,513.5682760000001,93713084.16666669,139103,30971,0.7524042882333216,0.07899858434618479,5.4802195506299855e-06,0.053051549522314015,139103.0,30971.00000000002,0.05305150106866009,0.0005408767077584088,0.00013697999619986494,0.0001799863951018799
0.7309772543600505,512.6268160000001,93098840.00000001,138848,30768,0.7510250002704487,0.07848078664439036,5.506264267095057e-06,0.05312869958219864,138848.0,30768.000000000022,0.053128650825025,0.0005494375235325935,0.0001389438768595768,3.574564981028824e-05
0.732388822621874,511.66689600000007,92526957.50000001,138588,30579,0.7496186674455588,0.07799869912892657,5.529922412071098e-06,0.05319284007933072,138587.99999999997,30579.000000000022,0.05319279105319322,0.0005409468852053681,0.00012090363599262139,0.000101691580617863
0.7328363280060539,511.40476400000006,92354485.00000001,138517,30522,0.7492346304049158,0.07785330765600891,5.537411247542553e-06,0.05321520921898593,138516.99999999997,30522.00000000002,0.05321516010693305,0.000545386091394666,0.00022406007553951745,0.0
0.734767290338593,510.21224800000005,91585923.33333334,138194,30268,0.7474875323186102,0.0772054228468671,5.570858811381385e-06,0.05331341667390587,138193.99999999997,30268.00000000002,0.05331336717407224,0.0005765448519263329,0.0,0.0
0.7353629905692405,509.9168880000001,91340830.83333334,138114,30187,0.7470548145263364,0.07699881391166834,5.582573350251531e-06,0.05335399169501749,138114.0,30187.000000000015,0.05335394205264398,0.0005382431547184939,0.0,7.494665787086919e-05
0.7367433596514575,509.08988000000005,90759870.83333334,137890,29995,0.7458432047079697,0.07650907421341942,5.609195730730666e-06,0.0534376719314585,137889.99999999997,29995.00000000001,0.05343762197483629,0.0005504732728293882,0.0,0.0
0.7380218135371702,508.35517200000004,90154704.16666669,137691,29795,0.7447668191996886,0.07599892869441012,5.638698243191136e-06,0.053539344554014934,137690.99999999997,29795.000000000022,0.05353929423801441,0.0005547439323054609,0.00019517434080044215,0.0001605899233200222
0.7385978589945336,507.98966400000006,89915663.33333334,137592,29716,0.7442313309317496,0.07579742121440144,5.649623715912456e-06,0.05357191851308669,137592.0,29716.000000000015,0.05357186807072717,0.0005831251733020017,0.0,0.0
0.740522114657721,506.73438400000003,89198540.83333334,137252,29479,0.7423922803145859,0.07519289877437542,5.680971675835242e-06,0.05365392513764318,137251.99999999997,29479.000000000015,0.053653874337294294,0.0005790843435799619,0.00013676460820303033,0.0
0.7411450947552196,506.31718800000004,88968577.50000001,137139,29403,0.7417810664329991,0.07499904347715189,5.690966431378539e-06,0.053678991426236555,137138.99999999997,29403.00000000002,0.05367894051225731,0.0005826791807463722,0.00014762209066384774,0.00014616858781448666
0.7424197629580283,505.48648800000007,88475366.66666669,136914,29240,0.740564047642229,0.07458327487915932,5.713301984996953e-06,0.05374008704197956,136914.0,29240.000000000022,0.053740035869747384,0.0005423294897695311,0.00013132545882741783,0.00010129127087977938
0.7443887400255107,504.19428800000003,87788502.50000001,136564,29013,0.738670907301031,0.07400425971508376,5.743283842892752e-06,0.05381199594838696,136563.99999999997,29013.00000000002,0.05381194443878564,0.0005921830146461436,0.00020460455273198268,0.0
0.7443954640061851,504.186904,87782450.83333334,136562,29011,0.7386600893562242,0.07399915825989367,5.743595664209307e-06,0.05381306268709777,136561.99999999997,29011.00000000001,0.05381301117299105,0.0005912795374522728,0.00014645984668698508,0.0
0.7462431489802255,503.06084400000003,86971527.50000001,136257,28743,0.7370103527731802,0.07331556326442121,5.784201548029612e-06,0.05394261128845992,136256.99999999997,28743.00000000002,0.05394255928744183,0.0005726144170127663,0.0,0.00010322697477929232
0.7473065923451803,502.44058800000005,86596324.16666669,136089,28619,0.7361016454094053,0.07299927304263545,5.802100641512025e-06,0.05399269263480457,136088.99999999997,28619.000000000025,0.0539926404223643,0.0005720981373261671,0.00020394578890714686,0.00012646189980820404
0.7482719462991734,501.82402400000007,86239275.83333334,135922,28501,0.7351983470180337,0.07269828718641996,5.818973074053044e-06,0.05403795410236169,135921.99999999997,28501.00000000001,0.054037901695151526,0.0006037712036146922,0.0,0.0001201926048014023
0.7502256475789983,500.62043200000005,85479791.66666669,135596,28250,0.7334350220145178,0.0720580545600633,5.856593964947855e-06,0.054147304649269375,135595.99999999997,28250.000000000025,0.05414725179732226,0.0005903269437686745,0.00020872214021849724,0.00021152139260359706
0.7504907147829453,500.43583200000006,85410197.50000001,135546,28227,0.7331645733943466,0.07199938782537722,5.859204716158161e-06,0.05414938584129032,135546.0,28227.00000000002,0.05414933296192607,0.0005882789010860401,0.00013998024895255887,0.0001013170746023983
0.7520676675904976,499.32823200000007,84792927.50000001,135246,28023,0.7315418816733198,0.07147903939598774,5.888795760707755e-06,0.05422584232451626,135245.99999999997,28023.00000000002,0.054225789105231265,0.0005918782208937124,9.696139774459837e-05,8.71633121518265e-05
0.7536125562246956,498.37200400000006,84224070.83333334,134987,27835,0.7301409578208333,0.07099950260811899,5.9172158157280555e-06,0.05430446302271008,134987.0,27835.00000000001,0.05430440946849531,0.0005820845968771271,0.0,0.0
0.7541095948607816,498.14679200000006,84018314.16666669,134926,27767,0.7298110105042245,0.07082605313165584,5.929026271722483e-06,0.05434634685921654,134925.99999999997,27767.000000000022,0.05434629315514761,0.0005974336483252667,9.836317679670502e-05,8.667611281462565e-05
0.755978055676931,496.87305200000003,83316320.83333334,134581,27535,0.7279449150250435,0.07023428432960505,5.963694112152995e-06,0.054435272523428134,134580.99999999997,27535.000000000015,0.05443521841712874,0.0005998726006567085,0.00015067370241665475,0.00019591090163572998
0.756731990330092,496.34878800000007,83037944.16666669,134439,27443,0.7271768409437577,0.06999961739086079,5.97737327171505e-06,0.0544689083683468,134439.0,27443.000000000022,0.054468854104649564,0.0005946732749574164,0.0,0.0
0.7577712121400568,495.61777200000006,82599198.33333334,134241,27298,0.7261058644078799,0.06962976188957903,6.000273392483894e-06,0.05453294536492366,134241.0,27298.00000000002,0.05453289082988144,0.0005989428503923295,0.00011868137789307252,0.00016332183947439225
0.7598527609336923,494.3108040000001,81924437.50000001,133887,27075,0.7241910881770682,0.06906094963588368,6.033740591749561e-06,0.054612664859308616,133887.0,27075.00000000002,0.05461260993815748,0.0005891536772384253,0.0,0.00010407344292304953
0.7601419895629976,494.0819000000001,81851817.50000001,133825,27051,0.7238557318880561,0.06899973217360256,6.036297239215244e-06,0.054611584933200966,133824.99999999997,27051.00000000002,0.054611529991606275,0.0006022936662545809,0.0001595203351672586,0.0
0.7616396037322648,492.98906800000003,81261780.00000001,133529,26856,0.7222546760566428,0.06850234029256849,6.066678184996685e-06,0.054688262216653474,133528.99999999997,26856.000000000015,0.05468820692123623,0.0006199705388249831,0.0001496169780352906,0.00010069245068968683
0.7633242315585569,491.84085600000003,80665690.83333334,133218,26659,0.7205724856391783,0.06799984695634433,6.09727445359902e-06,0.054762109953188205,133217.99999999997,26659.000000000015,0.054762054303643774,0.0006269193608108944,0.0,2.1117717118012306e-05
0.7634998704998313,491.67840800000005,80590045.00000001,133174,26634,0.7203344908534277,0.06793607876646816,6.100981926489803e-06,0.05476970951952621,133173.99999999997,26634.00000000002,0.05476965382794614,0.000596966907992214,0.00017699601749115028,0.0
0.7653557032720099,490.38620800000007,79903180.83333334,132824,26407,0.7184413505122298,0.06735706360239262,6.137255149114475e-06,0.05486005176904887,132823.99999999997,26407.00000000002,0.05485999565430654,0.000618951211037432,0.00016955828390145656,0.00017085760922527012
0.7663623062380093,489.71057200000007,79479564.16666669,132641,26267,0.7174515085624035,0.06699996173908611,6.161465241217089e-06,0.05493027095904898,132641.0,26267.000000000022,0.054930214551910266,0.0006336714820316383,0.0,9.86283613728092e-05
0.767112809271913,489.14200400000004,79176980.83333334,132487,26167,0.7166185268122763,0.06674488897958146,6.1778309661698075e-06,0.054971234470089496,132486.99999999997,26167.00000000002,0.05497117786875543,0.0006481310298101446,0.00014501145722136487,0.00016415533826732358
0.768782800493762,487.87195600000007,78471961.66666669,132143,25934,0.7147578403054988,0.06615056944993564,6.2171499939352e-06,0.05507425104607919,132142.99999999997,25934.000000000022,0.05507419397905311,0.0005977061355344425,0.0,0.0
0.7692502485111758,487.55444400000005,78293437.50000001,132057,25875,0.7142926686788045,0.06600007652182789,6.227270887167267e-06,0.05510112154058413,132056.99999999997,25875.00000000002,0.05510106435297158,0.0006339606103409447,0.0002567773188873072,0.0
0.7706506045016163,486.60190800000004,77766942.50000001,131799,25701,0.7128971537987214,0.0655562499202898,6.257181938199511e-06,0.055179313785430686,131798.99999999997,25701.00000000002,0.05517925624095084,0.0006307107773643069,1.908869074836886e-05,6.242959147676878e-05
0.7722300173258111,485.413084,77107310.83333334,131477,25483,0.7111554646848193,0.06500019130456966,6.29529260914332e-06,0.05527944826141688,131476.99999999997,25483.00000000002,0.05527939026258288,0.0006336987649750972,0.0001570938754937312,0.00013561883129471018
0.7723125803501144,485.33924400000006,77055871.66666669,131457,25466,0.7110472852367509,0.06495682893545388,6.2985368084539e-06,0.055289484469663745,131456.99999999997,25466.000000000022,0.0552894264295427,0.0006418175195143675,0.00015468334063534791,3.282433098036427e-05
0.774040479669184,484.03966,76375059.16666669,131105,25241,0.709143326950746,0.06438291522656842,6.337666579658186e-06,0.055386658830544305,131104.99999999997,25241.000000000022,0.05538660032714997,0.0006096250751985424,8.470867155045904e-05,0.0
0.7753346596844041,483.05389600000007,75921184.16666669,130838,25091,0.7076991313190322,0.06400030608731144,6.362570622444079e-06,0.055438835916230764,130837.99999999997,25091.00000000002,0.05543877712702046,0.0006335979070195041,0.00015024781288139872,2.4807354146878898e-05
0.7758203748878155,482.68838800000003,75736608.33333334,130739,25030,0.7071636430510932,0.0638447117040136,6.373250646181343e-06,0.055464349637629674,130738.99999999996,25030.000000000015,0.055464290724592254,0.0006485928138854712,0.0001565047348305888,0.00013375931624465148
0.7776621098207086,481.34080800000004,75098157.50000001,130374,24819,0.7051893681238439,0.06330650818145879,6.409488914558256e-06,0.055544113756549524,130373.99999999996,24819.000000000015,0.055544054422846705,0.0006502746961168857,0.00015666998416388313,3.186751827213625e-05
0.7786775758135642,480.5876400000001,74735057.50000001,130170,24699,0.7040859377535457,0.06300042087005321,6.430551552061093e-06,0.0555917583307398,130170.0,24699.00000000002,0.05559169875040328,0.0006685031649460955,4.8480176006653754e-05,0.0
0.779404180071857,480.02645600000005,74429448.33333334,130018,24598,0.7032637739482254,0.06274279738295352,6.449415745367274e-06,0.05564072414625147,130017.99999999997,24598.000000000015,0.055640664338019764,0.0006542991533482357,0.00018785098719520285,6.019142335846824e-05
0.7810106551410946,478.66410800000006,73800075.00000001,129649,24390,0.7012678631313624,0.06221224604318385,6.485956931615584e-06,0.055718890775016246,129648.99999999999,24390.000000000015,0.05571883054235771,0.0006380542096700041,0.00017604260733747565,0.00010328716146005525
0.7817471189809186,478.091848,73548930.83333334,129494,24307,0.7004294724088318,0.06200053565279499,6.500323561240981e-06,0.0557472125221669,129493.99999999997,24307.000000000015,0.05574715212618253,0.0006584370619483331,0.00012428034187684218,8.200153917197115e-05
0.7827873286219587,477.27960800000005,73188856.66666669,129274,24188,0.6992394984800788,0.061696999068984466,6.521205955897565e-06,0.05578923392840285,129273.99999999999,24188.000000000022,0.05578917329202096,0.0006665360832796694,8.385735975947535e-05,0.0
0.7843563619552155,475.93572000000006,72544354.16666669,128910,23975,0.6972706325252329,0.061153694091239566,6.560616955891064e-06,0.05587872541984312,128909.99999999997,23975.00000000002,0.055878664320180536,0.0006645955810958572,0.00013820145624797675,0.0
0.7847660293976068,475.60713200000004,72362804.16666669,128821,23915,0.6967892339813283,0.06100065043553678,6.5725359523737805e-06,0.05591015090549643,128820.99999999999,23915.000000000025,0.05591008965988951,0.0006580960173413237,7.077634053269578e-05,0.0001089525394808324
0.785971224714329,474.628752,71869593.33333334,128556,23752,0.6953558562944212,0.06058488183754419,6.604027238593901e-06,0.05598625908584918,128555.99999999996,23752.00000000002,0.055986197463349235,0.000660951653408179,5.125498908044617e-07,0.00010220155579312133
0.787635364884116,473.288556,71222065.00000001,128193,23538,0.6933923993119787,0.06003902613220424,6.6452518050410355e-06,0.05608138399740385,128192.99999999997,23538.00000000002,0.056081321885709474,0.0006631544348041502,0.00011025901421805287,0.0001151336378319616
0.7877082882151417,473.2442520000001,71176677.50000001,128181,23523,0.6933274916431378,0.060000765218278546,6.648866856703166e-06,0.05609401057375093,128180.99999999999,23523.000000000015,0.05609394841360586,0.0006692631035515016,0.00015020704008148898,0.0
0.7893092161465045,471.91144,70604795.0,127820,23334,0.691374852605502,0.05951867770281475,6.683844064698439e-06,0.05616210891078871,127819.99999999997,23334.000000000007,0.05616204634747377,0.0006777318383451944,0.00010056293392830743,0.0
0.7906736459829161,470.82599200000004,69990550.83333334,127526,23131,0.6897846147188957,0.05900088000102032,6.7269936640613904e-06,0.0562782681419695,127525.99999999997,23131.000000000015,0.0562782050449661,0.0006726630523953684,0.00018970973949595043,0.00018523779736895265
0.7908902845706759,470.64139200000005,69899775.83333334,127476,23101,0.6895141660987246,0.05892435817316893,6.733088717225381e-06,0.05629271930129551,127475.99999999999,23101.000000000015,0.05629265613019321,0.0006736768841020239,0.0001959665025214349,0.00013907653545781542
0.7925215589174759,469.24950800000005,69294609.16666669,127099,22901,0.6874749835026343,0.058414212654159636,6.771803949010895e-06,0.056370787393346035,127098.99999999997,22901.000000000022,0.0563707237706772,0.0006708739295375916,0.00011094017406508409,7.004888439020414e-05
0.7938452522232984,468.11606400000005,68801398.33333334,126792,22738,0.6858144289747835,0.057998444056167046,6.803874272032116e-06,0.05643582943640095,126791.99999999997,22738.00000000001,0.056435765439123244,0.0006754021179977119,0.00015078690129819995,0.0001505537323100448
0.7941743274105925,467.85393200000004,68692468.33333334,126721,22702,0.6854303919341405,0.057906617862745376,6.810847584188087e-06,0.05644893110161695,126720.99999999997,22702.00000000001,0.05644886702346707,0.0006878372471846467,0.00020539217034590892,0.00020671201256702946
0.7956970129479024,466.406668,68132689.16666667,126329,22517,0.6833100747519987,0.05743473325766177,6.845563762485181e-06,0.05650501380446037,126328.99999999997,22517.00000000001,0.056504949336749,0.0006921785159437425,4.0733165895201694e-05,0.0
0.7969966879174322,465.251072,67615271.66666667,126016,22346,0.6816170663897273,0.05699855883890882,6.880857837762144e-06,0.05658026586450827,126015.99999999996,22346.000000000007,0.05658020097793972,0.0006865426519620413,0.00014745888888777336,0.0
0.7972593485891759,465.048012,67500290.0,125961,22308,0.6813195729075391,0.05690163119029705,6.889570578141221e-06,0.056603719850362,125960.99999999997,22308.000000000004,0.056603654856358675,0.0006929844072075849,0.00016744030831122476,0.0001259891716493004
0.7989517338938625,463.64136,66910252.50000001,125580,22113,0.679258754421835,0.05640423930926299,6.9293022022297696e-06,0.05668078243013946,125579.99999999997,22113.00000000001,0.05668071697006294,0.000693319947037276,0.00016216308982241787,0.0001504872732099748
0.8001742394787063,462.530068,66429145.00000001,125279,21954,0.6776306537284047,0.0559986736216506,6.962758108658481e-06,0.05674931701320606,125278.99999999996,21954.00000000001,0.05674925115855525,0.0006967518607459528,0.00012575185320232466,0.00018585061637265516
0.8005147367908594,462.23470800000007,66317189.16666667,125199,21917,0.677197935936131,0.055904296700633876,6.970058800868709e-06,0.056760929296148586,125199.0,21917.00000000001,0.056760863358415084,0.0007056225875083379,0.00011804626705924383,0.0
0.8021489585738247,460.82436400000006,65727151.66666667,124817,21722,0.6751317084780234,0.05540690481959981,7.0111719786224325e-06,0.05684117229564591,124817.0,21722.00000000001,0.05684110587534577,0.0006986564975830294,3.708146987987197e-05,9.240170028947204e-05
0.8033773508001982,459.67984400000006,65243018.33333334,124507,21562,0.6734549270329624,0.05499878840439238,7.045655699916397e-06,0.056909980785581724,124506.99999999999,21562.000000000015,0.056909913957617575,0.0006929720765561648,0.00017384654513272863,0.0
0.8036722055809575,459.40294400000005,65146191.66666667,124432,21530,0.6730492541027057,0.054917165121350885,7.05187720489673e-06,0.056917951022994934,124431.99999999999,21530.000000000007,0.056917884126401634,0.0007027186589888978,0.0001588702971740611,0.00011950193991984877
0.8052146223346176,457.97783200000003,64568257.50000001,124046,21339,0.6709613907549844,0.05442997615069701,7.0929253743606135e-06,0.05699475928089759,124045.99999999999,21339.00000000001,0.056994691903714575,0.0007219310090628129,9.426458853030169e-05,0.0
0.8065487359643867,456.87023200000004,64056891.66666667,123746,21170,0.6693386990339576,0.05399890318713415,7.132257281190276e-06,0.057083412991350564,123745.99999999997,21170.000000000007,0.05708334513667062,0.0007336154275689114,0.00011954404020769064,0.00010543164469875902
0.8068199046662334,456.59333200000003,63957039.16666667,123671,21137,0.6689330261037009,0.05391472917649762,7.139063001496304e-06,0.05709333203808584,123670.99999999999,21137.000000000007,0.05709326410599831,0.0007199612657703185,0.00013824862641169652,7.198361938274097e-05
0.8084309281496036,455.24206000000004,63318588.33333334,123305,20926,0.6669533422040481,0.05337652565394281,7.189706403488201e-06,0.057210634972172436,123304.99999999996,20926.000000000015,0.057210566417563974,0.000713558613629669,0.00019821530967893304,0.00017643380563990414
0.8096065214856859,454.18984000000006,62870765.00000001,123020,20778,0.6654117850690727,0.05299901796987593,7.224181859406355e-06,0.05728132333365454,123020.0,20778.00000000001,0.05728125436499855,0.0007085071937228558,0.0002138570862014008,0.00015962408226216372
0.8099973834820249,453.83540800000003,62725525.00000001,122924,20730,0.6648925237183441,0.0528765830453137,7.235258820073646e-06,0.05730285017862306,122923.99999999996,20730.00000000001,0.057302781078733774,0.0007067390089974871,8.192349351007491e-05,0.0
0.8115068977637956,452.413988,62144565.000000015,122539,20538,0.6628100693430262,0.05238684334706478,7.2800250190825205e-06,0.05738976521665601,122538.99999999997,20538.00000000002,0.05738969558463833,0.0007279142772277817,0.0001737605276375403,0.0
0.8127924315607626,451.24731600000007,61684638.33333334,122223,20386,0.6611008340635447,0.05199913275261771,7.315392100729131e-06,0.05745477396127864,122223.0,20386.000000000015,0.0574547039114861,0.000732156626898244,0.00014990015807578072,0.00016092147937964474
0.813072515951807,450.97041600000006,61581760.000000015,122148,20352,0.660695161133288,0.05191240801438613,7.3231167150792696e-06,0.05746746028332775,122148.0,20352.000000000015,0.057467390144118294,0.0007362090062375034,0.0001623596733879034,7.93239170910858e-05
0.8145260032251476,449.55268800000005,60997774.16666668,121764,20159,0.6586181157303737,0.05142011758854216,7.369985120631928e-06,0.057560373708829306,121763.99999999999,20159.000000000015,0.057560303005966575,0.0007395326164172969,0.0,0.0
0.8156920010013777,448.38970800000004,60498511.66666668,121449,19994,0.6569142894232954,0.05099924753535949,7.411582461243467e-06,0.05764787329654825,121448.99999999999,19994.000000000015,0.057647802085470476,0.0007400783509750893,7.374386130994458e-05,0.0
0.8159336931203419,448.12019200000003,60425891.66666668,121376,19970,0.6565194344378456,0.05093803007307837,7.41602944764158e-06,0.057647832049044126,121375.99999999996,19970.000000000015,0.05764776079574064,0.0007361724528867937,0.00010483181649603818,9.381440429646917e-05
0.8174178658282482,446.69508,59847957.500000015,120990,19779,0.6544315710901243,0.050450841102424496,7.46383166042049e-06,0.05774129268260335,120989.99999999996,19779.000000000015,0.05774122085353756,0.000728045939779452,0.0001311539597146593,0.0
0.8188065074609057,445.39549600000004,59312385.000000015,120638,19602,0.6525276128041195,0.049999362318101266,7.5093169158515534e-06,0.05783265455049502,120637.99999999996,19602.00000000002,0.057832582170494765,0.0007625589060708363,0.00012731849287900504,0.0
0.8189197204615495,445.299504,59248842.500000015,120612,19581,0.6523869795216305,0.04994579703860529,7.5157502697204574e-06,0.057851187259159914,120611.99999999996,19581.000000000015,0.05785111479313895,0.0007434861164473378,0.00010534920158055972,9.121241997516849e-05
0.8203049905293929,443.84854800000005,58692089.16666667,120219,19397,0.6502612533670854,0.04947646316111673,7.562323207470309e-06,0.05793553464966384,120218.99999999999,19397.00000000001,0.05793546162950312,0.0007606730862062626,0.00018897447153988836,0.00016511163570136688
0.821748357588793,442.563732,58126258.33333334,119871,19210,0.6483789309706942,0.04899947710084304,7.6138348603492585e-06,0.05804831755208644,119870.99999999997,19210.00000000001,0.058048243890291375,0.0007496780924691499,0.00011881300285159368,4.608039022200667e-05
0.8218643046298366,442.47512400000005,58071793.33333334,119847,19192,0.6482491156330121,0.048953564004132206,7.61944997049055e-06,0.05806390505731252,119846.99999999997,19192.00000000001,0.05806383132260561,0.0007729462822447826,0.00016539552854566693,7.357957661559886e-05
0.8231920240817382,440.931868,57590685.83333334,119429,19033,0.6459881651683813,0.04854799831651981,7.656305210117671e-06,0.0581025727337036,119428.99999999996,19033.000000000015,0.058102498593460734,0.0007479847866673803,0.0001395646786018972,9.839162932488548e-05
0.8245804644808535,439.52152400000006,57000648.33333334,119047,18838,0.643921937710274,0.04805060643548575,7.710816224926565e-06,0.05821571693678307,119046.99999999999,18838.00000000001,0.05821564212147167,0.0007693543855399112,3.9387050033464826e-05,0.000154639592679368
0.82475709153442,439.370152,56940131.66666667,119006,18818,0.6437001698417335,0.04799959188358481,7.716352933149464e-06,0.05822658465961683,119005.99999999996,18818.000000000007,0.058226509776975015,0.000770251700102427,0.0002196337882861707,0.00010124502496681007
0.8260636092030094,438.05210800000003,56459024.16666667,118649,18659,0.6417691666937116,0.04759402619597242,7.758761587994738e-06,0.05829872956669402,118648.99999999999,18659.00000000001,0.05829865417776534,0.0007882529910300692,0.00012123066321030573,4.119779525768165e-05
0.8274714840757061,436.56054000000006,55935555.00000001,118245,18486,0.6395839418427288,0.04715275032202938,7.80470561166328e-06,0.05837145275191249,118244.99999999999,18486.00000000001,0.058371376823146214,0.0007881892281411034,0.00017762134413535616,0.0
0.8278882998660353,436.11011600000006,55754005.000000015,118123,18426,0.6389240472095112,0.0469997066663266,7.822041053373653e-06,0.05840608899030602,118122.99999999999,18426.000000000015,0.05840601284736354,0.0007784180060306788,0.0001326685920465648,9.144749246276129e-05
0.8288389231140264,435.13542800000005,55357620.83333334,117859,18295,0.6374960784950076,0.046665561351375506,7.860443087141946e-06,0.05848382055742556,117858.99999999999,18295.000000000015,0.05848374393879672,0.0007797600583937678,0.00010392913382792822,0.0
0.830240057137187,433.669704,54812970.83333334,117462,18115,0.6353487164508487,0.04620643038426714,7.911808052123915e-06,0.058575689975188465,117461.99999999997,18115.00000000001,0.05857561273581246,0.0007931142865722588,0.00013443530743514285,0.0
0.8307795562152193,433.03098800000004,54567878.33333334,117289,18034,0.6344129642250566,0.04599982144906837,7.935639083396039e-06,0.05862062463582593,117288.99999999997,18034.00000000001,0.05862054710321034,0.0007818824883277838,0.00016835658350790024,0.00010235787312466425
0.8316023332803458,432.23720800000007,54241088.33333334,117074,17926,0.6332500351583208,0.04572434286880335,7.968815178333595e-06,0.058689167857032494,117073.99999999999,17926.00000000001,0.058689089910250014,0.0007937120959265225,0.0001594023639437159,9.788590113730363e-05
0.8329109744776382,430.73825600000004,53723670.83333334,116668,17755,0.631053992362531,0.0452881684500504,8.017662406879773e-06,0.05876660550292279,116667.99999999997,17755.00000000001,0.05876652697630487,0.0007929661735519183,8.516323671993213e-05,0.0
0.8338270503453948,429.68603600000006,53381751.66666668,116383,17642,0.6295124352275556,0.04499993623181015,8.049305663161859e-06,0.05881049432674725,116383.0,17642.000000000015,0.0588104154303555,0.0008079649080837548,0.00019119929018790896,7.75809682396061e-05
0.8342920355556883,429.23930400000006,53206253.33333334,116262,17584,0.6288579495667415,0.04485199403129745,8.067459689575334e-06,0.058846162000604364,116262.0,17584.00000000001,0.05884608287714732,0.0007954559592351615,0.00021510257286670319,0.00011951620550748593
0.8356724177627185,427.79942400000004,52640422.50000001,115872,17397,0.6267484503294065,0.044375007971023755,8.126823526159958e-06,0.05896312765992726,115871.99999999999,17397.00000000001,0.05896304779574653,0.0008129626412664257,0.00018990105113230257,0.0
0.8368344588985815,426.62167600000004,52195625.00000001,115553,17250,0.6250229881327146,0.04400005101455192,8.173514082837402e-06,0.05905081097520758,115552.99999999997,17250.00000000001,0.05905073053365271,0.0008211516791436283,0.00016755644096210282,9.598567853102155e-05
0.8371159832306401,426.322624,52107875.83333334,115472,17221,0.6245848613680374,0.04392607991429558,8.181539108667369e-06,0.05905908246125818,115471.99999999997,17221.00000000001,0.05905900192869877,0.00082315884202127,0.00013199820357559576,8.065805830184837e-05
0.8385054209499412,424.84213200000005,51575329.16666668,115071,17045,0.6224158634342648,0.0434771518575674,8.237313049949025e-06,0.0591570590723691,115070.99999999999,17045.00000000001,0.05915697785575511,0.000822855692534321,0.0001685467054062161,0.00016170847896795134
0.8398232159768424,423.27303200000006,51115402.50000001,114646,16893,0.6201170501628102,0.04308944126312032,8.28073362036032e-06,0.059203135277401064,114646.0,16893.00000000001,0.0592030535704959,0.0008307414581572063,0.00017170691916446826,0.00017804775625537868
0.8401679232181708,422.889064,51009498.33333334,114542,16858,0.6195545170328541,0.0430001657972937,8.290398412400251e-06,0.05921079990007759,114541.99999999996,16858.00000000001,0.05921071808604818,0.0008378828766705375,5.0014327920797876e-05,0.00011630521144117116
0.8411988129267877,421.770388,50601010.83333334,114239,16723,0.6179155983946171,0.04265581757196243,8.335216649904538e-06,0.05929205309731059,114238.99999999999,16723.000000000015,0.05929197072834069,0.0008353498263605499,0.0001584541255485253,0.0
0.8425114191414526,420.23451600000004,50113851.66666668,113823,16562,0.6156654658747932,0.042245150429159946,8.38559603830092e-06,0.05936258832401856,113822.99999999999,16562.000000000015,0.05936250535955523,0.0008346765438342878,0.00019110618025582385,0.0
0.8431773707500001,419.492424,49823371.66666668,113622,16466,0.6145782624217052,0.04200028058003548,8.419591247387479e-06,0.05943025106337476,113621.99999999999,16466.000000000015,0.05943016766742577,0.0008520635205629416,0.00021808394206398218,0.0001714899902671427
0.8437318091181871,418.768792,49569201.66666667,113426,16382,0.6135181038306343,0.04178601946205157,8.448164947582875e-06,0.05947964214515773,113425.99999999996,16382.00000000001,0.059479558396369384,0.0008455545470373423,0.00020192548017318175,0.0001047592261898105
0.8450480036329043,417.21446000000003,49097171.66666667,113005,16226,0.6112409264487934,0.041388105957224315,8.4977290103914e-06,0.05954305518107702,113004.99999999999,16226.00000000001,0.0595429708524136,0.0008492091218234547,0.00018979746054202282,0.0
0.8462962929631354,415.62690000000003,48652374.16666667,112575,16079,0.6089150683153215,0.04101314900075248,8.542787625865945e-06,0.059587014846332276,112575.0,16079.000000000007,0.05958693000666751,0.0008488074288226695,0.00013901543370018819,7.14095935068297e-05
0.8463332110421844,415.575212,48637245.00000001,112561,16074,0.6088393427016736,0.041000395362777255,8.544382232176184e-06,0.05958887024894541,112560.99999999997,16074.000000000007,0.05958878539143196,0.0008491602109879524,0.0001766961788596872,0.0001373481811098934
0.8475737360288284,414.198096,48077465.83333334,112188,15889,0.6068217959951969,0.040528510757693655,8.615223136674268e-06,0.0597361617433329,112187.99999999997,15889.000000000013,0.059736075970544845,0.0008684952489702494,0.00010645802954429498,5.2510222082832e-05
0.8488760852473493,412.625304,47620565.00000001,111762,15738,0.6045175737513387,0.04014335089084163,8.664855278386554e-06,0.05979413469028762,111761.99999999999,15738.000000000007,0.05979404833937583,0.0008706424404780372,0.00020206169004172647,9.931833677564006e-05
0.8493343252715022,412.089964,47451118.33333334,111617,15682,0.6037332727528425,0.04000051014551903,8.684515317535016e-06,0.05982308588296372,111616.99999999997,15682.000000000013,0.05982299929499889,0.0008822014541474387,0.00015298477330128195,7.352891864612437e-05
0.8501487984410223,411.09681600000005,47127354.16666667,111348,15575,0.6022782591763217,0.039727582292849055,8.723104092501126e-06,0.059883556324451734,111347.99999999999,15575.000000000007,0.05988346926355627,0.0008707736239861484,0.00015465308080900306,0.00016207172201539627
0.85146603623796,409.564636,46637169.16666667,110933,15413,0.6000335356289013,0.03931436442245152,8.781936024811968e-06,0.05997308088949075,110932.99999999997,15413.000000000007,0.05997299310945781,0.0008740795458341999,0.00021281246753550263,0.0001439986364917744
0.8523243130411285,408.37581200000005,46264991.66666667,110611,15290,0.5982918465149992,0.039000624928260806,8.826886103045158e-06,0.06003904379453909,110610.99999999999,15290.000000000007,0.06003895546923011,0.0008854180231024881,0.00016133022094202452,0.00016086849122897676
0.8525803998907227,408.03984,46140932.50000001,110520,15249,0.5977996300262877,0.0388960450968639,8.843337528993372e-06,0.06007024246993224,110519.99999999997,15249.000000000007,0.06007015393390909,0.0008764681610276547,0.00019848500488830768,0.00011712368159358715
0.853681793171349,406.426436,45720341.66666667,110083,15110,0.5954359090859919,0.03854149396115244,8.889400673405582e-06,0.06010729933933342,110082.99999999997,15110.000000000007,0.0601072102874443,0.000878530787468643,0.00020127934823178754,0.00013699249695496376
0.854852970160217,404.94963600000005,45184769.16666667,109683,14933,0.5932723201246228,0.03809001517682921,8.962082654584769e-06,0.06024277640328354,109682.99999999999,14933.00000000001,0.060242686420139004,0.0009059891777598205,0.000199449841837393,0.0001144310702516976
0.8551030302852515,404.63212400000003,45078865.00000001,109597,14898,0.5928071484979284,0.03800073971100258,8.976093874590674e-06,0.06026620885453982,109596.99999999997,14898.00000000001,0.060266118695559666,0.0009025917675855826,0.0001843615575618683,0.00012872316385049862
0.8560473834052701,403.47652800000003,44646170.833333336,109284,14755,0.5911141401356571,0.03763598566491093,9.037203425713721e-06,0.060384596223181604,109283.99999999997,14755.000000000007,0.06038450527199409,0.0009091450548411197,0.00018681554005701192,8.058356512633105e-05
0.8572316771291392,401.94434800000005,44155985.83333334,108869,14593,0.5888694165882367,0.0372227677945134,9.102828085803315e-06,0.06048826580341267,108868.99999999999,14593.000000000011,0.06048817403516307,0.0009094647939066812,0.00018194456605960746,0.0
0.8580291135907323,400.96966000000003,43892738.33333334,108605,14506,0.587441447873733,0.037000854493744365,9.135216330203139e-06,0.060522265208334695,108604.99999999999,14506.000000000011,0.06052217306264073,0.0009201474533628198,0.0002088043571142299,0.0
0.8584752627955117,400.33094400000004,43732369.16666667,108432,14453,0.5865056956479409,0.036865665931206895,9.154110596531254e-06,0.060536548766755446,108432.0,14453.000000000007,0.06053645640815375,0.0009049117524962264,0.00020352011821301102,0.00011118483102213401
0.8596447776793072,398.79138,43248235.833333336,108015,14293,0.5842501541557135,0.03645754951599945,9.220986066040496e-06,0.060640331119124515,108014.99999999994,14293.000000000005,0.06064023792565296,0.0009275045525384624,0.00022504009968938264,0.0
0.8607894082935377,397.20382,42803438.333333336,107585,14146,0.5819242960222417,0.03608259255952762,9.27971759901064e-06,0.060711936872811546,107584.99999999997,14146.000000000007,0.06071184297411493,0.0009326512969590483,0.0001218359235244904,7.04268955321764e-05
0.8610767293279785,396.76078,42703585.833333336,107465,14113,0.581275219333831,0.03599841854889108,9.29104130853336e-06,0.060715078823846684,107464.99999999997,14113.000000000004,0.06071498480688506,0.0009283755957673648,0.0001328820350709504,0.0
0.8619021312357932,395.590416,42379821.66666667,107148,14006,0.5795605750819459,0.035725490696221114,9.334404922971793e-06,0.06076677650320823,107147.99999999997,14006.000000000007,0.06076668196761441,0.0009293017924909506,0.00017246188856254692,0.00014983874621602968
0.863124217244968,394.08408000000003,41868455.833333336,106740,13837,0.5773537143413495,0.035294417732658255,9.412434066561687e-06,0.06090394420463769,106739.99999999997,13837.000000000005,0.060903848664426254,0.0009414805619293803,0.00021448436723795896,8.549513572463672e-05
0.8640862486693855,392.74019200000004,41517459.16666667,106376,13721,0.5753848483865036,0.034998533331632865,9.459639387453683e-06,0.06095228124754087,106375.99999999999,13721.000000000007,0.06095218515108133,0.0009415713301540109,0.00022067130226905075,8.787661982088264e-05
0.8642979402455695,392.470676,41444839.16666667,106303,13697,0.5749899934010537,0.03493731586935175,9.46971164302785e-06,0.06096379359967859,106302.99999999999,13697.000000000007,0.06096369738215235,0.0009395466946936003,0.00017595186058701673,5.686332370125833e-05
0.8653676033560702,390.838812,41036351.66666667,105861,13562,0.5725992275987408,0.03459296764402047,9.524209539257692e-06,0.0610117262627648,105860.99999999997,13562.000000000007,0.06101162941498427,0.0009513242306631416,0.00020221167621697274,0.0
0.8665197361310497,389.29186400000003,40558270.0,105442,13404,0.5703328681617067,0.03418995268400312,9.59833503746585e-06,0.061127356707382584,105441.99999999997,13404.000000000002,0.0611272589216045,0.0009609310154344693,0.0002249872671149593,0.00010938298989278393
0.8670757236543538,388.40578400000004,40331332.5,105202,13329,0.5690347147848852,0.033998648114374634,9.630373209216433e-06,0.061159567170952944,105202.0,13329.000000000004,0.06115946900672842,0.0009596986147192045,0.00019383802793860187,6.342101912707093e-05
0.8675976716382418,387.68215200000003,40134653.333333336,105006,13264,0.5679745561938143,0.03383285082069662,9.659536580026105e-06,0.06119501555410572,105005.99999999999,13264.000000000007,0.06119491703514498,0.0009717864814349727,0.00020166301940177675,0.00013418676625448728
0.868695407763635,386.065056,39714062.5,104568,13125,0.5656054262811152,0.033478299684985155,9.721117198725263e-06,0.06126160017260757,104567.99999999997,13125.000000000002,0.06126150091864404,0.0009742873865100769,0.00021218823164416724,0.0001191908527757007
0.8697910664624617,384.49964800000004,39251110.0,104144,12972,0.5633120219820639,0.033088038362943044,9.795892345464882e-06,0.06137195742908272,104144.0,12972.000000000002,0.06137185723099781,0.000974810123294406,0.00019463701076067848,0.00010921654941700242
0.8700675048972927,384.01230400000003,39145205.833333336,104012,12937,0.5625980376248121,0.03299876289711642,9.809944687351774e-06,0.061377027147806,104011.99999999999,12937.000000000004,0.06137692679820185,0.0009881271541099022,0.00019756702867654665,0.00012826733898051244
0.8708075289115353,382.91947200000004,38800260.833333336,103716,12823,0.560996981793399,0.032707979951281115,9.868992212316099e-06,0.06147380976572213,103716.0,12823.000000000005,0.06147370865212681,0.000991855676027308,0.0002078773488722691,0.00014624945238938568
0.8718375392337774,381.32083600000004,38364540.833333336,103283,12679,0.5586548967427168,0.032340675177594425,9.939408310829733e-06,0.06156381637318257,103282.99999999997,12679.000000000005,0.06156371438773642,0.0010007756025485423,0.0002022028200804595,0.00010823435594223258
0.8729053575712283,379.66312800000003,37977234.16666667,102834,12551,0.55622626813358,0.032014182045428476,9.997124233265977e-06,0.061607949628326074,102833.99999999997,12551.000000000005,0.061607846979313596,0.001000240902300105,0.0001933319320281662,7.873668927852313e-05
0.8729277168506491,379.626208,37959079.16666667,102824,12545,0.5561721784095458,0.03199887767985819,1.0000933013500612e-05,0.06161668829446492,102823.99999999997,12545.000000000005,0.061616585590049136,0.0010034178881958076,0.0001678906909908294,0.0
0.873951077925456,378.009112,37586901.66666667,102386,12422,0.5538030484968466,0.031685138185667476,1.0056937263739171e-05,0.06165722929637492,102385.99999999997,12422.000000000005,0.06165712594976148,0.0010000354761038857,0.00019364191910169036,0.00010006474904760905
0.8750448700874761,376.332944,37214724.16666667,101932,12299,0.5513473750256926,0.03137139869147676,1.0112474361346535e-05,0.06169000930077788,101931.99999999997,12299.00000000001,0.061689905327730804,0.0010105242557577904,0.00021336424644250942,8.644468061064118e-05
0.8761057185352956,374.69000400000004,36815314.16666667,101487,12167,0.5489403823061696,0.031034702648930622,1.0177558238502061e-05,0.06175297026940948,101487.0,12167.000000000007,0.061752865520728645,0.0010224309453885695,0.0002099818286645037,0.00010385618855178176
0.8762445839404454,374.501712,36772952.50000001,101436,12153,0.548664524713595,0.030998992462599972,1.0184162177350321e-05,0.061757478662129196,101435.99999999997,12153.00000000001,0.061757373838053284,0.0010159488258902189,0.00020301561451424664,0.00014921839704179856
0.8771645373104318,373.07660000000004,36391697.50000001,101050,12027,0.5465766613658738,0.030677600785624117,1.0251695458833707e-05,0.06184389772659158,101049.99999999999,12027.00000000001,0.06184379205970185,0.0010183091835067614,0.00022521767136108705,0.00012641469928760838
0.8782399428982083,371.404124,36016494.16666667,100597,11903,0.5441263968671233,0.03036131056383835,1.0312056533912597e-05,0.06188651164523886,100596.99999999999,11903.000000000007,0.061886405282503436,0.0010332189191891205,0.0002099140288548493,9.915787144989586e-05
0.8792821708109554,369.812872,35586825.83333334,100166,11761,0.541795129761248,0.02999910724534175,1.0391847638560813e-05,0.06199224968173516,100165.99999999999,11761.000000000011,0.06199214231374388,0.0010340631401866795,0.0002399797573314524,0.00012896549496218938
0.879289813034497,369.801796,35583800.00000001,100163,11760,0.5417789028440377,0.029996556517746704,1.039242003383562e-05,0.06199302858627568,100162.99999999999,11760.00000000001,0.0619929212100797,0.001042662353186337,0.0002494461567687395,9.942345576259421e-05
0.8803078056881297,368.05548000000005,35269113.33333334,99690,11656,0.5392204588972188,0.02973128084786187,1.04356317813112e-05,0.06197492609413705,99690.0,11656.00000000001,0.06197481830390078,0.0010422811202326155,0.00021003483664180163,0.00014382600251495404
0.8813360024480192,366.327624,34942323.33333334,99222,11548,0.5366890598124169,0.02945580226759685,1.0483779813534626e-05,0.06197175283652466,99221.99999999997,11548.00000000001,0.06197164455468358,0.0010481136308191478,0.0002123913748032879,9.377568093678698e-05
0.8823810628056384,364.64407200000005,34576197.50000001,98766,11427,0.5342225683964561,0.02914716422859622,1.0546101028026577e-05,0.06201268598103938,98765.99999999999,11427.000000000007,0.062012576983479964,0.001059093231256449,0.00021804093072789663,0.00012891076437081307
0.8829209180456654,363.71738000000005,34400699.16666667,98515,11369,0.532864916323197,0.028999222028083523,1.0572964759752097e-05,0.062012668393235285,98515.0,11369.000000000005,0.06201255911809769,0.001059286526212857,0.00019147818081978563,9.910655645075061e-05
0.8833765477157935,362.94206,34225200.83333334,98305,11311,0.5317290321184782,0.028851279827570832,1.060452681541362e-05,0.06203892977567762,98304.99999999999,11311.00000000001,0.06203882012729354,0.0010602556298612484,0.00018479234811364132,9.45827185738606e-05
0.8844002072077198,361.276968,33843945.833333336,97854,11185,0.5292895855645344,0.02852988815059497,1.0674788624799585e-05,0.062101169621903936,97853.99999999997,11185.000000000004,0.062101059136017656,0.001068615907447363,0.00021097320624163042,0.00010483641241445286
0.8853606144809114,359.61926,33456639.16666667,97405,11057,0.5268609569553976,0.02820339501842902,1.074881604839418e-05,0.06217299472600334,97404.99999999996,11057.000000000007,0.06217288334517045,0.001074449300133079,0.0002045340589490416,0.00011605785139014964
0.8859781172214747,358.64088000000004,33214572.500000004,97140,10977,0.5254275792684906,0.0279993368108253,1.0797696703758568e-05,0.06222937769099955,97139.99999999999,10977.000000000005,0.06222926570193584,0.0010756797002486474,0.00021075392584749515,0.00015744185966366976
0.886382195311321,357.96155200000004,33069332.500000004,96956,10929,0.5244323283462609,0.02787690188626307,1.0824577484290014e-05,0.062247751413370016,96956.0,10929.000000000005,0.06224763911347494,0.001088777414676885,0.0002023461792137965,9.462657548034388e-05
0.8873707627633858,356.307536,32679000.000000004,96508,10800,0.5220091087095274,0.027547858026502073,1.0903257015208543e-05,0.062329067388046736,96507.99999999999,10800.000000000005,0.06232895412305467,0.0010910930021901584,0.00026434859427962315,9.130314444215872e-05
0.8883547530476632,354.612908,32321951.66666667,96049,10682,0.5195263903763563,0.02724687217028659,1.09712715264564e-05,0.06237430961905953,96048.99999999997,10682.000000000005,0.062374195565447876,0.001096815164480676,0.0002396263128986338,0.00012458161032710238
0.8890983998852414,353.202564,32028445.833333336,95667,10585,0.5174601629182488,0.026999451593567075,1.1027777177761382e-05,0.06241024895324489,95666.99999999997,10585.000000000004,0.06241013424645641,0.0010986293573999862,0.00022965019401787118,0.00015662035445523654
0.8892763116426161,352.88874400000003,31989110.000000004,95582,10572,0.5170004002639579,0.02696629213483147,1.1031527416673987e-05,0.06239312345500623,95582.0,10572.000000000005,0.06239300874129605,0.0011016286943313866,0.00020121503661644103,6.0312217489297576e-05
0.8902355491828432,351.179348,31644165.000000004,95119,10458,0.5144960460411732,0.026675509188996173,1.1097759981974559e-05,0.06242839189607816,95118.99999999997,10458.000000000005,0.06242827642701235,0.0011069218220298676,0.0002030047053629343,0.00010168870134701217
0.8911284912216543,349.50687200000004,31268961.66666667,94666,10334,0.5120457815424226,0.02635921896721041,1.1177437732848713e-05,0.06250273033222409,94666.0,10334.000000000005,0.06250261389586842,0.0011201224506506855,0.0002155392628906946,2.412660385440157e-05
0.8919872625301993,347.80486,30917965.000000007,94205,10218,0.5095522452644446,0.02606333456618502,1.1249280474960106e-05,0.06255041503215013,94204.99999999997,10218.000000000007,0.062550297758277,0.0011194678084107343,0.0002494302550839362,0.00011966529546913458
0.8922016175266638,347.43935200000004,30842319.16666667,94106,10193,0.5090167569965058,0.025999566376308854,1.1265020315836063e-05,0.06256126084727606,94105.99999999999,10193.000000000007,0.06256114338856004,0.0011313409254751908,0.00022612543407225991,6.757264459028926e-05
0.8929722573275454,346.08808,30579071.66666667,93740,10106,0.5070370730968531,0.02577765307553981,1.1317808590548556e-05,0.06258561052598637,93739.99999999997,10106.000000000007,0.06258549247166602,0.0011297599842979306,0.0002031653683178701,0.00010898535752968148
0.8939147653189169,344.349148,30261359.16666667,93269,10001,0.504489447094841,0.02550982667805993,1.1379169921069032e-05,0.06259718418002001,93268.99999999999,10001.000000000005,0.06259706546353602,0.0011412361677734302,0.00018772518081650808,9.882924451240898e-05
0.8948588772972269,342.62867600000004,29925491.66666667,92803,9890,0.501968865954846,0.02522669591500977,1.1449391703115988e-05,0.06263297789698345,92803.0,9890.000000000007,0.06263285837857835,0.0011418492063189779,0.00020834876027210877,6.715247942267018e-05
0.8955321232733254,341.27371200000005,29656192.500000007,92436,9801,0.4999837730827898,0.024999681159050633,1.1507671188740764e-05,0.06266789978176239,92435.99999999999,9801.00000000001,0.06266777958905093,0.001153584476741705,0.00022741268371782842,9.696895130542606e-05
0.8957345380483067,340.90082,29595675.83333334,92335,9781,0.49943746687004403,0.024948666607149703,1.1518602309329477e-05,0.06266339419872109,92334.99999999997,9781.000000000005,0.06266327389996988,0.001147786997485736,0.00020866824411706116,0.00011756280420729319
0.8966552407755409,339.15081200000003,29284015.000000004,91861,9678,0.4968736139508217,0.024685941664859913,1.1581431439643778e-05,0.06267257675313435,91861.0,9678.000000000005,0.06267245578094775,0.0011551393028745183,0.00022913846478800324,7.5192094297819e-05
0.8975044197292107,337.441416,28939070.000000004,91398,9564,0.49436925972803686,0.024395158719024614,1.1660409819665939e-05,0.06272722854302092,91397.99999999999,9564.000000000005,0.06272710663976304,0.001165060826911381,0.00023149205591809505,7.27103241371463e-05
0.8984179399662444,335.73940400000004,28588073.333333336,90937,9448,0.49187572345005903,0.02409927431799922,1.1744037455246488e-05,0.06279280321643661,90936.99999999999,9448.000000000004,0.06279268031008196,0.0011711675923487066,0.0002339799783027253,0.00012012925559166329
0.8986834874251934,335.211448,28470065.833333336,90794,9409,0.4911022403963695,0.023999795941792405,1.177417186045027e-05,0.06282385851205248,90793.99999999999,9409.000000000004,0.0628237352292496,0.0011805660312905423,0.00023516838993778015,8.932091923870213e-05
0.8992958088156787,334.044776,28231025.000000004,90478,9330,0.48939300511688794,0.023798288461783734,1.1832541538962895e-05,0.06286969610148879,90477.99999999999,9330.000000000005,0.06286957211740557,0.0011834436358507925,0.00022442720078251095,0.00013706901460328535
0.9001897553322917,332.31692000000004,27901209.16666667,90010,9221,0.4868616060320861,0.023520259153923667,1.191048452469996e-05,0.06291307918832104,90009.99999999999,9221.000000000005,0.06291295430147953,0.0011920458838387028,0.0002504705192324038,0.00012187501042408169
0.9010453951745667,330.570604,27586522.500000007,89537,9117,0.4843031620852671,0.023254983484038837,1.1983047301449463e-05,0.0629384078619782,89536.99999999997,9117.000000000007,0.06293828216389612,0.001201857871629248,0.0002234756526671472,0.00014182303552799815
0.901806942387746,329.200872,27283939.16666667,89166,9017,0.4822964333235972,0.022999910724534185,1.206573838143545e-05,0.06302421436632447,89165.99999999999,9017.000000000005,0.06302408762723659,0.0012074031222994931,0.00024273973475363693,0.00016606328516841843
0.9019524802012069,328.88705200000004,27220396.66666667,89081,8996,0.4818366706693063,0.022946345445038208,1.208237543440158e-05,0.06303758274059655,89080.99999999999,8996.000000000005,0.06303745580014773,0.001212613229811139,0.0002530784940913378,0.00011643741847787895
0.9028030476701507,327.14812,26899658.33333334,88610,8890,0.4792890446672941,0.022675968319963283,1.2161794620067972e-05,0.06307700251106857,88609.99999999997,8890.000000000005,0.06307687465662631,0.0012137166349799218,0.00022577625903782804,2.3457139969030275e-05
0.9035883035813697,325.39442,26591023.33333334,88135,8788,0.47671978277566834,0.02241579410526854,1.223700253732243e-05,0.06310192028116546,88134.99999999999,8788.000000000005,0.06310179158530203,0.0012224112651011176,0.0002354668269960348,0.00015693841077035775
0.9044614271900246,323.60749200000004,26309620.83333334,87651,8695,0.4741018401324117,0.022178576438929218,1.2299967910978064e-05,0.06309010831621778,87651.0,8695.000000000007,0.0630899789822853,0.0012309688501450612,0.0002449706320371578,0.00013814522973805662
0.9050221030878485,322.48143200000004,26097812.500000004,87346,8625,0.4724521035493678,0.02200002550727596,1.2356646059894866e-05,0.0631251844837863,87346.0,8625.000000000005,0.06312505448123337,0.0012377570036601426,0.0002687623569692504,9.96654917363867e-05
0.9053430115590052,321.894404,25970727.500000004,87187,8583,0.4715920769372235,0.02189289494828401,1.2394508548133662e-05,0.06316425367226618,87186.99999999999,8583.000000000005,0.0631641231917533,0.0012367396328192323,0.0002523880901459087,0.00014795752638637515
0.9061337616089191,320.14439600000003,25659066.66666667,86713,8480,0.4690282240180011,0.02163017000599422,1.2476852730418877e-05,0.06320122215084849,86713.0,8480.000000000007,0.06320109072583212,0.001248274000850285,0.0002759813746497634,0.00011250503242941708
0.9069896604717599,318.364852,25371612.500000004,86231,8385,0.4664210993195513,0.021387850884464803,1.2548073245246037e-05,0.06320494823673155,86230.99999999996,8385.000000000005,0.06320481605412631,0.0012508642546529489,0.0002650116783576783,0.00014726463385148508
0.9078372349268627,316.596384,25075080.83333334,85752,8287,0.4638302015383118,0.02113787958015025,1.2625936725960035e-05,0.06322440914751,85751.99999999997,8287.000000000007,0.06322427610376581,0.0012625885099171311,0.0002399175593211041,0.00013261552096543772
0.9082802474913918,315.654924,24911685.83333334,85497,8233,0.46245091357543894,0.02100014029001774,1.267095796373743e-05,0.06324278830863432,85496.99999999999,8233.000000000007,0.06324265475207391,0.0012660807345045162,0.0002483945098724799,6.533416303002087e-05
0.9086647798790028,314.846376,24763420.000000004,85278,8184,0.4612663486190894,0.02087515463786046,1.2714171790487743e-05,0.06326935207568114,85277.99999999999,8184.000000000004,0.06326921800694708,0.0012693501925935772,0.00024336956837258528,0.00014997811854597107
0.9094546110285188,313.08898400000004,24457810.833333336,84802,8083,0.45869167775506015,0.020617531150760763,1.2801185933341745e-05,0.06330805871186589,84801.99999999999,8083.000000000005,0.06330792364301414,0.0012808524508680762,0.00023952325795864295,8.589962670594215e-05
0.9102417938690401,311.316824,24164305.000000004,84322,7986,0.45609537100141717,0.020370110574041256,1.2883334488618644e-05,0.06333086747808228,84321.99999999997,7986.000000000004,0.06333073149371048,0.0012883747266796068,0.00024768531561655837,0.00013500181897393746
0.9110155926975728,309.566816,23852644.16666667,83848,7883,0.4535315180821948,0.02010738563175147,1.2978301853536641e-05,0.06338494759709308,83847.99999999999,7883.000000000004,0.06338481049277185,0.0012994691222854944,0.0002560934731905065,0.0001246179524561199
0.9114287564691986,308.677044,23725559.16666667,83607,7841,0.4522279557329699,0.020000255072759515,1.3010316925793562e-05,0.06337180895443277,83606.99999999999,7841.000000000006,0.06337167154047206,0.0012987181444498914,0.0002621110282273312,0.00015422830764078163
0.9118309974085536,307.754044,23592422.500000004,83357,7797,0.4508757126321142,0.01988802305857747,1.3044613964504915e-05,0.0633603401189992,83356.99999999999,7797.000000000003,0.06336020236773261,0.001301850059330986,0.000240525656712104,0.00010050915198259988
0.9125890775269693,306.01142,23274710.0,82885,7692,0.44832267765769857,0.019620196661097586,1.3147808071507658e-05,0.06343011443982677,82884.99999999997,7692.000000000001,0.06342997544639258,0.001314968836988383,0.00024980478888060034,0.00011276861631393935
0.9133945681259729,304.231876,22987255.833333336,82403,7597,0.4457155529592488,0.01937787753956817,1.3234806198956544e-05,0.06345431363118649,82402.99999999997,7597.000000000005,0.06345417366459002,0.0013204959945195777,0.00026687129481312824,0.0001282166294668649
0.9141893834573309,302.492944,22666517.500000004,81932,7491,0.4431679269572367,0.019107500414493245,1.3345364765451947e-05,0.06353643581957859,81931.99999999999,7491.000000000005,0.06353629449983832,0.0013326542235180094,0.00027043905523195804,0.0001439007799953515
0.9145481006744833,301.658552,22539432.500000004,81706,7449,0.4419454991940631,0.01900036985550129,1.3383591268324964e-05,0.06353955274128668,81705.99999999999,7449.000000000005,0.06353941101025842,0.0013381812013897837,0.00025206711180245935,0.00015099619267184308
0.9149850735992107,300.724476,22369985.833333336,81453,7393,0.4405770291759971,0.018857529110178687,1.3443212626084584e-05,0.06358225438544839,81452.99999999996,7393.000000000004,0.06358211192779473,0.0013431072070934828,0.00027026606057392187,0.000120384304782345
0.915718591510557,298.911704,22112790.000000004,80962,7308,0.4379212237259165,0.018640717264599736,1.3517593392783088e-05,0.0635654534713309,80961.99999999997,7308.000000000005,0.06356531026407296,0.0013527491075052956,0.00025092531977469656,0.000135443995745398
0.9164754499167166,297.1137,21840465.000000004,80475,7218,0.43528705416544966,0.018411151781045552,1.3603817501138366e-05,0.0635757858928065,80474.99999999997,7218.000000000005,0.06357564174768693,0.0013608547860637415,0.0002736966697964115,0.00015026158692271955
0.9172016976641488,295.356308,21534855.833333336,79999,7117,0.4327123833014204,0.018153528293945856,1.3715267484764137e-05,0.06364660845270848,79998.99999999997,7117.000000000005,0.06364646296491601,0.0013720091953413637,0.0002847461313806363,0.00013387227042539128
0.9175594155753093,294.248708,21353305.833333336,79699,7057,0.4310896915803936,0.018000484638243067,1.3780007194046105e-05,0.06367691350150988,79698.99999999997,7057.000000000003,0.0636767672567258,0.0013800486698618364,0.0002757233766277791,0.00013497830253739754
0.9178282310893365,293.554612,21265556.666666668,79511,7028,0.4300728047685501,0.01792651353798672,1.3804228904110512e-05,0.06365763944653734,79510.99999999999,7028.000000000004,0.06365749298978832,0.001378934439651806,0.0002841974405490246,0.00016156837922855433
0.9185405673254745,291.77506800000003,20978102.5,79029,6933,0.42746568007010033,0.0176841944164573,1.3908553836077407e-05,0.06370376159461187,79029.0,6933.000000000002,0.06370361392416775,0.0013894998659693958,0.00028788500159225653,0.00011639569291392715
0.9193002213491824,290.010292,20678545.0,78551,6834,0.4248801912612642,0.017431672384547698,1.402469525781432e-05,0.06377543388272436,78550.99999999997,6834.000000000002,0.06377528481173561,0.0014026232665808557,0.0002833619561197712,0.00012694437346643072
0.920071737203785,288.27136,20357806.666666668,78080,6728,0.42233256525925206,0.01716129525947277,1.416023664631848e-05,0.0638904584109088,78080.0,6728.000000000002,0.0638903076281758,0.0014129451351843146,0.00026065919754372395,0.00014303050424948352
0.9206219325714031,286.81302,20167179.166666668,77685,6665,0.42019602115990007,0.017000599420984842,1.4221771802080235e-05,0.06386696579848987,77684.99999999997,6665.000000000002,0.06386681441514543,0.0014228071655681548,0.0002976837354057412,0.00017059616600750198
0.9207572189635831,286.440128,20112714.166666668,77584,6647,0.41964971494715436,0.016954686324274007,1.4241744084183565e-05,0.06387023562205468,77583.99999999999,6647.000000000002,0.06387008401816097,0.0014223162266105704,0.00028700791589197135,0.00013529011833026848
0.9215271034098057,284.638432,19843415.0,77096,6558,0.4170101364142841,0.016727671568314867,1.4344226132447466e-05,0.06389771540981157,77095.99999999999,6558.000000000001,0.06389756264985928,0.001433103902729696,0.00029570382590090807,0.00015017260891613446
0.922212649448192,282.78874,19613451.666666668,76595,6482,0.41430024124016923,0.016533816271091337,1.4418101658292171e-05,0.06385355746659972,76595.0,6482.000000000002,0.0638534040270043,0.0014419694521195271,0.0002942797081483668,0.00011129433673812016
0.9228950672000041,280.975968,19353230.0,76104,6396,0.41164443579008864,0.016314453697917338,1.4518298392568064e-05,0.06386934275976743,76103.99999999999,6396.000000000001,0.06386918821524327,0.0014509761915604171,0.0002965981479198398,0.00011623993825289805
0.9236406568341676,279.13366,19117215.0,75605,6318,0.4089453585607807,0.01611549694550371,1.4601167586387453e-05,0.06384103185774566,75604.99999999999,6318.000000000002,0.0638408764993337,0.0014604728391495988,0.00029207105635894835,0.00014898539257968835
0.92396279886467,278.336188,18981052.5,75389,6273,0.4077770205216413,0.016000714203726618,1.4663896430400791e-05,0.06388656379603276,75388.99999999999,6273.000000000002,0.06388640765923413,0.0014638948484196061,0.00029861329258208436,0.00015623871174362503
0.924336801959552,277.365192,18823709.166666668,75126,6221,0.40635446077954107,0.015868076368784203,1.4734885114521574e-05,0.06392921271912566,75125.99999999997,6221.000000000002,0.06392905572155036,0.0014717545399213212,0.0002906438838670643,0.00014188428875077527
0.925010695669275,275.537652,18575590.833333332,74631,6139,0.4036770194398468,0.01565891670599039,1.483331833007196e-05,0.06393072582128713,74630.99999999996,6139.0,0.06393056777161438,0.0014820592421193194,0.00029427212630890283,0.0001654079816488258
0.9257153569683824,273.735956,18306291.666666664,74143,6050,0.40103744090697646,0.01543190195003125,1.4953107979724641e-05,0.06397814711290999,74142.99999999997,6050.0,0.06397798766844516,0.001493733278336234,0.00029948812729459895,0.0001346463730564372
0.9264209778157698,271.88626400000004,18076328.333333332,73642,5974,0.3983275457328617,0.015238046652807717,1.5041011591863652e-05,0.06394876424523388,73641.99999999999,5973.999999999999,0.06394860393718999,0.0015045319665052445,0.0003091228415896167,0.0001677891364225812
0.9270995757342134,270.09564400000005,17797951.666666664,73157,5882,0.3957041941172017,0.01500337971406344,1.5175658921799152e-05,0.06402249112310211,73157.00000000001,5882.0,0.06402232919393074,0.0015166879502358068,0.0003075276234549519,0.00014110314420280075
0.927111287831358,270.05503200000004,17794925.833333332,73146,5881,0.395644695420764,0.015000828986468394,1.5175957153703604e-05,0.0640183067159235,73146.0,5881.000000000001,0.06401814479417121,0.0015180424419975573,0.00030290531823738096,0.0001454737626917176
0.9277651238734489,268.20534000000004,17601272.5,72645,5817,0.39293480024664923,0.01483758242038542,1.5237838059719832e-05,0.06392862846700294,72644.99999999999,5817.000000000002,0.06392846611236362,0.001524304227792106,0.00030605134143382495,0.00017349636457003443
0.9284385528417592,266.35195600000003,17374335.0,72143,5742,0.39021949610013096,0.014646277850756933,1.5330195716843266e-05,0.0639001378327467,72142.99999999999,5742.0,0.06389997456704849,0.0015319011848566168,0.0003010532201918325,0.00014097288632232603
0.929056285513743,264.491188,17153449.166666664,71639,5669,0.38749337400880585,0.014460074736318537,1.5419125648150747e-05,0.06386096507727283,71639.0,5668.999999999998,0.06386080096518722,0.0015419894336483587,0.00030808208768957055,0.00015206013848149388
0.9296835201432838,262.623036,16938615.0,71133,5598,0.3847564339726739,0.01427897307707024,1.5504398441076796e-05,0.06381075293357111,71132.99999999997,5598.000000000001,0.06381058804328525,0.0015498961247688778,0.000311508532493136,0.00014183994634019593
0.9304053452802912,260.769652,16711677.499999996,70631,5523,0.3820411298261556,0.01408766850744175,1.5604038074573904e-05,0.06378918073232628,70630.99999999999,5522.999999999998,0.06378901483755049,0.0015601533392315106,0.00031146133583033383,0.00014845318204872735
0.9306636937937792,260.057096,16608799.166666664,70438,5489,0.38099719815229505,0.01400094376921017,1.5657790391127516e-05,0.063811593765501,70437.99999999997,5488.999999999999,0.06381142724146878,0.0015666655878908162,0.0003117882436614989,0.0001456600668371911
0.9310932879893803,258.927344,16475662.499999998,70132,5445,0.37934205259684767,0.013888711755028125,1.5715747029899407e-05,0.0637905685617219,70131.99999999997,5444.999999999999,0.06379040147756693,0.0015705119121727958,0.00032131288764240823,0.000170130483728185
0.9317413843209607,257.05550000000005,16263854.166666664,69625,5375,0.37659970358831235,0.01371016082337487,1.580532494732056e-05,0.06374045581101503,69625.0,5374.999999999999,0.06374028790576106,0.0015792590196583942,0.00030599137342542305,0.0001512752089989527
0.9323595695673779,255.22057600000002,16021787.499999996,69128,5295,0.3739114443038112,0.01350610261577115,1.5929594372662856e-05,0.06376174598642491,69127.99999999999,5294.999999999998,0.0637615767044522,0.0015920995221255679,0.0003327971803915633,0.00016886797857834225
0.9329486529970702,253.33765600000004,15822082.499999998,68618,5229,0.3711528683780656,0.013337754594498083,1.601165055232142e-05,0.06368951263446922,68618.0,5228.999999999999,0.06368934267384023,0.0015998487962086787,0.00031971741522992164,0.00016756515034475084
0.9336125046311018,251.45473600000003,15619351.666666664,68108,5162,0.36839429245231997,0.013166855845629969,1.60989227572506e-05,0.06362507659570117,68108.0,5161.999999999998,0.0636249058810952,0.0016101624123091415,0.0003199268926191898,0.00017714520425346302
0.9340789980550652,249.98901200000003,15422672.499999998,67711,5097,0.3662469304081611,0.013001058551951947,1.6209188906786423e-05,0.06365625750960309,67710.99999999999,5096.999999999999,0.06365608554102431,0.0016205542504351316,0.00032592948250261406,0.00015307302694386537
0.9342070580790595,249.60504400000002,15389388.333333332,67607,5086,0.3656843972782051,0.012973000548406437,1.6219295958589648e-05,0.06362718036651312,67606.99999999999,5085.999999999999,0.06362700836937676,0.0016211416184472686,0.00031974155487672813,0.0001650852601925976
0.9348164871954305,247.80704000000003,15117063.333333332,67120,4996,0.36305022771773826,0.012743435064852253,1.6392538321486164e-05,0.06373528378797771,67120.0,4995.999999999998,0.06373510965879994,0.001638462740043882,0.000334060922206901,0.00016315079211702576
0.9354183403454747,245.94996400000002,14893151.666666664,66617,4922,0.36032951459881657,0.012554681222818812,1.6514299290356165e-05,0.06373139976454562,66616.99999999999,4921.999999999998,0.06373122435222424,0.0016503787311205275,0.0003268607476794979,0.00014615655187986558
0.935994329244868,244.10396400000002,14660162.499999998,66117,4845,0.35762502839710514,0.012358275198000233,1.665083616910795e-05,0.06375370665925101,66116.99999999999,4844.999999999999,0.06375352973453016,0.0016634699350124341,0.00033480304277593503,0.0001774706375451052
0.9365722135042466,242.19150800000003,14481638.333333332,65599,4786,0.35482318069213215,0.01220778226989249,1.6724040638587972e-05,0.06364291494041505,65599.0,4786.0,0.06364273754736537,0.0016709731937703928,0.00032782126522462937,0.00015845586704732196
0.9371383796151964,240.301204,14284959.166666664,65087,4721,0.3520537868215797,0.012041984976214467,1.6821973461480557e-05,0.0635794029261822,65086.999999999985,4720.999999999998,0.0635792246727654,0.0016820844143900884,0.00033468576704664895,0.00017858542917422324
0.9372839270010709,239.87662400000002,14233519.999999998,64972,4704,0.35143175499518603,0.011998622607098677,1.6852937572715676e-05,0.06358164648250147,64971.99999999999,4703.999999999998,0.06358146789380772,0.0016841500112403942,0.00033855753263524333,0.00015488325040854793
0.9377324022963163,238.42566800000003,14076176.666666664,64579,4652,0.3493060288406409,0.011865984772156259,1.6938240663361956e-05,0.063549282804032,64578.999999999985,4651.999999999997,0.06354910340325974,0.0016944964942136051,0.0003429433480281931,0.00018380525020744438
0.9383509430261661,236.513212,13897652.499999998,64061,4593,0.3465041811356679,0.011715491844048517,1.701821311189066e-05,0.06344314183261873,64060.99999999998,4592.999999999999,0.06344296188568312,0.0017007311579976011,0.0003425416453022023,0.00019000165384779004
0.9389344475436118,234.670904,13661637.5,63562,4515,0.3438051039063599,0.011516535091634892,1.7177362816133865e-05,0.06349037139911941,63561.999999999985,4515.0,0.06349018963391988,0.0017166888648257872,0.00034022710194017686,0.00017129331494854474
0.9395472487831108,232.79536800000002,13452854.999999998,63054,4446,0.34105734592542114,0.011340534887576683,1.730453260664744e-05,0.0634697962517014,63053.99999999999,4445.999999999998,0.06346961320083482,0.0017305157097601237,0.00034732022221066537,0.0001750741955693377
0.9401284473372159,230.88660400000003,13271304.999999998,62537,4386,0.33826090719285157,0.011187491231873894,1.73974303205299e-05,0.0633784948151483,62536.999999999985,4385.999999999998,0.06337831104599721,0.0017391109320517224,0.0003424604039092545,0.00016067264236396586
0.9407069882423353,229.01845200000002,13059496.666666664,62031,4316,0.3355239671567196,0.01100894030022064,1.753654507868987e-05,0.06337343613336563,62030.99999999999,4315.999999999998,0.06337325090989772,0.0017509765228980296,0.00035223067774174395,0.00017789956348683643
0.9407417219334071,228.88923200000002,13047393.333333332,61996,4312,0.3353346531225998,0.010998737389840455,1.754290885178087e-05,0.06336704927744487,61995.999999999985,4311.999999999999,0.06336686400547109,0.0017532525704752075,0.0003407963345080298,0.00016744940611973836
0.9412910976419147,227.16137600000002,12835585.0,61528,4242,0.3328032540377979,0.0108201864581872,1.769778128538746e-05,0.06340545993000654,61527.999999999985,4242.000000000001,0.06340527290858457,0.0017686962713184605,0.0003484929463066634,0.00017404733869915448
0.941884581415938,225.25630400000003,12651009.166666668,61012,4181,0.33001222427763177,0.010664592074889366,1.7805402006467072e-05,0.06333071172196755,61011.99999999999,4181.000000000003,0.06333052378526705,0.0017806961115407133,0.0003555221796452197,0.0001691857539880894
0.9424302948428421,223.41030400000002,12418020.000000002,60512,4104,0.3273077380759204,0.010468186050070787,1.799081528295171e-05,0.06339821378849791,60511.99999999999,4104.000000000003,0.06339802369266723,0.0017978756945952763,0.00035780256193228087,0.00018628238977428922
0.9429898848786412,221.48308000000003,12251599.166666668,59990,4049,0.32448425448133367,0.01032789603234323,1.807789146437278e-05,0.06327674992787631,59989.99999999999,4049.000000000003,0.0632765592773843,0.0018058457490417433,0.0003670977219507968,0.00018324192694439624
0.9435131304420045,219.578008,12067023.333333336,59474,3988,0.3216932247211675,0.010172301649045395,1.81965346328161e-05,0.0632104328981915,59473.99999999998,3988.0000000000027,0.06321024119763774,0.001819554720265125,0.0003659428466804506,0.00016955926644790994
0.9440863353285625,217.70247200000003,11861266.666666668,58966,3920,0.3189454667402287,0.009998852172582234,1.835406606377059e-05,0.06321175170278204,58966.0,3920.000000000002,0.0632115583382957,0.0018330088863412679,0.00036664022471077765,0.00018152478098448253
0.944087204005816,217.70247200000003,11858240.833333336,58966,3919,0.3189454667402287,0.009996301444987189,1.8358749418214012e-05,0.06321981596915444,58966.0,3919.000000000002,0.0632196225308592,0.001834851030079939,0.0003620578127781112,0.00018622218128365158
0.9446658555841774,215.77524800000003,11691820.000000002,58444,3864,0.31612198314564205,0.00985601142725963,1.8455231777430716e-05,0.06310453401834605,58444.0,3864.000000000002,0.06310433991816346,0.0018436745055375881,0.00036986666139112204,0.0001815491818062325
0.9452244372131063,213.8591,11516321.666666668,57925,3806,0.3133147264682656,0.009708069226746933,1.8570087410722723e-05,0.06301890335905959,57924.999999999985,3806.0000000000023,0.06301870831568285,0.0018564021084721022,0.00037235817380268165,0.00019403516592726727
0.9457180553841972,211.97618000000003,11313590.833333336,57415,3739,0.31055615054252,0.009537170477878821,1.8736419154867497e-05,0.0630212230865733,57414.99999999999,3739.0000000000023,0.06302102629001274,0.0018737683622377399,0.0003665586593911844,0.0001759292754407498
0.9462176532769285,210.082184,11119937.500000002,56902,3675,0.30778134769956406,0.009373923911795845,1.8892388918552824e-05,0.06299963749885372,56901.999999999985,3675.0000000000027,0.0629994391319316,0.001889340138747153,0.00037752803911640073,0.00019340755298820318
0.9467284676313676,208.15496000000002,10953516.666666668,56380,3620,0.3049578641049774,0.009233633894068288,1.900348229107547e-05,0.06289411018656296,56379.99999999999,3620.000000000002,0.06289391098708712,0.0018996912129120944,0.00037562840284288186,0.00019232276496632
0.9472721449867523,206.246196,10771966.666666668,55863,3560,0.30216142537240775,0.009080590238365499,1.914656834561315e-05,0.06284032851391473,55862.99999999998,3560.000000000002,0.06284012798639378,0.0019129554855752896,0.00038043729348846147,0.00019282144073946416
0.9475814004441,205.16444,10675140.0,55570,3528,0.3005765964582049,0.00899896695532401,1.9218899236918673e-05,0.06279358804335716,55569.999999999985,3528.000000000001,0.0627933869078088,0.0019214962598019557,0.00038828200218787336,0.00019676612409617842
0.9478038871094338,204.326356,10602520.0,55343,3504,0.2993487597226279,0.008937749493042893,1.92714897967653e-05,0.06275088274171316,55342.999999999985,3504.0000000000005,0.06275068119310667,0.0019258254306393848,0.00038649494843701494,0.0001973473608333971
0.9483270846986328,202.480356,10369530.833333334,54843,3427,0.2966442735209165,0.008741343468224314,1.952647224396282e-05,0.06287866928761861,54842.999999999985,3427.000000000001,0.06287846465625335,0.0019518261302036329,0.0003944483029938333,0.00019389619210653634
0.9488697649885766,200.542056,10212187.5,54318,3375,0.29380456300911956,0.008608705633281897,1.963752193151565e-05,0.06275467331515032,54317.99999999998,3375.000000000001,0.06275446792592383,0.0019634451520402166,0.0003906911106823236,0.0001841321521658349
0.9493745499809048,198.622216,10039715.0,53798,3318,0.29099189735933967,0.008463314160364247,1.9783650830725772e-05,0.06268550525096686,53797.999999999985,3318.000000000001,0.06268529856128978,0.0019766581892078235,0.0003900264424379527,0.00019195290609792288
0.9498613235203057,196.71714400000002,9855139.166666668,53282,3257,0.28820086759917357,0.008307719777066413,1.9960869214852115e-05,0.06266294905048142,53281.99999999999,3257.0000000000014,0.06266274058397796,0.0019949368659085494,0.0004004052487236936,0.00018878709223716774
0.9503611722576736,194.76776800000002,9706873.333333334,52754,3208,0.2853449301701663,0.008182734124909134,2.006493350759702e-05,0.06251401694294716,52753.99999999999,3208.0000000000014,0.0625138078875867,0.0020050791641347122,0.0003992656440569209,0.0001994339752623262
0.9508665020317797,192.83685200000002,9543478.333333334,52231,3154,0.2825160376031762,0.008044994834776623,2.0206139236096136e-05,0.062421857400773204,52231.0,3154.0000000000014,0.06242164718500657,0.0020205836481517,0.0004083042783650776,0.00020956772792660362
0.9510292719287087,192.26090000000002,9489013.333333334,52075,3136,0.28167223790824225,0.007999081738065787,2.0261421630067616e-05,0.062413773783326604,52075.0,3136.0000000000014,0.06241356301943255,0.0020251035093964676,0.00040782858611562435,0.00020495193090537973
0.9514059775011676,190.90962800000003,9377057.5,51709,3099,0.2796925540085895,0.007904704817049066,2.035922548198089e-05,0.06234398257356594,51709.0,3099.0000000000005,0.06234377102958843,0.002035072865981934,0.00040562632552884766,0.000197299061842373
0.9519029496042477,188.99348,9201559.166666666,51190,3041,0.27688529733121303,0.007756762616536369,2.053928867671068e-05,0.06230402590311597,51189.999999999985,3041.0,0.062303812624940835,0.002052656581832551,0.0004100484183162279,0.0002072878665100336
0.952384114231133,187.033028,9062370.833333332,50659,2995,0.2740131329849955,0.00763942914716423,2.0638421384396748e-05,0.06212943299808615,50658.999999999985,2994.9999999999995,0.06212921929116895,0.002062624941314038,0.0004114743544396516,0.00020378105113418775
0.9529098154443543,185.102112,8898975.833333332,50136,2941,0.27118424041800543,0.00750168985703172,2.0800383714567906e-05,0.06204993921009854,50135.99999999999,2941.0,0.06204972410191728,0.0020788482296292383,0.00041601010956906153,0.00021285603121209935
0.9534541106336859,183.171196,8735580.833333332,49613,2887,0.2683553478510153,0.007363950566899209,2.0968404905722263e-05,0.06197425114346614,49612.99999999999,2887.0,0.06197403456187608,0.0020949666790130816,0.00041982176246265835,0.00021788548654151898
0.9539271363815487,181.26981600000002,8547979.166666666,49098,2825,0.26556972706325255,0.007205805456006327,2.1206160247426907e-05,0.06200029650023933,49097.99999999999,2824.9999999999995,0.06200007737084245,0.00211936215267578,0.000422355428308814,0.00020472109058538397
0.9543762932827043,179.32413200000002,8399713.333333332,48571,2776,0.2627191986066487,0.007080819803849049,2.134883952388852e-05,0.061873759517493375,48571.0,2775.9999999999995,0.061873539364147356,0.0021329568145910726,0.0004259062732875252,0.00021619682222361652
0.9546932717923878,178.10208,8302886.666666666,48240,2744,0.2609288287411158,0.006999196520807562,2.1450621591045044e-05,0.06180938701085808,48239.999999999985,2744.0,0.06180916603748311,0.0021440899250414515,0.0004266646133418435,0.0002130278000746594
0.9548618815730728,177.393216,8236318.333333332,48048,2722,0.25989030603965857,0.006943080513716539,2.1537926148637206e-05,0.06181166544817611,48047.999999999985,2721.9999999999995,0.06181144356758857,0.0021525176125131236,0.00043130224256840156,0.00022281473261896224
0.9553445075482755,175.488144,8051742.499999999,47532,2661,0.2570992762794924,0.006787486130418703,2.179505169222687e-05,0.0618447505440272,47531.999999999985,2660.9999999999995,0.06184452589436733,0.0021785071717740335,0.0004316412057589509,0.00021023126863689042
0.9558028287152474,173.58676400000002,7864140.833333332,47017,2599,0.2543136554917297,0.006629341019525821,2.207320134250733e-05,0.06190004517095527,47016.99999999999,2598.999999999999,0.0618998174512489,0.002205679995455123,0.0004470212014563506,0.00022955324540086577
0.956304996669086,171.64477200000002,7709823.333333332,46491,2548,0.25146853600752933,0.00649925391217845,2.2263126478903326e-05,0.0618170629234237,46490.99999999999,2547.9999999999995,0.06181683355149526,0.002225060255216435,0.00044804469639730504,0.0002251873869515247
0.9567638082776152,169.676936,7576686.666666666,45958,2504,0.24858555371650495,0.006387021897996405,2.2394609077142782e-05,0.061642912416005904,45957.99999999999,2504.0,0.06164268234004976,0.0022384035298492365,0.0004474061711611033,0.00022219180142905452
0.957220860416043,167.712792,7440524.166666666,45426,2459,0.24570798039788402,0.006272239156219313,2.254045390395323e-05,0.06148432692304028,45425.99999999999,2459.0,0.06148409594424743,0.002252838439525908,0.00045080960400107896,0.000223545869006679
0.9576842309715315,165.759724,7295284.166666666,44897,2411,0.24284663399647335,0.006149804231657082,2.2721489692942054e-05,0.061370252243012006,44896.99999999999,2411.0,0.06137001984119986,0.002270099468869935,0.00045754127313853246,0.00022574944711457168
0.9581643007955705,163.821424,7137940.833333332,44372,2359,0.2400069234846764,0.006017166396714664,2.2950796010380683e-05,0.06131746965061493,44371.99999999999,2358.9999999999986,0.06131723510543098,0.0022936767787279577,0.0004583320824829468,0.00023018476872763155
0.9582406506884418,163.452224,7116759.999999999,44272,2352,0.2394660262443341,0.005999311303549339,2.296722441110843e-05,0.061270253052380666,44271.999999999985,2351.999999999999,0.061270018520292964,0.0022949269397836685,0.000460594701536975,0.00023023600303763003
0.9585930186723832,161.864664,6995726.666666666,43842,2312,0.2371401681108623,0.005897282199747479,2.3137648412030586e-05,0.061197775171679764,43841.99999999999,2311.9999999999995,0.06119753917886212,0.0023125043269705023,0.00046256878350603355,0.0002338407453335065
0.9590210634270055,159.893136,6865615.833333332,43308,2269,0.23425177684743453,0.00578760091316048,2.3288972159453048e-05,0.06102251054153409,43307.999999999985,2268.999999999999,0.06102227368550029,0.002327274590563294,0.00046429344063125713,0.00022720496448008968
0.9594479075286753,157.921608,6735504.999999999,42774,2226,0.23136338558400674,0.0056779196265734815,2.344614219720719e-05,0.06084942462488543,42773.999999999985,2225.999999999999,0.060849186846496345,0.002342786820880723,0.0004707188100290494,0.00023494017489733297
0.9598670162705489,155.95377200000001,6602368.333333332,42241,2182,0.22848040329298241,0.005565687612391436,2.3620883314346046e-05,0.06069403472207238,42241.0,2181.9999999999986,0.06069379578339725,0.0023600081188986993,0.0004696798285901825,0.00023357956182621026
0.9603163669383692,153.978552,6478309.166666666,41706,2141,0.22558660305715122,0.00546110778099453,2.3768324116465065e-05,0.060496381139039795,41705.99999999999,2141.0,0.06049614149175277,0.0023751907142074103,0.00047836186981559776,0.00023914333436677603
0.9607189232509181,151.988564,6363327.5,41167,2103,0.22267116693170633,0.005364180132382764,2.3885076479247688e-05,0.060251626327519424,41166.999999999985,2103.0000000000005,0.060251386477652887,0.002386450658411524,0.0004762974802478906,0.00023704587427278182
0.9611596801175001,150.01334400000002,6236242.500000001,40632,2061,0.21977736669587514,0.005257049573390812,2.4055085093307386e-05,0.06007148870347391,40631.99999999999,2061.0000000000014,0.06007124786834073,0.0024035151961618612,0.000481337124162335,0.00024177856121775833
0.96160404133555,148.01228000000003,6130338.333333334,40090,2026,0.21684570365322,0.005167774107564185,2.4144226949953555e-05,0.05977994713697957,40090.00000000001,2026.0000000000007,0.0597797065828658,0.0024126927114545586,0.0004795410036931772,0.0002366917510991166
0.9620160879900291,146.02229200000002,6015356.666666667,39551,1988,0.2139302675277751,0.005070846458952418,2.4274918361726406e-05,0.059537208679045196,39550.99999999999,1988.0000000000007,0.05953696780479236,0.002425233825241573,0.0004863407121953422,0.00024657319888135256
0.9621733998467487,145.26543200000003,5930633.333333334,39346,1960,0.21282142818507346,0.004999426086291117,2.4494084161893898e-05,0.059650177847361666,39346.0,1960.000000000001,0.059649934337084834,0.0024477778318154828,0.0004891068783346347,0.00024006664047130976
0.9624152436093651,144.11352800000003,5833806.666666668,39034,1928,0.21113382879520554,0.00491780280324963,2.4703171742635742e-05,0.059666248689029755,39034.00000000001,1928.0000000000011,0.05966600303426069,0.0024680986350489086,0.0004936738107159696,0.0002465529059847288
0.9628392476495643,142.153076,5694618.333333334,38503,1882,0.20826166444898797,0.004800469333877491,2.496270472911412e-05,0.05956949943153224,38502.99999999998,1882.000000000001,0.059569251597725255,0.0024938131609479526,0.0004990385721918613,0.0002483163463624971
0.9632297301689572,140.17416400000002,5570559.166666668,37967,1841,0.2053624552407534,0.004695889502480585,2.5163392005380667e-05,0.05939071844790665,37966.99999999999,1841.0000000000016,0.05939046937180191,0.002514099451183984,0.0005052615509273351,0.00025485649242078674
0.9636277491643902,138.23217200000002,5416241.666666667,37441,1790,0.202517335756553,0.004565802395133213,2.552178807875695e-05,0.05939639887611269,37441.0,1790.0000000000005,0.05939614622819322,0.0025498114393904944,0.0005122078499863658,0.000260644848648441
0.964040676490358,136.25326,5292182.5,36905,1749,0.19961812654831837,0.0044612225637363076,2.5746137817431658e-05,0.059228331143417745,36904.99999999999,1749.0000000000005,0.05922807699589523,0.0025722927986613483,0.0005158578265192677,0.00026050925842092644
0.9644485801407923,134.281732,5162071.666666667,36371,1706,0.1967297352848906,0.004351541277149308,2.601314756381724e-05,0.059102373130365586,36370.999999999985,1706.0000000000005,0.05910211689382013,0.0025986559295514055,0.0005194166773662916,0.00026026872429553373
0.9648166409379401,132.324972,5019857.5,35841,1659,0.1938629799110765,0.004231657080182124,2.6360304450873358e-05,0.05906036359838376,35840.99999999999,1659.0000000000005,0.05906010412621593,0.002633580447517486,0.0005267116476911454,0.00026625492536267744
0.9652156392145376,130.33129200000002,4910927.5,35301,1623,0.19094213481322822,0.0041398308867604495,2.6539038094127846e-05,0.05881213414972203,35301.0,1623.0000000000002,0.058811874016561044,0.0026510216050432424,0.000530090848840084,0.00026339288638818734
0.9655945401883252,128.348688,4789894.166666666,34764,1583,0.18803751663259016,0.00403780178295859,2.6795725236100385e-05,0.05864466026896204,34763.99999999999,1583.0,0.05864439836757528,0.002676382725640274,0.0005345671233317261,0.0002682032185685852
0.9657248165238502,127.69151200000002,4744506.666666667,34586,1568,0.18707471954478092,0.003999540869032894,2.6913548862122653e-05,0.05862279204789143,34585.99999999999,1568.0000000000007,0.058622529092834136,0.002688188278535831,0.0005377563365145476,0.0002688455322221369
0.9659949432461183,126.35131600000001,4680964.166666666,34223,1547,0.18511126256233842,0.003945975589536916,2.6992583472386483e-05,0.05839990106135354,34222.99999999999,1547.0,0.058399638337181224,0.0026957996485619806,0.0005390927902343612,0.00026892904321810894
0.9663702307175186,124.387172,4544801.666666666,33691,1502,0.1822336892437175,0.0038311928477598243,2.736910895634977e-05,0.0583469456204883,33690.99999999999,1501.9999999999998,0.05834667947265231,0.002733860618391337,0.0005465935126662196,0.00027424674024294324
0.9667354011431206,122.36764800000002,4454026.666666666,33144,1472,0.17927498133904524,0.0037546710199084297,2.7473487959958338e-05,0.057981601426801074,33144.0,1472.0,0.05798133593697907,0.0027443838827923266,0.0005489948538807656,0.0002715167335247571
0.967118417684827,120.381352,4336019.166666666,32606,1433,0.17636495418600376,0.0036551926437016166,2.7763104214445553e-05,0.05781141773950759,32605.999999999993,1432.9999999999995,0.05781115023868088,0.0027730005411764343,0.0005551547586529714,0.0002741778804224544
0.9674833253719305,118.39874800000001,4214985.833333333,32069,1393,0.17346033600536573,0.0035531635398997575,2.8089951587421316e-05,0.05766988034781498,32068.999999999996,1393.0,0.05766961036045929,0.0028055707975997548,0.0005627031004756387,0.00028522161406346956
0.9678849364039414,116.39030000000001,4115133.333333333,31525,1360,0.17051785501790373,0.003468989529263223,2.8283482106695616e-05,0.05737528185066227,31524.999999999993,1360.0,0.05737501139178219,0.0028249949691453034,0.0005650964963332337,0.0002829934920495838
0.9682232959502889,114.38185200000001,4015280.833333333,30981,1327,0.1675753740304417,0.003384815518626689,2.848663810771227e-05,0.05708199737232313,30980.999999999993,1327.0,0.057081726362936076,0.002845167772759425,0.0005706680670550599,0.0002886762872169911
0.9686143204760423,112.35863600000002,3927531.666666666,30433,1298,0.16461125715336603,0.003310844418370341,2.8607951643929043e-05,0.05669524164747713,30433.0,1297.9999999999998,0.056694971328305616,0.002857455157755105,0.0005726604807847645,0.0002862698615393603
0.9689890472505922,110.361264,3818601.666666666,29892,1262,0.1616850030831143,0.003219018224948667,2.890096261240481e-05,0.05647607249731285,29891.999999999993,1261.9999999999998,0.05647580046550162,0.00288630642686945,0.0005765308701157747,0.00028905976236576246
0.9693557774961454,108.34543200000002,3724800.833333333,29346,1231,0.15873170415084545,0.003139945669502226,2.9087577255249224e-05,0.05613827681318115,29346.000000000004,1230.9999999999995,0.05613800466191244,0.0029048585276428484,0.0005817402464260227,0.000291723152614222
0.9697684706411066,106.333292,3627974.166666666,28801,1199,0.15578381419098,0.0030583223864607384,2.9309274850128717e-05,0.05582608423440599,28800.99999999999,1198.9999999999995,0.05582581153406726,0.0029269750490835142,0.0005869535660193425,0.0002954142786387181
0.9700977457847743,104.5759,3558379.9999999995,28325,1176,0.15320914332695076,0.0029996556517746693,2.9388626284994863e-05,0.0554377312262776,28324.99999999999,1175.9999999999995,0.05543745968993641,0.0029348258630637726,0.0005876716501114854,0.0002944585319058099
0.970140471107549,104.30638400000001,3546276.6666666665,28252,1172,0.1528142883415009,0.0029894527413944836,2.9412929053288757e-05,0.05538913496704109,28251.999999999996,1171.9999999999998,0.055388863444171245,0.0029373136358264622,0.000588554924671795,0.00029581805543913846
0.9705182882341713,102.31270400000001,3434320.833333333,27712,1135,0.14989344324365259,0.0028950758203777635,2.979124809975772e-05,0.055208904613486716,27711.999999999996,1134.9999999999998,0.0552086304932213,0.00297444940910075,0.000595237053540204,0.00029841952260988366
0.970882502896227,100.333792,3310261.666666666,27176,1094,0.14699423403541795,0.0027904959889808573,3.0309927765025633e-05,0.055146259963039256,27175.99999999999,1093.9999999999993,0.05514598138679765,0.0030263986419132084,0.0006057651813052671,0.0003037769895267714
0.9712394750449431,98.33642,3201331.666666667,26635,1058,0.14406797996516624,0.0026986697955591844,3.071734835347165e-05,0.054960295386517866,26634.999999999993,1058.0000000000005,0.05496001401756842,0.00306689932114576,0.0006149857389776445,0.0003083988148013446
0.9716011677327404,96.32428,3104505.0000000005,26090,1026,0.1411200900053008,0.0026170465125176967,3.102725877394302e-05,0.05466880611256975,26089.999999999993,1026.0000000000005,0.054668523412205274,0.0030978107449843137,0.0006205355147740643,0.00030782163238352305
0.9719698270712428,94.30475600000001,3013730.0,25543,996,0.13816138210062853,0.002540524684666302,3.129170695450489e-05,0.05432270970016211,25542.999999999996,996.0000000000002,0.054322426395587056,0.0031240661180934833,0.0006265315659889342,0.00031248080855032485
0.9723422247862828,92.277848,2929006.666666667,24994,968,0.1351918562511494,0.0024691043120050006,3.1504826892393555e-05,0.05391843494800832,24993.99999999999,968.0000000000005,0.0539181518366111,0.0031449483588206787,0.0006298785828221439,0.0003148747250107086
0.9726842365860201,90.28786000000001,2814025.0000000005,24455,930,0.13227642012570454,0.002372176663393234,3.208495304768081e-05,0.053822688049516614,24455.0,930.0000000000006,0.05382240023712935,0.003202706958755543,0.0006419549640472896,0.0003199317833831975
0.9730173637830871,88.27572,2717198.3333333335,23910,898,0.12932853016583912,0.002290553380351746,3.248777202498407e-05,0.05355260466775941,23909.999999999993,898.0000000000003,0.05355231470425286,0.003242972396138813,0.0006496098691974693,0.0003250813317675648
0.973374196017419,86.270964,2614320.0,23367,864,0.12639145815078054,0.0022038286421201653,3.299938951620307e-05,0.05335624747838188,23366.999999999996,864.0000000000002,0.053355954028772266,0.0032935899380914274,0.0006598672702103593,0.00033010142238189315
0.9736958173316843,84.23298,2538674.166666667,22815,839,0.12340570538409112,0.0021400604522440036,3.317990985452052e-05,0.052866271697346215,22814.99999999999,839.0000000000003,0.0528659793517137,0.003311353243843407,0.0006632453198611224,0.0003318305099536062
0.9740305024742048,82.23191600000001,2432770.0,22273,804,0.120474042341436,0.002050784986417376,3.3801763421942894e-05,0.0527217580356069,22273.000000000004,804.0000000000001,0.05272146102497932,0.00337329479971714,0.000675650053638601,0.0003375489424655749
0.9743388619594702,80.32684400000001,2372253.3333333335,21757,784,0.11768301258126983,0.001999770434516447,3.386098898937157e-05,0.052153105183056624,21756.999999999996,784.0000000000003,0.0521528108609696,0.003379180815926088,0.0006774639137321966,0.0003399738166885131
0.9743629568498472,80.17547200000001,2372253.3333333335,21716,784,0.11746124471272949,0.001999770434516447,3.3797179615442984e-05,0.05205482521281692,21716.0,784.0000000000003,0.052054531999199606,0.0033727314339635603,0.000676239446989128,0.0003386356223822271
0.9747084564779168,78.16702400000001,2275426.6666666665,21172,752,0.1145187637252675,0.0019181471514749587,3.4352688726509904e-05,0.05181937325122361,21171.999999999996,752.0000000000001,0.05181907656638661,0.0034278481121641055,0.0006866114266945106,0.0003430768021216726
0.9750285092127385,76.12904,2199780.833333333,20620,727,0.1115330109585781,0.0018543789615987963,3.4607556737659855e-05,0.05132874507703824,20619.999999999993,727.0,0.05132844902091558,0.003452727780976551,0.0006927467858234031,0.0003467892426915524
0.975383378417611,74.127976,2093876.6666666663,20078,692,0.10860134791592294,0.0017651034957721693,3.540226469881226e-05,0.05122790477795478,20077.999999999993,691.9999999999998,0.05122760251846907,0.0035318386000183933,0.0007081176927215525,0.00035326256123873097
0.9757436583016388,72.115836,1997049.9999999998,19533,660,0.10565345795605752,0.0016834802127306818,3.611118199344033e-05,0.051031246098886276,19532.999999999993,659.9999999999999,0.05103093897057102,0.003602037073683494,0.0007221127886293164,0.0003620782613965019
0.9760973392814315,70.08154400000001,1918378.333333333,18982,634,0.10267311416177156,0.0016171612952594731,3.653165946585094e-05,0.05059837052958375,18981.999999999996,633.9999999999998,0.05059806246048798,0.0036435437366464695,0.0007304984064833382,0.0003653166963666898
0.9764257927088481,68.050944,1836680.833333333,18432,607,0.09969817933988902,0.0015482916501932179,3.7051044887584814e-05,0.05021313155725821,18431.999999999996,606.9999999999998,0.05021282148727184,0.00369498056260344,0.0007407898147650438,0.0003699640471281336
0.9767633738053682,65.998192,1773138.333333333,17876,586,0.09669079068358594,0.0014947263706972416,3.722111848765326e-05,0.04956335868767258,17875.999999999996,585.9999999999998,0.04956305122501072,0.0037115717683957454,0.0007444628729722162,0.0003715391775240714
0.9771184170361078,63.93436400000001,1718673.333333333,17317,568,0.09366717511007261,0.001448813273986405,3.71998347562655e-05,0.0487683070861285,17317.0,567.9999999999998,0.048768004728612355,0.003709131013732643,0.0007435150957808287,0.00037190091899791166
0.9774707719518352,61.90376400000001,1636975.8333333333,16767,541,0.09069224028819006,0.00137994362892015,3.7815930290153955e-05,0.04838334862452311,16767.0,541.0,0.048383043685812914,0.00377004780565432,0.000755940146386585,0.00037783640926530106
0.9778010152058909,59.84732000000001,1576459.166666667,16210,521,0.08767944265948358,0.0013289290770192204,3.796312728260749e-05,0.04766541121906892,16209.999999999998,521.0000000000005,0.04766510963589512,0.003784298806194996,0.0007592189341649132,0.0003796121545374606
0.9781597257079555,57.816720000000004,1494761.666666667,15660,494,0.08470450783760101,0.0012600594319529654,3.867955761063357e-05,0.04728979966227253,15659.999999999996,494.0000000000002,0.047289494809060036,0.0038549656304712014,0.0007735046651475767,0.0003868129990613152
0.9785293585470667,55.763968000000006,1431219.166666667,15104,473,0.08169711918129795,0.001206494152456989,3.896256373499749e-05,0.046612306929783694,15103.999999999998,473.0000000000003,0.04661200424553755,0.0038827512927421116,0.000779629369870949,0.00039001640494522387
0.978870566774958,53.72229200000001,1358599.1666666667,14551,449,0.07870595744220514,0.001145276690175873,3.95424149506937e-05,0.04609022849114911,14551.0,449.00000000000017,0.04608992474275522,0.003939675313142647,0.0007908638979162284,0.0003955700379356946
0.9792305593040551,51.66584800000001,1301108.3333333335,13994,430,0.07569315981349865,0.0010968128658699898,3.970910544215509e-05,0.04529464213337332,13994.0,430.00000000000017,0.045294342369978334,0.003955743658725328,0.0007942620429426363,0.0003974012182322649
0.9795707850378162,49.616788,1234540.0,13439,408,0.07269118012959898,0.001040696858778967,4.019050658544883e-05,0.04465561381128714,13438.999999999995,408.0000000000001,0.04465531469448515,0.004002769579451732,0.0008035326061083869,0.00040140984050841827
0.9797701018315844,48.494420000000005,1186126.6666666667,13135,392,0.07104685251895845,0.0009998852172582234,4.0884689100096114e-05,0.044527286968660956,13134.999999999998,392.00000000000017,0.044526983559727236,0.004071320941944285,0.0008173723179756577,0.0004087123820179254
0.9799255487631872,47.582496000000006,1155868.333333333,12888,382,0.06971083633531303,0.0009743779413077581,4.116601746738745e-05,0.04425812763185869,12887.999999999998,381.99999999999983,0.04425782398196798,0.004098765459603554,0.0008232296509993188,0.00041193238640025104
0.9802887096250573,45.570356000000004,1059041.6666666665,12343,350,0.0667629463754476,0.0008927546582662706,4.3029804618955825e-05,0.0442818644040228,12342.999999999998,349.99999999999994,0.044281546836225684,0.004282767761944439,0.0008604208854835673,0.00042979431485636206
0.9806469725777787,43.52129600000001,992473.3333333333,11788,328,0.06376096669154795,0.000836638651175248,4.385135049808224e-05,0.04368601154862715,11787.999999999998,327.99999999999994,0.043685692272635496,0.004363140298823604,0.0008768453325212094,0.0004384563741657843
0.9810030107540396,41.46485200000001,931956.6666666666,11231,308,0.06074816906284145,0.0007856240992743182,4.449225321635127e-05,0.042951888139667736,11231.0,307.99999999999994,0.04295156964105335,0.004425518892116437,0.0008894594034968573,0.0004450314859067211
0.9813333640842368,39.423176000000005,859336.6666666665,10678,284,0.057757007323748645,0.0007244066369932025,4.5876287524098056e-05,0.04252750824218511,10678.0,283.99999999999983,0.042527183081006226,0.004561099135500338,0.0009172534470678832,0.00045887736248237707
0.981694682454381,37.385192,783690.8333333334,10126,259,0.05477125455705926,0.0006606384471170404,4.770400572504676e-05,0.04223059806822504,10125.999999999996,259.0,0.042230262313378515,0.004740191049970238,0.0009536396686744219,0.0004766608260034993
0.9820427321074727,35.321364,729225.8333333335,9567,241,0.05174763898354591,0.0006147253504062037,4.8436797471290896e-05,0.04136246794471705,9566.999999999998,241.00000000000014,0.04136213404063531,0.004810729598752926,0.000968366266339916,0.0004844285478715149
0.9824169309450873,33.257536,674760.8333333333,9008,223,0.04872402341003257,0.0005688122536953667,4.9287887436659664e-05,0.04048695704530851,9007.999999999996,222.99999999999997,0.04048662446603965,0.004892580213323978,0.0009853211363623925,0.0004927421574966393
0.9827995147324254,31.193708000000004,620295.8333333333,8449,205,0.04570040783651923,0.0005228991569845299,5.028843710326391e-05,0.03960660074754687,8449.0,204.99999999999994,0.03960626879558682,0.004988697399263865,0.001005516191603862,0.0005031792553627392
0.983181155505766,29.122496000000005,571882.4999999999,7888,189,0.04266597431819904,0.0004820875154637861,5.0923915314771846e-05,0.03851014827365356,7887.999999999999,188.99999999999994,0.038509821432643886,0.005048367063512509,0.0010180652689692176,0.0005092304045753143
0.9835610861314645,27.054976000000003,520443.3333333332,7328,172,0.03963694977228227,0.0004387251463479958,5.1984479898548054e-05,0.03750251799583196,7328.0,171.9999999999999,0.03750219307806808,0.0051491196679219085,0.0010393685347788897,0.0005201153805665453
0.9839360420368676,25.028068,438745.83333333326,6779,145,0.03666742392280315,0.00036985550128174066,5.704457136345076e-05,0.03778512155750327,6778.999999999999,144.99999999999994,0.037784762326725355,0.005640428007829689,0.0011403467697099164,0.0005703124311488523
0.9843176085547092,22.94578,399410.0,6215,132,0.03361676348727269,0.0003366960425461364,5.744918755163867e-05,0.036307250222767345,6214.999999999997,131.99999999999997,0.03630690259417587,0.0056742038804979385,0.0011483972964623594,0.0005743711623611841
0.9847182186726529,20.845032000000003,375203.3333333333,5646,124,0.030539058189725122,0.0003162902217857645,5.555662796172743e-05,0.03403056989934643,5646.0,124.0,0.034030254802662835,0.005482982056111349,0.0011105232092584005,0.0005554381989917505
0.9851487025961936,18.755360000000003,341919.1666666667,5080,113,0.02747757980938782,0.00028823221824025315,5.485319873361882e-05,0.03207477964695261,5080.000000000001,113.00000000000003,0.032074486419660195,0.00540672101364612,0.0010964087736467004,0.0005485535607418509
0.9856167296534375,16.702608,278376.66666666657,4524,92,0.024470191153084738,0.0002346669387442768,6.000002873804081e-05,0.03165686276307604,4524.0,91.99999999999993,0.03165654620227312,0.005894937007553697,0.001199078514080978,0.000599852929274954
0.9860523743228159,14.620320000000003,239040.83333333337,3960,79,0.021419530717554282,0.0002015074800086726,6.116243737994554e-05,0.029903417973114136,3960.0,78.99999999999999,0.0299031131531053,0.0059920636153029064,0.0012222441242180037,0.0006115564822523228
0.9865511883751708,12.53434,202730.83333333334,3395,67,0.0183634613096204,0.00017089874886811468,6.182749705068707e-05,0.027838226764330898,3394.9999999999986,66.99999999999997,0.027837939910365882,0.006035553003254263,0.0012353042783581666,0.0006180737208668373
0.9871048615564044,10.459436,157343.33333333337,2833,52,0.015323618818896786,0.0001326378349424174,6.647524098044615e-05,0.026368419152834204,2832.999999999999,52.00000000000003,0.026368127019785872,0.006445712831343581,0.0013278038059807995,0.0006645862176567289
0.9877508616415036,8.373456000000001,121033.33333333334,2268,40,0.012267549410962907,0.00010202910380185952,6.918305700908841e-05,0.02406867848077857,2268.0,40.00000000000001,0.02406840096466636,0.006648930068940652,0.0013813605280671424,0.0006915618052151367
0.9885042912932662,6.29486,78671.66666666666,1705,26,0.00922229794783587,6.631891747120868e-05,8.00143211236574e-05,0.022442792817928565,1704.9999999999993,25.999999999999993,0.022442493537070105,0.007536566800405765,0.0015961885293296447,0.000799604417477143
0.9893857148660724,4.1941120000000005,54465.00000000001,1136,18,0.006144592650288299,4.5913096710836787e-05,7.700563664738824e-05,0.01797137347924334,1135.9999999999998,18.000000000000007,0.017971142837112944,0.007077973254297594,0.001534445994101586,0.0007693310319552558
0.9906390513667889,2.115516,12103.333333333334,573,4,0.0030993411871612633,1.0202910380185952e-05,0.00017478788212613603,0.019229315152754525,572.9999999999998,4.0,0.019228755018342848,0.01293347879384862,0.0034391883449052555,0.0017406013800272283
0.9942205146541537,0.003692,0.0,1,0,5.4089724034227975e-06,0.0,inf,inf,1.0,0.0,0.0,0.0,0.0,0.0
