threshold,signal_yield,background_yield,signal_efficiency,background_efficiency,background_neff,s_over_b,asimov_z_bkg_syst_0,asimov_z_bkg_syst_0.0001,asimov_z_bkg_syst_0.01,asimov_z_bkg_syst_0.05,asimov_z_bkg_syst_0.1
0.0,73.84000000001255,60516666.66668329,1.0000000000001699,1.0000000000002744,20000.00000000512,1.2201597356098971e-06,0.009491920682289939,0.007490760880295778,0.000166510208266207,2.4403104137904642e-05,1.2201582312303024e-05
0.0005,73.83630800001255,48310455.0000066,0.9999500000001699,0.798300000000109,15965.99999999999,1.528371198325548e-06,0.010623051776902228,0.008722517069032574,0.00015847903528169098,3.0567281848857405e-05,1.528368837868402e-05
0.001,73.83630800001255,46461670.83333842,0.9999500000001699,0.767750000000084,15354.999999999214,1.589187531909239e-06,0.010832344064325601,0.008950665478722185,0.00012621090203305264,0.00012376404650939681,1.58918497986209e-05
0.0015,73.83261600001255,45351190.00000417,0.9999000000001699,0.7494000000000689,14987.999999998747,1.6280193750154243e-06,0.010963615468058328,0.00909331852869569,0.0001914135587607858,0.00010495236523225368,2.449240545673911e-05
0.002,73.82892400001255,44497905.00000347,0.9998500000001699,0.7353000000000574,14705.999999998388,1.659155054603285e-06,0.01106768108840518,0.009206119366060769,0.00014489691567929372,2.627180407990937e-05,0.0001330281396714075
0.0025,73.82892400001255,43753550.00000286,0.9998500000001699,0.7230000000000473,14459.999999998076,1.6873813439139847e-06,0.011161428176647281,0.009310094139020014,0.0001777452913963748,6.618925335006556e-05,1.687378466555771e-05
0.003,73.82892400001255,43130228.33333568,0.9998500000001699,0.7127000000000387,14253.999999997814,1.711767520204608e-06,0.011241791763521723,0.009396655858210368,0.00017561275625870408,3.4235172117683956e-05,1.711764559077874e-05
0.0035,73.82523200001255,42637017.500001945,0.9998000000001699,0.7045500000000321,14090.999999997606,1.7314820859599098e-06,0.011306060008819126,0.009465800903648756,0.00016199380128904006,0.00011577827362957588,1.7314790561318673e-05
0.004,73.82523200001255,42155910.00000155,0.9998000000001699,0.6966000000000255,13931.999999997404,1.751242755760932e-06,0.011370392572657881,0.0095376440099583,0.0001484236628203998,8.754239681640932e-05,1.7512396563820628e-05
0.0045000000000000005,73.82154000001255,41762551.66666789,0.9997500000001699,0.6901000000000203,13801.999999997239,1.7676491750127428e-06,0.011423244170900121,0.009592961658714046,0.0001224423719290604,3.5352793366424636e-05,3.862962734586934e-05
0.005,73.82154000001255,41360115.83333423,0.9997500000001699,0.6834500000000148,13668.99999999707,1.7848484829560365e-06,0.01147868395196325,0.009655681151534689,0.0001408977433643903,0.00012742593232903783,7.785906977444e-05
0.0055,73.82154000001255,40939525.00000055,0.9997500000001699,0.6765000000000091,13529.999999996895,1.8031850638230794e-06,0.011537496188228863,0.009718151271297255,0.00015123847195406065,8.627830625158749e-05,1.8031817777509424e-05
0.006,73.82154000001255,40670225.83333366,0.9997500000001699,0.6720500000000054,13440.99999999678,1.815124909867301e-06,0.011575631086308583,0.009759841627491286,0.00023080301546567685,5.783165002149283e-05,8.4787874889309e-05
0.006500000000000001,73.81784800001255,40355539.16666674,0.9997000000001699,0.6668500000000012,13336.99999999665,1.8291875049704535e-06,0.011620094787150132,0.00980711760466491,0.00017234332740487062,3.658354648761707e-05,0.0001143836566554876
0.007,73.81046400001254,40040852.499999814,0.9996000000001698,0.6616499999999969,13232.999999996515,1.8433789340527374e-06,0.011664500453876325,0.009857935989925327,0.00017733705802815995,7.913933018958645e-05,1.8433754995063946e-05
0.0075,73.79938800001254,39786682.499999605,0.9994500000001698,0.6574499999999934,13148.99999999641,1.854876641198051e-06,0.011699943430652891,0.009894845291198438,0.00018491652082668674,3.709732340634501e-05,3.905470143268498e-05
0.008,73.79569600001254,39535538.33333273,0.9994000000001698,0.65329999999999,13065.999999996304,1.8665661101620765e-06,0.011736458559637241,0.00993530755312311,0.00022591999755365295,3.7331110128363655e-05,1.866562588196356e-05
0.0085,73.79200400001254,39272290.833332516,0.9993500000001698,0.6489499999999865,12978.999999996193,1.8789839460391568e-06,0.01177513923496001,0.009977647048993128,0.00018639827405218868,0.00014324197384348657,0.00010478124391287202
0.009000000000000001,73.78831200001254,39051404.999999,0.9993000000001697,0.6452999999999834,12905.9999999961,1.8895174706265862e-06,0.011807803218821968,0.010012974750566042,0.00017569032382032355,0.00011553108052121992,1.889513861273989e-05
0.0095,73.78831200001254,38866829.16666552,0.9993000000001697,0.6422499999999809,12844.999999996022,1.8984906559678334e-06,0.011835807205635207,0.010044980135742584,0.00013617087173170455,3.7969593708537244e-05,1.8984870122527574e-05
0.01,73.78831200001254,38673175.833332025,0.9993000000001697,0.6390499999999784,12780.999999995942,1.9079972205544892e-06,0.01186540368871511,0.010076551939795245,0.00016310728101178015,9.502664841775443e-05,0.00012834241808039472
0.0105,73.78831200001254,38482548.33333187,0.9993000000001697,0.6358999999999757,12717.99999999586,1.917448692868928e-06,0.011894755649841604,0.010108116611690351,0.00017000713112736915,3.834875004269259e-05,6.986213932055922e-05
0.011,73.78831200001254,38282843.333331704,0.9993000000001697,0.6325999999999731,12651.999999995778,1.927451191582923e-06,0.011925740166378979,0.010141820822414696,0.00018972710685381838,3.854879767580318e-05,1.927447435853957e-05
0.0115,73.78831200001254,38049854.166664846,0.9993000000001697,0.6287499999999698,12574.99999999568,1.9392534772093255e-06,0.011962196627002234,0.01018163742633942,0.00017002325494109744,3.878484061024083e-05,2.1228565556636835e-05
0.012,73.78462000001254,37865278.33333136,0.9992500000001697,0.6256999999999674,12513.999999995602,1.94860894327727e-06,0.01199071628517794,0.010213139542099861,0.00022099538328253793,6.071169950904914e-05,1.948605104513377e-05
0.0125,73.78092800001254,37704909.16666456,0.9992000000001697,0.6230499999999652,12460.999999995536,1.9567989853491886e-06,0.012015587828622363,0.010238039234405933,0.00017614127753020037,3.913574659095592e-05,1.9567951141188814e-05
0.013000000000000001,73.77354400001254,37529410.833331086,0.9991000000001697,0.6201499999999628,12402.999999995462,1.96575278859672e-06,0.01204244388915524,0.010269264718462873,0.0001897296866607711,0.00010618890455019051,1.965748881595816e-05
0.0135,73.77354400001254,37378119.166664295,0.9991000000001697,0.6176499999999607,12352.999999995398,1.9737093691382826e-06,0.012066790757267843,0.01029517966920393,0.00018965336077610576,7.088544098027761e-05,1.9737054304454594e-05
0.014,73.76985200001253,37193543.33333081,0.9990500000001697,0.6145999999999583,12291.99999999532,1.9834047898820127e-06,0.012096089493915576,0.010326957175290327,0.00020816197400226957,0.00010573110154975388,1.9834008122648072e-05
0.0145,73.76985200001253,37066458.333330706,0.9990500000001697,0.6124999999999565,12249.999999995265,1.9902050348759e-06,0.012116807890418869,0.010348921505954935,0.00021861751389850445,3.980385952193003e-05,1.425376364470517e-05
0.015,73.76985200001253,36893985.833330564,0.9990500000001697,0.6096499999999542,12192.999999995192,1.9995088720765913e-06,0.012145096757358734,0.010379633725750296,0.00021793901815080256,8.08726728998307e-05,8.108933052818968e-05
0.0155,73.76616000001253,36697306.666663736,0.9990000000001696,0.6063999999999515,12127.999999995112,2.0101246304002627e-06,0.012176989601087568,0.01041386828823691,0.00019708946346743737,2.8361998420466892e-05,7.115503763940493e-05
0.016,73.76616000001253,36555092.49999695,0.9990000000001696,0.6040499999999496,12080.999999995052,2.017944832174031e-06,0.01220065331175775,0.010439653217803999,0.00020746689685268268,4.035864868692934e-05,2.0179407146760135e-05
0.0165,73.75877600001253,36415904.166663505,0.9989000000001697,0.6017499999999477,12034.999999994994,2.0254550226857774e-06,0.012222724018375977,0.010464867601708823,0.00018675357896843315,5.6887658519932126e-05,3.8921645662471366e-05
0.017,73.75508400001253,36270664.166663386,0.9988500000001697,0.5993499999999458,11986.99999999493,2.033463839016252e-06,0.012246558479813758,0.010490160470897411,0.00021070351259422853,4.066902496163392e-05,2.033459657522654e-05
0.0175,73.75508400001253,36113320.83332992,0.9988500000001697,0.5967499999999436,11934.999999994865,2.0423235055121834e-06,0.012273208185825574,0.010519811258272034,0.00020405549290666549,6.577858980195396e-05,0.00011715857866933468
0.018000000000000002,73.75139200001253,35937822.499996446,0.9988000000001697,0.5938499999999413,11876.999999994792,2.0521942307444984e-06,0.012302523222374219,0.010551000827851726,0.0002452514511512492,4.104362812437773e-05,2.05218997172119e-05
0.0185,73.75139200001253,35762324.16666297,0.9988000000001697,0.5909499999999388,11818.99999999472,2.0622650713725795e-06,0.01233267266739119,0.01058545143900603,0.00020707899945336938,4.124504241339494e-05,2.0622607704457042e-05
0.019,73.74770000001253,35577748.333329484,0.9987500000001697,0.5878999999999364,11757.99999999464,2.0728602414370662e-06,0.012364002976964373,0.010617638310955522,0.0002158505876389427,9.113462622989112e-05,2.072855896057691e-05
0.0195,73.74770000001253,35441585.83332937,0.9987500000001697,0.5856499999999345,11712.999999994583,2.080823932281833e-06,0.012387730730979101,0.010644187671173254,0.00022480492757895323,9.12139820404071e-05,2.0808195534494695e-05
0.02,73.74031600001253,35250958.333329216,0.9986500000001696,0.582499999999932,11649.999999994503,2.0918669870683272e-06,0.012419936598277252,0.010679908356299379,0.00019062314095520897,4.183707320251267e-05,2.0918625613381777e-05
0.0205,73.72924000001252,35081511.66666241,0.9985000000001696,0.5796999999999296,11593.999999994432,2.1016551595773065e-06,0.012448025109045002,0.010710849034378127,0.00022357341824176066,4.20328341165213e-05,3.957755852512753e-05
0.021,73.72554800001252,34918116.666662276,0.9984500000001696,0.5769999999999273,11539.999999994363,2.11138386138681e-06,0.012476490798111046,0.010740643331591075,0.00019505614399869327,4.2227405643713146e-05,2.1113793520829607e-05
0.021500000000000002,73.72185600001252,34788005.833328836,0.9984000000001695,0.5748499999999256,11496.999999994308,2.1191745325448606e-06,0.012499174746287627,0.010765934818477704,0.00020172365210846622,9.877985446320569e-05,0.00010183882942010013
0.022,73.72185600001252,34609481.66666202,0.9984000000001695,0.5718999999999232,11437.999999994236,2.1301057528124133e-06,0.012531370158968987,0.010800941847222327,0.00018675496914911935,4.260183862223004e-05,2.1301011630309595e-05
0.0225,73.71816400001252,34482396.66666192,0.9983500000001695,0.5697999999999215,11395.999999994181,2.1378491962910548e-06,0.012553812383587675,0.01082426329853008,0.00018582367973923509,8.62668614360135e-05,2.137844572923846e-05
0.023,73.71816400001252,34379518.3333285,0.9983500000001695,0.5680999999999201,11361.999999994137,2.14424656230707e-06,0.012572581547099873,0.010846428444771574,0.000246005041991241,0.00012808086613869064,6.462176757224347e-05
0.0235,73.71816400001252,34243355.83332839,0.9983500000001695,0.5658499999999183,11316.999999994081,2.152772770251217e-06,0.012597553026728327,0.010872256500550577,0.0001893829897664298,4.3055173043923124e-05,8.278171557118521e-05
0.024,73.71447200001252,34119296.66666162,0.9983000000001695,0.5637999999999166,11275.999999994028,2.1604921320678873e-06,0.012619802776000555,0.010896898946101996,0.00019914785781078627,4.320955823898281e-05,2.1604874100872296e-05
0.0245,73.71078000001252,34022469.999994874,0.9982500000001695,0.5621999999999152,11243.999999993988,2.1665322946871178e-06,0.012637114781887103,0.010916494848266449,0.00018934169904023202,0.0001239184324241927,8.702184816943787e-05
0.025,73.70708800001252,33871178.33332808,0.9982000000001695,0.5596999999999132,11193.999999993923,2.1761004968488874e-06,0.012664671904786196,0.010945629226424012,0.00020608172289572271,0.00010695509476231775,5.2588841920435114e-05
0.025500000000000002,73.70339600001252,33725938.333327964,0.9981500000001695,0.5572999999999112,11145.999999993863,2.1853623543864112e-06,0.012691276913603706,0.010975636697961052,0.00020409400712167485,4.370695606103219e-05,2.1853575225804637e-05
0.026000000000000002,73.70339600001252,33598853.33332786,0.9981500000001695,0.5551999999999095,11103.999999993808,2.193628314300345e-06,0.012715256116411357,0.011001263164263073,0.00021370877322910865,0.00012017632319841525,2.193623445873477e-05
0.0265,73.70339600001252,33441509.99999454,0.9981500000001695,0.5525999999999097,11051.999999993837,2.2039494030031704e-06,0.012745133827907335,0.01103384076592096,0.00023379448028981248,9.72127388437826e-05,7.637997596695876e-05
0.027,73.69601200001252,33332579.999994583,0.9980500000001694,0.5507999999999105,11015.99999999388,2.2109303270261253e-06,0.012764663247286801,0.011053292336281169,0.000237373071996762,7.595477355730522e-05,3.410656258052096e-05
0.0275,73.69601200001252,33241804.99999462,0.9980500000001694,0.5492999999999111,10985.999999993915,2.2169678210922793e-06,0.01278207989371334,0.011073734221321309,0.00025279384595072073,0.0001170484849008994,2.216962848183345e-05
0.028,73.68862800001251,33138926.66666133,0.9979500000001694,0.5475999999999117,10951.999999993955,2.2236274801906997e-06,0.01280062251351963,0.011094269400486578,0.00020547301389551158,4.4472248242559264e-05,0.00011909175802542435
0.0285,73.68862800001251,33033022.499994706,0.9979500000001694,0.5458499999999125,10916.999999993997,2.230756449853304e-06,0.01282112553420623,0.011116046620185885,0.0002445589973339536,4.4614825700389305e-05,0.0001141816512028483
0.029,73.68862800001251,32948299.166661408,0.9979500000001694,0.5444499999999131,10888.999999994032,2.2364926221919832e-06,0.012837599074029607,0.011134089131783546,0.0002162189864653849,4.472954758536938e-05,2.2364875609647473e-05
0.029500000000000002,73.68124400001251,32809110.83332813,0.9978500000001694,0.542149999999914,10842.999999994086,2.245755588266832e-06,0.012863512023474263,0.011162286400004363,0.00021687064973540657,0.00011457101209903878,0.00014501743920746613
0.03,73.67755200001251,32712284.166661505,0.9978000000001694,0.5405499999999147,10810.999999994125,2.2522900456795515e-06,0.012881890093604801,0.01118229411744545,0.00020491868024372623,3.576542416013953e-05,5.87567601597502e-05
0.0305,73.67386000001251,32615457.499994878,0.9977500000001693,0.5389499999999153,10778.999999994163,2.258863301243715e-06,0.012900350898352142,0.011202299023459992,0.00022478303992226395,4.517695498167586e-05,7.802491613997342e-05
0.031,73.67016800001251,32506527.499994922,0.9977000000001693,0.5371499999999161,10742.999999994205,2.2663192185023154e-06,0.01292129991318393,0.011225624036766337,0.00025018331356477176,4.532607125614957e-05,2.2663140205054753e-05
0.0315,73.67016800001251,32391545.833328303,0.9977000000001693,0.5352499999999168,10704.99999999425,2.2743640695348295e-06,0.012944213227549248,0.011249840002331877,0.00023416071384749752,7.167295046146588e-05,0.00013655992280027772
0.032,73.67016800001251,32291693.333328344,0.9977000000001693,0.5335999999999175,10671.99999999429,2.28139686697623e-06,0.012964210838651293,0.011271507335873971,0.00022333878046043815,0.00011455571416872493,7.88166209551454e-05
0.0325,73.66278400001251,32179737.499995057,0.9976000000001694,0.5317499999999182,10634.999999994334,2.289104564635551e-06,0.012985441325305888,0.011293850329786744,0.00021119549995769646,9.774260386923317e-05,0.00011140519534914866
0.033,73.66278400001251,32095014.166661758,0.9976000000001694,0.5303499999999188,10606.999999994368,2.2951472654755418e-06,0.013002569281788896,0.011312719729780825,0.0002416095910714124,5.898532234174891e-05,8.52586134645762e-05
0.0335,73.6554000000125,32007264.999995127,0.9975000000001694,0.5288999999999194,10577.999999994403,2.3012088036895284e-06,0.01301907542310121,0.011331155068209515,0.00024189555533051508,4.602385318741874e-05,2.3012034436958984e-05
0.034,73.6517080000125,31916489.999995165,0.9974500000001693,0.52739999999992,10547.999999994438,2.307638089276849e-06,0.013036922796180248,0.011351311272611917,0.00022580126315222332,4.6152437077950155e-05,4.106366729726681e-05
0.0345,73.6517080000125,31810585.83332854,0.9974500000001693,0.5256499999999208,10512.99999999448,2.315320704431864e-06,0.013058606083186455,0.011373093593938451,0.00022608332348568165,0.0001205409975518294,2.3153152783152493e-05
0.035,73.6517080000125,31737965.83332857,0.9974500000001693,0.5244499999999213,10488.999999994508,2.3206184160255666e-06,0.013073537308021018,0.011389950255954068,0.000240340103884478,6.877831079319176e-05,2.3206129650494643e-05
0.035500000000000004,73.6443240000125,31650216.66666194,0.9973500000001693,0.5229999999999219,10459.999999994541,2.326818952793588e-06,0.01309033521108225,0.011408912910692919,0.00021331311480219276,5.963975719593685e-05,2.326813472280809e-05
0.036000000000000004,73.6443240000125,31556415.833328646,0.9973500000001693,0.5214499999999225,10428.99999999458,2.3337353769508976e-06,0.013109776142885537,0.011430564535439353,0.0002450272669726773,0.00010427128791960582,4.224226396919573e-05
0.0365,73.6443240000125,31453537.499995355,0.9973500000001693,0.5197499999999232,10394.99999999462,2.341368566255016e-06,0.013131198373249317,0.011452184470652675,0.0002539505667725284,0.00011025805134206592,2.3413630169886936e-05
0.037,73.6332480000125,31371839.999995388,0.9972000000001693,0.5183999999999237,10367.999999994652,2.347112824750583e-06,0.013146307674984451,0.011470304416204806,0.000247526137873719,0.00010735980772729458,4.3308565257458854e-05
0.0375,73.6295560000125,31281064.999995425,0.9971500000001692,0.5168999999999243,10337.999999994687,2.3538059206111835e-06,0.013164708461272242,0.011489466220224133,0.0002606484382295398,6.338207054571999e-05,2.3538003114784764e-05
0.038,73.6221720000125,31238703.333328776,0.9970500000001692,0.5161999999999246,10323.999999994705,2.356761457555907e-06,0.013172310392764194,0.011498900034347493,0.0002597058443965786,0.00012027887436971276,7.763154832882922e-05
0.0385,73.6184800000125,31166083.333328806,0.9970000000001692,0.5149999999999252,10299.999999994734,2.3621344784535494e-06,0.013186986499933188,0.011513180176179801,0.0002466582852432128,4.7242349207337356e-05,2.3621288289866195e-05
0.039,73.6147880000125,31060179.166662183,0.9969500000001692,0.5132499999999258,10264.999999994774,2.370069651079973e-06,0.013208786358313117,0.011537628720128807,0.0002539671936881105,3.2308935620418275e-05,5.078829947968865e-05
0.0395,73.6110960000125,30978481.666662216,0.9969000000001692,0.5118999999999264,10237.999999994807,2.376200899453047e-06,0.013225528872232294,0.01155621916532129,0.00020706624300109928,2.3036369369697007e-05,7.647474665017066e-05
0.04,73.6110960000125,30914939.166662242,0.9969000000001692,0.5108499999999269,10216.999999994832,2.381084937711685e-06,0.01323911374786536,0.011572382951499724,0.0002290138908824106,7.792195227636478e-05,6.132974854205046e-05
0.0405,73.6110960000125,30806009.166662287,0.9969000000001692,0.5090499999999276,10180.999999994874,2.389504450309426e-06,0.013262499816067197,0.01159610363792611,0.00023136173286762102,8.332378071419723e-05,2.3894986687748624e-05
0.041,73.6110960000125,30748518.333328977,0.9969000000001692,0.5080999999999279,10161.999999994898,2.3939721323164977e-06,0.013274892535971592,0.011609221902659153,0.00024319930476035894,8.423809246805496e-05,0.00010371990523075501
0.0415,73.6110960000125,30688001.666662335,0.9969000000001692,0.5070999999999284,10141.999999994921,2.398693039696336e-06,0.01328797510662707,0.011624506420172692,0.00021896746840867977,4.797350978385941e-05,2.3986872136117787e-05
0.042,73.6074040000125,30600252.499995705,0.9968500000001691,0.505649999999929,10112.999999994956,2.405450870054841e-06,0.013306346306080918,0.011643038878366804,0.00023690527484404808,5.645403965318416e-05,0.00011431065355096051
0.0425,73.6074040000125,30518554.99999574,0.9968500000001691,0.5042999999999296,10085.999999994987,2.4118902090882995e-06,0.013324144786818749,0.011663474687728903,0.00025898168186026983,3.0739672769301645e-05,4.76548352104158e-05
0.043000000000000003,73.6037120000125,30442909.166662436,0.9968000000001691,0.50304999999993,10060.999999995018,2.4177621001022726e-06,0.013340019561012677,0.011680553458491796,0.00023225770751163842,4.835488535705862e-05,2.4177561806192566e-05
0.043500000000000004,73.6037120000125,30367263.333329134,0.9968000000001691,0.5017999999999305,10035.999999995047,2.4237848235481215e-06,0.013356624422821355,0.011697497546128829,0.00023653725642806887,5.2913249253109377e-05,7.762402593180885e-05
0.044,73.60002000001249,30282539.999995835,0.9967500000001691,0.5003999999999311,10007.99999999508,2.43044407767719e-06,0.01337462477164349,0.011717954429490625,0.00025347403528740885,4.860852114121456e-05,2.4304380957307488e-05
0.0445,73.60002000001249,30218997.49999586,0.9967500000001691,0.49934999999993157,9986.999999995105,2.4355546539895168e-06,0.013388679013088043,0.011732896630021916,0.00024817854133021036,4.5686350910591765e-05,2.435548646859788e-05
0.045,73.60002000001249,30152429.166662555,0.9967500000001691,0.498249999999932,9964.999999995132,2.4409316938678664e-06,0.01340345012712685,0.011747167022094156,0.000229337856316998,4.881827034790098e-05,2.4409256601846958e-05
0.0455,73.60002000001249,30088886.66666258,0.9967500000001691,0.4971999999999325,9943.999999995156,2.4460865174369744e-06,0.013417595529866289,0.011764844190312368,0.00022607940225775137,4.892136528224786e-05,3.3907895153186445e-05
0.046,73.59632800001249,30031395.83332927,0.9967000000001691,0.49624999999993286,9924.99999999518,2.4506462639453554e-06,0.01342975870707966,0.011778707741080715,0.0002834508948388383,4.9012558833740775e-05,9.088547825998658e-05
0.0465,73.58525200001249,29961801.666662633,0.9965500000001691,0.4950999999999333,9901.999999995207,2.455968863911412e-06,0.013443323241450155,0.011792727947606755,0.0002499952959305048,8.089826255303878e-05,5.805956190439129e-05
0.047,73.57417600001249,29871026.66666267,0.996400000000169,0.4935999999999339,9871.999999995243,2.4630615084323293e-06,0.01346170762431332,0.011812575014459769,0.00023164670371645133,2.3185723728287687e-05,4.265908980104848e-05
0.0475,73.56679200001248,29822613.333329357,0.996300000000169,0.49279999999993424,9855.999999995262,2.4668123875581087e-06,0.013471277763486849,0.011822811064495876,0.0002650514419744269,6.739489901044232e-05,5.2864247289223164e-05
0.048,73.56310000001248,29768148.33332938,0.9962500000001691,0.4918999999999346,9837.999999995283,2.471201741414627e-06,0.013482919234416491,0.011836115927130806,0.00025131866061520983,0.00012062583672526474,2.4711955550740097e-05
0.0485,73.55571600001248,29695528.33332941,0.996150000000169,0.49069999999993513,9813.999999995312,2.4769963738094417e-06,0.013498040279643927,0.011853241937951156,0.00023097709941983315,0.00010783252111505083,6.70523838315722e-05
0.049,73.54833200001248,29631985.833329435,0.996050000000169,0.4896499999999355,9792.999999995336,2.482058827028962e-06,0.01351114856681777,0.011866749358516882,0.0002412386630479148,4.964080042251398e-05,2.4820525853695704e-05
0.0495,73.54464000001248,29571469.166662794,0.996000000000169,0.48864999999993597,9772.99999999536,2.487013397458201e-06,0.013524287535051015,0.011880307534066522,0.00022221394593592808,6.319068393023784e-05,5.0184439025965294e-05
0.05,73.54094800001248,29507926.66666282,0.995950000000169,0.4875999999999364,9751.999999995385,2.492243824202561e-06,0.013538161663319764,0.011895913547460705,0.0002551578833331367,4.984449723899087e-05,0.00010254432247075053
0.0505,73.53356400001248,29453461.666662842,0.9958500000001689,0.48669999999993674,9733.999999995407,2.4966017520189176e-06,0.013549312600438176,0.01190886583448605,0.00024832460880196844,0.00010707145641497067,2.4965954361518777e-05
0.051000000000000004,73.52618000001247,29402022.499996196,0.9957500000001689,0.4858499999999371,9716.999999995427,2.5007184454750342e-06,0.013559797980387292,0.011920826118740933,0.0002590180328164962,8.215270290270466e-05,2.500712108335121e-05
0.051500000000000004,73.52248800001247,29353609.166662883,0.9957000000001689,0.4850499999999374,9700.999999995447,2.5047171399799285e-06,0.013570294106148332,0.011931972292755959,0.00022798607014158284,7.448112764307296e-05,7.774275970413521e-05
0.052000000000000005,73.51879600001247,29305195.83332957,0.9956500000001689,0.4842499999999378,9684.999999995465,2.508729046485252e-06,0.013580816792047338,0.011942130233441194,0.000240124912395041,5.0174196547818166e-05,2.5087226682507484e-05
0.0525,73.51879600001247,29256782.499996256,0.9956500000001689,0.4834499999999381,9668.999999995483,2.5128804235401444e-06,0.013592048722710857,0.011956003167833528,0.0002763262742879326,3.286417941507445e-05,2.51287402417915e-05
0.053,73.51510400001247,29193239.999996282,0.9956000000001688,0.48239999999993854,9647.999999995509,2.518223533942167e-06,0.013606149697033785,0.011970261577991614,0.00023603427264721086,5.036408336469113e-05,2.5182171071219104e-05
0.0535,73.51510400001247,29135749.166662972,0.9956000000001688,0.4814499999999389,9628.999999995533,2.5231925075785666e-06,0.013619566939003892,0.011984184375517352,0.00022801242025234357,5.046346130741821e-05,8.37819707596502e-05
0.054,73.51510400001247,29038922.499996345,0.9956000000001688,0.47984999999993955,9596.99999999557,2.5316057784176296e-06,0.013642254396660442,0.012009976605277372,0.0002768995237042296,9.485961296525074e-05,1.558453870450824e-05
0.0545,73.51141200001247,28960250.83332971,0.9955500000001688,0.4785499999999401,9570.999999995602,2.5383555005473163e-06,0.01366008561905058,0.01202790563132758,0.0002489592476638829,5.453856123644647e-05,7.162719408070547e-05
0.055,73.50402800001247,28914863.33332973,0.9954500000001688,0.47779999999994044,9555.999999995618,2.5420845726524836e-06,0.013669429296554774,0.012038908849047984,0.0002485198434410478,5.08412967113113e-05,6.76659662386405e-05
0.0555,73.50402800001247,28854346.666663088,0.9954500000001688,0.4767999999999408,9535.999999995644,2.5474161258669377e-06,0.013683756328167481,0.012054913952201785,0.00022428860520627182,2.8344509428213326e-05,3.620544287428253e-05
0.056,73.50402800001247,28781726.666663118,0.9954500000001688,0.4755999999999413,9511.999999995673,2.553843584552891e-06,0.013701008377221631,0.01207255700033391,0.0002307803007106411,8.081769330317295e-05,5.1961070745679625e-05
0.0565,73.48926000001246,28742390.8333298,0.9952500000001687,0.4749499999999416,9498.999999995687,2.556824880232093e-06,0.01370762591548591,0.012080764423116752,0.0002618149751628151,5.11360982003382e-05,2.5568182533075497e-05
0.057,73.48556800001246,28678848.333329827,0.9952000000001687,0.47389999999994203,9477.999999995713,2.5623611919802722e-06,0.013722113786734517,0.01209651297059954,0.0002580607094015894,3.76781172701628e-05,3.690854818331727e-05
0.0575,73.48187600001246,28621357.499996517,0.9951500000001687,0.4729499999999424,9458.999999995734,2.567379132873813e-06,0.013735198347292242,0.012111569265429245,0.0002369346631518054,0.00011254538210215482,6.434212675968553e-05
0.058,73.48187600001246,28551763.33332988,0.9951500000001687,0.4717999999999429,9435.999999995762,2.5736370514893365e-06,0.013751927735209078,0.012129018886380207,0.00022728079308506792,0.00012867007431788025,4.3596524206227594e-05
0.0585,73.48187600001246,28509401.66666323,0.9951500000001687,0.4710999999999432,9421.999999995778,2.5774611778659912e-06,0.013762140819758927,0.01214121326226262,0.0002659865218680224,7.140148316329403e-05,7.311497101132638e-05
0.059000000000000004,73.47449200001246,28436781.66666326,0.9950500000001687,0.46989999999994364,9397.999999995807,2.5837836665654533e-06,0.013778317343460739,0.012157429038308964,0.00024353330174638047,5.1675265387095243e-05,6.319162477714145e-05
0.059500000000000004,73.46710800001246,28391394.166663278,0.9949500000001686,0.46914999999994395,9382.999999995825,2.587654116904071e-06,0.013787940400330928,0.012167274427960065,0.00026082574796004894,9.787593685351217e-05,2.5876473278327452e-05
0.06,73.46341600001246,28336929.1666633,0.9949000000001686,0.4682499999999443,9364.999999995847,2.5924974286359076e-06,0.013800491023049342,0.012180847503473313,0.0002474587292247667,6.152923333385499e-05,8.9674026366027e-05
0.0605,73.46341600001246,28282464.166663323,0.9949000000001686,0.4673499999999447,9346.999999995867,2.597489934650183e-06,0.01381377277968147,0.012196505230005966,0.0002473411746909469,5.194938635389133e-05,2.5974830936388133e-05
0.061,73.45972400001246,28252205.83333,0.9948500000001687,0.4668499999999449,9336.99999999588,2.600141186616648e-06,0.01382047352313088,0.012204353976186402,0.00026071468245599807,5.200241053254803e-05,5.4349017692448287e-05
0.0615,73.45603200001246,28206818.33333002,0.9948000000001687,0.4660999999999452,9321.999999995896,2.604194175037977e-06,0.013830893123255538,0.012214420617484095,0.00024952044145667095,3.447166659298655e-05,2.60418729820318e-05
0.062,73.45603200001246,28167482.499996703,0.9948000000001687,0.46544999999994546,9308.999999995913,2.6078309270280384e-06,0.013840547152908007,0.012226210242951925,0.00024956737694136914,5.679385518832241e-05,8.809327450060928e-05
0.0625,73.45603200001246,28125120.833330054,0.9948000000001687,0.46474999999994576,9294.999999995931,2.61175880577773e-06,0.013850966442908914,0.01223733697246921,0.0002497860663854815,7.754247295637979e-05,2.6117518889334892e-05
0.063,73.44864800001245,28061578.33333008,0.9947000000001687,0.4636999999999462,9273.999999995955,2.617409723984555e-06,0.013865245678957448,0.012252632030309369,0.0002472473071016915,5.234777571702183e-05,2.617402776707995e-05
0.0635,73.44126400001245,28007113.333330102,0.9946000000001686,0.4627999999999466,9255.999999995976,2.622236112873977e-06,0.0138773256187068,0.012264912011950157,0.0002655640945720626,9.694086834855231e-05,5.4320336320829166e-05
0.064,73.43757200001245,27949622.499996793,0.9945500000001686,0.46184999999994697,9236.999999996,2.62749781325386e-06,0.01389089236975436,0.012279659051633904,0.00028068647162034883,5.25495342114891e-05,2.6274908116126255e-05
0.0645,73.43018800001245,27895157.499996815,0.9944500000001686,0.46094999999994735,9218.99999999602,2.6323632695037064e-06,0.013903048592007793,0.012294277156355672,0.000264623277087747,0.00010352570734841557,7.942620915717604e-05
0.065,73.43018800001245,27861873.333330162,0.9944500000001686,0.4603999999999476,9207.999999996033,2.635507925885606e-06,0.013911350489570882,0.012302874381041032,0.0002532264712338527,7.678650530663248e-05,2.6355008810138316e-05
0.0655,73.42280400001245,27795304.999996856,0.9943500000001685,0.459299999999948,9185.99999999606,2.641554176146682e-06,0.01392659842774077,0.012319678840145181,0.000271973488719911,8.105402715137491e-05,2.641547098436074e-05
0.066,73.41911200001245,27743865.83333021,0.9943000000001685,0.45844999999994834,9168.99999999608,2.6463187373048095e-06,0.013938801970366609,0.01233257289856261,0.0002449361005375224,5.2925946528592815e-05,5.2739095160214904e-05
0.0665,73.41911200001245,27677297.499996904,0.9943000000001685,0.4573499999999488,9146.999999996106,2.652683557707202e-06,0.013955554414019616,0.01235035538601825,0.0002622513811720653,5.43332133101141e-05,6.485365807281287e-05
0.067,73.41911200001245,27634935.833330255,0.9943000000001685,0.4566499999999491,9132.999999996122,2.6567498633907554e-06,0.013966246562851618,0.012362724634230885,0.0002591788540976261,5.3134565667825274e-05,2.6567427037745218e-05
0.0675,73.41542000001245,27598625.83333027,0.9942500000001685,0.45604999999994933,9120.999999996136,2.660111428857817e-06,0.01397472806903289,0.012371188444274532,0.00026906105426258414,5.6704116664142795e-05,3.389604166263803e-05
0.068,73.40434400001244,27553238.33333029,0.9941000000001685,0.45529999999994963,9105.999999996155,2.664091353328059e-06,0.013984123300861571,0.012381688717982666,0.00026689127317979167,2.4558320208237713e-05,8.115234579002491e-05
0.0685,73.40434400001244,27504824.999996975,0.9941000000001685,0.45449999999995,9089.999999996175,2.668780623036886e-06,0.013996425138648847,0.012395714930579085,0.0002812961629266503,6.582024249532302e-05,3.699674871071e-05
0.069,73.40065200001244,27450359.999996997,0.9940500000001684,0.4535999999999503,9071.999999996195,2.673941325360413e-06,0.014009598914405442,0.012408658781151069,0.0002673836686517424,0.00010413520117645664,9.516837340267265e-05
0.0695,73.39696000001244,27398920.83333035,0.9940000000001684,0.4527499999999507,9054.999999996217,2.678826675199784e-06,0.014022038324405442,0.01242241934409436,0.00026171935410415615,5.357609458331114e-05,2.6788193946257978e-05
0.07,73.39696000001244,27359584.999997035,0.9940000000001684,0.452099999999951,9041.999999996231,2.6826781181081655e-06,0.014032114682304012,0.012433266472355757,0.0002744407074300899,5.36531221784755e-05,2.6826708165840944e-05
0.07050000000000001,73.39326800001244,27314197.499997053,0.9939500000001684,0.4513499999999513,9026.99999999625,2.687000707233678e-06,0.014043061860231416,0.01244616323286214,0.0002765883316171432,0.00010282365574140586,2.6869933819134384e-05
0.07100000000000001,73.38219200001244,27262758.333330408,0.9938000000001684,0.4504999999999516,9009.99999999627,2.6916642513864114e-06,0.014054182497537244,0.01245837964359948,0.000254735611782159,6.694387184187221e-05,3.53589187915347e-05
0.07150000000000001,73.37850000001244,27232499.999997087,0.9937500000001683,0.4499999999999518,8999.999999996282,2.69451941613955e-06,0.014061280717430088,0.012465208504319359,0.0002590618509207495,0.00010386371275558419,7.635853677894116e-05
0.07200000000000001,73.37850000001244,27190138.333330438,0.9937500000001683,0.4492999999999521,8985.999999996297,2.6987174210166854e-06,0.014072230033475575,0.012477508739295718,0.00028006005362514843,3.0267618794947045e-05,7.967956356941239e-05
0.0725,73.37480800001244,27132647.499997128,0.9937000000001683,0.4483499999999525,8966.99999999632,2.704299608065162e-06,0.01408642203163118,0.012493903758220576,0.0002704276533527956,8.643871226254532e-05,4.373271542365611e-05
0.073,73.36004000001243,27087259.999997146,0.9935000000001684,0.4475999999999528,8951.999999996338,2.7082857402343447e-06,0.01409538118942824,0.01250466621092098,0.00027712022689569906,5.4165265976184796e-05,2.708278296136528e-05
0.0735,73.35634800001243,27044898.333330497,0.9934500000001684,0.4468999999999531,8937.999999996355,2.712391338872481e-06,0.014105706046651047,0.012515364747074991,0.00027696060695351325,5.42473765669407e-05,2.7123838719356175e-05
0.074,73.35634800001243,26993459.16666385,0.9934500000001684,0.44604999999995343,8920.999999996377,2.7175601151039367e-06,0.014119139666975013,0.012529502001853467,0.00027351393089869013,0.00010363198834980228,2.7175526196817814e-05
0.0745,73.35265600001243,26926890.833330546,0.9934000000001683,0.4449499999999539,8898.999999996402,2.7241413222953804e-06,0.014135869972020047,0.012547037931765917,0.0002598051180785917,5.745111337702192e-05,6.1022279124480425e-05
0.075,73.35265600001243,26863348.33333057,0.9934000000001683,0.44389999999995433,8877.999999996426,2.73058499967409e-06,0.01415257855758387,0.012565510017398532,0.00026404620549243593,3.4898113843269e-05,7.832961604027424e-05
0.0755,73.34896400001243,26811909.166663926,0.9933500000001683,0.4430499999999547,8860.999999996448,2.7356859798409826e-06,0.014165435025062088,0.012578180683005426,0.00026718457119619143,3.350735003205066e-05,1.0599653085115072e-05
0.076,73.34527200001243,26775599.16666394,0.9933000000001683,0.44244999999995493,8848.999999996462,2.7392579170115636e-06,0.01417432303682135,0.012589410995965855,0.00028105523996125063,7.980135147402715e-05,8.570134038729768e-05
0.0765,73.33788800001243,26718108.33333063,0.9932000000001683,0.4414999999999553,8829.999999996484,2.744875763098991e-06,0.014188136138760308,0.01260361126953748,0.0002742636022484049,5.142504087895848e-05,2.7448681149462028e-05
0.077,73.32312000001242,26672720.83333065,0.9930000000001682,0.4407499999999556,8814.999999996502,2.74899289270807e-06,0.014197343099209503,0.012614296948691487,0.0002708955631002096,5.449293369840036e-05,2.7489852205569968e-05
0.0775,73.31942800001242,26636410.833330665,0.9929500000001682,0.44014999999995585,8802.999999996517,2.7526016346116115e-06,0.014206301144052687,0.01262330502036266,0.000254760640250156,3.643627383340547e-05,5.4803036256164836e-05
0.078,73.31204400001242,26591023.333330683,0.9928500000001682,0.43939999999995616,8787.999999996535,2.757022288349429e-06,0.014216988202976455,0.012635294934090123,0.0002547897096269182,5.513998036825584e-05,0.00010575387811191067
0.0785,73.31204400001242,26569842.49999736,0.9928500000001682,0.4390499999999563,8780.999999996542,2.7592201195780407e-06,0.014222653787299486,0.012642390612081335,0.00026707924415999147,0.00010841212981064028,7.454618500821978e-05
0.079,73.29727600001242,26536558.333330706,0.9926500000001681,0.43849999999995654,8769.999999996557,2.7621244277163425e-06,0.014228703740292939,0.012648888281386687,0.0002721169956919889,5.524202134761115e-05,2.7621166802585045e-05
0.0795,73.29358400001242,26494196.666664056,0.9926000000001681,0.43779999999995683,8755.999999996571,2.7664014471604274e-06,0.01423935707336526,0.01266055663158853,0.0002508129466833126,8.436909768665306e-05,2.7663936754279417e-05
0.08,73.29358400001242,26427628.33333075,0.9926000000001681,0.4366999999999573,8733.999999996598,2.773369712770401e-06,0.01425727947718311,0.01268051087841319,0.0002691131666013215,5.5466923215601915e-05,2.773361901836373e-05
0.0805,73.27512400001241,26376189.166664105,0.992350000000168,0.43584999999995766,8716.999999996618,2.7780784986415756e-06,0.014267580662165338,0.012692162215557468,0.0002481011265972369,5.556109722605256e-05,3.5166846940729946e-05
0.081,73.26404800001241,26330801.666664124,0.992200000000168,0.43509999999995796,8701.999999996635,2.7824465402725545e-06,0.014277713675216842,0.012702749074615003,0.0002836816507922909,9.036558834733467e-05,8.599157838604287e-05
0.0815,73.2455880000124,26309620.8333308,0.991950000000168,0.43474999999995806,8694.999999996644,2.783984933268972e-06,0.014279860790306862,0.012705081518847102,0.0002672815761054506,5.5679223735667796e-05,2.7839770589624495e-05
0.082,73.2455880000124,26258181.666664153,0.991950000000168,0.43389999999995843,8677.999999996666,2.7894386949497233e-06,0.014293840892189724,0.012720677039298904,0.00029458546502177633,8.089911050671711e-05,3.30598102107174e-05
0.0825,73.2455880000124,26203716.666664176,0.991950000000168,0.4329999999999588,8659.999999996686,2.7952366044773303e-06,0.014308688197246483,0.012737270965100753,0.0002859739049794796,0.00011952739728786872,8.981842734881825e-06
0.083,73.2455880000124,26167406.66666419,0.991950000000168,0.43239999999995904,8647.9999999967,2.7991152861671685e-06,0.014318612144509352,0.012747277771540213,0.00028557173231156434,8.167254799705815e-05,2.7991073260379354e-05
0.0835,73.2382040000124,26152277.49999753,0.9918500000001679,0.4321499999999592,8642.999999996708,2.8004522359484492e-06,0.014321309321518963,0.012751164083146242,0.00028132604138186244,1.095486756189346e-05,2.80044426767362e-05
0.084,73.2382040000124,26094786.66666422,0.9918500000001679,0.43119999999995956,8623.99999999673,2.806622063462712e-06,0.0143370766519827,0.012767557269644613,0.0002853416125134295,3.570135551359496e-05,2.8066140600385987e-05
0.0845,73.2382040000124,26037295.83333091,0.9918500000001679,0.43024999999995994,8604.999999996753,2.81281913716472e-06,0.014352896175574684,0.01278519909587465,0.0002900671739905447,5.625589788127998e-05,2.8128110983582343e-05
0.085,73.2345120000124,25994934.16666426,0.9918000000001679,0.42954999999996024,8590.99999999677,2.8172609143949236e-06,0.014363862102102398,0.01279678506480065,0.0002761127053551991,8.545729598473587e-05,2.8172528499068026e-05
0.0855,73.2271280000124,25961649.99999761,0.9917000000001679,0.42899999999996047,8579.999999996782,2.820588367843305e-06,0.0143716175583504,0.012805235235737464,0.00028415087781741576,7.269531187447322e-05,5.873373373660024e-05
0.08600000000000001,73.2160520000124,25916262.499997627,0.9915500000001678,0.4282499999999608,8564.999999996799,2.8251007258480696e-06,0.01438202095898375,0.012816566525510326,0.0002706120131596694,2.6940204255817646e-05,4.7675281841660694e-05
0.08650000000000001,73.2086680000124,25852719.999997653,0.9914500000001678,0.42719999999996117,8543.999999996824,2.831758824604105e-06,0.014398232390462954,0.012834306849439127,0.000269292301156511,7.50958130831486e-05,7.949136254379898e-05
0.08700000000000001,73.2049760000124,25804306.66666434,0.9914000000001678,0.42639999999996153,8527.999999996842,2.8369286160508736e-06,0.014411006032312825,0.012848635444698237,0.0002867241500898906,0.000126491830422491,9.414478981703671e-05
0.08750000000000001,73.2049760000124,25767996.666664355,0.9914000000001678,0.42579999999996176,8515.999999996857,2.8409261669424423e-06,0.01442115581117555,0.012859258972303672,0.00027854314884957467,9.970594102371327e-05,3.990139515034206e-05
0.088,73.19390000001239,25734712.4999977,0.9912500000001677,0.425249999999962,8504.999999996871,2.8441701068165783e-06,0.014428295292254837,0.01286708331365497,0.00028902760571579314,0.00010330802457581746,4.1850074579029625e-05
0.0885,73.19390000001239,25689324.99999772,0.9912500000001677,0.4244999999999623,8489.99999999689,2.8491951423409872e-06,0.014441035498228446,0.012880656786723314,0.0002910994768823797,5.698340509474243e-05,3.743220136366666e-05
0.089,73.19020800001239,25659066.6666644,0.9912000000001677,0.4239999999999625,8479.9999999969,2.8524111555117175e-06,0.014448818888008518,0.01288903247818147,0.0002902570339970314,0.00012820975567448342,2.852402885168973e-05
0.0895,73.18282400001239,25631834.16666441,0.9911000000001677,0.4235499999999627,8470.999999996911,2.8551536157794988e-06,0.014455033921723143,0.012896205814363827,0.00027777892938011286,0.00010380298772532387,6.743599361686872e-05
0.09,73.18282400001239,25580394.999997765,0.9911000000001677,0.42269999999996305,8453.999999996931,2.8608949939990677e-06,0.014469560296614413,0.012912588847268416,0.00027910999261571796,3.926470049872924e-05,2.860886673822648e-05
0.0905,73.18282400001239,25525929.999997787,0.9911000000001677,0.4217999999999634,8435.999999996953,2.8669993218667737e-06,0.01448498899793738,0.012929364674850135,0.00029224552451855744,7.3612487741124e-05,2.8669909661468106e-05
0.091,73.18282400001239,25480542.499997806,0.9911000000001677,0.42104999999996373,8420.99999999697,2.8721061963268124e-06,0.014497884020187705,0.012942671505164656,0.00027835142165364796,2.2162852277737847e-05,2.872097810812956e-05
0.0915,73.17913200001239,25453309.999997817,0.9910500000001677,0.4205999999999639,8411.999999996982,2.875034013258734e-06,0.014504905788498026,0.012950199727658228,0.0002944530218307819,5.750017335299938e-05,2.8750256103549413e-05
0.092,73.17913200001239,25423051.666664496,0.9910500000001677,0.4200999999999641,8401.999999996993,2.8784558580733706e-06,0.014513535030224714,0.012959615672881113,0.00029584421237176744,5.756860904193509e-05,2.8784474351555618e-05
0.0925,73.17174800001239,25386741.66666451,0.9909500000001676,0.41949999999996435,8389.999999997008,2.8822819785531858e-06,0.014522444973085248,0.012969950650090956,0.00029364739183708585,9.235163130060806e-05,2.8822735326558062e-05
0.093,73.17174800001239,25341354.16666453,0.9909500000001676,0.41874999999996465,8374.999999997026,2.887444274634175e-06,0.014535444316134872,0.01298268877238577,0.00028874550923543103,5.774837414886796e-05,7.614696213790923e-05
0.0935,73.16067200001238,25323199.166664537,0.9908000000001677,0.4184499999999648,8368.999999997033,2.8890769889896495e-06,0.014538452821518515,0.012987396970055534,0.000297549154671379,0.0001158732571670881,8.807544217133783e-05
0.094,73.14959600001238,25292940.833331216,0.9906500000001676,0.41794999999996496,8358.999999997046,2.8920953273893454e-06,0.014544944168081336,0.012994440078894092,0.0002761354499757131,6.381611471028354e-05,7.341659432006578e-05
0.0945,73.14590400001238,25256630.83333123,0.9906000000001676,0.41734999999996525,8346.999999997059,2.896106946437273e-06,0.014554660978187351,0.013005183847611115,0.00030016722679977097,3.650581040357556e-05,2.896098417298657e-05
0.095,73.13852000001238,25208217.499997918,0.9905000000001676,0.41654999999996556,8330.999999997079,2.9013761088033464e-06,0.014567159960947177,0.013018476975263576,0.0003015801557755918,5.802700567687998e-05,8.212684839521384e-05
0.0955,73.13113600001238,25174933.333331265,0.9904000000001676,0.4159999999999658,8319.999999997091,2.904918755164597e-06,0.014575314845702294,0.013028344124979488,0.0002892268582270084,5.45680415269487e-05,2.904910172880104e-05
0.096,73.13113600001238,25132571.666664615,0.9904000000001676,0.4152999999999661,8305.999999997108,2.9098150786141865e-06,0.014587593215893889,0.01304086285969394,0.00029881256959204803,5.81957820174029e-05,2.9098064673739967e-05
0.0965,73.12375200001237,25096261.66666463,0.9903000000001675,0.4146999999999663,8293.99999999712,2.9137308564622863e-06,0.014596668305984318,0.013050225627592112,0.0002958002833639118,0.00011280586950956002,8.579248006410199e-05
0.097,73.12006000001237,25059951.666664645,0.9902500000001675,0.41409999999996655,8281.999999997137,2.917805308350951e-06,0.014606501693046088,0.013060840515400933,0.0002884755217339848,0.0001166570461301507,8.686368430182937e-05
0.0975,73.11636800001237,25035744.99999799,0.9902000000001675,0.4136999999999667,8273.999999997146,2.920479019099222e-06,0.014612823506148726,0.013067943600247198,0.00029501782241870677,0.00010793212584145768,2.9204703434484334e-05
0.098,73.10898400001237,24984305.833331343,0.9901000000001675,0.4128499999999671,8256.999999997168,2.9261963285158925e-06,0.014626381367516447,0.013083499992336274,0.00028930710422886527,4.5443059432364085e-05,8.578042145575754e-05
0.0985,73.10529200001237,24938918.33333136,0.9900500000001675,0.4120999999999674,8241.999999997184,2.93137380791314e-06,0.014638945617513851,0.01309581871331588,0.00029218487876066197,0.0001168879091364699,2.931365066522775e-05
0.099,73.09790800001237,24911685.833331373,0.9899500000001674,0.41164999999996754,8232.999999997195,2.934281866312264e-06,0.014645465377250966,0.013103766932633968,0.00028757841687940196,5.8685108783406285e-05,2.934273106974752e-05
0.0995,73.09052400001237,24890504.999998048,0.9898500000001674,0.4112999999999677,8225.999999997204,2.9364821645851743e-06,0.01465021535869638,0.013108826203382528,0.00030735138152209926,5.8729113908238656e-05,2.9364733915103592e-05
0.1,73.08314000001236,24869324.166664723,0.9897500000001674,0.41094999999996784,8218.999999997211,2.9386862107806807e-06,0.014654972036196041,0.013114895023590738,0.0002854195262186077,2.087121124798831e-05,8.26103554339952e-05
0.1005,73.06837200001236,24842091.666664734,0.9895500000001674,0.41049999999996806,8209.999999997222,2.9413131945753915e-06,0.014660039425768191,0.013120839722657214,0.0002944691034476122,0.00011530154974542891,8.515813201158598e-05
0.101,73.05729600001236,24811833.333331414,0.9894000000001673,0.4099999999999682,8199.999999997235,2.944453761982576e-06,0.01466675215946004,0.013128185805960643,0.00030136307108559604,3.169244147419416e-05,8.309234573045271e-05
0.1015,73.04622000001235,24754342.499998104,0.9892500000001673,0.40904999999996866,8180.999999997257,2.950844685130213e-06,0.014681547536039874,0.013144858198028766,0.00029043944010405745,7.73109158112145e-05,5.086263039141651e-05
0.10200000000000001,73.04252800001235,24733161.66666478,0.9892000000001673,0.40869999999996875,8173.999999997266,2.953222438134898e-06,0.014687090258705878,0.013149655328188873,0.00028009624882480047,7.205444701768902e-05,2.9532135608278473e-05
0.10250000000000001,73.03883600001235,24693825.833331462,0.9891500000001673,0.40804999999996905,8160.999999997281,2.9577772392573252e-06,0.014698040471261182,0.013163309512936382,0.00028955247664590975,7.958963951994805e-05,2.9577683342432815e-05
0.10300000000000001,73.02776000001235,24654489.999998145,0.9890000000001672,0.4073999999999693,8147.999999997296,2.962047075401594e-06,0.014707530362024063,0.013172864017999013,0.0003084132706145667,6.192127047804006e-05,4.429221575697577e-05
0.10350000000000001,73.02776000001235,24618179.99999816,0.9890000000001672,0.4067999999999696,8135.99999999731,2.96641587639776e-06,0.014718372615401534,0.013184637278281683,0.0003118216876155254,7.131544179632023e-05,7.053029310142864e-05
0.10400000000000001,73.02037600001235,24578844.166664843,0.9889000000001672,0.4061499999999698,8122.999999997326,2.970862889437516e-06,0.014728656096605001,0.013196779714140067,0.0002995742355489813,0.00011252941342335651,3.703046679336285e-05
0.1045,73.02037600001235,24536482.499998193,0.9889000000001672,0.4054499999999701,8108.999999997343,2.975992015156114e-06,0.014741364942184677,0.013209296681745503,0.0003014139146062785,8.63148839698622e-05,5.800896918027172e-06
0.105,73.01668400001235,24494120.833331544,0.9888500000001672,0.4047499999999704,8094.999999997359,2.980988152089599e-06,0.014753360756369804,0.013221942366697251,0.0002925119415829792,6.47278688141805e-05,2.9809791049191783e-05
0.1055,73.01299200001235,24457810.83333156,0.9888000000001672,0.40414999999997064,8082.9999999973725,2.985262765239352e-06,0.014763561545320833,0.013234405350230625,0.0003060270927587064,2.8870828253939066e-05,2.9852536917952642e-05
0.106,73.00560800001234,24421500.833331574,0.9887000000001671,0.4035499999999709,8070.999999997388,2.9893989111582762e-06,0.014773038535990322,0.013243901673030686,0.0002958080366125923,2.9091863220701343e-05,2.989389811934946e-05
0.1065,72.99084000001234,24397294.166664917,0.9885000000001671,0.40314999999997103,8062.999999997397,2.9917596394662037e-06,0.014777375659796881,0.013248440854330475,0.000292819684092976,0.00010363680873425516,5.876770612178416e-05
0.107,72.98345600001234,24376113.333331592,0.988400000000167,0.4027999999999712,8055.999999997406,2.9940563125055573e-06,0.014782298842519515,0.013254269180343474,0.00028944937276565114,5.9449474535961794e-05,2.9940471830440635e-05
0.1075,72.97976400001234,24351906.666664936,0.988350000000167,0.40239999999997134,8047.999999997415,2.9968809013182346e-06,0.014788895916971261,0.013262599634558026,0.00029513842768893225,6.925886978116314e-05,8.563593128906114e-05
0.108,72.97238000001234,24327699.99999828,0.988250000000167,0.40199999999997155,8039.999999997424,2.9995593500420304e-06,0.01479475467425897,0.013269447869712578,0.0003026536083090612,7.555396315196742e-05,2.9995501860545126e-05
0.1085,72.96868800001234,24303493.333331622,0.9882000000001671,0.4015999999999717,8031.999999997434,3.002395046638733e-06,0.01480137183376758,0.013276463946060265,0.0002900165765296647,3.649433224197145e-05,3.186833463899514e-05
0.109,72.96868800001234,24255079.99999831,0.9882000000001671,0.400799999999972,8015.999999997454,3.00838785112304e-06,0.014816136283773538,0.013290611084509617,0.00030028937880972667,6.016720056872148e-05,3.0083786327983764e-05
0.1095,72.96868800001234,24221795.833331656,0.9882000000001671,0.40024999999997224,8004.999999997466,3.0125218006998473e-06,0.014826312509242994,0.013301904839039376,0.00029112389830554276,6.517250565403605e-05,4.083126127142176e-05
0.11,72.96130400001233,24188511.666665003,0.988100000000167,0.39969999999997247,7993.99999999748,3.0163618582850943e-06,0.01483500836684541,0.013311377101829521,0.0002952060472463663,0.00010999671238083268,7.927655310352838e-05
0.1105,72.95761200001233,24152201.666665018,0.988050000000167,0.3990999999999727,7981.999999997494,3.020743740340193e-06,0.01484540426692593,0.013323534344652874,0.00030498516610691264,7.960315770272943e-05,6.932411978646965e-05
0.111,72.94284400001233,24115891.666665033,0.9878500000001669,0.398499999999973,7969.999999997509,3.0246795353140485e-06,0.014853568764699978,0.0133329179509064,0.00030979697751936324,6.342910279052688e-05,3.889596616593525e-05
0.1115,72.94284400001233,24085633.33333171,0.9878500000001669,0.39799999999997315,7959.99999999752,3.028479383976502e-06,0.01486289595799212,0.013343206045159841,0.0003046763359304409,6.056902359033212e-05,3.0284700398850052e-05
0.112,72.92807600001233,24064452.499998387,0.9876500000001669,0.3976499999999733,7952.999999997528,3.0305312784497057e-06,0.014866424994862357,0.013347095148017615,0.0002964903823390576,6.430072106235385e-05,3.0305219204172675e-05
0.1125,72.92807600001233,24040245.83333173,0.9876500000001669,0.39724999999997346,7944.999999997538,3.0335827888622405e-06,0.01487390777382491,0.013354866122133413,0.0002928175845239365,5.712027809019271e-05,3.033573411974724e-05
0.113,72.92807600001233,24000909.999998413,0.9876500000001669,0.39659999999997375,7931.999999997554,3.038554621471317e-06,0.014886091425611944,0.013367595109880514,0.0003178787435717314,7.97547862880209e-05,4.458980121743433e-05
0.1135,72.92069200001232,23985780.833331753,0.9875500000001668,0.39634999999997383,7926.99999999756,3.040163357895706e-06,0.01488927772653172,0.013371956162222589,0.00028934540335165344,9.945405106450871e-05,1.392766681029546e-05
0.114,72.91700000001232,23949470.833331767,0.9875000000001668,0.39574999999997407,7914.9999999975735,3.0446184179789814e-06,0.014899805900929146,0.013383779306050683,0.00030606890696988217,6.0891798062077954e-05,3.0446089717792833e-05
0.1145,72.91330800001232,23898031.666665122,0.9874500000001668,0.39489999999997444,7897.999999997594,3.051017297868829e-06,0.014915077528991946,0.013399672819422646,0.00029572566845896976,6.703340252432243e-05,3.0510078115980892e-05
0.115,72.90961600001232,23867773.3333318,0.9874000000001668,0.39439999999997466,7887.999999997605,3.054730534841834e-06,0.014923773098271484,0.013408945850214994,0.0003046566804745476,8.087807703710214e-05,3.054721025142554e-05
0.1155,72.90592400001232,23852644.16666514,0.9873500000001668,0.39414999999997474,7882.999999997611,3.056513294316475e-06,0.014927749290677219,0.013413151313372293,0.0002968919659777326,6.112969104615975e-05,3.0565037731897017e-05
0.116,72.89484800001232,23813308.333331823,0.9872000000001667,0.39349999999997504,7869.999999997627,3.061097054623879e-06,0.014937803614715988,0.013424409762009346,0.00028106448795643164,8.647945886454147e-05,3.061087503942225e-05
0.1165,72.89484800001232,23783049.999998502,0.9872000000001667,0.3929999999999752,7859.999999997639,3.0649915801386663e-06,0.014947303003434017,0.013435337771274156,0.000303920079683484,3.584563665143413e-05,5.6132667408688906e-05
0.117,72.89115600001232,23752791.66666518,0.9871500000001667,0.3924999999999754,7849.999999997651,3.0687405936502288e-06,0.014956063001601003,0.01344371627008028,0.00031291220031815577,0.00010621616505751696,5.459179884680674e-05
0.11750000000000001,72.88746400001232,23719507.49999853,0.9871000000001667,0.39194999999997565,7838.999999997664,3.0728911213699037e-06,0.014965794719262787,0.013455582101770279,0.00031428640911826443,5.448402452725399e-05,3.072881496295043e-05
0.11800000000000001,72.88377200001231,23698326.666665204,0.9870500000001667,0.3915999999999758,7831.999999997673,3.075481785071892e-06,0.014971722793716797,0.013461284238575129,0.00030755318024616686,9.046757764173165e-05,3.0754721434323126e-05
0.11850000000000001,72.88008000001231,23668068.333331883,0.9870000000001667,0.391099999999976,7821.999999997684,3.0792576298833336e-06,0.014980531101374758,0.013471207168847537,0.0003020163363995399,6.158456898617306e-05,3.079247964225194e-05
0.11900000000000001,72.88008000001231,23625706.666665234,0.9870000000001667,0.39039999999997627,7807.999999997701,3.084778839772979e-06,0.014993955364117899,0.013484984051926179,0.00031766835910524143,5.904367148792569e-05,7.843826579803066e-05
0.11950000000000001,72.87269600001231,23604525.83333191,0.9869000000001666,0.3900499999999764,7800.999999997709,3.0872340547976144e-06,0.014999161217808933,0.013490800798280298,0.00029362954079889243,9.760852662113879e-05,3.0872243383368504e-05
0.12,72.87269600001231,23580319.166665252,0.9869000000001666,0.38964999999997657,7792.999999997719,3.090403292888e-06,0.015006858022255473,0.013498816297921304,0.00029595456288046085,9.917352788136039e-05,3.090393556467933e-05
0.1205,72.86900400001231,23547034.9999986,0.9868500000001666,0.3890999999999768,7781.999999997733,3.0946148421666104e-06,0.015016699661236775,0.013510120123167843,0.00030489949689637113,0.00010414487312049857,7.408097872578861e-06
0.121,72.86900400001231,23510724.999998614,0.9868500000001666,0.3884999999999771,7769.999999997746,3.0993941701081785e-06,0.015028291082266047,0.013522347134243943,0.00031819859041669406,4.813242629576667e-05,2.2368469625051707e-05
0.1215,72.86531200001231,23477440.83333196,0.9868000000001667,0.3879499999999773,7758.99999999776,3.103630950123073e-06,0.015038178198411264,0.01353258482518379,0.0002915939963125376,7.017806945927133e-05,3.103621129506691e-05
0.122,72.86531200001231,23459285.83333197,0.9868000000001667,0.3876499999999774,7752.999999997766,3.10603283142073e-06,0.01504399604573864,0.013538628602967541,0.00030009172073720955,8.814657204334968e-05,3.106022995598266e-05
0.1225,72.86531200001231,23419949.99999865,0.9868000000001667,0.3869999999999777,7739.999999997782,3.111249682429574e-06,0.01505662457819041,0.013552747571169118,0.00031714840486502503,6.222439773960704e-05,3.1112398135392015e-05
0.123,72.86162000001231,23389691.66666533,0.9867500000001667,0.3864999999999779,7729.9999999977945,3.115116737680373e-06,0.015065597111460232,0.013562754508342934,0.0003207464751735585,7.11895369372007e-05,3.265775546596946e-05
0.1235,72.86162000001231,23356407.499998678,0.9867500000001667,0.3859499999999781,7718.999999997807,3.1195559505466084e-06,0.015076327931716984,0.01357380889988237,0.0003009508555153205,4.773253726828121e-05,1.8311667481711614e-05
0.124,72.85792800001231,23329174.99999869,0.9867000000001667,0.3854999999999783,7709.999999997818,3.1230391987721985e-06,0.015084360385023764,0.013582037416482071,0.00030329958966452097,6.470184700691978e-05,7.72335630427216e-05
0.1245,72.8468520000123,23286813.33333204,0.9865500000001666,0.3847999999999786,7695.9999999978345,3.1282447691432956e-06,0.0150957790826866,0.013595165890667204,0.0003052053219134651,2.0870260664265958e-05,3.128234790440135e-05
0.125,72.8468520000123,23253529.166665386,0.9865500000001666,0.38424999999997883,7684.999999997847,3.1327224129247614e-06,0.015106578952979538,0.013607610324057443,0.00033152293593669056,9.082474214538659e-05,9.731025999864496e-05
0.1255,72.8431600000123,23232348.33333206,0.9865000000001666,0.383899999999979,7677.999999997855,3.1354195862973655e-06,0.01511269770378844,0.013614210056212245,0.000300384412765672,6.534636121129711e-05,3.135409561426305e-05
0.126,72.8431600000123,23205115.833332073,0.9865000000001666,0.38344999999997914,7668.999999997866,3.139099176371256e-06,0.01512156289099718,0.0136224124548479,0.0003192943801511085,6.928951559983337e-05,7.72357973710652e-05
0.1265,72.8357760000123,23165779.999998756,0.9864000000001666,0.38279999999997943,7655.999999997883,3.1441106666823312e-06,0.015132861601080873,0.013636151300423734,0.00033078703296595893,6.288160455024958e-05,8.524819207491852e-05
0.127,72.8247000000123,23147624.999998763,0.9862500000001665,0.3824999999999795,7649.999999997889,3.1460981418187045e-06,0.015136492759885996,0.01363957952946115,0.00031489245994841,7.648895616387361e-05,3.190194006739212e-05
0.1275,72.8173160000123,23114340.83333211,0.9861500000001665,0.38194999999997975,7638.999999997902,3.150309001890543e-06,0.015145851088527422,0.013650689668649059,0.0003091309822984163,6.300556871357165e-05,3.150298879164077e-05
0.128,72.8173160000123,23084082.49999879,0.9861500000001665,0.38144999999997997,7628.9999999979145,3.1544383884443367e-06,0.015155774325294314,0.013660165547611411,0.00030254053415488825,9.002110312426513e-05,3.154428239163042e-05
0.1285,72.8136240000123,23059875.833332133,0.9861000000001665,0.3810499999999801,7620.999999997924,3.157589595290149e-06,0.015162958139557458,0.013667700639055005,0.0003317613906293943,4.809995413643699e-05,3.157579425373871e-05
0.129,72.8099320000123,23029617.49999881,0.9860500000001665,0.38054999999998035,7610.999999997935,3.1615779984194723e-06,0.015172146733550001,0.013678864516286643,0.000323282021813504,0.00010915188088268128,3.1615678024474044e-05
0.1295,72.8062400000123,22999359.16666549,0.9860000000001664,0.3800499999999805,7600.999999997947,3.1655768959656603e-06,0.015181353958914614,0.013688980919389714,0.00032519858510300865,7.883012247874831e-05,3.091722887545927e-05
0.13,72.8025480000123,22969100.83333217,0.9859500000001664,0.37954999999998074,7590.999999997959,3.1695863294031563e-06,0.015190579880001045,0.01369838150447203,0.00031657427129273797,7.443885426033079e-05,3.169576081012914e-05
0.1305,72.7988560000123,22947919.999998845,0.9859000000001664,0.3791999999999809,7583.999999997968,3.172350958170325e-06,0.015196817969307963,0.013706228544676983,0.00031072324357473915,2.9722455355078846e-05,4.601687695135332e-05
0.131,72.7988560000123,22917661.666665524,0.9859000000001664,0.3786999999999811,7573.99999999798,3.1765394331613058e-06,0.01520684687690182,0.01371542480962914,0.0003104780656029716,2.7378343591536446e-05,8.448357441688408e-05
0.1315,72.79516400001229,22884377.49999887,0.9858500000001664,0.37814999999998133,7562.999999997993,3.1809982159233253e-06,0.01521712986371926,0.013726458669606314,0.00032619190980155645,9.78506537911492e-05,4.09363546453018e-05
0.132,72.79516400001229,22860170.833332215,0.9858500000001664,0.3777499999999815,7554.999999998003,3.1843665793551422e-06,0.015225184443714028,0.013735635599999947,0.00032643012901904984,6.12353062085285e-05,3.1843562344563256e-05
0.1325,72.79147200001229,22842015.833332222,0.9858000000001664,0.3774499999999816,7548.99999999801,3.186735905059277e-06,0.015230461287170946,0.013741340714087908,0.0003246291947774888,2.8328578459040285e-05,3.1867255444067535e-05
0.133,72.78778000001229,22820834.999998897,0.9857500000001664,0.3770999999999817,7541.999999998018,3.1895318466662505e-06,0.015236754756992424,0.013749132017476021,0.00033049486189994147,0.00010681663168926351,6.783332142759908e-05
0.1335,72.78039600001229,22790576.666665576,0.9856500000001663,0.37659999999998195,7531.99999999803,3.1934424944351606e-06,0.01524531934539229,0.013757789095887953,0.00030112891607353025,8.780334249426597e-05,7.85601429363625e-05
0.134,72.78039600001229,22763344.166665588,0.9856500000001663,0.37614999999998217,7522.999999998041,3.197262909488983e-06,0.015254435835625598,0.013767445083773687,0.0003193810592537319,0.00012170124379049579,7.337991526439038e-05
0.1345,72.77670400001229,22717956.666665606,0.9856000000001663,0.37539999999998247,7507.999999998058,3.203488107132391e-06,0.015268891799167659,0.013783238469238745,0.00030577931771789984,6.003273937571536e-05,8.702754711403906e-05
0.135,72.77301200001229,22699801.666665614,0.9855500000001663,0.37509999999998256,7501.9999999980655,3.2058875697966377e-06,0.015274221593871273,0.013790124703202556,0.0003375333435954562,8.903859888523358e-05,5.990956742964783e-05
0.1355,72.76193600001228,22675594.999998957,0.9854000000001664,0.3746999999999827,7493.999999998074,3.20882146642748e-06,0.01528004621933522,0.01379604486478974,0.00033350634051819455,3.58854193718537e-05,4.360725511953605e-05
0.136,72.75455200001228,22654414.166665632,0.9853000000001663,0.37434999999998286,7486.999999998083,3.2114956257427947e-06,0.015285636243522551,0.013802054841543955,0.00031897584784361274,0.00010797193518456936,6.685563450284655e-05
0.1365,72.74716800001228,22624155.83333231,0.9852000000001663,0.3738499999999831,7476.999999998095,3.2154644149344754e-06,0.015294302183307757,0.013812156953654047,0.00032202762705034634,7.915460475064474e-05,2.396725346055001e-05
0.137,72.74347600001228,22590871.66666566,0.9851500000001663,0.3732999999999833,7465.999999998108,3.220038477193872e-06,0.015304788147871614,0.013823045217510774,0.00032746213730925917,8.27917162357521e-05,7.551227537799237e-05
0.1375,72.72870800001228,22554561.666665673,0.9849500000001662,0.37269999999998354,7453.999999998122,3.2245675653054727e-06,0.015313992973991402,0.013833043427661893,0.0003200152658424844,6.449071012647576e-05,3.224556951034636e-05
0.138,72.71394000001227,22524303.333332352,0.9847500000001661,0.37219999999998377,7443.999999998134,3.2282436852289816e-06,0.015321163957670988,0.01384064283128042,0.00032558248635183504,7.967042334155642e-05,3.228233045288007e-05
0.1385,72.71024800001227,22497070.833332364,0.9847000000001661,0.3717499999999839,7434.999999998145,3.23198733464814e-06,0.015329655817404595,0.013850559629072041,0.0003220215092659466,5.926835775100984e-05,3.23197666965087e-05
0.139,72.71024800001227,22463786.66666571,0.9847000000001661,0.37119999999998415,7423.999999998157,3.2367761089855747e-06,0.015341008431073508,0.013862890529900324,0.00031889506716832144,9.437802190945247e-05,3.236765412360712e-05
0.1395,72.69917200001227,22442605.833332386,0.9845500000001661,0.3708499999999843,7416.999999998166,3.239337380868554e-06,0.015345907960170073,0.013868544664097527,0.00032994460681349256,5.862200206933717e-05,4.653588899383797e-05
0.14,72.69548000001227,22433528.33333239,0.9845000000001661,0.3706999999999844,7413.99999999817,3.2404835708344283e-06,0.01534823293218528,0.013870207761348875,0.00033071342034170085,3.11929394958859e-05,3.240472848224456e-05
0.1405,72.69178800001227,22391166.66666574,0.984450000000166,0.3699999999999847,7399.999999998186,3.2464493289771386e-06,0.015361964424970306,0.013886368240257529,0.000314212516749438,0.00013631021136085146,9.151890317368574e-05
0.14100000000000001,72.68809600001227,22366959.999999084,0.984400000000166,0.36959999999998483,7391.999999998196,3.2497977373775983e-06,0.015369494267660995,0.013894290494944117,0.00032393855918397935,7.296435400498201e-05,8.667706123743141e-05
0.14150000000000001,72.67702000001226,22336701.666665763,0.984250000000166,0.36909999999998505,7381.999999998207,3.253704198792788e-06,0.01537755730462244,0.013903244571048815,0.00032562513726846327,9.662734018556744e-05,5.927908040108246e-05
0.14200000000000002,72.66594400001226,22300391.666665778,0.984100000000166,0.3684999999999853,7369.999999998222,3.258505280363842e-06,0.015387725791031748,0.013914665461911014,0.00033569009146194894,9.307095151784932e-05,7.601246678971231e-05
0.14250000000000002,72.66594400001226,22282236.666665785,0.984100000000166,0.36819999999998543,7363.999999998228,3.261160227631927e-06,0.01539399327189385,0.013921361315539036,0.00032821705531117275,0.00013264076353529286,0.00011372786200614958
0.14300000000000002,72.66225200001226,22248952.499999132,0.984050000000166,0.3676499999999856,7352.999999998242,3.265872943906689e-06,0.015404720851729775,0.013933095245938037,0.000317508581208972,8.924881584152271e-05,5.536143916943042e-05
0.14350000000000002,72.65486800001226,22212642.499999147,0.983950000000166,0.3670499999999859,7340.9999999982565,3.270879095092583e-06,0.015415739676853548,0.013943826756062634,0.0003358516290644006,7.609507009588009e-05,3.2708681662717055e-05
0.14400000000000002,72.64010000001225,22179358.333332494,0.9837500000001659,0.3664999999999861,7329.99999999827,3.2751218005637374e-06,0.01542416660199235,0.013954822612749149,0.00033493269274266615,6.550177384996903e-05,3.275110841871939e-05
0.1445,72.63640800001225,22161203.3333325,0.9837000000001659,0.3661999999999862,7323.9999999982765,3.277638263025202e-06,0.015429698962410426,0.013960538065761759,0.00032417455224056235,6.77496673532219e-05,6.764419273382878e-05
0.145,72.63640800001225,22133970.833332513,0.9837000000001659,0.3657499999999864,7314.999999998287,3.281670900669387e-06,0.015439187987531914,0.013970746609107867,0.0003371618938272476,6.563275317112863e-05,3.2816598977299704e-05
0.1455,72.63271600001225,22109764.166665856,0.9836500000001659,0.3653499999999866,7306.9999999982965,3.285096822042007e-06,0.01544685221091081,0.013978952408010597,0.0003224100391217519,0.00013807688196878639,7.530205181713379e-05
0.146,72.63271600001225,22085557.4999992,0.9836500000001659,0.36494999999998673,7298.9999999983065,3.2886974213811396e-06,0.015455315071683483,0.013987820326788903,0.0003327642194663745,6.577328070501978e-05,8.946000635249171e-05
0.1465,72.62533200001225,22058324.99999921,0.9835500000001659,0.36449999999998695,7289.999999998317,3.2924227927557894e-06,0.01546328024716736,0.013996131279021492,0.00032980421833615883,6.584778655820634e-05,3.292411716461542e-05
0.147,72.62164000001225,22015963.33333256,0.9835000000001658,0.3637999999999872,7275.999999998334,3.2985901593532268e-06,0.015477362942667551,0.014011929743736941,0.00032172900630486487,6.597113134990484e-05,6.762722255690405e-05
0.1475,72.62164000001225,21979653.333332576,0.9835000000001658,0.3631999999999875,7263.999999998348,3.3040393721715396e-06,0.01549014181943175,0.014025781833995969,0.00033727358626071534,2.9247166602887834e-05,3.304028217197023e-05
0.148,72.61425600001225,21964524.166665915,0.9834000000001658,0.36294999999998756,7258.999999998354,3.305979016391078e-06,0.015493900157031806,0.014029030833940906,0.00033635919583908507,6.93506037768824e-05,3.305967847550447e-05
0.1485,72.61056400001225,21943343.33333259,0.9833500000001658,0.3625999999999877,7251.999999998363,3.309001864347382e-06,0.01550058794477128,0.014036661420505575,0.0003337840624221483,6.617936110994344e-05,6.831029511825502e-05
0.149,72.60687200001225,21900981.66666594,0.9833000000001658,0.361899999999988,7237.999999998379,3.315233677882231e-06,0.015514782670088849,0.014051256488561887,0.0003222312223760373,7.855392687588208e-05,9.737074337647696e-05
0.1495,72.59579600001224,21864671.666665956,0.9831500000001657,0.36129999999998824,7225.999999998394,3.3202326157355027e-06,0.015525291072241995,0.014063002227123002,0.00032732528472977497,6.64039714165246e-05,8.810480281027314e-05
0.15,72.58841200001224,21849542.499999296,0.9830500000001657,0.3610499999999883,7220.999999998399,3.3221936797996836e-06,0.01552908550199366,0.014068261296881712,0.00032286308346013285,6.644319183138431e-05,1.5683205823105963e-05
0.1505,72.58841200001224,21816258.333332643,0.9830500000001657,0.36049999999998855,7209.999999998413,3.3272622138465327e-06,0.01554092701688368,0.014080990892804322,0.00033987833081217827,6.654456043046909e-05,3.32725089802403e-05
0.151,72.58841200001224,21792051.666665986,0.9830500000001657,0.3600999999999887,7201.999999998422,3.3309581452143142e-06,0.015549556062088719,0.01408969827986104,0.0003233217204058713,8.744165037787629e-05,4.917639011749086e-05
0.1515,72.57733600001224,21776922.499999326,0.9829000000001656,0.35984999999998885,7196.9999999984275,3.3327636630021753e-06,0.015552583047417443,0.014093322519119628,0.00033503002762056897,0.0001053651839840611,2.909369085865422e-05
0.152,72.56995200001224,21767844.99999933,0.9828000000001657,0.3596999999999889,7193.999999998432,3.333814256763335e-06,0.015554242885632627,0.014095394432531914,0.0003472094683659704,0.00010961301581702242,7.680114445533964e-05
0.1525,72.56256800001223,21728509.166666012,0.9827000000001657,0.35904999999998916,7180.9999999984475,3.3395097401036338e-06,0.015566731605591735,0.014108441502505877,0.0003273987760544617,7.730260471038996e-05,8.213877035263691e-05
0.153,72.55887600001223,21710354.16666602,0.9826500000001657,0.3587499999999893,7174.999999998455,3.3421323043830766e-06,0.01557244660554336,0.01411451691896456,0.0003343171245870803,6.928771810101838e-05,6.336916025764027e-05
0.1535,72.55518400001223,21680095.8333327,0.9826000000001656,0.35824999999998947,7164.999999998467,3.3466265351309073e-06,0.015582516907472888,0.014126468685617373,0.0003399314206935492,2.121795295341438e-05,3.346615083678548e-05
0.154,72.55149200001223,21661940.833332706,0.9825500000001656,0.3579499999999896,7158.999999998474,3.3492609253355685e-06,0.015588252178476938,0.014132072218399025,0.0003471907046182521,6.698452527315553e-05,5.066236548362389e-05
0.1545,72.54780000001223,21652863.33333271,0.9825000000001656,0.3577999999999897,7155.999999998477,3.3504945227419955e-06,0.015590725931819819,0.014135760371280085,0.00034653530726281705,6.700919667903514e-05,6.339857053731668e-05
0.155,72.54780000001223,21637734.16666605,0.9825000000001656,0.35754999999998976,7150.999999998483,3.3528371982578258e-06,0.015596175512679864,0.014141326775115693,0.00033674034973442147,7.638150777516833e-05,3.352825703474478e-05
0.1555,72.54041600001223,21613527.499999393,0.9824000000001656,0.3571499999999899,7142.999999998492,3.356250662924609e-06,0.015603318457764616,0.01414897248720971,0.00032597167671686325,6.887885258478317e-05,7.916320128089239e-05
0.156,72.52934000001223,21583269.16666607,0.9822500000001655,0.35664999999999014,7132.999999998505,3.3604427318188193e-06,0.015611867934617185,0.01415775917656315,0.00032173887542499255,6.636697352981704e-05,3.6667777076421236e-05
0.1565,72.52564800001223,21568139.99999941,0.9822000000001655,0.3563999999999902,7127.99999999851,3.362628766319868e-06,0.01561654753484785,0.014164507474722957,0.0003294157523191423,3.72071971187461e-05,5.44490388793481e-05
0.157,72.52195600001222,21546959.166666087,0.9821500000001655,0.3560499999999904,7120.999999998518,3.3657629106294623e-06,0.015623425868231577,0.014171334335523186,0.0003383314051591116,0.00010011528935237026,8.652672430821398e-05
0.1575,72.51826400001222,21528804.166666094,0.9821000000001655,0.3557499999999905,7114.999999998526,3.3684297297058024e-06,0.015629216299676937,0.014178290455000629,0.00032421863826608975,7.686142714756734e-05,8.019109271156118e-05
0.158,72.51088000001222,21507623.33333277,0.9820000000001655,0.35539999999999067,7107.999999998534,3.3714036588893574e-06,0.01563531807839834,0.014184431034989746,0.00033601454213022763,6.742737039677353e-05,8.961981865053512e-06
0.1585,72.50718800001222,21486442.499999445,0.9819500000001654,0.3550499999999908,7100.999999998542,3.3745552806153972e-06,0.015642226150139937,0.014191123448019063,0.00034465825470932836,6.10845175214526e-05,3.374543632038719e-05
0.159,72.48872800001222,21453158.333332792,0.9817000000001654,0.35449999999999104,7089.999999998555,3.3789303595164835e-06,0.01565037021614802,0.014201959845358887,0.00033507251264697853,2.8934845046611938e-05,8.620879452799788e-05
0.1595,72.47765200001221,21428951.666666135,0.9815500000001653,0.3540999999999912,7081.999999998565,3.3822304108676967e-06,0.015656814565368042,0.014207842821425825,0.0003281689490820822,0.00010588505276022431,0.00011120210795549654
0.16,72.47026800001221,21404744.99999948,0.9814500000001654,0.35369999999999135,7073.999999998575,3.3857104114070957e-06,0.015664069202542496,0.014216608473296602,0.00034666596105066626,8.565543376345909e-05,8.125524354955557e-05
0.1605,72.46288400001221,21380538.33333282,0.9813500000001653,0.3532999999999915,7065.999999998584,3.389198291936395e-06,0.01567133705959551,0.01422505108615003,0.00034640126882792404,6.778325519979405e-05,3.389186537205727e-05
0.161,72.45919200001221,21338176.666666172,0.9813000000001653,0.3525999999999918,7051.9999999986,3.3957536827973533e-06,0.015686085858891023,0.014240195555905187,0.0003251147625736545,9.797641674648663e-05,3.3957418821453816e-05
0.1615,72.4481160000122,21310944.166666184,0.9811500000001653,0.35214999999999197,7042.999999998611,3.3995732630810866e-06,0.01569370571364569,0.014248087281772142,0.00032741918694823236,8.836071792722474e-05,4.295115337264837e-05
0.162,72.4444240000122,21292789.16666619,0.9811000000001653,0.3518499999999921,7036.9999999986185,3.4022984698230033e-06,0.015699594688360168,0.014255106889132042,0.0003266438804041223,0.00010909345572139681,5.333264554667412e-05
0.1625,72.4407320000122,21259504.999999538,0.9810500000001652,0.35129999999999234,7025.999999998632,3.407451490522182e-06,0.01571107888844826,0.014267937172598721,0.0003319024164663701,9.670550077047548e-05,3.4074396063861374e-05
0.163,72.4296560000122,21241349.999999546,0.9809000000001652,0.3509999999999925,7019.9999999986385,3.4098424064390327e-06,0.01571538837527062,0.014272674698124195,0.0003392794947700984,6.569704128314484e-05,2.9676008354603374e-05
0.1635,72.4296560000122,21205039.99999956,0.9809000000001652,0.3503999999999927,7007.999999998653,3.415681177682933e-06,0.015728837560972042,0.01428748499543654,0.0003488773434689937,5.264960745759836e-05,5.2912714983227494e-05
0.164,72.4296560000122,21177807.49999957,0.9809000000001652,0.3499499999999929,6998.999999998664,3.420073395228173e-06,0.015738947141322825,0.014297353926135882,0.0003441385457234279,7.347244927293018e-05,3.4200614216520904e-05
0.1645,72.4222720000122,21135445.833332922,0.9808000000001652,0.3492499999999932,6984.99999999868,3.426578865244201e-06,0.015753105826347258,0.014313070646879486,0.0003471766457621741,6.853085054044308e-05,4.590481147725521e-05
0.165,72.4111960000122,21120316.66666626,0.9806500000001651,0.34899999999999326,6979.999999998687,3.4285090106767774e-06,0.015756336955597496,0.014317386186765396,0.00033250497806388136,4.506135415951137e-05,3.4284969758936604e-05
0.1655,72.4075040000122,21099135.833332937,0.9806000000001651,0.3486499999999934,6972.999999998695,3.431775811671918e-06,0.015763439870603777,0.014324450802464027,0.0003500186163858305,6.863478713017356e-05,3.431763753528974e-05
0.166,72.4075040000122,21084006.666666277,0.9806000000001651,0.34839999999999355,6967.9999999987,3.434238337369156e-06,0.01576909450515452,0.014329868201766571,0.00035371250301712405,0.00010235160517126977,6.74553433417692e-05
0.1665,72.3964280000122,21062825.833332952,0.9804500000001651,0.3480499999999937,6960.9999999987085,3.43716596115234e-06,0.015774607853424362,0.014336723140502652,0.0003478751673793884,6.874258772780951e-05,3.392728790313718e-05
0.167,72.3964280000122,21056774.166666288,0.9804500000001651,0.3479499999999937,6958.999999998711,3.4381537944505583e-06,0.015776874480503127,0.01433919131058079,0.00033568978805969385,8.02209461704561e-05,3.438141690196942e-05
0.1675,72.38904400001219,21038619.166666295,0.980350000000165,0.34764999999999385,6952.9999999987185,3.4407697304919036e-06,0.015782070388552595,0.014344634762835016,0.00034133348598689985,9.126329650318688e-05,6.283797807505681e-05
0.168,72.38166000001219,21005334.999999642,0.980250000000165,0.3470999999999941,6941.999999998732,3.4458702991413095e-06,0.01579295811136556,0.014357147571252752,0.00035140253605018363,7.824265848707643e-05,5.786412638498616e-05
0.1685,72.37427600001219,20981128.333332986,0.9801500000001651,0.34669999999999424,6933.999999998741,3.449493985746718e-06,0.01580045387715715,0.014364586866131525,0.00034935497774066785,7.457314993522098e-05,3.449481798998487e-05
0.169,72.37427600001219,20950869.999999665,0.9801500000001651,0.34619999999999446,6923.999999998753,3.45447592391215e-06,0.015811859665208195,0.014378059399806182,0.0003432168783802151,6.900009611094725e-05,5.41070400360216e-05
0.1695,72.37058400001219,20926663.333333008,0.980100000000165,0.3457999999999946,6915.999999998763,3.458295421838072e-06,0.015820195030503737,0.014386654663700711,0.00035269972977771915,3.7969443586324866e-05,0.00010656104506626925
0.17,72.37058400001219,20908508.333333015,0.980100000000165,0.3454999999999947,6909.999999998769,3.461298283275267e-06,0.01582706192360469,0.014393599624302625,0.00035147721493507256,9.421957288626261e-05,3.461286012555262e-05
0.1705,72.36689200001219,20881275.833333027,0.980050000000165,0.3450499999999949,6900.99999999878,3.4656355568318322e-06,0.01583657110355515,0.014403356727948019,0.0003553684039303776,9.031302925146377e-05,3.6803359074491644e-05
0.171,72.36689200001219,20854043.333333038,0.980050000000165,0.3445999999999951,6891.999999998791,3.4701611981567704e-06,0.01584690790496409,0.014414315219118554,0.0003673453561659473,7.064278708724535e-05,8.64330724098213e-05
0.1715,72.35950800001218,20826810.83333305,0.979950000000165,0.3441499999999953,6882.999999998802,3.4743441316613727e-06,0.015855646970426435,0.014424861093051914,0.0003495474474744983,8.585232071954954e-05,5.8266063811270904e-05
0.17200000000000001,72.35581600001218,20799578.33333306,0.979900000000165,0.34369999999999545,6873.999999998812,3.478715522038057e-06,0.0158652137825747,0.0144358275980826,0.0003558897782742497,8.376507862273939e-05,5.714539706771392e-05
0.17250000000000001,72.35212400001218,20772345.83333307,0.979850000000165,0.34324999999999567,6864.999999998823,3.4830983741812066e-06,0.01587479993210558,0.014444812965031825,0.0003571651232014765,8.059508209633019e-05,3.483085946268375e-05
0.17300000000000001,72.35212400001218,20745113.333333082,0.979850000000165,0.34279999999999583,6855.999999998835,3.487670702852096e-06,0.015885216077081276,0.014456477250803764,0.0003591033363532831,0.00010341185169186921,0.00010493800013119046
0.17350000000000002,72.34104800001218,20723932.499999758,0.9797000000001649,0.342449999999996,6848.999999998842,3.4907008117312206e-06,0.015890898689169434,0.014462973012486788,0.00035258137601418786,4.8236945088501474e-05,3.4906883282181115e-05
0.17400000000000002,72.32628000001218,20702751.666666433,0.9795000000001648,0.34209999999999613,6841.99999999885,3.4935587869927913e-06,0.015895779841441502,0.014468701746403329,0.0003459047385577868,3.717312260717119e-05,4.1391213850423464e-05
0.17450000000000002,72.32258800001217,20684596.66666644,0.9794500000001648,0.3417999999999962,6835.999999998858,3.4964466151066502e-06,0.015901942438356093,0.014475624872749417,0.00034091564380405863,6.992817466776277e-05,3.496434088306589e-05
0.17500000000000002,72.31151200001217,20663415.833333116,0.9793000000001648,0.34144999999999637,6828.999999998866,3.4994945938881563e-06,0.015907653822531023,0.014481211746944373,0.00035967865027482443,1.2333042438238101e-05,3.670714187432022e-05
0.17550000000000002,72.30782000001217,20648286.666666456,0.9792500000001648,0.3411999999999965,6823.999999998872,3.501879897703195e-06,0.01591266808930715,0.014487552307766102,0.0003457363455390049,5.978193490310579e-05,3.501867330209549e-05
0.176,72.30782000001217,20615002.499999803,0.9792500000001648,0.34064999999999673,6812.999999998886,3.5075338943089076e-06,0.015925508875374857,0.014500228374303903,0.0003499908501429608,2.6178146345334013e-05,6.078950628894216e-05
0.1765,72.30782000001217,20590795.833333146,0.9792500000001648,0.3402499999999969,6804.999999998895,3.5116573728033173e-06,0.015934867177433514,0.014511441460932013,0.0003521417586315557,9.65040741130795e-05,3.5116447350333555e-05
0.177,72.30043600001217,20563563.333333157,0.9791500000001647,0.33979999999999705,6795.999999998906,3.5159488084837173e-06,0.01594378668677305,0.014519863629729816,0.00035723449892881867,0.000106424001495189,6.315166217367426e-05
0.1775,72.29674400001217,20533304.999999836,0.9791000000001647,0.33929999999999727,6785.999999998917,3.520950183129932e-06,0.015954715142378208,0.014532199208989008,0.0003534744967788764,7.400014792472145e-05,4.9790709971992325e-05
0.178,72.29674400001217,20515149.999999844,0.9791000000001647,0.33899999999999736,6779.999999998924,3.524066068247745e-06,0.015961773181578508,0.014539409070750057,0.00036368401752182717,0.00012259403479000636,6.956398568954798e-05
0.1785,72.29674400001217,20478839.99999986,0.9791000000001647,0.33839999999999765,6767.999999998939,3.53031441234038e-06,0.015975917405709063,0.01455405177911375,0.0003577398942569312,7.060551561764677e-05,3.530301638607625e-05
0.179,72.28566800001217,20454633.3333332,0.9789500000001647,0.3379999999999978,6759.999999998949,3.53395080821196e-06,0.015982918817867228,0.014563309872713035,0.0003548573305882975,7.0678241836708e-05,1.287869006467308e-05
0.1795,72.28566800001217,20421349.16666655,0.9789500000001647,0.33744999999999803,6748.999999998962,3.5397106924748606e-06,0.015995938548273123,0.014576567572793835,0.00036085137222969637,5.238375355488292e-05,4.027984406763028e-05
0.18,72.27828400001216,20397142.499999892,0.9788500000001646,0.3370499999999982,6740.99999999897,3.5435494947398903e-06,0.01600379249449771,0.014585678555729484,0.0003509549417614155,8.099963335558955e-05,3.5435366228329315e-05
0.1805,72.27090000001216,20375961.666666567,0.9787500000001647,0.33669999999999833,6733.99999999898,3.5468706303193304e-06,0.01601047249707088,0.0145928191872654,0.00036459147213175946,7.093663246455244e-05,3.5468577333839874e-05
0.181,72.26720800001216,20360832.499999907,0.9787000000001647,0.3364499999999984,6728.999999998985,3.549324812726223e-06,0.016015601488240352,0.014598155406557739,0.00035102068365868756,7.098571499709967e-05,3.549311897491961e-05
0.1815,72.26351600001216,20342677.499999914,0.9786500000001647,0.33614999999999856,6722.999999998992,3.5523109482521394e-06,0.016021927945139014,0.014605653979118793,0.000349261674229676,9.530284346253617e-05,5.555208116295327e-05
0.182,72.25982400001216,20321496.66666659,0.9786000000001647,0.3357999999999987,6715.9999999990005,3.5558317965103505e-06,0.016029456485538128,0.01461278641622729,0.00035291164148052535,0.00013570324815295807,5.594637975061824e-05
0.1825,72.25244000001216,20297289.999999933,0.9785000000001646,0.33539999999999887,6707.99999999901,3.5597087098825703e-06,0.016037373064314638,0.014621990075313956,0.0003438180279677883,2.233145254811544e-05,5.588435917450718e-05
0.183,72.24874800001216,20270057.499999944,0.9784500000001646,0.334949999999999,6698.999999999021,3.564308981363884e-06,0.016047322375460145,0.014633204966150094,0.0003497964815031877,8.483440228475414e-05,3.564295954605499e-05
0.1835,72.24874800001216,20230721.666666627,0.9784500000001646,0.3342999999999993,6685.999999999037,3.571239285994113e-06,0.016062915678049343,0.014649884438973443,0.0003575550380198757,8.62899277863979e-05,8.362277614736321e-05
0.184,72.24874800001216,20212566.666666634,0.9784500000001646,0.33399999999999946,6679.999999999043,3.5744469859515912e-06,0.016070127934639702,0.014656313888796043,0.0003554806574502656,5.491777179383534e-05,3.574433884983682e-05
0.1845,72.23398000001215,20194411.66666664,0.9782500000001645,0.33369999999999955,6673.9999999990505,3.5769291620039227e-06,0.016074063627381244,0.014661768876090612,0.0003473863969083676,6.920117840917902e-05,3.576916041024288e-05
0.185,72.22290400001215,20176256.66666665,0.9781000000001645,0.3333999999999997,6667.999999999059,3.5795987924426127e-06,0.016078828050259373,0.014667227521454301,0.000351714632218885,9.845041601754849e-05,7.223976499993888e-05
0.1855,72.21552000001215,20158101.666666657,0.9780000000001645,0.3330999999999998,6661.999999999066,3.582456383749041e-06,0.01608442232928406,0.014673362288528814,0.0003515461318725845,7.164833125570223e-05,3.5824432199171486e-05
0.186,72.21552000001215,20136920.833333332,0.9780000000001645,0.33274999999999993,6654.999999999074,3.5862245572556126e-06,0.016092879222106667,0.01468169098595865,0.0003585364201362356,9.77198445585818e-05,5.3668904044356596e-05
0.1865,72.20075200001214,20118765.83333334,0.9778000000001644,0.3324500000000001,6648.9999999990805,3.588726694178621e-06,0.016096846154017415,0.014687846861227484,0.0003626107155971427,6.937681144409843e-05,9.148818804424369e-05
0.187,72.19336800001214,20088507.50000002,0.9777000000001644,0.3319500000000003,6638.999999999092,3.593764643790091e-06,0.016107317052677372,0.014699095790921966,0.0003631108024666766,8.360629404774984e-05,3.5937513939784425e-05
0.1875,72.18967600001214,20058249.166666698,0.9776500000001644,0.33145000000000047,6628.999999999104,3.599001857050353e-06,0.01611863723469307,0.014711024990045233,0.00035536860202074874,5.253384939840768e-05,3.598988568133814e-05
0.188,72.18598400001214,20049171.6666667,0.9776000000001643,0.33130000000000054,6625.999999999108,3.6004472005208537e-06,0.016121461227040938,0.014714294930358782,0.00036816411323668796,3.1226099397167874e-05,3.600433900469444e-05
0.1885,72.18598400001214,20024965.000000045,0.9776000000001643,0.3309000000000007,6617.999999999118,3.604799509013473e-06,0.016131202280265673,0.01472363052151921,0.0003555853089415154,7.209518350135374e-05,3.91442654067502e-05
0.189,72.17860000001214,20003784.16666672,0.9775000000001643,0.33055000000000084,6610.999999999126,3.608247289544688e-06,0.01613808924770088,0.014732066086563559,0.00034440333804377566,7.967310074593858e-05,3.6082339308813933e-05
0.1895,72.17490800001214,19991680.83333339,0.9774500000001644,0.3303500000000009,6606.9999999991305,3.6102471123723802e-06,0.01614214792515392,0.014736694247893414,0.0003697009220609309,8.433229814367048e-05,3.6102337384354416e-05
0.19,72.16752400001214,19937215.833333414,0.9773500000001644,0.3294500000000013,6588.999999999152,3.6197393158253254e-06,0.016162527919697356,0.014757642822831173,0.000365866357834099,6.541105316264173e-05,3.6197258705408264e-05
0.1905,72.16014000001213,19922086.666666754,0.9772500000001643,0.32920000000000144,6583.999999999159,3.622117562652163e-06,0.01616700945883698,0.014763392900953683,0.0003570615109003195,9.739803563496628e-05,1.7615516837008897e-05
0.191,72.14537200001213,19897880.000000097,0.9770500000001643,0.3288000000000016,6575.999999999168,3.6257818420862814e-06,0.016173529720905,0.014769774904544437,0.00034991804677387314,8.94846792110659e-05,3.6257683490786804e-05
0.1915,72.14537200001213,19861570.00000011,0.9770500000001643,0.3282000000000018,6563.999999999182,3.6324103280864367e-06,0.016188306800145477,0.014785752069463172,0.00036453832568845393,7.542682101057575e-05,3.840411251202599e-05
0.192,72.13798800001213,19834337.500000123,0.9769500000001642,0.327750000000002,6554.999999999192,3.637025335482553e-06,0.01619775823783355,0.014796272162226232,0.0003681154722302738,0.00010185241921167815,5.100919016439791e-05
0.1925,72.13060400001213,19819208.333333462,0.9768500000001642,0.3275000000000021,6549.999999999199,3.639429122842276e-06,0.01620228077637317,0.01480204442502859,0.00036756144367279265,6.936131722804792e-05,7.475193661332793e-05
0.193,72.12691200001213,19798027.500000138,0.9768000000001642,0.3271500000000023,6542.999999999207,3.64313626698476e-06,0.016210115664208668,0.01480961526138243,0.00036458502779272006,5.556006037805952e-05,3.643122642148428e-05
0.1935,72.11583600001212,19782898.333333477,0.9766500000001641,0.32690000000000236,6537.999999999213,3.6453625138688357e-06,0.01621382267596988,0.014814371373817553,0.0003665637786611645,9.981705095885497e-05,8.252002754459486e-05
0.194,72.11214400001212,19764743.333333485,0.9766000000001641,0.3266000000000025,6531.999999999221,3.6485241818644867e-06,0.01622043714623561,0.014821644660443894,0.00037189889809820687,9.722212024870064e-05,6.673471957493901e-05
0.1945,72.10845200001212,19731459.16666683,0.9765500000001641,0.3260500000000027,6520.999999999233,3.6544916111337525e-06,0.01623328099622131,0.014835515614035009,0.00036233610068004714,5.5852650683064314e-05,2.491467114331739e-05
0.195,72.10106800001212,19713304.16666684,0.9764500000001641,0.3257500000000028,6514.999999999241,3.657482651839136e-06,0.016239091227852685,0.014841958370858986,0.00036654361682976597,7.314882173400133e-05,3.6574689161607887e-05
0.1955,72.09737600001212,19680020.000000186,0.976400000000164,0.32520000000000304,6503.999999999253,3.663480829796486e-06,0.01625198548866609,0.014855325719814877,0.0003724118832523051,7.326878252617669e-05,3.6634670485523854e-05
0.196,72.08999200001212,19667916.666666858,0.976300000000164,0.3250000000000031,6499.999999999258,3.665359845773095e-06,0.016255320333567316,0.014858862052928905,0.0003577453126995455,2.0354748554289417e-05,7.994290358319183e-05
0.1965,72.08260800001212,19637658.333333537,0.976200000000164,0.32450000000000334,6489.999999999271,3.6706315374505207e-06,0.016266172582084716,0.014870518583245045,0.0003747821989857388,4.221346113892211e-05,3.670617700440794e-05
0.197,72.07891600001211,19613451.66666688,0.976150000000164,0.3241000000000035,6481.99999999928,3.67497354494265e-06,0.016275373572877463,0.014880933490240627,0.00035506627347107556,7.349863139591645e-05,3.674959674698072e-05
0.1975,72.07153200001211,19601348.333333552,0.976050000000164,0.3239000000000036,6477.999999999284,3.676866038722913e-06,0.01627872979033823,0.014885243421213756,0.0003660818047217133,6.763543407522418e-05,5.427916122368796e-05
0.198,72.06784000001211,19586219.16666689,0.976000000000164,0.3236500000000037,6472.999999999291,3.6795176949036636e-06,0.01628418150417234,0.014890337186173582,0.0003682344804830766,7.358951220229076e-05,3.1449001328654577e-05
0.1985,72.05676400001211,19555960.83333357,0.975850000000164,0.3231500000000039,6462.999999999302,3.684644524199995e-06,0.016294269998997656,0.014902378445021916,0.00036897820893934586,8.213121937541253e-05,3.517925045318147e-05
0.199,72.0493800000121,19525702.50000025,0.9757500000001639,0.3226500000000041,6452.999999999314,3.6899763273567847e-06,0.01630521939778624,0.01491355287199967,0.0003627313402927338,8.92434570244303e-05,3.689962339761103e-05
0.1995,72.0419960000121,19504521.666666925,0.9756500000001639,0.32230000000000425,6445.999999999322,3.6936048589764347e-06,0.016312398317072433,0.014922017208800757,0.0003651415485793849,9.844896595288596e-05,3.693590842887562e-05
0.2,72.0419960000121,19489392.500000264,0.9756500000001639,0.32205000000000433,6440.999999999329,3.6964721193855134e-06,0.016318728550378137,0.014929139673079387,0.0003781560819383879,0.00010579161437295369,8.569576809695318e-06
0.2005,72.0346120000121,19462160.000000276,0.9755500000001639,0.32160000000000455,6431.99999999934,3.7012650188885037e-06,0.01632846779685317,0.014939833525694555,0.0003675800565470741,7.248300815944875e-05,3.701250943629003e-05
0.201,72.0309200000121,19422824.16666696,0.9755000000001639,0.3209500000000048,6418.999999999354,3.70857087424135e-06,0.016344156195579662,0.014955865101005805,0.0003649853053948317,4.3657050078495054e-05,3.708556742872078e-05
0.2015,72.0198440000121,19404669.166666966,0.9753500000001638,0.32065000000000493,6412.9999999993615,3.711469821074128e-06,0.016349285820100114,0.014961498321881301,0.00036966933226858237,5.138725544753206e-05,3.7114556661331075e-05
0.202,72.0161520000121,19386514.166666973,0.9753000000001638,0.320350000000005,6406.999999999369,3.714755080819848e-06,0.016356100857869663,0.014968557481240954,0.00036746098530023095,5.788810091674202e-05,1.0144625048336778e-05
0.2025,72.0161520000121,19368359.16666698,0.9753000000001638,0.32005000000000516,6400.999999999376,3.7182371196395496e-06,0.016363764777230484,0.014977016008168928,0.0003686596642511873,7.436388233895638e-05,3.70016864813326e-05
0.203,72.0087680000121,19338100.83333366,0.9752000000001638,0.3195500000000054,6390.999999999388,3.723673209723286e-06,0.016374882822182225,0.01498970488077959,0.0003765676886499302,6.643606837691939e-05,4.9317331123186246e-05
0.20350000000000001,72.0050760000121,19310868.33333367,0.9751500000001637,0.31910000000000555,6381.999999999398,3.7287332064565803e-06,0.01638558464639768,0.015000661153509771,0.0003751286835116712,0.00010758451817128273,3.728718917550492e-05
0.20400000000000001,71.99030800001209,19307842.50000034,0.9749500000001637,0.31905000000000555,6380.9999999994,3.728552685263039e-06,0.016383507640141712,0.01499957851956125,0.00036899692297701113,7.650936699092614e-05,6.987429836279449e-05
0.20450000000000002,71.98661600001209,19283635.833333682,0.9749000000001637,0.31865000000000576,6372.99999999941,3.7330416640401426e-06,0.016392946727009847,0.015010410697975218,0.00037905610390461436,7.607585632637378e-05,6.941583457585669e-05
0.20500000000000002,71.98292400001209,19259429.166667026,0.9748500000001636,0.3182500000000059,6364.999999999419,3.7375419269744234e-06,0.01640240413142179,0.015019625487755237,0.00035310783765627694,6.284622925025073e-05,3.73752756749174e-05
0.20550000000000002,71.97184800001209,19238248.3333337,0.9747000000001637,0.31790000000000607,6357.999999999428,3.7410811396642597e-06,0.016408905733336077,0.015027290900022456,0.00037585942309005543,4.041640254423301e-05,7.634241305053794e-05
0.20600000000000002,71.96446400001209,19214041.666667044,0.9746000000001637,0.3175000000000062,6349.999999999437,3.745410010474666e-06,0.01641755424412545,0.015037134161502562,0.00037652701761896996,1.6353246557074908e-05,3.745395587971319e-05
0.20650000000000002,71.94600400001208,19198912.500000384,0.9743500000001636,0.3172500000000063,6344.999999999443,3.74739996340994e-06,0.01641980864578724,0.015040028788301955,0.00037410956688442793,7.233324373225764e-05,1.5958694183947747e-05
0.20700000000000002,71.94600400001208,19180757.50000039,0.9743500000001636,0.31695000000000645,6338.99999999945,3.750946958169437e-06,0.01642757764993552,0.015046960026513135,0.0003794665602302903,7.687814334917382e-05,3.7509324904841166e-05
0.20750000000000002,71.93862000001208,19150499.16666707,0.9742500000001636,0.31645000000000667,6328.999999999462,3.7564879836253476e-06,0.016438863197613705,0.01506006869084365,0.00037054454856058714,8.676397686581785e-05,3.756473472157668e-05
0.20800000000000002,71.93862000001208,19120240.83333375,0.9742500000001636,0.31595000000000684,6318.999999999473,3.7624327343511326e-06,0.016451865526180696,0.015073182552346333,0.0003774788434389412,0.000117606903566987,4.759710727981199e-05
0.2085,71.93492800001208,19099060.000000425,0.9742000000001635,0.315600000000007,6311.9999999994825,3.766411959542013e-06,0.016460140733461807,0.015082788711453316,0.0003798063739894834,0.00010150526371383057,3.6689661627804566e-05
0.209,71.93123600001208,19077879.1666671,0.9741500000001635,0.31525000000000714,6304.999999999491,3.770400020443071e-06,0.0164684301867975,0.015091518461217868,0.00036570626649654606,4.694759428510363e-05,3.7703854002768216e-05
0.2095,71.92385200001208,19047620.83333378,0.9740500000001635,0.31475000000000736,6294.9999999995025,3.7760018760003697e-06,0.016479813659670498,0.01510376971816244,0.00038728689417332445,8.926235976305118e-05,7.000681976443329e-05
0.21,71.92385200001208,19026440.000000454,0.9740500000001635,0.3144000000000075,6287.999999999511,3.7802054404297575e-06,0.016488984020278447,0.015114162563038314,0.0003764132054898529,5.9720745298465004e-05,3.780190743101741e-05
0.2105,71.92385200001208,18999207.500000466,0.9740500000001635,0.31395000000000767,6278.999999999522,3.785623795098312e-06,0.016500797010589374,0.015127167673550436,0.0003800071036978748,7.678886575043048e-05,8.134543030176991e-06
0.211,71.92385200001208,18971975.000000477,0.9740500000001635,0.31350000000000783,6269.999999999532,3.7910577048520392e-06,0.01651263542600335,0.015138685514479285,0.0003780374402977042,0.00011432221511393748,4.254288232686117e-05
0.2115,71.91646800001207,18926587.500000495,0.9739500000001635,0.3127500000000082,6254.99999999955,3.799758831327105e-06,0.016530725582332755,0.015158747238486292,0.00037352587542104597,4.130085521199429e-05,3.7997439805296744e-05
0.212,71.91277600001207,18911458.333333835,0.9739000000001634,0.31250000000000827,6249.999999999556,3.8026034128344675e-06,0.01653648756007682,0.015164362307770352,0.0003840764826937861,8.840980477445979e-05,4.987609164120625e-05
0.2125,71.90908400001207,18899355.000000507,0.9738500000001634,0.31230000000000835,6245.999999999561,3.8048432869804365e-06,0.016540932516515824,0.015169666785527175,0.00037609543140240806,0.00011139444560743342,3.804828395379307e-05
0.213,71.89800800001207,18853967.500000525,0.9737000000001634,0.31155000000000865,6230.999999999579,3.8134152930946797e-06,0.01655827934110465,0.015188616229391046,0.00037716340925553687,6.205122891681508e-05,3.813400332761305e-05
0.2135,71.89062400001207,18832786.6666672,0.9736000000001633,0.3112000000000088,6223.999999999587,3.817312077731639e-06,0.016565886577227646,0.015196166967547263,0.00037302496480434954,8.95418780697228e-05,4.8870517884353665e-05
0.214,71.87585600001206,18814631.666667208,0.9734000000001634,0.31090000000000895,6217.999999999594,3.820210635712329e-06,0.016570472530225214,0.015202454367608238,0.0003778567417010927,3.1143548427765864e-05,3.82019561888634e-05
0.2145,71.86478000001206,18802528.33333388,0.9732500000001633,0.310700000000009,6213.999999999599,3.822080665216033e-06,0.01657325062374557,0.015205723805885384,0.0003814539895421087,0.00011258625432661311,3.75549027591952e-05
0.215,71.86108800001206,18781347.500000555,0.9732000000001633,0.3103500000000092,6206.999999999608,3.826194473000936e-06,0.016581741376389226,0.01521398136418935,0.0003766125434195835,7.652297698447434e-05,3.826179407001737e-05
0.2155,71.85001200001206,18760166.66666723,0.9730500000001633,0.31000000000000927,6199.999999999615,3.82992397011451e-06,0.016588542187755132,0.015222443702598735,0.00037788017649822953,6.810852495101703e-05,3.7520829415274336e-05
0.216,71.84632000001206,18738985.833333906,0.9730000000001632,0.3096500000000094,6192.9999999996235,3.834055942996018e-06,0.01659706173152483,0.015230881575431374,0.0003861787908537332,7.518853480156355e-05,3.834040812920475e-05
0.2165,71.84262800001206,18720830.833333913,0.9729500000001632,0.30935000000000956,6186.999999999631,3.837576902414534e-06,0.016604254188374436,0.015239332543444012,0.00037466020567090324,6.171621119708253e-05,8.578567644859974e-05
0.217,71.83893600001205,18693598.333333924,0.9729000000001632,0.3089000000000097,6177.999999999642,3.8429699151024754e-06,0.01661549024580189,0.015251550786754125,0.0003742354428290533,7.685847755429991e-05,3.842954713535725e-05
0.2175,71.83893600001205,18663340.000000603,0.9729000000001632,0.30840000000000994,6167.9999999996535,3.84920041107378e-06,0.016628953881270718,0.015265588291867978,0.00038942103522342204,9.506699899048628e-05,1.5668452745869224e-05
0.218,71.83524400001205,18657288.33333394,0.9728500000001632,0.30830000000001,6165.999999999656,3.850251050237993e-06,0.01663079579195641,0.015267696249338875,0.0003868032225141526,9.739268990753898e-05,6.70029211091602e-05
0.2185,71.83155200001205,18645185.00000061,0.9728000000001632,0.3081000000000101,6161.999999999662,3.852552388190823e-06,0.016635337743335685,0.01527185670268101,0.0003948015231402792,6.388105495579055e-05,3.8525371096574315e-05
0.219,71.81678400001205,18627030.00000062,0.9726000000001631,0.3078000000000102,6155.999999999668,3.855514486206855e-06,0.016640020889321715,0.015276811200385472,0.00038703188585399273,4.6659462518755576e-05,5.1007662114848085e-05
0.2195,71.81678400001205,18599797.50000063,0.9726000000001631,0.3073500000000104,6146.999999999679,3.861159456172016e-06,0.01665219798617577,0.015290069425906388,0.0003835311964189037,7.307593303723833e-05,3.5636343963390955e-05
0.22,71.80940000001205,18578616.666667305,0.9725000000001631,0.30700000000001054,6139.999999999687,3.865163983325431e-06,0.016659974458196218,0.015299522798767777,0.0003724153594103853,1.9499394257918963e-05,3.8651486013900376e-05
0.2205,71.80940000001205,18560461.666667312,0.9725000000001631,0.30670000000001063,6133.999999999694,3.868944711056104e-06,0.01666812047146068,0.01530698815717364,0.00037715963166156714,6.64433404391441e-05,3.099676968142146e-05
0.221,71.80940000001205,18539280.833333988,0.9725000000001631,0.3063500000000108,6126.999999999702,3.8733649188213035e-06,0.016677639271914478,0.015317422573035384,0.00038201449779185425,9.290326978382577e-05,3.873349471543401e-05
0.2215,71.80940000001205,18524151.666667327,0.9725000000001631,0.3061000000000109,6121.999999999709,3.8765283988268735e-06,0.016684448408781694,0.01532526833089942,0.0003894819597248389,1.7999252487491847e-05,3.876512926306328e-05
0.222,71.80570800001205,18505996.666667335,0.9724500000001631,0.305800000000011,6115.999999999715,3.880131899588375e-06,0.016691772159560726,0.015332727215531078,0.00039506848300562,6.12434022921253e-05,3.880116397749994e-05
0.2225,71.79832400001204,18484815.83333401,0.972350000000163,0.30545000000001116,6108.9999999997235,3.884178487217427e-06,0.016699615097666674,0.015341120133240658,0.00038771637905648816,5.248890588186943e-05,3.8841629519481576e-05
0.223,71.79463200001204,18463635.000000685,0.972300000000163,0.3051000000000113,6101.999999999733,3.88843431967808e-06,0.016708331730282286,0.015351475311610923,0.00037501960534918905,8.602525490658484e-05,5.9696872793147575e-05
0.2235,71.79463200001204,18448505.833334025,0.972300000000163,0.3048500000000114,6096.999999999738,3.89162312919069e-06,0.01671518136254807,0.01535831030057921,0.0003886170869744197,0.00010818151591612539,8.157908833627934e-05
0.224,71.79094000001204,18430350.833334032,0.972250000000163,0.30455000000001153,6090.999999999745,3.895256289433593e-06,0.016722552062705603,0.015366738569579626,0.0003989470112365928,9.113018127289438e-05,6.098250836720124e-05
0.2245,71.78724800001204,18409170.000000708,0.972200000000163,0.3042000000000117,6083.9999999997535,3.899537458777842e-06,0.0167313089387198,0.01537592754726376,0.00038739383564116427,2.150101124931423e-05,4.139192091651985e-05
0.225,71.78355600001204,18391015.000000715,0.972150000000163,0.30390000000001177,6077.999999999761,3.903186202610854e-06,0.01673870427563303,0.015383002795754028,0.0003853273526661333,8.993231750479738e-05,7.498610273728003e-05
0.2255,71.78355600001204,18369834.16666739,0.972150000000163,0.3035500000000119,6070.999999999769,3.907686664382928e-06,0.016748351534248744,0.015393765510560405,0.0003952584036671316,8.368825980799981e-05,3.907670938309468e-05
0.226,71.78355600001204,18351679.166667398,0.972150000000163,0.30325000000001207,6064.999999999776,3.911552471470527e-06,0.01675663390390969,0.015403022792681258,0.0003870658461784967,0.00010345718872453568,6.441889683883897e-05
0.2265,71.78355600001204,18327472.50000074,0.972150000000163,0.3028500000000122,6056.999999999786,3.916718794695184e-06,0.01676769620015944,0.015415046559745203,0.0003799299625202149,0.00010716877483740835,3.916702995840187e-05
0.227,71.76509600001204,18321420.833334077,0.971900000000163,0.3027500000000123,6054.999999999788,3.917004944804406e-06,0.016766152476699107,0.01541366066903622,0.00040530456206840977,9.552073243656735e-05,3.916989140891893e-05
0.2275,71.76140400001204,18312343.33333408,0.971850000000163,0.3026000000000123,6051.999999999793,3.918745006783718e-06,0.01676944472159715,0.01541661486821729,0.000388832037539828,9.231188119141755e-05,5.9352524248031085e-05
0.228,71.75032800001203,18294188.33333409,0.9717000000001629,0.30230000000001245,6045.999999999799,3.9220284984863084e-06,0.01677517401702399,0.015424476140463687,0.00039570928104330116,9.810355936143658e-05,8.84472968511134e-05
0.2285,71.75032800001203,18276033.333334096,0.9717000000001629,0.3020000000000126,6039.999999999806,3.925924553286127e-06,0.01678350397836893,0.015431959983559625,0.0003958162999105007,6.630707847077448e-05,1.962557519913129e-05
0.229,71.74663600001203,18251826.66666744,0.9716500000001629,0.30160000000001275,6031.999999999815,3.930929068652617e-06,0.016793765732860816,0.015443145264300772,0.0003939350900346901,5.811631240613086e-05,4.59031256413941e-05
0.2295,71.74294400001203,18242749.166667443,0.9716000000001629,0.3014500000000128,6028.999999999819,3.932682697358927e-06,0.016797079051401306,0.015446762406425308,0.00039515023902946515,9.89175182431761e-05,7.559720856559709e-05
0.23,71.74294400001203,18233671.666667446,0.9716000000001629,0.30130000000001284,6025.999999999823,3.934640554659303e-06,0.016801259676230456,0.015451571362352697,0.00038334538314431483,6.087382000190431e-05,1.1205968228815088e-05
0.2305,71.73186800001203,18212490.83333412,0.9714500000001628,0.300950000000013,6018.999999999832,3.938608324168487e-06,0.01680843126163654,0.015459162883586827,0.000395495959283164,8.731424562262518e-05,8.443278163165886e-05
0.231,71.72448400001203,18200387.500000793,0.9713500000001628,0.30075000000001306,6014.999999999835,3.94082180942625e-06,0.016812288349118264,0.015464327516080734,0.0003881250171562991,8.071727961771969e-05,3.940805806615988e-05
0.2315,71.71340800001202,18182232.5000008,0.9712000000001628,0.3004500000000132,6008.999999999843,3.944147562737902e-06,0.016818082278494677,0.01547056648534027,0.00039791220692845874,7.888197987023655e-05,6.97919261369457e-05
0.232,71.70233200001202,18161051.666667476,0.9710500000001627,0.30010000000001336,6001.999999999851,3.948137658328092e-06,0.016825287652995666,0.015478133662240554,0.0003945632625921277,0.0001046493250217831,3.948121592689649e-05
0.2325,71.69864000001202,18121715.83333416,0.9710000000001627,0.2994500000000136,5988.999999999866,3.956503934805406e-06,0.016842671319584824,0.015496936164825626,0.0003982624199856574,7.369853633690658e-05,4.8394380865886156e-05
0.233,71.69494800001202,18100535.000000834,0.9709500000001627,0.29910000000001374,5981.9999999998745,3.960929773623195e-06,0.016851655089103027,0.015506776880443432,0.00038831380831558585,8.947430597162257e-05,3.0487839849464206e-05
0.2335,71.68018000001202,18082380.000000842,0.9707500000001626,0.2988000000000139,5975.999999999882,3.964089904094963e-06,0.016856639712328904,0.015512435815737385,0.00039860183045319894,5.739969458269597e-05,6.108292866037502e-05
0.234,71.68018000001202,18058173.333334185,0.9707500000001626,0.29840000000001404,5967.999999999892,3.969403697532086e-06,0.01686793392947466,0.015524155902679372,0.00040220081992850114,7.938708967860256e-05,3.969387454962352e-05
0.23450000000000001,71.66541200001201,18040018.333334193,0.9705500000001627,0.2981000000000142,5961.9999999999,3.972579776573135e-06,0.016872942523357543,0.015530039233695971,0.000392980953783187,5.3262853605545595e-05,3.97256350573199e-05
0.23500000000000001,71.65802800001201,18015811.666667536,0.9704500000001626,0.29770000000001434,5953.999999999909,3.977507609751058e-06,0.01688253457788891,0.01554012508407317,0.00040204688078501164,7.95491636270387e-05,3.9774912973808955e-05
0.23550000000000001,71.646952000012,18000682.500000875,0.9703000000001626,0.2974500000000144,5948.9999999999145,3.9802353049673825e-06,0.016887017187867833,0.015545550139339979,0.00040090261708422456,5.767369123811816e-05,5.9606513175642204e-05
0.23600000000000002,71.628492000012,17982527.500000883,0.9700500000001625,0.29715000000001457,5942.999999999922,3.983227163145363e-06,0.0168911863459781,0.015551163384981654,0.0003895680601510715,6.825243454850469e-05,3.9832107992631074e-05
0.23650000000000002,71.617416000012,17952269.166667562,0.9699000000001624,0.2966500000000148,5932.999999999933,3.9893238751670395e-06,0.016902801176101226,0.015563240226874744,0.0004093909063845991,4.882783720767234e-05,3.989307459435518e-05
0.23700000000000002,71.613724000012,17937140.0000009,0.9698500000001624,0.2964000000000149,5927.999999999939,3.992482859586779e-06,0.016909056302747145,0.01556985849073431,0.00041251200802241566,0.00010642938889529077,3.77617450162452e-05
0.23750000000000002,71.606340000012,17925036.666667573,0.9697500000001624,0.29620000000001495,5923.9999999999445,3.99476672386212e-06,0.01691301993572942,0.015575419462248392,0.0003945505221929694,3.756032722624473e-05,3.020210201447038e-05
0.23800000000000002,71.598956000012,17909907.500000913,0.9696500000001624,0.29595000000001503,5918.99999999995,3.997728966495686e-06,0.016918417152064054,0.015580666709597861,0.00040981896028949934,9.425441181151984e-05,8.200194870542676e-05
0.23850000000000002,71.591572000012,17882675.000000924,0.9695500000001623,0.29550000000001525,5909.999999999961,4.003403965011291e-06,0.016929548154662064,0.015592834041425191,0.0003973735598253071,3.388175778383036e-05,4.003387429159554e-05
0.23900000000000002,71.58788000001199,17861494.1666676,0.9695000000001623,0.2951500000000154,5902.999999999969,4.007944650767594e-06,0.016938709437158587,0.015602570758134421,0.0003991357453514835,8.87631208076888e-05,4.007928076805966e-05
0.23950000000000002,71.58788000001199,17852416.666667603,0.9695000000001623,0.29500000000001547,5899.999999999973,4.0099825887256104e-06,0.016943015335949226,0.015606558198481736,0.00040090666530818157,8.109576378278552e-05,7.72185522337117e-06
0.24,71.58418800001199,17837287.500000942,0.9694500000001623,0.29475000000001556,5894.999999999979,4.01317677926132e-06,0.01694932496420884,0.015613991209087179,0.00040494042324235003,2.254560183752045e-05,6.671824393988308e-05
0.2405,71.58049600001199,17828210.000000946,0.9694000000001624,0.2946000000000156,5891.999999999983,4.015013060762028e-06,0.016952765016442266,0.015618144440286676,0.00040165664221058253,9.622040709570354e-05,4.014996427127902e-05
0.241,71.57680400001199,17807029.16666762,0.9693500000001624,0.2942500000000158,5884.999999999991,4.019581443377102e-06,0.01696196945093533,0.015626992452619295,0.00040426643426082014,6.240246241239185e-05,5.697448946642083e-05
0.2415,71.56203600001199,17776770.8333343,0.9691500000001623,0.29375000000001594,5875.000000000002,4.02559253707775e-06,0.01697289637966864,0.015639015591200088,0.0004027338187686361,9.943941643176133e-05,2.6965821425236668e-05
0.242,71.54726800001198,17758615.833334308,0.9689500000001622,0.2934500000000161,5869.00000000001,4.028876387185097e-06,0.016978065599661144,0.015645214557179384,0.00040796171159898637,9.417728048017021e-05,6.617077322522262e-05
0.2425,71.54726800001198,17734409.16666765,0.9689500000001622,0.29305000000001624,5861.000000000019,4.034375621291472e-06,0.01698964877865071,0.015658531604731046,0.00040365361150998525,7.545081165091147e-05,5.937780104431958e-05
0.243,71.54357600001198,17728357.500000987,0.9689000000001622,0.2929500000000163,5859.000000000022,4.035544522384998e-06,0.016991671425784546,0.015659865368517007,0.00039397263921900534,2.3184450963438057e-05,4.035527712328087e-05
0.2435,71.53988400001198,17707176.666667663,0.9688500000001622,0.29260000000001646,5852.00000000003,4.040163225720793e-06,0.017000953480925507,0.015670112246665358,0.0004021549567011132,7.507156559918385e-05,7.357020289460543e-05
0.244,71.53250000001198,17679944.166667674,0.9687500000001622,0.2921500000000166,5843.000000000041,4.045968659498005e-06,0.017012285643104093,0.015682835581969614,0.00039926122298319125,9.455616489691227e-05,6.486912230986069e-05
0.2445,71.52142400001198,17667840.833334345,0.9686000000001621,0.2919500000000167,5839.0000000000455,4.04811344378147e-06,0.017015476699703918,0.015686722990837225,0.0004064497347468846,9.134903024038695e-05,4.549689476963839e-05
0.245,71.51773200001197,17652711.666667685,0.9685500000001621,0.2917000000000168,5834.000000000051,4.051373712462185e-06,0.017021887913012134,0.015693657351026763,0.00040170222290302783,7.081239564667791e-05,4.0513567661288537e-05
0.2455,71.51773200001197,17640608.333334357,0.9685500000001621,0.29150000000001686,5830.000000000056,4.054153385678281e-06,0.017027726316627367,0.015699700286885783,0.0004033625312492197,9.468013420251956e-05,7.796792884867889e-05
0.246,71.51773200001197,17607324.166667704,0.9685500000001621,0.2909500000000171,5819.00000000007,4.061817191700353e-06,0.017043812955592427,0.01571588489046811,0.00040009489308773916,8.123531110715927e-05,4.061800157887411e-05
0.2465,71.51404000001197,17592195.000001043,0.9685000000001621,0.2907000000000172,5814.0000000000755,4.065100460744537e-06,0.017050259910672938,0.015723278255046692,0.00040163076305619287,8.512093425795751e-05,7.433479845398081e-05
0.247,71.51034800001197,17574040.00000105,0.9684500000001621,0.2904000000000173,5808.000000000083,4.069089862092479e-06,0.017058183883154044,0.01573098501436693,0.00040273892694942675,1.9303186476760983e-06,4.069072766031846e-05
0.2475,71.50665600001197,17546807.50000106,0.9684000000001621,0.2899500000000175,5799.000000000093,4.075194647231848e-06,0.017070534435766394,0.015744769274508578,0.0004060374397789439,8.674380430877773e-05,5.94265323629363e-05
0.248,71.49558000001197,17534704.166667733,0.968250000000162,0.2897500000000176,5795.000000000097,4.077375889575608e-06,0.017073779836477305,0.01574901559164375,0.000401921175483623,2.936096283376945e-05,4.077358721416641e-05
0.2485,71.49558000001197,17510497.500001077,0.968250000000162,0.28935000000001776,5787.000000000107,4.083012490079598e-06,0.01708557721620554,0.015760639132015416,0.00040199304166348414,9.66186690147682e-05,6.2419905495107e-05
0.249,71.48819600001197,17495368.333334416,0.968150000000162,0.28910000000001784,5782.000000000114,4.086121231514944e-06,0.017091197665601146,0.015768036704124862,0.00040822797659385016,8.332222364023448e-05,7.214090713485462e-05
0.2495,71.48081200001197,17471161.66666776,0.9680500000001621,0.28870000000001805,5774.000000000123,4.091360000198851e-06,0.017101267091343946,0.01577891612768365,0.000408701319187966,8.075442329544746e-05,4.0913427116570064e-05
0.25,71.47712000001196,17453006.666667767,0.968000000000162,0.28840000000001814,5768.00000000013,4.095404383046558e-06,0.01710927558141436,0.015787193362702526,0.0004076091469044294,8.190703725139502e-05,4.0953870597018575e-05
0.2505,71.47712000001196,17446955.000001103,0.968000000000162,0.2883000000000182,5766.000000000133,4.096824918732664e-06,0.017112242589869403,0.015790259492562964,0.00040707771591861063,4.991007747649409e-05,4.0968075833683305e-05
0.251,71.46973600001196,17425774.166667778,0.967900000000162,0.28795000000001836,5759.000000000141,4.10138082339665e-06,0.017120870419491663,0.01579879714319239,0.00040878722342313267,9.735508202847911e-05,4.231810094774854e-05
0.2515,71.46604400001196,17392490.000001125,0.967850000000162,0.2874000000000186,5748.000000000154,4.109017397739331e-06,0.017136359471843193,0.01581619563616279,0.00040821564444827574,8.491907498604925e-05,7.075912528967023e-05
0.252,71.45496800001196,17377360.833334465,0.9677000000001619,0.28715000000001867,5743.00000000016,4.111957430436851e-06,0.017141160517847327,0.015822105780366198,0.0004110574685362054,0.00011282025926192826,7.967727152145189e-05
0.2525,71.45127600001196,17362231.666667804,0.9676500000001619,0.28690000000001875,5738.0000000001655,4.11532787787787e-06,0.017147741095374796,0.015828865166528126,0.00041221216572532297,6.402307513069957e-05,4.1153103812879304e-05
0.253,71.45127600001196,17350128.333334476,0.9676500000001619,0.28670000000001883,5734.000000000171,4.118198703045554e-06,0.01715372111861649,0.015835185666943807,0.0004167946687331498,6.900000517002134e-05,6.546428882811162e-05
0.2535,71.44020000001196,17328947.50000115,0.9675000000001619,0.286350000000019,5727.000000000178,4.1225931349845225e-06,0.017161540530138568,0.01584419360498258,0.00041144655497226377,9.629251709053587e-05,7.32091590522477e-05
0.254,71.43650800001195,17298689.16666783,0.9674500000001619,0.2858500000000192,5717.000000000191,4.1295908211160984e-06,0.017175655494713383,0.015858421571303866,0.0004167143344922057,8.381450376919606e-05,9.25167541079895e-05
0.2545,71.43650800001195,17289611.666667834,0.9674500000001619,0.28570000000001927,5714.000000000195,4.131758964704363e-06,0.017180163731334533,0.01586360000512138,0.00041374231241634874,9.78209654617824e-05,3.861488978954841e-05
0.255,71.42174000001195,17259353.333334513,0.9672500000001618,0.2852000000000195,5704.0000000002065,4.138146929414142e-06,0.017191662118266393,0.01587612929829233,0.00042321999233343706,8.026433398417181e-05,4.1381292332978654e-05
0.2555,71.40697200001195,17238172.50000119,0.9670500000001617,0.2848500000000196,5697.000000000216,4.142374837008217e-06,0.0171986637718532,0.01588358734130226,0.0004106089087979705,0.0001016822394082726,4.142357102229283e-05
0.256,71.40697200001195,17226069.16666786,0.9670500000001617,0.2846500000000197,5693.000000000219,4.1452853410215706e-06,0.017204704741772898,0.01589100023526478,0.00041249797435079195,8.290462972325247e-05,4.1452675813124296e-05
0.2565,71.40328000001195,17195810.83333454,0.9670000000001617,0.2841500000000199,5683.000000000231,4.152364822576135e-06,0.01721894473371192,0.015905665058519747,0.00041259349986341,0.00010592509278730578,5.991688793261697e-05
0.257,71.39589600001194,17171604.166667882,0.9669000000001617,0.28375000000002004,5675.00000000024,4.157788364269416e-06,0.017229295232193843,0.015917374804659514,0.0004171885580752355,0.00010063618917781847,4.1577704953873805e-05
0.2575,71.39220400001194,17150423.333334558,0.9668500000001617,0.2834000000000202,5668.000000000249,4.162707975916251e-06,0.01723903955212548,0.015926948153931284,0.0004221820493173696,8.461397376385293e-05,2.3577993327231695e-05
0.258,71.38482000001194,17129242.500001233,0.9667500000001616,0.28305000000002034,5661.000000000257,4.167424216220116e-06,0.017247910432373385,0.015937441781517837,0.0004109904752113306,5.004562146568898e-05,8.335588360318764e-05
0.2585,71.36636000001194,17117139.166667905,0.9665000000001617,0.2828500000000204,5657.000000000263,4.169292502977553e-06,0.017249545391087882,0.015939787371503245,0.00041948180406903166,7.941206434858198e-05,4.1692745300383834e-05
0.259,71.35897600001194,17092932.500001248,0.9664000000001616,0.2824500000000206,5649.000000000272,4.174764979619894e-06,0.01725996927579936,0.015949888805840542,0.0004117853929112728,7.477661090460939e-05,4.174746958205002e-05
0.2595,71.34790000001193,17071751.666667923,0.9662500000001616,0.2821000000000207,5642.00000000028,4.179295797707539e-06,0.017267992449772562,0.015958956526791163,0.0004171481886483187,8.358482030025649e-05,4.179277735254845e-05
0.26,71.34420800001193,17065700.00000126,0.9662000000001616,0.2820000000000208,5640.000000000283,4.180561477115305e-06,0.017270160159644075,0.015961854876248783,0.00041588980681546623,7.899772807931287e-05,4.49448210758316e-05
0.2605,71.32944000001193,17041493.333334602,0.9660000000001615,0.28160000000002094,5632.000000000292,4.185633183946709e-06,0.017278844131399705,0.015970965488078106,0.0004185424705842775,0.00012021339533481893,0.00010761246533305662
0.261,71.32205600001193,17023338.33333461,0.9659000000001615,0.2813000000000211,5626.000000000299,4.189663308303703e-06,0.01728626575576804,0.015979408873221843,0.0004148557113131545,0.00011006645253525798,8.46298330868985e-05
0.2615,71.31836400001193,16999131.666667953,0.9658500000001614,0.28090000000002124,5618.000000000309,4.195412177426309e-06,0.017297673670040592,0.01599208723604568,0.0004124750790211182,2.7147476254916563e-05,4.195393970290621e-05
0.262,71.30728800001192,16987028.333334625,0.9657000000001614,0.2807000000000213,5614.000000000314,4.197749400351651e-06,0.01730114755132571,0.015995916669534507,0.0004230581928183645,0.00010593338751643699,7.037496040853365e-05
0.2625,71.29990400001192,16971899.166667964,0.9656000000001614,0.2804500000000214,5609.000000000319,4.20105630488553e-06,0.017307064794527646,0.01600188802426097,0.00041578562284916884,7.20792058878534e-05,4.201038045525077e-05
0.263,71.29990400001192,16962821.666667968,0.9656000000001614,0.2803000000000215,5606.000000000323,4.203304462023356e-06,0.017311695026800016,0.01600657953169209,0.00041758391000597104,5.008250915722178e-05,5.204983845292045e-05
0.2635,71.29252000001192,16944666.666667975,0.9655000000001613,0.2800000000000216,5600.00000000033,4.207372231184232e-06,0.017319172852136383,0.016015371444428154,0.0004212337163205563,6.962707401216937e-05,4.207353915594196e-05
0.264,71.28144400001192,16923485.83333465,0.9653500000001614,0.27965000000002177,5593.000000000338,4.2119835536250405e-06,0.017327315090438753,0.016024457669893934,0.0004208590375456593,8.71810582109621e-05,8.738109128464011e-05
0.2645,71.27775200001192,16914408.333334655,0.9653000000001614,0.2795000000000218,5590.000000000342,4.2140257344703466e-06,0.01733106630641211,0.01602817290222082,0.00042543685374504017,0.00011997600997284192,6.061278939292374e-05
0.265,71.26667600001191,16911382.500001322,0.9651500000001613,0.27945000000002185,5589.000000000344,4.214124776611631e-06,0.017329923346800263,0.01602791727069437,0.00040957307574687025,8.959471518901177e-05,4.2141063976674675e-05
0.2655,71.25929200001191,16893227.50000133,0.9650500000001613,0.27915000000002194,5583.00000000035,4.2182165604533715e-06,0.017337436458797654,0.016035853457792792,0.0004173374052991092,0.00010059082079735296,2.601866344861074e-05
0.266,71.25190800001191,16872046.666668005,0.9649500000001613,0.2788000000000221,5576.000000000358,4.2230743790423125e-06,0.01734651790835577,0.016046259782535186,0.0004219009050437883,8.80118744274214e-05,4.364087422708249e-05
0.2665,71.24821600001191,16853891.666668013,0.9649000000001612,0.27850000000002223,5570.0000000003665,4.227404412532192e-06,0.017354958895103478,0.016055370830123906,0.00042402095108363426,0.00010765508895502551,3.076593638795746e-05
0.267,71.2408320000119,16829685.000001356,0.9648000000001612,0.2781000000000224,5562.000000000375,4.233046073055209e-06,0.017365635566479933,0.01606589596550612,0.00042208722456219834,7.812437132387733e-05,4.2330275241386374e-05
0.2675,71.2371400000119,16817581.666668028,0.9647500000001612,0.27790000000002246,5558.00000000038,4.235872993630345e-06,0.017370983029461447,0.01607185188014238,0.00042035822340448254,8.47163327894263e-05,5.87949296287645e-05
0.268,71.2371400000119,16799426.666668035,0.9647500000001612,0.2776000000000226,5552.0000000003865,4.2404506661738915e-06,0.017380366819834434,0.016081319653248754,0.0004259078057166707,8.480788380294503e-05,4.240432051653858e-05
0.2685,71.2260640000119,16775220.000001376,0.9646000000001611,0.2772000000000227,5544.000000000396,4.245909383006963e-06,0.017390197970572042,0.016093083781206594,0.0004157354142998585,0.00010506286416276591,6.584553283502537e-05
0.269,71.2149880000119,16769168.333334709,0.9644500000001611,0.2771000000000227,5542.000000000396,4.24678115124211e-06,0.017390630828285198,0.016093261562451642,0.0004285352988629672,4.71317651912949e-05,8.776132587263422e-05
0.2695,71.2076040000119,16747987.50000137,0.9643500000001611,0.27675000000002264,5535.000000000395,4.251711078719522e-06,0.017399819819628095,0.016102953231412406,0.0004239620331279475,9.10425618971157e-05,9.56755397695487e-05
0.27,71.2039120000119,16729832.500001367,0.964300000000161,0.27645000000002257,5529.000000000395,4.2561042975179865e-06,0.017408355635411547,0.016112294406343763,0.0004218234334466962,7.832661596907834e-05,4.256085539380496e-05
0.2705,71.2039120000119,16717729.166668031,0.964300000000161,0.27625000000002253,5525.000000000395,4.259185639995828e-06,0.01741465615322193,0.016119021918812686,0.00042466560626963304,8.737497912310224e-05,4.25916685468748e-05
0.271,71.2002200000119,16708651.66666803,0.964250000000161,0.2761000000000225,5522.000000000395,4.261278613046241e-06,0.017418482820495573,0.016124068242986324,0.00042519725673908587,8.850013226297634e-05,3.86899341488027e-05
0.2715,71.1891440000119,16684445.000001358,0.964100000000161,0.2757000000000224,5514.000000000395,4.266797247376589e-06,0.017428402441633503,0.01613451161714737,0.00042256322510271933,0.00011211612850983173,4.2667783922138476e-05
0.272,71.18176000001189,16669315.833334688,0.964000000000161,0.27545000000002234,5509.000000000395,4.270226847442965e-06,0.01743450113792511,0.016141082951958062,0.00042464137318453407,8.485278308331302e-05,5.555387598536927e-05
0.2725,71.17806800001189,16651160.833334684,0.963950000000161,0.2751500000000223,5503.000000000394,4.274661010871831e-06,0.017443098307493965,0.01615034513693377,0.0004294709810569064,9.182658301591349e-05,4.2746420841475594e-05
0.273,71.16330000001189,16623928.333334679,0.963750000000161,0.2747000000000222,5494.000000000394,4.280775191824764e-06,0.01745375760426045,0.016162305554834624,0.0004245361507839157,8.859912841805089e-05,7.049074525858982e-05
0.2735,71.15591600001189,16602747.500001341,0.9636500000001609,0.27435000000002213,5487.000000000394,4.28579161370768e-06,0.01746307511339296,0.016171618438898652,0.0004243521609734289,8.697046582673557e-05,6.954244869240117e-05
0.274,71.15222400001188,16590644.166668005,0.9636000000001609,0.2741500000000221,5483.000000000394,4.288695682049686e-06,0.01746853742020687,0.016178301713620977,0.0004223895001499061,5.9663515419809095e-05,1.0768251648359007e-05
0.2745,71.14853200001188,16572489.166668002,0.9635500000001609,0.273850000000022,5477.000000000393,4.29317112743159e-06,0.017477196177153553,0.016186731110320773,0.00043354196513230726,8.158114643623925e-05,4.293152031065307e-05
0.275,71.14484000001188,16548282.50000133,0.9635000000001609,0.27345000000002195,5469.000000000393,4.299228031670729e-06,0.017489066644987287,0.016199576737327224,0.00043355195296830443,8.598339823693974e-05,5.2299676774401835e-05
0.2755,71.14484000001188,16536179.166667994,0.9635000000001609,0.2732500000000219,5465.000000000393,4.302374767649994e-06,0.017495465855020938,0.016206689109588474,0.0004316672631799122,6.901941533291262e-05,4.302355588644094e-05
0.276,71.14484000001188,16514998.333334656,0.9635000000001609,0.27290000000002185,5458.000000000392,4.307892653940495e-06,0.017506681395857954,0.016219326859499523,0.00043611899002313464,7.183946733718712e-05,4.627988607075485e-05
0.2765,71.13745600001188,16499869.166667987,0.9634000000001609,0.27265000000002176,5453.000000000392,4.311395156012471e-06,0.017512887895395842,0.016226038248509593,0.00042240650909537285,8.62267340267217e-05,4.3113758951448595e-05
0.277,71.12638000001188,16490791.666667985,0.9632500000001608,0.2725000000000218,5450.000000000392,4.3130967534915915e-06,0.017514979806185185,0.016227736143931352,0.0004310737076590244,6.104632765595169e-05,4.3130774753813894e-05
0.2775,71.11530400001188,16475662.500001315,0.9631000000001608,0.2722500000000217,5445.000000000392,4.316385092253874e-06,0.01752029098964127,0.01623346891167831,0.0004291764603569097,9.931362854533635e-05,7.098569553584182e-05
0.278,71.11161200001187,16454481.666667977,0.9630500000001607,0.2719000000000216,5438.000000000391,4.321716930413155e-06,0.017530653576208276,0.016244878703098913,0.0004329644973592516,3.409577468474347e-05,4.3216975724408775e-05
0.2785,71.09315200001187,16433300.83333464,0.9628000000001607,0.27155000000002155,5431.000000000391,4.3261638499187426e-06,0.017537393781008683,0.016252127280623353,0.00043662356275493296,8.113111983567751e-05,6.399608201137412e-05
0.279,71.08946000001187,16421197.500001304,0.9627500000001606,0.2713500000000215,5427.000000000391,4.329127641270146e-06,0.01754294451325821,0.016258972643293002,0.00042683879062785097,0.00012832918432273906,8.081534908392572e-05
0.2795,71.08207600001187,16403042.5000013,0.9626500000001607,0.27105000000002144,5421.000000000391,4.333468989061403e-06,0.01755082696295492,0.016267177103073138,0.0004349413545638925,0.00011716493426717616,4.636978590669362e-05
0.28,71.08207600001187,16396990.833334632,0.9626500000001607,0.27095000000002145,5419.000000000391,4.335068350194108e-06,0.017554065416373783,0.0162700864180011,0.0004358582987452932,0.00010593101551806815,0.00010299873808462844
0.2805,71.07469200001186,16393965.000001298,0.9625500000001607,0.27090000000002146,5418.00000000039,4.335418063903774e-06,0.017553861634204276,0.01627119890274385,0.0004271208315031364,9.403142028779423e-05,4.335398576131307e-05
0.281,71.07100000001186,16360680.833334625,0.9625000000001607,0.2703500000000213,5407.00000000039,4.34401237479102e-06,0.017570795555098367,0.016289404006073767,0.0004394544482332181,7.743709039937753e-05,8.582349763759513e-05
0.28150000000000003,71.06730800001186,16339500.000001287,0.9624500000001606,0.2700000000000212,5400.00000000039,4.349417546436933e-06,0.017581266969226444,0.0162998493461256,0.00043483254365045914,8.202093925485222e-05,1.494855621295423e-05
0.28200000000000003,71.06361600001186,16324370.833334617,0.9624000000001606,0.2697500000000212,5395.000000000389,4.353222352367716e-06,0.01758849830768273,0.016308171291554506,0.00043487909339161236,0.00011034621378322898,4.353202702128131e-05
0.28250000000000003,71.05623200001186,16306215.833334614,0.9623000000001606,0.2694500000000211,5389.000000000389,4.357616305725109e-06,0.017596458320265376,0.016315839459523657,0.00044311026070976663,0.00010233806115941898,8.061416415320122e-05
0.28300000000000003,71.05254000001186,16285035.000001276,0.9622500000001606,0.26910000000002104,5382.000000000389,4.363057248572465e-06,0.017606982956527552,0.01632805165337063,0.00042992814985778666,0.00013425929183094682,8.06968769346454e-05
0.28350000000000003,71.04515600001186,16269905.833334606,0.9621500000001605,0.268850000000021,5377.000000000389,4.366660552788877e-06,0.017613336669654072,0.016335242266358862,0.00043790880024893063,0.00011301160325811164,4.36664077755771e-05
0.28400000000000003,71.04146400001186,16254776.666667936,0.9621000000001605,0.26860000000002093,5372.000000000388,4.37049769780532e-06,0.01762061583869655,0.016342616878953012,0.00043861909311107897,6.302626451127424e-05,3.321225964681843e-05
0.28450000000000003,71.03777200001186,16230570.000001265,0.9620500000001605,0.26820000000002087,5364.000000000388,4.376788492333068e-06,0.017632834411989904,0.016355819364791743,0.0004393561172350035,0.00012035525551502099,7.477628730462494e-06
0.28500000000000003,71.03408000001185,16218466.666667929,0.9620000000001605,0.26800000000002083,5360.000000000388,4.379827110660255e-06,0.017638495830380838,0.016362223664075953,0.0004366544867649374,8.525257843757895e-05,4.407145501414134e-06
0.28550000000000003,71.03408000001185,16197285.833334591,0.9620000000001605,0.26765000000002076,5353.000000000388,4.385554513943391e-06,0.017650024782390233,0.016373873569744655,0.0004433003687954354,0.00011729915152925302,4.385534565102352e-05
0.28600000000000003,71.02669600001185,16185182.500001255,0.9619000000001605,0.2674500000000207,5349.000000000387,4.388377826447514e-06,0.01765478750533103,0.0163796702344295,0.000440259441018011,8.308198756876693e-05,8.379284642793105e-05
0.28650000000000003,71.02300400001185,16157950.00000125,0.9618500000001605,0.2670000000000206,5340.000000000387,4.395545474519129e-06,0.017668740373553114,0.016394395062702505,0.0004330581561953111,7.16888646522863e-05,0.00010038867247896863
0.28700000000000003,71.01192800001185,16136769.166667912,0.9617000000001604,0.26665000000002054,5333.000000000387,4.40062860579886e-06,0.017677575153231116,0.01640353313023794,0.00044513243996605224,8.778346828697975e-05,4.4006085153335e-05
0.28750000000000003,71.00085200001185,16109536.666667907,0.9615500000001604,0.2662000000000205,5324.0000000003865,4.407380141908057e-06,0.017689750858081155,0.016417521813069543,0.00044057733817829303,7.06169623311849e-05,4.407359987615567e-05
0.28800000000000003,70.99716000001185,16097433.33333457,0.9615000000001603,0.26600000000002044,5320.0000000003865,4.410464608229866e-06,0.017695479680750876,0.01642304902244433,0.0004438604381712672,8.399803922843306e-05,4.410444425005635e-05
0.2885,70.98239200001184,16097433.33333457,0.9613000000001604,0.26600000000002044,5320.0000000003865,4.409547194894821e-06,0.01769179887547473,0.016418627548084288,0.0004359916451060082,0.00010858835348286476,2.846425000073682e-05
0.289,70.97870000001184,16085330.000001235,0.9612500000001604,0.2658000000000204,5316.0000000003865,4.412635612698427e-06,0.0176975331234196,0.016426186783376488,0.00043920271177834815,0.00010341259766898377,7.65426045340095e-05
0.2895,70.96024000001184,16058097.50000123,0.9610000000001603,0.2653500000000203,5307.000000000386,4.418969308164083e-06,0.017707926495761875,0.016436811154245883,0.00043402339964399586,8.837815526007492e-05,4.418949039871362e-05
0.29,70.95285600001183,16042968.33333456,0.9609000000001602,0.26510000000002026,5302.0000000003865,4.422676310629117e-06,0.017714430637530195,0.016444659185633467,0.0004462481897152005,9.484664079102484e-05,7.281116110498408e-05
0.2905,70.94916400001183,16027839.16666789,0.9608500000001602,0.2648500000000202,5297.000000000386,4.426620660604109e-06,0.017721867050845913,0.016452330424458435,0.0004412480590998257,3.8906327831419105e-05,4.426600319907179e-05
0.291,70.94178000001183,16015735.833334554,0.9607500000001602,0.26465000000002015,5293.000000000386,4.4295048780934724e-06,0.017726717028848822,0.016457685216626383,0.0004479053130800389,0.00011447092605980769,6.680817998086931e-05
0.2915,70.93070400001183,15991529.166667882,0.9606000000001601,0.2642500000000201,5285.000000000385,4.435517282978604e-06,0.0177373588317267,0.016468968825036994,0.0004450015264704516,0.00010109856450569261,7.378020979862418e-05
0.292,70.92701200001183,15976400.000001213,0.9605500000001601,0.26400000000002,5280.000000000386,4.439486492576954e-06,0.017744831522449236,0.01647663654689038,0.0004377273270843646,0.00011198416608944244,0.00010628037573660926
0.2925,70.92701200001183,15970348.333334545,0.9605500000001601,0.26390000000002,5278.000000000385,4.441168753468419e-06,0.0177481932366605,0.016480383894391992,0.0004450498311240922,9.758239856466105e-05,7.210898198101081e-05
0.293,70.92701200001183,15943115.83333454,0.9605500000001601,0.2634500000000199,5269.000000000385,4.448754731601124e-06,0.01776334462679186,0.016497312756431844,0.0004490891121523282,0.00010578546825672802,6.128978812612522e-05
0.2935,70.92332000001183,15937064.166667871,0.9605000000001601,0.2633500000000199,5267.000000000385,4.450212363977732e-06,0.01776579205622106,0.016499983960515267,0.0004464317861617719,8.237049436243268e-05,4.450191800806274e-05
0.294,70.91593600001183,15918909.166667867,0.9604000000001601,0.2630500000000198,5261.000000000384,4.454823836076696e-06,0.017774069116512546,0.016508935427701283,0.00044627139501301496,5.7875150541736565e-05,7.24959865091545e-05
0.2945,70.91224400001182,15909831.666667866,0.9603500000001601,0.2629000000000198,5258.000000000384,4.457133518802565e-06,0.017778213352871747,0.016513132684624888,0.0004416745127737973,4.951358117359708e-05,4.457112889432666e-05
0.295,70.90855200001182,15885625.000001194,0.9603000000001601,0.2625000000000197,5250.000000000384,4.463692929929196e-06,0.01779082716706463,0.016525874902925237,0.0004459436141631419,0.0001046727028792614,4.18733797941326e-05
0.2955,70.90855200001182,15870495.833334524,0.9603000000001601,0.26225000000001963,5245.000000000384,4.467948118613591e-06,0.01779930503282497,0.016534964451078632,0.0004415443750618321,0.00012040920707922947,7.820220874605719e-05
0.296,70.90855200001182,15858392.500001188,0.9603000000001601,0.2620500000000196,5241.000000000384,4.47135811526966e-06,0.017806096058972567,0.01654252461797454,0.0004404165938684485,6.869081203896578e-05,4.323624053702372e-05
0.2965,70.90486000001182,15849315.000001187,0.96025000000016,0.26190000000001956,5238.000000000384,4.473686086749271e-06,0.01781026705711964,0.016547008871091916,0.0004388198202090855,9.153964533215713e-05,4.473665302402143e-05
0.297,70.89378400001182,15813005.000001179,0.96010000000016,0.26130000000001946,5226.000000000383,4.48325817894869e-06,0.017827918048845186,0.01656659743855744,0.0004499943788335472,4.2184697655483786e-05,4.4832373033501326e-05
0.2975,70.89009200001182,15800901.666667843,0.96005000000016,0.2611000000000194,5222.000000000383,4.48645865251824e-06,0.01783381594104164,0.016572758011493553,0.0004556397123677985,9.127170205745937e-05,4.486437746364781e-05
0.298,70.88270800001182,15782746.66666784,0.95995000000016,0.26080000000001935,5216.000000000383,4.491151603523587e-06,0.017842211496913063,0.016582191133887536,0.00045264208431969544,9.21965664642979e-05,4.4911306521286486e-05
0.2985,70.87901600001182,15764591.666667836,0.95990000000016,0.26050000000001927,5210.000000000382,4.496089559355744e-06,0.017851552487970008,0.01659213302806262,0.0004489221830095849,6.764995007336365e-05,4.496068561121368e-05
0.299,70.87532400001182,15746436.666667832,0.95985000000016,0.26020000000001925,5204.000000000382,4.501038901711725e-06,0.017860910162839985,0.016600963221626724,0.0004529650500942146,8.888428557551729e-05,6.368218454169306e-05
0.2995,70.86794000001181,15728281.666667828,0.95975000000016,0.25990000000001917,5198.000000000382,4.50576493363536e-06,0.01786935363673374,0.01661051910665173,0.0004511772388054166,5.952517288387493e-05,4.505743842691292e-05
0.3,70.86055600001181,15710126.666667825,0.9596500000001599,0.2596000000000191,5192.000000000382,4.510501888591175e-06,0.017877812817023532,0.016620168315593938,0.0004508795028124761,8.384695875931175e-05,4.510480751781974e-05
0.3005,70.84578800001181,15685920.000001153,0.9594500000001599,0.259200000000019,5184.000000000381,4.51652105837634e-06,0.017887873313147718,0.016631020391522446,0.00045115658851466476,0.00010730360565118356,5.493693502535778e-05
0.301,70.84578800001181,15661713.333334481,0.9594500000001599,0.25880000000001896,5176.000000000381,4.523501770985887e-06,0.017901691659613216,0.016646135198510874,0.0004585037949881096,0.00012086215651455664,4.441076634039292e-05
0.3015,70.84578800001181,15640532.500001144,0.9594500000001599,0.2584500000000189,5169.000000000381,4.529627619776157e-06,0.017913809018381664,0.016658144451013778,0.0004499902757956233,8.338622702211212e-05,7.211088955456476e-05
0.302,70.84209600001181,15622377.50000114,0.9594000000001599,0.2581500000000188,5163.00000000038,4.534655240535997e-06,0.017923280847125564,0.01666778889034349,0.0004585285772543653,0.00011859260130728529,4.1360422276376115e-05
0.3025,70.8384040000118,15598170.833334468,0.9593500000001598,0.25775000000001874,5155.00000000038,4.5414558384387476e-06,0.017936248114865588,0.016681839492393335,0.0004568758751463838,9.193775840721101e-05,1.5178354489223026e-05
0.303,70.8347120000118,15570938.333334463,0.9593000000001598,0.2573000000000186,5146.00000000038,4.549161423905196e-06,0.01795099024208221,0.016697620384644257,0.00045330163598445485,0.00010270050944570236,4.5491399178893074e-05
0.3035,70.8199440000118,15561860.83333446,0.9591000000001598,0.2571500000000186,5143.00000000038,4.550866040924305e-06,0.017952481423765973,0.01670015521384673,0.00045266145656570634,9.19232630243052e-05,7.279831945993476e-05
0.304,70.8162520000118,15534628.333334455,0.9590500000001597,0.2567000000000185,5134.000000000379,4.558606133373217e-06,0.017967273309886067,0.016716055683743933,0.00045892405548271455,0.0001244319560593592,0.00010203139150160328
0.3045,70.8051760000118,15528576.666667787,0.9589000000001597,0.2566000000000185,5132.000000000379,4.55966940949557e-06,0.017967963277041536,0.016716289705181808,0.00044858902830709847,9.119207508917707e-05,3.426878698974764e-05
0.305,70.7941000000118,15498318.333334448,0.9587500000001596,0.25610000000001837,5122.000000000378,4.567856878235931e-06,0.01798268123058948,0.01673298443705427,0.00045930049257983076,0.00013409810618293175,2.4034674130687373e-05
0.3055,70.7904080000118,15483189.166667778,0.9587000000001596,0.25585000000001834,5117.000000000378,4.57208183908322e-06,0.01799052654967167,0.016740860770291098,0.0004567823638509464,4.492545078106725e-05,4.5720601065764736e-05
0.306,70.7867160000118,15455956.666667772,0.9586500000001597,0.2554000000000183,5108.000000000378,4.579898710033913e-06,0.01800542957992344,0.016757012711945223,0.00046150715505250073,8.421807731392622e-05,5.357532979724683e-05
0.3065,70.7867160000118,15449905.000001105,0.9586500000001597,0.25530000000001823,5106.000000000378,4.581692638239959e-06,0.018008955556976607,0.016760765605233294,0.0004524497903954782,7.390944309586486e-05,4.581670813498013e-05
0.307,70.7867160000118,15431750.0000011,0.9586500000001597,0.25500000000001816,5100.000000000377,4.587082864873183e-06,0.01801954592952689,0.01677203451446477,0.00045722775989725427,8.804124871894112e-05,5.431000348825701e-05
0.3075,70.77933200001179,15410569.166667763,0.9585500000001597,0.2546500000000181,5093.000000000377,4.592908362729633e-06,0.01803004404211019,0.016782863223841274,0.00045892358414928116,9.22137601388529e-05,3.679140613868663e-05
0.308,70.77194800001179,15404517.500001095,0.9584500000001597,0.2545500000000181,5091.000000000377,4.594233347458417e-06,0.01803170390297976,0.01678471150675391,0.00046472304246509183,9.769870712881142e-05,4.5942113999678304e-05
0.3085,70.76456400001179,15386362.500001092,0.9583500000001596,0.254250000000018,5085.000000000377,4.599174366261471e-06,0.018040456474933794,0.016794533257304137,0.0004606585261068454,8.365791895191196e-05,6.568443556265234e-05
0.309,70.76087200001179,15374259.166667756,0.9583000000001596,0.254050000000018,5081.0000000003765,4.602554909014756e-06,0.01804661461719608,0.0168008679221524,0.0004676911345800774,8.457473590409914e-05,4.6025328796026166e-05
0.3095,70.75348800001179,15334923.333334414,0.9582000000001596,0.25340000000001783,5068.0000000003765,4.6138794738028335e-06,0.01806785997110662,0.016823644574353924,0.0004627981990296051,0.00010120330417156779,3.916744747363337e-05
0.31,70.75348800001179,15316768.33333441,0.9582000000001596,0.25310000000001776,5062.0000000003765,4.619348315533932e-06,0.018078564721076183,0.01683534848117334,0.0004673312896640433,0.00011438050310966962,7.471507378337415e-05
0.3105,70.74241200001178,15298613.333334407,0.9580500000001595,0.25280000000001773,5056.000000000376,4.624106149926016e-06,0.018086456760627263,0.016844395922133895,0.0004682360452701248,0.0001168801948750357,6.296058008629724e-05
0.311,70.74241200001178,15277432.50000107,0.9580500000001595,0.25245000000001766,5049.000000000376,4.630517071504445e-06,0.018098990050328456,0.016856703216874637,0.0004632827100427187,0.00012337605542766977,7.729243054255153e-05
0.3115,70.74241200001178,15271380.833334401,0.9580500000001595,0.2523500000000176,5047.000000000376,4.632352029725767e-06,0.01810257577908296,0.01686137408837559,0.0004640889352210266,9.884966421725126e-05,6.774267713008463e-05
0.312,70.73872000001178,15265329.166667733,0.9580000000001595,0.2522500000000176,5045.000000000376,4.6339465875699375e-06,0.018105218690444992,0.01686391884626852,0.0004663018956344512,6.704481833492297e-05,4.633924251879723e-05
0.3125,70.72764400001178,15244148.333334396,0.9578500000001595,0.25190000000001755,5038.000000000376,4.639658605614035e-06,0.01811495555166304,0.016874153185197777,0.0004658884906662785,0.00011408208387756057,7.281738843476874e-05
0.313,70.72395200001178,15232045.00000106,0.9578000000001594,0.25170000000001747,5034.000000000375,4.643102879489054e-06,0.018121205173598037,0.016880805088433242,0.0004590117508058701,8.062509120655978e-05,1.5728724532768958e-05
0.3135,70.70918400001177,15222967.500001058,0.9576000000001594,0.2515500000000175,5031.000000000376,4.644901462215357e-06,0.018122822176618907,0.016883873712327323,0.00046107486220051927,6.910369075526254e-05,4.644879014425387e-05
0.314,70.69810800001177,15201786.66666772,0.9574500000001593,0.2512000000000174,5024.000000000375,4.650644661066607e-06,0.018132602373291576,0.01689429978608819,0.0004599288726421891,9.535240194766008e-05,4.983266636652734e-05
0.3145,70.69072400001177,15189683.333334384,0.9573500000001594,0.2510000000000174,5020.000000000375,4.653864234607055e-06,0.018137930471429864,0.016900132225354754,0.0004663166340998777,9.812758508620503e-05,8.737618593971902e-05
0.315,70.68703200001177,15177580.000001049,0.9573000000001594,0.2508000000000173,5016.000000000375,4.65733219656934e-06,0.018144213373170525,0.016906236279161838,0.0004638380028032758,0.00010762837093622234,8.986747868496338e-05
0.3155,70.67964800001177,15168502.500001047,0.9572000000001593,0.2506500000000173,5013.000000000375,4.659632551071333e-06,0.01814774578322674,0.016910645656307666,0.0004596469232178646,0.00010843255385841377,3.6731129254652755e-05
0.316,70.67595600001177,15141270.000001041,0.9571500000001593,0.2502000000000172,5004.000000000374,4.667769348278375e-06,0.01816310952896919,0.016926725264373745,0.0004651272486055819,9.924695624673913e-05,4.9574584689074436e-05
0.3165,70.67226400001177,15117063.33333437,0.9571000000001593,0.2498000000000171,4996.000000000374,4.6749995314350245e-06,0.018176696240794363,0.01694087690838441,0.0004681267515556348,0.00010649847247899311,6.649168272806034e-05
0.317,70.66118800001176,15104960.000001034,0.9569500000001593,0.24960000000001706,4992.000000000373,4.678012255577434e-06,0.01818112724808097,0.016946658003932795,0.00046419557366494875,8.32773261056093e-05,3.999317030532706e-05
0.3175,70.66118800001176,15101934.1666677,0.9569500000001593,0.24955000000001706,4991.000000000373,4.678949545149781e-06,0.01818294854562921,0.016948580813152165,0.00047073638003777884,9.887172252533027e-05,4.7942343421610833e-05
0.318,70.65011200001176,15086805.00000103,0.9568000000001592,0.249300000000017,4986.000000000374,4.682907481074153e-06,0.018189211680711997,0.01695581365753285,0.0004722311000739989,9.024888659322415e-05,4.287057612457285e-05
0.3185,70.64272800001176,15065624.166667692,0.9567000000001592,0.24895000000001694,4979.000000000373,4.689001080772145e-06,0.018200090939322938,0.016967312798850664,0.00046877659990806703,5.977274827700225e-05,6.295877630028995e-05
0.319,70.63534400001176,15044443.333334355,0.9566000000001592,0.24860000000001686,4972.000000000373,4.695111838635015e-06,0.018210994503565735,0.016978709815106772,0.0004668809958802142,0.0001012044864592426,9.428974810710364e-05
0.3195,70.63534400001176,15029314.166667685,0.9566000000001592,0.2483500000000168,4967.000000000373,4.699838144089651e-06,0.018220158177097108,0.0169879222551121,0.0004708941284540102,3.2000206665649036e-05,3.8951763260374805e-05
0.32,70.63165200001175,15023262.500001017,0.9565500000001591,0.2482500000000168,4965.000000000373,4.701485579447671e-06,0.01822287498994251,0.016990943753453166,0.0004659397830251271,6.884358809656181e-05,2.7494411815221753e-05
0.3205,70.62426800001175,15017210.83333435,0.9564500000001591,0.24815000000001677,4963.000000000372,4.702888491333159e-06,0.01822464091562016,0.01699391862405274,0.0004771433448561781,0.00012267758794101612,4.056774298022224e-05
0.321,70.61688400001175,15005107.500001013,0.9563500000001591,0.2479500000000167,4959.000000000372,4.706189809037155e-06,0.018230083337187737,0.01699896387199985,0.00047103661445748926,7.779398801748162e-05,5.182928418681844e-05
0.3215,70.61688400001175,14977875.000001008,0.9563500000001591,0.24750000000001662,4950.000000000372,4.71474651778086e-06,0.018246648588314002,0.017017192795768018,0.00046644091199842246,0.00010288068917489229,4.529638827553757e-05
0.322,70.60950000001175,14971823.33333434,0.956250000000159,0.2474000000000166,4948.000000000372,4.7161590427534436e-06,0.018248427560101536,0.017019063779138203,0.00047661736804093023,9.808814619793637e-05,5.875815067973019e-05
0.3225,70.60580800001175,14950642.500001002,0.956200000000159,0.24705000000001653,4941.000000000372,4.722593560778877e-06,0.018260394554681432,0.017032138362281755,0.00047807852542293633,9.252201935242393e-05,6.903871828846626e-05
0.323,70.60580800001175,14923410.000000997,0.956200000000159,0.24660000000001644,4932.000000000371,4.731211432240154e-06,0.01827704787852246,0.017049207522935112,0.000469867843856969,0.0001068532170896895,2.004024475986129e-05
0.3235,70.59473200001175,14905255.000000993,0.956050000000159,0.2463000000000164,4926.000000000371,4.736231080917907e-06,0.01828530655938495,0.01705793292929975,0.00047768853406468027,5.6611293480099615e-05,4.7362077159842126e-05
0.324,70.58734800001174,14890125.833334323,0.955950000000159,0.24605000000001634,4921.00000000037,4.740547446683681e-06,0.01829268005391644,0.017065707535618663,0.0004794087337949431,0.00010696676197086097,5.997381593272425e-05
0.3245,70.58365600001174,14881048.333334321,0.955900000000159,0.2459000000000163,4918.000000000371,4.743191099104267e-06,0.01829730142776224,0.017070941049271583,0.0004811544376798065,0.00011158894183188919,8.437565166816212e-05
0.325,70.57627200001174,14868945.000000985,0.955800000000159,0.24570000000001627,4914.000000000371,4.746555455010901e-06,0.01830283198881651,0.017077375382343607,0.0004725571455105149,7.836830031597569e-05,4.6819827266264776e-05
0.3255,70.56519600001174,14853815.833334316,0.9556500000001589,0.2454500000000162,4909.00000000037,4.750644332189192e-06,0.01830927681817832,0.017084956052263903,0.0004783767908626301,9.502382017625282e-05,0.00011292734318115194
0.326,70.55781200001174,14838686.666667646,0.9555500000001589,0.24520000000001616,4904.00000000037,4.75499035628987e-06,0.01831669140033369,0.017091975500898204,0.000470588064276557,5.03967473862592e-05,4.754966797523157e-05
0.3265,70.54673600001173,14814480.000000974,0.9554000000001589,0.2448000000000161,4896.00000000037,4.762012301478492e-06,0.018328772228394012,0.01710546707360982,0.0004766629776546978,9.492068930242389e-05,7.7415457292314e-05
0.327,70.54673600001173,14799350.833334304,0.9554000000001589,0.24455000000001603,4891.00000000037,4.766880439181906e-06,0.018338138442740435,0.01711556948057645,0.00047572188862066297,7.667698356676698e-05,7.174617835870826e-05
0.3275,70.54304400001173,14778170.000000967,0.9553500000001589,0.24420000000001596,4884.000000000369,4.773462749447808e-06,0.018350314900791788,0.017128790747399692,0.00047391231890633184,0.00011360948835756599,4.353095281748843e-05
0.328,70.53566000001173,14760015.000000963,0.9552500000001588,0.24390000000001588,4878.000000000369,4.778833896849504e-06,0.018359674997604093,0.017137829262259815,0.00047483547629443396,7.142019602985186e-05,5.6151133097944394e-05
0.3285,70.52089200001173,14741860.00000096,0.9550500000001588,0.24360000000001583,4872.000000000368,4.783717387087324e-06,0.018367130403521146,0.017146702471607506,0.00047200053568898355,7.242440788974724e-05,4.783693534313772e-05
0.329,70.52089200001173,14729756.666667623,0.9550500000001588,0.2434000000000158,4868.000000000369,4.787648132680658e-06,0.01837467491053538,0.017154829151937986,0.00047302630133663477,0.00010820891430340767,5.5228749818690516e-05
0.3295,70.50612400001172,14714627.500000954,0.9548500000001587,0.24315000000001574,4863.000000000368,4.791567030834261e-06,0.018380268759250355,0.017160981056934595,0.0004729219280442521,8.298192809091567e-05,1.243170055806706e-05
0.33,70.49135600001172,14699498.333334284,0.9546500000001586,0.2429000000000157,4858.000000000367,4.79549399588402e-06,0.01838587322102998,0.017167863684548593,0.00047782420820459377,8.482666147486088e-05,4.795470018692544e-05
0.3305,70.48028000001172,14693446.666667616,0.9545000000001587,0.24280000000001567,4856.000000000368,4.796715270345499e-06,0.018386769558926253,0.017168736706454333,0.00047367058522966446,9.368309729195801e-05,7.379752624153578e-05
0.331,70.47658800001172,14678317.500000946,0.9544500000001587,0.24255000000001561,4851.000000000368,4.801407790777599e-06,0.018395279206960505,0.01717809681297481,0.0004764865165714722,9.397572283923112e-05,4.8013837509861575e-05
0.3315,70.46920400001171,14663188.333334276,0.9543500000001586,0.24230000000001556,4846.000000000367,4.805858207509475e-06,0.018402838365020213,0.017185833389366304,0.0004806022489090465,6.595086462088364e-05,4.805834121415708e-05
0.332,70.45812800001171,14645033.333334273,0.9542000000001586,0.2420000000000155,4840.000000000367,4.8110595856165475e-06,0.01841134727499783,0.017195402953076384,0.00047962182713610105,8.092206502387308e-05,4.811035444776347e-05
0.3325,70.44336000001171,14632930.000000937,0.9540000000001585,0.24180000000001547,4836.000000000367,4.81402972610456e-06,0.01841509937209741,0.01719976335685636,0.00048391898024255966,7.700555640992193e-05,7.818520030908242e-05
0.333,70.4249000000117,14617800.833334267,0.9537500000001584,0.24155000000001542,4831.000000000367,4.817749318311655e-06,0.01841979829193616,0.017205225381714293,0.0004826117892697719,8.829752006424612e-05,5.20390080073054e-06
0.3335,70.4138240000117,14614775.000000933,0.9536000000001584,0.2415000000000154,4830.000000000367,4.8179889187488145e-06,0.018418807749395784,0.017204203889278125,0.0004710840279316913,0.00010666114390016513,7.603342007156019e-05
0.334,70.4027480000117,14587542.500000928,0.9534500000001583,0.2410500000000153,4821.0000000003665,4.826224019570618e-06,0.018433092165915856,0.017219405322399323,0.00048571888710848005,8.95130437495536e-05,5.6633626449347384e-05
0.3345,70.3879800000117,14572413.333334258,0.9532500000001584,0.24080000000001525,4816.0000000003665,4.83022121250156e-06,0.018438789729443548,0.017225874483697234,0.00047481743993124393,9.499384200877522e-05,4.830196862481385e-05
0.335,70.38059600001169,14551232.50000092,0.9531500000001583,0.24045000000001518,4809.0000000003665,4.836744653760927e-06,0.018450268903636866,0.017238575475033213,0.0004823500625838094,0.00010554533085550743,2.475627910983902e-05
0.3355,70.36952000001169,14542155.000000918,0.9530000000001583,0.24030000000001517,4806.0000000003665,4.8390021974052155e-06,0.018453122029338617,0.017241956175763178,0.00048204039444198774,9.252564371175306e-05,6.912894786593032e-05
0.336,70.35475200001169,14524000.000000915,0.9528000000001582,0.2400000000000151,4800.000000000366,4.844034150372298e-06,0.018460776556294307,0.017250742218058925,0.0004899088493841422,0.00011283186949364475,5.022319891612457e-05
0.3365,70.35106000001169,14499793.333334243,0.9527500000001582,0.23960000000001502,4792.000000000366,4.851866394418077e-06,0.018475210195265313,0.01726524390253677,0.000485014021920235,0.00011283562406015964,4.851841816899536e-05
0.337,70.33998400001168,14490715.833334241,0.9526000000001582,0.23945000000001498,4789.000000000366,4.854141424690874e-06,0.01847808641794616,0.017269348300557322,0.0004862005920467448,0.00010078494882256384,4.1795628500818334e-05
0.3375,70.33629200001168,14472560.833334237,0.9525500000001581,0.2391500000000149,4783.000000000365,4.859975564103908e-06,0.018488702135140783,0.01728070026784089,0.0004883592002920549,5.4933129781912706e-05,4.8599509008371334e-05
0.338,70.32890800001168,14457431.666667568,0.9524500000001581,0.23890000000001488,4778.000000000365,4.864550607709873e-06,0.01849643147735755,0.017288378046503888,0.000484026422386786,9.572536488834252e-05,6.763647929882105e-05
0.3385,70.32152400001168,14433225.000000896,0.9523500000001581,0.23850000000001478,4770.000000000365,4.872197585779153e-06,0.01850999197826418,0.01730321295869267,0.0004819941519990916,0.00012692393659562,7.879097650209882e-05
0.339,70.31783200001168,14418095.833334226,0.9523000000001581,0.23825000000001473,4765.000000000365,4.877054003028531e-06,0.0185187285341283,0.017312392854582248,0.0004888518409546545,6.715829519779046e-05,4.87702916168061e-05
0.3395,70.31044800001168,14405992.50000089,0.952200000000158,0.2380500000000147,4761.000000000365,4.880638942440608e-06,0.018524560785550672,0.017318656827116898,0.0004865644947836645,9.834835263897401e-05,6.695491913828348e-05
0.34,70.31044800001168,14399940.833334222,0.952200000000158,0.23795000000001468,4759.000000000365,4.882690061979352e-06,0.01852845290299888,0.0173229684570029,0.0004889394386504475,9.644401838833349e-05,5.25832476354858e-05
0.3405,70.30306400001167,14390863.33333422,0.952100000000158,0.23780000000001464,4756.000000000364,4.885256872474457e-06,0.018532349211093504,0.017326809295891404,0.0004879291862855472,7.506895373673297e-05,4.8852319439289804e-05
0.341,70.29198800001167,14372708.333334217,0.9519500000001581,0.2375000000000146,4750.000000000364,4.890657096059303e-06,0.018541128592582,0.0173372833618814,0.0004949417515374609,0.00010246656093319274,5.434493456935361e-05
0.3415,70.27352800001167,14357579.166667547,0.951700000000158,0.23725000000001453,4745.000000000364,4.89452484881004e-06,0.0185460229653666,0.017343004219775023,0.0004942671953263645,9.765943345152849e-05,0.00010306998610623974
0.342,70.26983600001167,14342450.000000877,0.951650000000158,0.23700000000001448,4740.000000000363,4.89943043203967e-06,0.018554827153439,0.017352431767050737,0.00048660649327036097,0.00010133838083839886,6.606629860480016e-05
0.3425,70.26245200001166,14333372.500000875,0.9515500000001579,0.23685000000001444,4737.000000000363,4.902018139834667e-06,0.018558751344386712,0.017355952139405762,0.00048382019544509363,0.00010394222343989399,7.77933481537335e-05
0.343,70.26245200001166,14321269.16666754,0.9515500000001579,0.2366500000000144,4733.000000000364,4.9061609821248305e-06,0.018566591953744507,0.01736505308274671,0.00048751580911917704,0.00011150891791646665,5.678514786687375e-05
0.3435,70.25137600001166,14315217.500000872,0.9514000000001579,0.2365500000000144,4731.000000000364,4.907461308220248e-06,0.0185675885785585,0.017365880748872284,0.0004936621887208626,9.616088940756962e-05,4.903943585538182e-05
0.34400000000000003,70.24768400001166,14303114.166667536,0.9513500000001579,0.23635000000001435,4727.000000000363,4.9113558894551265e-06,0.01857446666027222,0.017373185224774032,0.0004983706445866995,9.483371700204232e-05,2.650018236855778e-05
0.34450000000000003,70.24030000001166,14287985.000000866,0.9512500000001578,0.2361000000000143,4722.000000000363,4.916039595506812e-06,0.018582344581324038,0.017381839566153863,0.0004960130014444646,0.00011173293303388326,6.845406982673175e-05
0.34500000000000003,70.22553200001165,14272855.833334196,0.9510500000001578,0.23585000000001424,4717.000000000363,4.920215885317093e-06,0.018588281561549198,0.017388200221372142,0.0004939138960821099,0.0001103005701061088,6.74054995020335e-05
0.34550000000000003,70.21076400001165,14263778.333334194,0.9508500000001577,0.2357000000000142,4714.000000000362,4.922311771764593e-06,0.018590285180486325,0.017391862338152972,0.0004999996509113148,0.0001139361607169792,6.863831379716546e-05
0.34600000000000003,70.19968800001165,14254700.833334193,0.9507000000001578,0.2355500000000142,4711.000000000363,4.924669329843231e-06,0.018593269829716878,0.017394764534485473,0.0004926864754751024,8.971814900887108e-05,4.310857124078778e-05
0.34650000000000003,70.18492000001164,14239571.666667523,0.9505000000001577,0.23530000000001414,4706.000000000362,4.928864550350409e-06,0.01859923105473429,0.01740107318280965,0.0004957909965637163,0.00012229041854110216,4.407197072203338e-05
0.34700000000000003,70.18492000001164,14224442.500000853,0.9505000000001577,0.23505000000001408,4701.000000000362,4.934106907881095e-06,0.018609119512712095,0.017411323784625777,0.0004909815217133582,9.114371306890093e-05,4.934081449153949e-05
0.34750000000000003,70.17384400001164,14203261.666667515,0.9503500000001576,0.234700000000014,4694.000000000361,4.940685150136813e-06,0.018620050966347685,0.01742321886392161,0.0004913639259814777,8.768083781076263e-05,7.925735620890835e-05
0.34800000000000003,70.16276800001164,14197210.000000848,0.9502000000001576,0.234600000000014,4692.000000000362,4.9420110007534895e-06,0.018621079456041082,0.017425001089106322,0.0004968690533228395,0.00010943849809404151,3.199775573166576e-05
0.34850000000000003,70.15907600001164,14188132.500000846,0.9501500000001576,0.23445000000001395,4689.000000000362,4.94491265851989e-06,0.018626055169276064,0.017430619062503285,0.0004926109806779089,0.00012097329669166411,6.92888656185932e-05
0.34900000000000003,70.15169200001164,14166951.666667508,0.9500500000001575,0.23410000000001388,4682.000000000361,4.951784522923654e-06,0.018638011945966076,0.017442837061673107,0.0004958073024185527,0.00011000797835546409,6.383164102336681e-05
0.34950000000000003,70.13692400001163,14160900.00000084,0.9498500000001575,0.23400000000001386,4680.000000000361,4.952857798586775e-06,0.01863806957536209,0.017444213635966765,0.0004927247785629218,9.138534587974824e-05,3.926537966723841e-05
0.35000000000000003,70.11846400001163,14151822.500000838,0.9496000000001574,0.23385000000001382,4677.000000000361,4.954730318304054e-06,0.018639139080199964,0.017446052911376186,0.0004923501263102766,0.00010804669973135243,6.2522771309506e-05
0.35050000000000003,70.10738800001162,14145770.83333417,0.9494500000001573,0.2337500000000138,4675.000000000361,4.956066998823793e-06,0.018640180740370528,0.017447414470426803,0.0004955468669997668,0.0001074282321867626,6.206222586788088e-05
0.35100000000000003,70.10369600001162,14127615.833334167,0.9494000000001573,0.23345000000001376,4669.000000000361,4.962174568379873e-06,0.018651171599886374,0.017458125776383185,0.0004980391916744786,0.00011384479840331269,8.5220280411433e-05
0.35150000000000003,70.09631200001162,14121564.166667499,0.9493000000001574,0.23335000000001374,4667.000000000361,4.963778174479196e-06,0.018653202617846705,0.01746128421052193,0.000493717778582853,0.00012196399355595344,8.783268898173853e-05
0.352,70.08154400001162,14115512.50000083,0.9491000000001573,0.2332500000000137,4665.00000000036,4.964860043162265e-06,0.018653270000656107,0.017461447934675536,0.000497225861923167,7.309138402587148e-05,7.284872799080448e-05
0.3525,70.06677600001161,14103409.166667495,0.9489000000001573,0.23305000000001366,4661.00000000036,4.9680736885667304e-06,0.018657339838367593,0.017466716608652535,0.0004945992132764035,0.00010192298883659066,4.26353065156471e-05
0.353,70.05939200001161,14079202.500000823,0.9488000000001572,0.2326500000000136,4653.00000000036,4.976090939810512e-06,0.01867140400462446,0.01748092107976658,0.0004954134982674782,0.00010964119737350554,8.252196933743944e-05
0.3535,70.05200800001161,14058021.666667486,0.9487000000001572,0.23230000000001352,4646.00000000036,4.983063027005402e-06,0.01868349515440258,0.017494486698591914,0.0004989094045294731,9.043100640949295e-05,4.983037027008967e-05
0.354,70.04831600001161,14033815.000000814,0.9486500000001572,0.23190000000001343,4638.000000000359,4.991395140951163e-06,0.018698616054914605,0.017510795013231977,0.0004971516503376811,9.559997197249133e-05,8.621418464009859e-05
0.3545,70.04462400001161,14018685.833334144,0.9486000000001572,0.23165000000001337,4633.000000000359,4.996518563348994e-06,0.01870771715667694,0.017519340331047958,0.0005007509969215405,0.00010273270557800494,6.782492052932655e-05
0.355,70.03724000001161,14006582.500000808,0.9485000000001571,0.23145000000001334,4629.000000000359,5.000308961876144e-06,0.018713825239913818,0.017526110832768962,0.0004992685698810893,9.444137609936695e-05,3.204013576938808e-05
0.3555,70.0261640000116,13988427.500000805,0.9483500000001571,0.2311500000000133,4623.000000000358,5.006006858169553e-06,0.018723003826792112,0.01753600684814362,0.0005003981145099405,0.00011357490930970129,8.125408215945848e-05
0.356,70.0187800000116,13976324.166667469,0.9482500000001571,0.23095000000001323,4619.000000000359,5.00981367955112e-06,0.01872913388554004,0.017542927017147544,0.000501321297756899,8.56275813936639e-05,5.009787391152893e-05
0.3565,70.0150880000116,13967246.666667467,0.948200000000157,0.23080000000001322,4616.000000000358,5.012805291618505e-06,0.0187342311601726,0.017548775062313372,0.0005031397672349714,0.00012972520625118578,5.322706370464247e-05
0.357,70.0040120000116,13955143.333334131,0.948050000000157,0.23060000000001316,4612.000000000358,5.016359225261099e-06,0.01873938857643105,0.01755428794669568,0.0005080737727632213,8.840466919183502e-05,5.016332864333544e-05
0.3575,70.0003200000116,13940014.166667461,0.948000000000157,0.2303500000000131,4607.000000000358,5.021538655777856e-06,0.018748565930098077,0.017564177922922437,0.0005053538997425978,8.683895132160738e-05,5.905595352152767e-05
0.358,69.9892440000116,13927910.833334126,0.947850000000157,0.23015000000001307,4603.000000000358,5.025107127517218e-06,0.01875374255304067,0.01756954159710362,0.0005067223712021654,0.00010593866467803105,3.551289546516836e-05
0.3585,69.9855520000116,13915807.50000079,0.947800000000157,0.22995000000001303,4599.000000000357,5.029212426228778e-06,0.018760906634069173,0.017577795247678434,0.0005045300335418788,0.00011490564075866298,1.2540041032788904e-05
0.359,69.97447600001159,13906730.000000788,0.947650000000157,0.229800000000013,4596.000000000357,5.031698753050331e-06,0.018764058545870647,0.017580995786500946,0.0005002727133575793,8.397525758583537e-05,4.0870514361390814e-05
0.3595,69.96709200001159,13900678.33333412,0.9475500000001569,0.22970000000001298,4594.000000000357,5.033358108303897e-06,0.01876616207321779,0.017584030662676116,0.0005013340970873647,9.195208907548119e-05,5.033331558867998e-05
0.36,69.95970800001159,13879497.500000782,0.9474500000001569,0.2293500000000129,4587.000000000357,5.040507266203812e-06,0.01877849365708027,0.01759761385169803,0.00049963822112002,8.402426299786701e-05,6.805381910715105e-05
0.3605,69.93755600001158,13858316.666667445,0.9471500000001568,0.22900000000001283,4580.000000000357,5.04661263573433e-06,0.018786887983639193,0.01760621844411701,0.0005091724961310003,6.649162124852495e-05,4.8328489863979244e-05
0.361,69.92648000001158,13855290.83333411,0.9470000000001568,0.22895000000001284,4579.000000000357,5.046915351049662e-06,0.01878596368781482,0.017605864053383564,0.0005051143144825655,8.251191062564623e-05,6.677948406437785e-05
0.3615,69.91540400001158,13852265.000000777,0.9468500000001567,0.22890000000001282,4578.000000000357,5.0472181986128375e-06,0.018785039413083432,0.017604861116229404,0.0005045727186732138,9.272236289717555e-05,1.678201124564926e-05
0.362,69.89325200001157,13828058.333334105,0.9465500000001567,0.22850000000001272,4570.0000000003565,5.054451631255124e-06,0.018795517189563214,0.017616685150341614,0.0005071411402322632,0.00011547803698158362,3.689792555867856e-05
0.3625,69.87479200001157,13806877.500000767,0.9463000000001566,0.22815000000001268,4563.0000000003565,5.060868541783447e-06,0.018804960519673494,0.01762742312690813,0.0005051549009752291,0.00010785643185355847,4.875159922386208e-05
0.363,69.87110000001157,13794774.166667432,0.9462500000001566,0.22795000000001261,4559.0000000003565,5.0650412363286385e-06,0.01881221425671508,0.017635307865583795,0.0005096906192741558,0.00010219449650448755,4.4978902399054294e-05
0.3635,69.86002400001156,13791748.333334098,0.9461000000001566,0.22790000000001262,4558.0000000003565,5.065349389472451e-06,0.01881129534210564,0.017634339561222484,0.0005089461216002898,9.094660626700525e-05,5.0653224733757555e-05
0.364,69.85264000001156,13779645.000000762,0.9460000000001565,0.22770000000001256,4554.0000000003565,5.069262669684719e-06,0.018817565782435448,0.017641076790515846,0.0005056925301476264,0.00010156694051736089,5.0692357100394036e-05
0.3645,69.83787200001156,13761490.000000758,0.9458000000001565,0.2274000000000125,4548.000000000356,5.07487721169784e-06,0.018825993349093604,0.017650646838844156,0.0005050402661766109,9.618174844075408e-05,5.572133189408354e-05
0.365,69.83418000001156,13749386.666667422,0.9457500000001565,0.22720000000001248,4544.000000000356,5.0790760121184356e-06,0.018833281922786195,0.017658729803392895,0.0005085072285843487,0.0001006495403403041,6.92334152416384e-05
0.3655,69.82310400001155,13725180.00000075,0.9456000000001564,0.22680000000001238,4536.000000000355,5.087226834184159e-06,0.018846892740269662,0.017673214168436896,0.0005052009634254653,0.00011927166130722346,5.087199675288814e-05
0.366,69.81941200001155,13713076.666667415,0.9455500000001564,0.22660000000001235,4532.000000000356,5.0914476522779654e-06,0.018854211148575953,0.017680811230278717,0.0005107358452197259,0.0001258478730608058,7.773550123527727e-05
0.3665,69.80464400001155,13691895.833334077,0.9453500000001563,0.22625000000001227,4525.000000000355,5.098245330647802e-06,0.018864797787128587,0.017692029784507547,0.0005125423818777355,0.00010048881973732411,5.0982180490556577e-05
0.367,69.78249200001154,13676766.666667407,0.9450500000001563,0.22600000000001222,4520.000000000355,5.1022653014972664e-06,0.0188692390428364,0.017698288626301597,0.0005099226237317515,0.00011647850799177132,7.28293708191928e-05
0.3675,69.76403200001154,13664663.333334072,0.9448000000001562,0.22580000000001219,4516.000000000355,5.105433650152701e-06,0.018872599990955835,0.017701430001651714,0.0005094458455894135,9.030263509152093e-05,5.105406280706263e-05
0.368,69.76403200001154,13649534.166667402,0.9448000000001562,0.22555000000001213,4511.000000000354,5.111092521412015e-06,0.01888305628746054,0.017713324082501262,0.000513269568540236,0.00012454763294760844,9.321637824445267e-05
0.3685,69.76403200001154,13637430.833334066,0.9448000000001562,0.2253500000000121,4507.000000000355,5.115628658551054e-06,0.018891433848928746,0.017722117901967,0.0005154577819056036,0.00010302196254029592,7.6723616696575e-05
0.369,69.75664800001154,13625327.50000073,0.9447000000001562,0.22515000000001203,4503.000000000354,5.119630922633441e-06,0.018897822167920866,0.017727952086499223,0.00050695918189623,9.202456962880513e-05,6.145796955059673e-05
0.3695,69.74557200001153,13613224.166667394,0.9445500000001562,0.224950000000012,4499.000000000354,5.123369096557359e-06,0.018903219248463672,0.017734743801652283,0.0005156719406178267,0.00010951945310230568,5.558054066294183e-05
0.37,69.73449600001153,13610198.33333406,0.9444000000001561,0.224900000000012,4498.000000000354,5.123694327746716e-06,0.018902318148362792,0.017733911838960194,0.0005095468439099535,8.587744896475195e-05,2.029130172233988e-05
0.3705,69.71603600001153,13604146.666667392,0.944150000000156,0.22480000000001196,4496.000000000354,5.124616611994368e-06,0.018901517026166905,0.017733785394609347,0.0005112639162844656,0.00012144454151383778,8.223614293190113e-05
0.371,69.71603600001153,13592043.333334057,0.944150000000156,0.22460000000001193,4492.000000000354,5.1291799393425386e-06,0.018909930775547135,0.017742095258715642,0.0005155776632010924,9.300662872812554e-05,5.1291523017237125e-05
0.3715,69.70865200001153,13576914.166667387,0.944050000000156,0.22435000000001187,4487.000000000354,5.134351675519382e-06,0.0189184598119706,0.017752104673144482,0.000512910048840518,0.00010367247849438388,7.498572089122454e-05
0.372,69.70865200001153,13564810.833334051,0.944050000000156,0.22415000000001184,4483.000000000354,5.138932850335817e-06,0.018926898004416146,0.017760354963546384,0.0005180996833909213,9.849653294410263e-05,7.278674564620337e-05
0.3725,69.69757600001152,13558759.166667383,0.9439000000001561,0.22405000000001182,4481.000000000353,5.1404096159001646e-06,0.018928113375809744,0.017762131792909808,0.0005106937808459403,0.00013056485609204364,0.00010058259996622043
0.373,69.68650000001152,13543630.000000713,0.943750000000156,0.22380000000001177,4476.000000000353,5.145334005728734e-06,0.018935672769026003,0.01777078833494124,0.0005152429885414098,0.00010969104012189633,3.557683884925026e-05
0.3735,69.68280800001152,13534552.500000712,0.943700000000156,0.22365000000001173,4473.000000000353,5.148512150660899e-06,0.018941018135022324,0.017776807242470716,0.0005183156570028375,0.00011053787834330357,6.537674065806566e-05
0.374,69.68280800001152,13510345.83333404,0.943700000000156,0.22325000000001166,4465.000000000352,5.157736808489633e-06,0.018957978949478052,0.017794104909257417,0.0005179566811303426,9.096049988176608e-05,4.0781293610253204e-05
0.3745,69.67542400001152,13501268.333334038,0.943600000000156,0.22310000000001162,4462.000000000352,5.16065767154527e-06,0.018962341438899327,0.01779893291714744,0.0005168021582135686,0.00011791035289876587,3.908931201362588e-05
0.375,69.66065600001151,13498242.500000704,0.9434000000001559,0.22305000000001163,4461.000000000352,5.1607204419396e-06,0.01896044706740255,0.017796922556106445,0.0005145260036309655,0.00012480057091414953,5.860465372743277e-05
0.3755,69.66065600001151,13492190.833334036,0.9434000000001559,0.22295000000001158,4459.000000000352,5.163035185353791e-06,0.018964698758175205,0.017802317510900684,0.0005195806143913019,9.958911964094704e-05,8.051925190434021e-05
0.376,69.65696400001151,13480087.5000007,0.9433500000001559,0.22275000000001155,4455.000000000352,5.167397021718731e-06,0.018972205152403134,0.017810432680140997,0.0005122244787809297,0.00010583875447499639,5.1673689544757466e-05
0.3765,69.65327200001151,13458906.666667363,0.9433000000001559,0.22240000000001148,4448.000000000352,5.175254849824942e-06,0.01898612155963781,0.01782446921207574,0.0005163574351566111,9.422888470633341e-05,8.299280374554206e-06
0.377,69.64958000001151,13437725.833334025,0.9432500000001558,0.2220500000000114,4441.000000000352,5.183137449287488e-06,0.01900007165019531,0.01783866566397459,0.0005251306309778963,0.00011028865046356292,7.253430490818031e-05
0.3775,69.63850400001151,13416545.000000687,0.9431000000001558,0.22170000000001133,4434.000000000351,5.190494572187396e-06,0.019012039649909832,0.01785174007664079,0.000518288595936374,0.00011858681563590901,6.432000081847545e-05
0.378,69.6311200000115,13404441.666667351,0.9430000000001558,0.2215000000000113,4430.000000000351,5.194630386818893e-06,0.019018604195091052,0.017859449892487507,0.0005220271649321217,0.00011778044865880461,5.040117643260305e-05
0.3785,69.6163520000115,13374183.333334012,0.9428000000001557,0.2210000000000112,4420.00000000035,5.205278727299833e-06,0.019036068065040813,0.017877881989613,0.000518615624226705,0.00010281109430692123,8.897005556989264e-06
0.379,69.6089680000115,13359054.166667342,0.9427000000001557,0.22075000000001113,4415.00000000035,5.2106209864539176e-06,0.019044823957182273,0.017886985697876594,0.0005187340695718886,9.262320299172038e-05,5.210592434260582e-05
0.3795,69.6015840000115,13343925.000000672,0.9426000000001556,0.2205000000000111,4410.00000000035,5.215975359574337e-06,0.019053595879680668,0.017897578293056507,0.0005214613548881279,7.863365109644239e-05,5.2159467465980604e-05
0.38,69.5868160000115,13325770.000000669,0.9424000000001557,0.22020000000001103,4404.00000000035,5.221973364391552e-06,0.019062525203622595,0.017906942256425692,0.0005211450969424776,0.00010770893097846257,1.0081293943835817e-05
0.3805,69.5831240000115,13319718.333334,0.9423500000001557,0.220100000000011,4402.00000000035,5.2240687271796415e-06,0.01906584351717739,0.017910485586790915,0.000523720643601769,0.00010527521946280478,5.224040020139115e-05
0.381,69.57574000001149,13310640.833333999,0.9422500000001556,0.21995000000001097,4399.000000000349,5.227076657779851e-06,0.01907031968398687,0.017915816195092547,0.0005224878493931178,7.683863269245515e-05,5.227047915588282e-05
0.3815,69.56466400001149,13301563.333333997,0.9421000000001556,0.21980000000001096,4396.00000000035,5.22981113247651e-06,0.01907378882153373,0.017918989084360085,0.0005261847472919791,0.00010714688692236404,5.393755227181949e-05
0.382,69.56466400001149,13280382.50000066,0.9421000000001556,0.2194500000000109,4389.000000000349,5.2381521390673825e-06,0.01908899309230983,0.017935241172813726,0.0005254436811836325,7.733463557008604e-05,3.770159429814958e-05
0.3825,69.55728000001149,13271305.000000658,0.9420000000001555,0.21930000000001085,4386.000000000349,5.241178618079235e-06,0.019093493440925337,0.017939486196727177,0.0005244492716098732,8.580696542470811e-05,1.5732999167118422e-05
0.383,69.55358800001149,13259201.666667322,0.9419500000001555,0.21910000000001081,4382.000000000349,5.245684449831109e-06,0.01910119203125341,0.017947848608173358,0.0005271458558723371,0.0001267535327002262,6.191398317998956e-05
0.3835,69.54620400001149,13241046.666667318,0.9418500000001555,0.21880000000001074,4376.000000000349,5.2523192275339815e-06,0.01911225326751623,0.017960385101750475,0.0005279472305539597,7.62473662326169e-05,5.2522901986503564e-05
0.384,69.53512800001148,13234995.00000065,0.9417000000001554,0.21870000000001072,4374.000000000349,5.253883964444872e-06,0.019113577743172756,0.01796133695550306,0.0005253761514892058,8.752684664194655e-05,5.253854915101501e-05
0.3845,69.53512800001148,13222891.666667314,0.9417000000001554,0.21850000000001069,4370.000000000348,5.258693011551917e-06,0.019122323359783117,0.01797146053509325,0.0005255794912912513,9.820711814497779e-05,4.5157241441950236e-05
0.385,69.52774400001148,13216840.000000646,0.9416000000001554,0.21840000000001067,4368.000000000349,5.260542156824784e-06,0.019124669592504355,0.017974315696463086,0.0005230405377742549,0.0001236858452811105,4.42167920609111e-05
0.3855,69.52774400001148,13204736.66666731,0.9416000000001554,0.2182000000000106,4364.000000000348,5.265363918655055e-06,0.01913343231247264,0.01798257881478865,0.0005261203658396613,9.92051866347288e-05,5.8814182654798116e-05
0.386,69.52774400001148,13186581.666667307,0.9416000000001554,0.21790000000001056,4358.000000000347,5.2726131576435675e-06,0.0191465990075539,0.017996824864394835,0.0005275130936813516,0.00012083271916718507,6.744375357937192e-05
0.3865,69.52036000001148,13171452.500000637,0.9415000000001554,0.2176500000000105,4353.000000000348,5.2781088494232595e-06,0.01915555746379076,0.018005941780237518,0.0005222969726982612,9.633859397960175e-05,7.786071874151814e-05
0.387,69.51297600001148,13159349.166667301,0.9414000000001553,0.21745000000001047,4349.000000000348,5.282402276860941e-06,0.019162329089993706,0.018013593208348604,0.0005294355903987736,0.0001316171022906184,8.08987060241592e-05
0.3875,69.50190000001147,13147245.833333965,0.9412500000001554,0.21725000000001043,4345.000000000347,5.28642279007167e-06,0.019168092776460498,0.01801981682656609,0.000529022070899655,9.139042504134517e-05,5.286393370186313e-05
0.388,69.50190000001147,13135142.50000063,0.9412500000001554,0.21705000000001037,4341.000000000347,5.291293946754529e-06,0.019176921915406413,0.018029235925287136,0.0005327353557638863,7.627830706296355e-05,2.486786193774163e-05
0.3885,69.48713200001147,13129090.833333962,0.9410500000001553,0.21695000000001036,4339.000000000347,5.29260806266858e-06,0.01917726534926436,0.0180302509250044,0.0005283363318230882,0.00011392780188342225,4.8793543944998695e-05
0.389,69.48344000001147,13120013.33333396,0.9410000000001553,0.21680000000001035,4336.000000000347,5.295988520337491e-06,0.019182879110670875,0.018035698615670965,0.0005300497223148063,9.91252319788991e-05,5.295958988525633e-05
0.3895,69.47605600001147,13107910.000000624,0.9409000000001553,0.21660000000001028,4332.0000000003465,5.3003153057968935e-06,0.019189693910720333,0.018043408845368415,0.0005269282954184593,9.91412339398479e-05,8.54536004739588e-05
0.39,69.47605600001147,13089755.00000062,0.9409000000001553,0.21630000000001023,4326.000000000347,5.3076666446398865e-06,0.01920299697019269,0.018057303709049427,0.0005272209510593926,0.00010208678026737443,5.307636980289885e-05
0.3905,69.47236400001147,13077651.666667284,0.9408500000001553,0.2161000000000102,4322.0000000003465,5.312296562928399e-06,0.019210860130899877,0.018065574747014406,0.0005289532935789665,0.00010960493257054626,4.315616799451747e-05
0.391,69.46867200001147,13068574.166667283,0.9408000000001553,0.21595000000001016,4319.0000000003465,5.3157040021396e-06,0.01921650965809288,0.018071861858420052,0.0005341922091725078,0.00011138924941112759,6.938398165026204e-05
0.3915,69.46498000001147,13059496.66666728,0.9407500000001552,0.21580000000001012,4316.0000000003465,5.319116178291317e-06,0.019222165430135444,0.01807851135531593,0.0005326356547186051,0.00011281368205470542,6.959307964831371e-05
0.392,69.45021200001146,13041341.666667277,0.9405500000001552,0.21550000000001007,4310.0000000003465,5.325388581569116e-06,0.019231451049098985,0.018087765182850067,0.0005319468666535398,9.176350603381458e-05,7.152149650109437e-05
0.3925,69.43913600001146,13017135.000000605,0.9404000000001551,0.21510000000000998,4302.000000000346,5.334440796688997e-06,0.019246254215186057,0.018104440449463095,0.000527457067756785,0.00010557609426001647,5.3344108214174034e-05
0.393,69.43544400001146,13011083.333333937,0.9403500000001551,0.21500000000000996,4300.000000000346,5.336638173865222e-06,0.019249706020448197,0.018107998159699722,0.000533878708738013,8.884104906153021e-05,6.935920661671027e-05
0.3935,69.42806000001146,12998980.000000602,0.9402500000001551,0.21480000000000993,4296.0000000003465,5.3410390661427465e-06,0.019256617578700425,0.018115628379093664,0.0005337414267672292,9.557240666381192e-05,4.653953729676245e-05
0.394,69.41698400001145,12980825.000000598,0.940100000000155,0.21450000000000985,4290.000000000346,5.347655792294269e-06,0.019267004822275977,0.018126767296086407,0.0005358384481756474,8.433640541358514e-05,1.095774358622546e-05
0.3945,69.41329200001145,12968721.666667262,0.940050000000155,0.21430000000000982,4286.000000000345,5.352361920020254e-06,0.019274968170950427,0.018135286834203734,0.0005334814987065266,0.00010708271751765354,5.0814020183051795e-05
0.395,69.39483200001145,12944515.00000059,0.939800000000155,0.21390000000000975,4278.000000000345,5.360944925322292e-06,0.019287851296943527,0.018149226162585148,0.000536097464891868,0.00011626026740896757,3.905851188706157e-05
0.3955,69.39114000001145,12935437.500000589,0.939750000000155,0.2137500000000097,4275.000000000345,5.3644215744545394e-06,0.019293591238464202,0.018154853781358275,0.0005345232427757846,9.841450554865179e-05,5.36439124696963e-05
0.396,69.38744800001145,12917282.500000585,0.939700000000155,0.21345000000000966,4269.000000000345,5.371675350446837e-06,0.019306117596869992,0.01816830511711895,0.0005324280840383912,0.00011245020801985068,7.38884383201556e-05
0.3965,69.37268000001144,12902153.333333915,0.9395000000001549,0.2132000000000096,4264.000000000345,5.376829604154576e-06,0.019313322112393397,0.018175932062866284,0.0005379815387726104,0.00011248479421100197,5.376799130668472e-05
0.397,69.37268000001144,12893075.833333913,0.9395000000001549,0.21305000000000957,4261.000000000344,5.380615215234714e-06,0.01932011977288253,0.018184093653074322,0.0005365961820825988,0.00010095184955312424,2.0304046579789577e-05
0.3975,69.36160400001144,12868869.166667242,0.9393500000001549,0.21265000000000947,4253.000000000344,5.3898756061387945e-06,0.019335194483835402,0.018199465263288573,0.0005402178069213979,0.00011951739569071235,9.190209831180075e-05
0.398,69.35791200001144,12853740.000000572,0.9393000000001549,0.21240000000000944,4248.000000000344,5.395932390106565e-06,0.01934554033180051,0.018211122659530135,0.0005378809043749327,9.81216642026207e-05,3.847705292246129e-05
0.3985,69.35052800001144,12832559.166667234,0.9392000000001548,0.21205000000000937,4241.000000000343,5.404263257180257e-06,0.019359437883634673,0.01822498218473507,0.0005405963309334149,0.00011024439397429505,6.95762732055925e-05
0.399,69.33945200001143,12823481.666667232,0.9390500000001548,0.21190000000000933,4238.000000000344,5.407225104883116e-06,0.01936319575462591,0.01822908714607994,0.0005425142560698321,0.00010869657332145913,5.7285088634795925e-05
0.3995,69.32837600001143,12811378.333333896,0.9389000000001547,0.2117000000000093,4234.000000000344,5.41146894550964e-06,0.01936924564997689,0.018235639719919015,0.0005419431267255477,0.00010096859464083131,7.51880855360962e-05
0.4,69.31730000001143,12784145.83333389,0.9387500000001547,0.2112500000000092,4225.000000000343,5.4221299493682826e-06,0.019386766853770398,0.018254219076121188,0.0005444002552585907,6.819532169419969e-05,3.5554122683530177e-05
0.4005,69.30622400001143,12772042.500000555,0.9386000000001546,0.21105000000000915,4221.000000000343,5.426400984807905e-06,0.019392851309081666,0.01826212992601528,0.0005399879393165129,0.00011784370290839485,5.9201824710468304e-05
0.401,69.29514800001142,12756913.333333885,0.9384500000001547,0.2108000000000091,4216.000000000343,5.43196823474083e-06,0.01940124638278297,0.018270220118582932,0.0005439547288080667,0.0001233659881125369,3.030859994625721e-05
0.4015,69.28038000001142,12738758.333333882,0.9382500000001546,0.21050000000000904,4210.000000000342,5.438550460504728e-06,0.019410928867503122,0.01828122563563996,0.000544287622034083,0.00010053351071234747,3.090628441337515e-05
0.402,69.26930400001142,12720603.333333878,0.9381000000001546,0.210200000000009,4204.000000000342,5.44544171253998e-06,0.019421670183760696,0.01829241048533212,0.0005480095193457787,8.729410222359899e-05,6.683585447756488e-05
0.4025,69.26561200001142,12693370.833333872,0.9380500000001546,0.2097500000000089,4195.000000000341,5.456833563714536e-06,0.019441456449253162,0.018313730116526768,0.0005483361660222635,8.748054723756758e-05,8.82987004209984e-06
0.403,69.26192000001141,12663112.500000533,0.9380000000001546,0.2092500000000088,4185.000000000341,5.4695810370482375e-06,0.019463632588323572,0.01833663504824529,0.0005444587376864783,9.603546527589385e-05,7.690865577534404e-05
0.4035,69.24715200001141,12647983.333333863,0.9378000000001545,0.20900000000000873,4180.000000000341,5.474955981125464e-06,0.01947111751088036,0.018344876577778866,0.0005504015131525172,9.049622773112921e-05,7.459805501141631e-05
0.404,69.23976800001141,12635880.000000527,0.9377000000001545,0.2088000000000087,4176.000000000341,5.479615824145886e-06,0.01947836326294529,0.01835336877644727,0.0005478714219636471,8.485016668380893e-05,3.214881861075951e-05
0.4045,69.23607600001141,12620750.833333857,0.9376500000001544,0.20855000000000865,4171.00000000034,5.485891997577947e-06,0.019488995374518068,0.018364411102488338,0.000550638149963748,0.00010808548433473363,7.916159837163703e-05
0.405,69.23238400001141,12614699.16666719,0.9376000000001544,0.20845000000000863,4169.00000000034,5.488231077515473e-06,0.0194926300518966,0.018369059125618693,0.0005491037612438531,0.00011711784933682094,6.274003929989804e-05
0.4055,69.2250000000114,12587466.666667184,0.9375000000001544,0.20800000000000854,4160.00000000034,5.499518039108364e-06,0.019511623160017068,0.01838878064397349,0.0005544750369738756,0.0001234065427786361,5.4994861125708225e-05
0.406,69.2176160000114,12575363.333333848,0.9374000000001544,0.20780000000000848,4156.00000000034,5.504223946876703e-06,0.01951892826264176,0.018397071671807753,0.000548333034289444,0.00011006387372680535,2.241507130019516e-05
0.40650000000000003,69.2139240000114,12557208.333333844,0.9373500000001543,0.20750000000000843,4150.00000000034,5.511887846622644e-06,0.019531991336890032,0.018410016814682524,0.0005528476523985875,0.00010207988265976292,3.693593615098724e-05
0.40700000000000003,69.2028480000114,12545105.000000509,0.9372000000001544,0.2073000000000084,4146.000000000339,5.516322741021984e-06,0.01953828401468495,0.018417413239520994,0.0005497901904760649,8.291521722111107e-05,4.242574061376242e-05
0.40750000000000003,69.2028480000114,12520898.333333837,0.9372000000001544,0.2069000000000083,4138.000000000339,5.526987453909413e-06,0.01955716155346446,0.018437174213498345,0.0005467830420444925,0.00012060559404513334,7.038882844758551e-05
0.40800000000000003,69.1917720000114,12505769.166667167,0.9370500000001543,0.20665000000000824,4133.000000000339,5.5327881938229675e-06,0.019565855800140697,0.0184462501323064,0.0005554039510513465,0.00010881040052341613,9.137784491680606e-05
0.40850000000000003,69.1843880000114,12484588.33333383,0.9369500000001543,0.20630000000000817,4126.000000000338,5.541583442946949e-06,0.019580356249621726,0.018462497513319437,0.0005567008276568754,0.00010676578529859302,3.4175260423875746e-05
0.40900000000000003,69.1806960000114,12469459.16666716,0.9369000000001543,0.20605000000000812,4121.000000000338,5.548010950221671e-06,0.019591185495998087,0.018473018377562905,0.0005542400423581413,0.00011608749619101071,9.228108664448463e-05
0.40950000000000003,69.1806960000114,12460381.666667158,0.9369000000001543,0.2059000000000081,4118.000000000339,5.552052726047477e-06,0.019598320361144873,0.01848112730179709,0.0005562395019407432,0.00013437644083739257,5.1787626573805194e-05
0.41000000000000003,69.16962000001139,12448278.333333822,0.9367500000001542,0.20570000000000807,4114.000000000338,5.556561168365746e-06,0.019604706390029036,0.018487689530229917,0.0005511561473599006,0.00011709648609160489,3.903423772031576e-05
0.41050000000000003,69.15116000001139,12433149.166667152,0.9365000000001542,0.20545000000000802,4109.000000000338,5.561837879770901e-06,0.01961139536284833,0.01849490542886311,0.0005541619835127533,0.0001191002328956397,9.195399933283841e-05
0.41100000000000003,69.15116000001139,12414994.166667148,0.9365000000001542,0.20515000000000794,4103.000000000337,5.5699712035044215e-06,0.019625729407332478,0.01851004228126527,0.0005581094743743882,0.00010794745825553647,7.029132098599784e-05
0.41150000000000003,69.14377600001139,12411968.333333815,0.9364000000001541,0.20510000000000794,4102.000000000337,5.570734161020824e-06,0.019626025571474245,0.01851032089535186,0.0005588907395586913,8.691548586105716e-05,7.264283703842567e-05
0.41200000000000003,69.12900800001138,12399865.000000479,0.9362000000001541,0.20490000000000788,4098.000000000338,5.574980695355047e-06,0.019631407715916305,0.0185170310423454,0.0005569124149710439,0.0001135050173218162,4.901915060248366e-05
0.41250000000000003,69.11793200001138,12390787.500000477,0.936050000000154,0.20475000000000787,4095.0000000003374,5.578171040380502e-06,0.019635450841150693,0.0185215345614083,0.0005566786702650206,0.00011058572202933659,2.844828231074351e-05
0.41300000000000003,69.10685600001138,12375658.333333807,0.935900000000154,0.20450000000000781,4090.0000000003374,5.584095337689812e-06,0.01964430080456148,0.018531491708244134,0.0005581830102622511,0.0001184707643777391,5.584062383102973e-05
0.41350000000000003,69.10316400001138,12369606.66666714,0.9358500000001541,0.2044000000000078,4088.000000000337,5.586528809054726e-06,0.019648055822830267,0.018534925657097686,0.0005568151146944096,0.0001179511658413104,6.202900309869534e-05
0.41400000000000003,69.09208800001137,12363555.000000471,0.935700000000154,0.20430000000000778,4086.0000000003374,5.588367423448089e-06,0.01964971385431487,0.018537274053737948,0.0005539360029464371,0.00011586650550284784,8.022105977104203e-05
0.41450000000000004,69.08101200001137,12336322.500000466,0.935550000000154,0.2038500000000077,4077.0000000003374,5.5998059389261885e-06,0.019668236808998502,0.01855677825806169,0.0005596692283410821,0.00010059336608763368,3.630554057120982e-05
0.41500000000000004,69.07732000001137,12324219.16666713,0.9355000000001539,0.20365000000000763,4073.0000000003365,5.605005807332793e-06,0.01967684060949166,0.018566143469552446,0.0005593627050694647,0.00012393349005187298,5.050337968538094e-05
0.41550000000000004,69.06255200001137,12296986.666667124,0.9353000000001539,0.20320000000000754,4064.0000000003365,5.616217523209653e-06,0.0196944050073377,0.018584779131946904,0.0005612261719205418,0.000109595769576031,3.925519888778006e-05
0.41600000000000004,69.04778400001136,12287909.166667122,0.9351000000001538,0.2030500000000075,4061.0000000003365,5.6191645839403085e-06,0.019697465211272882,0.01858808956861079,0.000565246573831138,0.00013679205011534406,4.2404624771444184e-05
0.4165,69.04409200001136,12275805.833333787,0.9350500000001538,0.20285000000000747,4057.000000000336,5.6244040462524e-06,0.019706119414408033,0.018597086269716272,0.0005649647820783689,8.860722457760436e-05,7.629265915677957e-05
0.417,69.03301600001136,12263702.50000045,0.9349000000001538,0.20265000000000744,4053.000000000336,5.629051748442921e-06,0.019712678414884527,0.018605101527958,0.0005620461969937158,0.00011072982371051527,6.41806223642176e-05
0.4175,69.02932400001136,12254625.000000449,0.9348500000001537,0.2025000000000074,4050.0000000003356,5.632920142395938e-06,0.019718923386013023,0.018611588257383703,0.0005628610903689273,0.0001088387928314348,5.093422677609129e-05
0.418,69.02194000001136,12233444.166667111,0.9347500000001537,0.20215000000000732,4043.000000000335,5.642069319127464e-06,0.019733875382826168,0.018627944025132282,0.0005653058880827117,0.00011464746807319183,3.769642000401064e-05
0.4185,69.02194000001136,12227392.500000443,0.9347500000001537,0.2020500000000073,4041.0000000003356,5.644861731559599e-06,0.01973875818394222,0.018632315075915944,0.0005674983496916998,0.00010080765297400916,5.788291370334384e-05
0.419,69.01824800001135,12221340.833333775,0.9347000000001537,0.2019500000000073,4039.0000000003356,5.647354814928629e-06,0.019742588518623788,0.01863696435654612,0.0005638914880816378,0.00011943333012841315,6.584772050979391e-05
0.4195,69.01086400001135,12212263.333333774,0.9346000000001538,0.20180000000000725,4036.000000000335,5.650947913286797e-06,0.019747811608674195,0.018642620976233024,0.0005646162362440699,0.00012602587485647404,5.766443705297927e-05
0.42,68.99978800001135,12194108.33333377,0.9344500000001537,0.2015000000000072,4030.000000000335,5.6584529277465724e-06,0.019759334907636587,0.018654530286014288,0.0005636714699431073,0.00011164997638464118,3.1600647390519864e-05
0.4205,68.98502000001135,12178979.1666671,0.9342500000001536,0.20125000000000715,4025.0000000003347,5.664269480714596e-06,0.019767372249398372,0.018663298756365795,0.0005664449411362913,0.00011986758187365857,9.022089206349183e-05
0.421,68.98132800001135,12160824.166667096,0.9342000000001536,0.2009500000000071,4019.0000000003342,5.672422119965327e-06,0.019781063443555895,0.018677844046954245,0.000565197017221494,0.00011208631979242378,5.672388072251896e-05
0.4215,68.97394400001134,12148720.83333376,0.9341000000001536,0.20075000000000703,4015.0000000003347,5.677465549357268e-06,0.01978879606716417,0.018686008787931717,0.0005668633809183086,0.00011453690388631793,5.677431438571376e-05
0.422,68.96656000001134,12136617.500000425,0.9340000000001536,0.200550000000007,4011.0000000003342,5.682519037945204e-06,0.019796541310790783,0.018694795843540227,0.0005677509856974656,0.00010073747924440453,8.236689187145663e-05
0.4225,68.95179200001134,12121488.333333755,0.9338000000001535,0.20030000000000694,4006.0000000003342,5.688393215740334e-06,0.01980465001309085,0.018703587024949973,0.0005699558342144546,0.00011052707922559368,6.712186695955448e-05
0.423,68.93702400001133,12109385.00000042,0.9336000000001534,0.2001000000000069,4002.0000000003342,5.692859216220225e-06,0.019810301050121524,0.01870920073032389,0.0005672641396911401,0.00012755397186074526,5.244157356136528e-05
0.4235,68.92225600001133,12097281.666667083,0.9334000000001534,0.19990000000000688,3998.000000000334,5.69733415316931e-06,0.019815962689256502,0.01871658595760806,0.0005665341917766124,0.0001357660804342145,2.2961874383571105e-05
0.424,68.91856400001133,12088204.166667081,0.9333500000001534,0.19975000000000684,3995.0000000003333,5.701307080008835e-06,0.01982233967329151,0.01872342892210698,0.0005701810043864786,0.00011216715692387386,6.61342524494089e-05
0.4245,68.90748800001133,12076100.833333746,0.9332000000001534,0.1995500000000068,3991.000000000334,5.706104060493227e-06,0.019829083417613785,0.018730191777148835,0.0005703414605647354,0.00011124572959268185,1.4777009712716035e-05
0.425,68.90010400001132,12063997.50000041,0.9331000000001534,0.19935000000000674,3987.000000000333,5.711216700766805e-06,0.019836901862622266,0.018739255893511508,0.0005665590502137473,0.00010336750781149868,6.110982093989637e-05
0.4255,68.88902800001132,12045842.500000406,0.9329500000001533,0.1990500000000067,3981.000000000333,5.718904925081745e-06,0.019848653619128933,0.01875171763699379,0.0005726681188724595,0.00010472160675679969,5.71887028531248e-05
0.426,68.88164400001132,12036765.000000404,0.9328500000001533,0.19890000000000665,3978.000000000333,5.72260437085953e-06,0.019854008288153632,0.018756640584223015,0.0005738123524531613,0.00011498449309316859,3.8836475385551215e-05
0.4265,68.88164400001132,12033739.16666707,0.9328500000001533,0.19885000000000666,3977.0000000003324,5.724043295770483e-06,0.019856504230278214,0.018759755683477947,0.000571927548461836,0.00012107510407462063,5.641513179042057e-05
0.427,68.86318400001132,12018610.0000004,0.9326000000001532,0.1986000000000066,3972.000000000333,5.729712837009357e-06,0.0198636732696202,0.018767506530989478,0.0005707063284235633,0.00011359546136234,5.142383480286157e-05
0.4275,68.84841600001131,12006506.666667065,0.9324000000001531,0.19840000000000657,3968.0000000003324,5.734258757474477e-06,0.019869420670321294,0.018773872472732572,0.0005732369816015246,0.00012031894647002906,5.438578953598694e-05
0.428,68.84103200001131,11991377.500000395,0.9323000000001531,0.19815000000000652,3963.0000000003324,5.740877726517161e-06,0.0198798186860628,0.018786057516015645,0.0005701620831034815,0.0001264334910585669,5.683673252424729e-05
0.4285,68.83364800001131,11976248.333333725,0.9322000000001531,0.19790000000000646,3958.0000000003324,5.747513418574102e-06,0.019890237746218346,0.018796595871921663,0.0005767336968377722,0.00011574617156564456,6.171075551895087e-05
0.429,68.8262640000113,11970196.666667057,0.932100000000153,0.19780000000000644,3956.000000000332,5.749802272812203e-06,0.01989313074124206,0.018800088325109862,0.0005784780221285746,0.00012711025324128625,4.241980757629826e-05
0.4295,68.8262640000113,11961119.166667055,0.932100000000153,0.1976500000000064,3953.0000000003324,5.754165897102221e-06,0.019900677915564515,0.018806996180859955,0.0005791127684924166,0.00010877504650746734,6.810408368198986e-05
0.43,68.8114960000113,11949015.83333372,0.931900000000153,0.19745000000000637,3949.0000000003324,5.758758458420522e-06,0.019906481958458167,0.018814578770204482,0.0005779957840835545,0.00010647961612907363,4.216861151813127e-05
0.4305,68.8114960000113,11942964.166667052,0.931900000000153,0.19735000000000635,3947.0000000003315,5.761676501723498e-06,0.019911524756028903,0.01881957313631878,0.0005733376302651951,0.00010598385210398808,8.373895247895575e-05
0.431,68.8041120000113,11930860.833333716,0.931800000000153,0.1971500000000063,3943.000000000332,5.7669025698279045e-06,0.019919484119440046,0.018827614336368332,0.0005726884428722916,0.00011518681243485453,5.880542287102536e-05
0.4315,68.8004200000113,11924809.166667048,0.931750000000153,0.19705000000000628,3941.000000000331,5.769519582110078e-06,0.019923468750373,0.018832492536507914,0.0005781655601516419,0.00011095479775574527,8.454517920202031e-05
0.432,68.7856520000113,11912705.833333712,0.931550000000153,0.19685000000000624,3937.0000000003315,5.774141740958441e-06,0.019929308566743718,0.01883877546675177,0.000577698767163252,0.00012462525944959541,3.540819608559798e-05
0.4325,68.7782680000113,11909680.000000378,0.9314500000001529,0.19680000000000622,3936.000000000331,5.774988748648924e-06,0.01992970043100077,0.01883968255768657,0.0005736751340184209,0.00012598780246511078,6.297022999867497e-05
0.433,68.77088400001129,11906654.166667044,0.9313500000001529,0.19675000000000623,3935.0000000003315,5.775836186838867e-06,0.019930092715374048,0.018840589408839262,0.0005785447340052707,0.0001221864223342667,7.971293695929696e-05
0.4335,68.75980800001129,11894550.833333708,0.9312000000001529,0.1965500000000062,3931.0000000003315,5.78078222233633e-06,0.019937018577640804,0.018847888082313635,0.0005800977889653497,0.00011815598965033723,5.780746783344779e-05
0.434,68.74504000001129,11888499.16666704,0.9310000000001528,0.19645000000000615,3929.0000000003306,5.782482636055403e-06,0.019937809155049138,0.018848414485529007,0.0005811533824788676,0.00011178933221306906,6.557235377338744e-05
0.4345,68.72288800001128,11873370.00000037,0.9307000000001527,0.19620000000000612,3924.000000000331,5.787985045527018e-06,0.019944078835569184,0.018855906555908995,0.0005784978030674172,0.0001074759999365196,7.264920508936822e-05
0.435,68.72288800001128,11867318.333333703,0.9307000000001527,0.19610000000000608,3922.000000000331,5.790936593229991e-06,0.01994916335825048,0.018861404397027423,0.0005840619288729676,0.0001123618379236156,7.416480513334545e-05
0.4355,68.71181200001128,11867318.333333703,0.9305500000001526,0.19610000000000608,3922.000000000331,5.790003273697397e-06,0.019945948174806535,0.018858248197028773,0.0005789236734894312,0.00012708994114966194,4.933764984400804e-05
0.436,68.70073600001128,11861266.666667035,0.9304000000001527,0.19600000000000606,3920.0000000003306,5.792023561284276e-06,0.019947819763879875,0.01886055232756198,0.0005793081015095817,0.00012266603247319217,5.861405644428372e-05
0.4365,68.69335200001127,11855215.000000367,0.9303000000001527,0.19590000000000604,3918.0000000003306,5.794357335569971e-06,0.019950765882493993,0.018864072847997626,0.00057926314524912,0.00010870545044283885,5.794321706320814e-05
0.437,68.69335200001127,11834034.16666703,0.9303000000001527,0.19555000000000597,3911.00000000033,5.8047282129284455e-06,0.01996861204158835,0.018883081329268917,0.0005823126173186528,0.00012228531617134076,2.4212210780155457e-05
0.4375,68.68227600001127,11818905.00000036,0.9301500000001526,0.1953000000000059,3906.00000000033,5.8112215979406875e-06,0.019978166896586443,0.018893166826535798,0.0005792906108300151,0.00012847777886816525,6.933039180259861e-05
0.438,68.67120000001127,11806801.666667024,0.9300000000001526,0.19510000000000588,3902.0000000003297,5.816240666927088e-06,0.01998518080323376,0.018900739948215336,0.0005856941870289705,0.00011376715551533125,5.018311734302146e-05
0.4385,68.66750800001127,11803775.83333369,0.9299500000001526,0.19505000000000589,3901.0000000003297,5.817418847119685e-06,0.019986667571730597,0.018901546344017375,0.0005865122305011176,0.00010740958884357369,5.817382924428053e-05
0.439,68.66012400001127,11794698.333333688,0.9298500000001525,0.19490000000000585,3898.0000000003297,5.821270036722081e-06,0.019992207156492605,0.018908402289797052,0.000583139838124142,0.00012075913790270527,6.443838884693445e-05
0.4395,68.65274000001126,11788646.66666702,0.9297500000001525,0.19480000000000583,3896.0000000003297,5.823632002995753e-06,0.01999518736156628,0.018911329931090248,0.0005804017784390395,0.00011406519825142148,8.742474805631808e-05
0.44,68.64904800001126,11758388.33333368,0.9297000000001525,0.19430000000000572,3886.0000000003292,5.838304200704028e-06,0.020019821310869993,0.018937014401787754,0.0005869407721688116,9.874204259166061e-05,7.269079238200964e-05
0.4405,68.63797200001126,11749310.833333679,0.9295500000001524,0.19415000000000568,3883.0000000003292,5.8418721722196824e-06,0.02002432215534419,0.01894195376499132,0.0005853896291675192,0.00012176089648466286,5.0726195746299e-05
0.441,68.62320400001126,11743259.16666701,0.9293500000001524,0.19405000000000566,3881.000000000329,5.843625098115585e-06,0.02002517156217413,0.01894338571717811,0.0005831578257269845,0.00013334718518809665,6.765160917364964e-05
0.4415,68.61212800001125,11728130.00000034,0.9292000000001523,0.1938000000000056,3876.0000000003292,5.850218918106234e-06,0.020034849300314128,0.01895408089816677,0.0005862271934343017,0.00011093799670256714,5.5653365718817525e-05
0.442,68.60843600001125,11713000.833333671,0.9291500000001524,0.19355000000000558,3871.000000000329,5.857460182599885e-06,0.020046705399708667,0.01896701137141497,0.0005891975080851714,0.00010556706293858905,7.275313908891646e-05
0.4425,68.60474400001125,11694845.833333667,0.9291000000001524,0.1932500000000055,3865.0000000003283,5.866237569756417e-06,0.020061179919425142,0.01898202484330372,0.0005836590286026328,9.605740811593724e-05,4.555081941799733e-05
0.443,68.59366800001125,11679716.666666998,0.9289500000001523,0.19300000000000544,3860.0000000003283,5.872888012409774e-06,0.02007092777969553,0.0189918878491829,0.0005871325620440959,0.00011809466008582709,8.38634889395096e-05
0.4435,68.58259200001125,11676690.833333664,0.9288000000001523,0.19295000000000545,3859.0000000003283,5.873461323839051e-06,0.02007028681802824,0.018992012992502066,0.0005897606988718519,0.00011465887986980035,5.4079006547082045e-05
0.444,68.56782400001124,11667613.333333662,0.9286000000001522,0.1928000000000054,3856.000000000328,5.8767651996246e-06,0.020073769266229443,0.018996566739178523,0.0005860854236563566,0.00011441783750505282,6.43620383996813e-05
0.4445,68.56044000001124,11646432.500000324,0.9285000000001522,0.19245000000000534,3849.000000000328,5.886818989420952e-06,0.020089850874269337,0.019013036187052322,0.0005887453270222491,0.00011326928782036348,5.1194515184516146e-05
0.445,68.54567200001124,11622225.833333652,0.9283000000001521,0.19205000000000524,3841.0000000003274,5.897809333855457e-06,0.02010642955196611,0.01903071302080699,0.0005845099866448309,9.412147213543128e-05,5.2313742498262085e-05
0.4455,68.54198000001124,11619200.000000319,0.9282500000001521,0.19200000000000525,3840.0000000003274,5.899027471771667e-06,0.020107964291575547,0.019032380696324756,0.0005904850097250606,0.00012068817557128605,6.435177218426162e-05
0.446,68.54198000001124,11607096.666666983,0.9282500000001521,0.19180000000000522,3836.0000000003274,5.905178699583735e-06,0.020118445358235603,0.019042993163993716,0.0005946551543696683,0.00013585377604035404,6.106805280536447e-05
0.4465,68.53459600001123,11588941.666666979,0.9281500000001521,0.19150000000000514,3830.000000000327,5.913792473141512e-06,0.02013202868592879,0.01905754375669623,0.0005918382754745016,0.00012502235250345497,7.387449435842685e-05
0.447,68.53090400001123,11582890.000000311,0.9281000000001521,0.19140000000000512,3828.000000000327,5.916563482862169e-06,0.020136202332984535,0.01906212708508666,0.0005918499222634779,0.00012101340296797464,3.6135611852820774e-05
0.4475,68.53090400001123,11573812.50000031,0.9281000000001521,0.19125000000000508,3825.000000000327,5.921203924809513e-06,0.02014409731991942,0.019070691667650328,0.0005941655872441214,0.00012327679347617538,3.706410044981359e-05
0.448,68.52721200001123,11564735.000000307,0.928050000000152,0.19110000000000507,3822.000000000327,5.925532405196436e-06,0.020150915941453774,0.01907760836532386,0.00059317910309851,0.00013198118044955288,6.654625582081376e-05
0.4485,68.51613600001123,11561709.166666973,0.927900000000152,0.19105000000000505,3821.000000000327,5.926125195879076e-06,0.020150295228564118,0.01907720789849268,0.0005944443491559729,0.00011300011741107133,8.424715877980673e-05
0.449,68.51244400001123,11543554.16666697,0.927850000000152,0.190750000000005,3815.0000000003265,5.935125613032332e-06,0.02016504789834655,0.019093525643546317,0.0005896441444303481,0.00012213187270340971,3.281514502890441e-05
0.4495,68.50875200001123,11528425.0000003,0.9278000000001521,0.19050000000000494,3810.0000000003265,5.942594239890484e-06,0.020177187826440787,0.01910601793355548,0.0005929504570381149,0.0001341018031163155,5.48381063501252e-05
0.45,68.50136800001123,11522373.333333632,0.927700000000152,0.19040000000000493,3808.0000000003265,5.9450745101133204e-06,0.020180310447586374,0.01910905579491776,0.0005963909631644098,0.00010346169701570319,6.083865486758285e-05
0.4505,68.47921600001122,11510270.000000296,0.9274000000001519,0.19020000000000487,3804.000000000326,5.949401360698703e-06,0.02018438834658707,0.01911428382387492,0.0005961256201416692,0.00011662485077605171,2.243174124843622e-05
0.451,68.47921600001122,11489089.166666958,0.9274000000001519,0.1898500000000048,3797.0000000003256,5.960369443270443e-06,0.0202029853145654,0.01913411602909347,0.000598907438239377,0.00011416012177647017,7.27805888187741e-05
0.4515,68.46814000001122,11476985.833333623,0.9272500000001519,0.18965000000000476,3793.0000000003256,5.965690033454006e-06,0.020210365859124307,0.019141668709802023,0.000600327079261404,0.0001233889198536172,6.689785865682265e-05
0.452,68.45337200001121,11464882.500000287,0.9270500000001518,0.18945000000000473,3789.0000000003256,5.970699830548591e-06,0.020216669438237578,0.01914858420046675,0.000596950247784034,0.0001317160390773115,7.009743495281067e-05
0.4525,68.44968000001121,11446727.500000283,0.9270000000001518,0.18915000000000468,3783.000000000325,5.979847078565426e-06,0.020231604066513333,0.019164077926478507,0.0005981944629628044,0.00012527085590308685,7.498337936629472e-05
0.453,68.44598800001121,11443701.66666695,0.9269500000001518,0.18910000000000465,3782.000000000325,5.981105589232522e-06,0.02023318722254276,0.019166100721179736,0.0005969304113625186,0.00012698584352321073,8.353208042157856e-05
0.4535,68.43860400001121,11410417.500000276,0.9268500000001518,0.18855000000000455,3771.0000000003247,5.997905335191246e-06,0.020260489810670138,0.019194902079228176,0.0005982719237476911,0.00013869566759503092,6.062459987027478e-05
0.454,68.42752800001121,11401340.000000274,0.9267000000001517,0.1884000000000045,3768.0000000003247,6.001709272770531e-06,0.020265273443187126,0.019200519303255652,0.0005967528136873082,0.00012182448037732751,7.098475938979482e-05
0.4545,68.4164520000112,11368055.8333336,0.9265500000001518,0.1878500000000044,3757.0000000003242,6.018307176095965e-06,0.020291633694733198,0.019228131977468962,0.0006015817325348832,0.00011567059746068938,4.327901318545925e-05
0.455,68.4127600000112,11346875.000000263,0.9265000000001516,0.18750000000000433,3750.000000000323,6.0292159735618505e-06,0.020309467655110987,0.01924662511363921,0.0005998213402662098,0.00011813681236986647,8.296309022120782e-05
0.4555,68.4090680000112,11334771.666666927,0.9264500000001517,0.1873000000000043,3746.000000000321,6.0353282811322295e-06,0.020319211406066386,0.019257406055945087,0.000602039107307223,0.0001301250224292429,7.075360652137046e-05
0.456,68.3979920000112,11331745.833333593,0.9263000000001517,0.18725000000000427,3745.000000000321,6.03596241973685e-06,0.02031863377902604,0.019256888645539923,0.0006067635598310634,0.0001110690139084935,6.193858360174884e-05
0.4565,68.3906080000112,11325694.166666925,0.9262000000001516,0.18715000000000426,3743.00000000032,6.03853565120045e-06,0.020321867368788396,0.01926057844034827,0.0006009074159578242,0.00011218747663823618,7.978370394344004e-05
0.457,68.3832240000112,11310565.000000255,0.9261000000001516,0.1869000000000042,3738.0000000003174,6.04596003824828e-06,0.020333258626690623,0.019272519211961332,0.0006039050018916204,0.00013137011085426117,8.604808027892707e-05
0.4575,68.3684560000112,11286358.333333584,0.9259000000001515,0.1865000000000041,3730.000000000314,6.057618762474434e-06,0.020350656146583063,0.01929145086509966,0.0006056183777100631,0.00013306283373266104,6.931159563185187e-05
0.458,68.36476400001119,11274255.000000248,0.9258500000001515,0.18630000000000407,3726.0000000003124,6.063794370449284e-06,0.020360477233272858,0.019301127550620637,0.0006062148553784553,0.00012128098919403993,6.2869260812498e-05
0.4585,68.35738000001119,11271229.166666914,0.9257500000001515,0.18625000000000408,3725.000000000312,6.064767115388674e-06,0.020361010589878912,0.01930241543911645,0.0006048648174262252,0.0001302787858895137,9.747477192782144e-05
0.459,68.35368800001119,11265177.500000246,0.9257000000001515,0.18615000000000403,3723.000000000311,6.067697379824659e-06,0.020365378825833013,0.01930742736886416,0.000605968562089304,0.00012569595238360378,5.3865424988741336e-05
0.4595,68.34999600001119,11259125.833333578,0.9256500000001515,0.18605000000000402,3721.0000000003097,6.070630794235849e-06,0.020369750879482153,0.019311539380858733,0.000606594401132915,0.00010858586948455198,6.595142029980544e-05
0.46,68.34999600001119,11240970.833333574,0.9256500000001515,0.18575000000000397,3715.000000000307,6.080435312342289e-06,0.020386193537253936,0.019328471709427055,0.0006102518217307435,0.00011446081682411233,6.721743581271785e-05
0.4605,68.33522800001118,11234919.166666906,0.9254500000001514,0.18565000000000395,3713.000000000306,6.0823960534363486e-06,0.020387277366162956,0.019330151693344167,0.00060980838563919,0.00013058623579692826,7.389138970267746e-05
0.461,68.32046000001118,11228867.500000238,0.9252500000001513,0.18555000000000393,3711.0000000003056,6.08435890796732e-06,0.020388363257755306,0.019332232918144236,0.0006092335071407898,0.00012164929550643891,6.964417138266877e-05
0.4615,68.31307600001118,11219790.000000237,0.9251500000001514,0.1854000000000039,3708.0000000003038,6.088623405608281e-06,0.020394404852850937,0.01933874848442924,0.0006087675941180234,0.00011450012501830169,8.27235197641475e-05
0.462,68.29461600001117,11204660.833333567,0.9249000000001513,0.18515000000000384,3703.000000000302,6.095197080561021e-06,0.020402654198008893,0.01934727326303677,0.0006131395895011772,9.764898770893778e-05,2.9080864420599444e-05
0.4625,68.29092400001117,11189531.666666897,0.9248500000001513,0.18490000000000378,3698.000000000299,6.103108336825813e-06,0.02041533883318541,0.01936028551285528,0.0006095560892681996,0.00013083211373488034,8.707331901686464e-05
0.463,68.27984800001117,11186505.833333563,0.9247000000001513,0.1848500000000038,3697.0000000002988,6.103769042568306e-06,0.020414788133127255,0.0193609946528997,0.000609853222021959,0.00010693176968793296,4.912324799170476e-05
0.4635,68.27246400001117,11174402.500000227,0.9246000000001512,0.18465000000000373,3693.000000000297,6.10971942347788e-06,0.0204236321420361,0.019370475765666934,0.0006090233731371916,0.00013231122292797485,5.087330355112848e-05
0.464,68.26877200001117,11165325.000000225,0.9245500000001512,0.18450000000000372,3690.0000000002956,6.1143560084466675e-06,0.020430827822303325,0.019377566965914327,0.000611590392023937,0.000117372098227406,3.973445929897098e-05
0.4645,68.26138800001117,11150195.833333556,0.9244500000001512,0.18425000000000366,3685.0000000002933,6.121990054734597e-06,0.020442472592192475,0.019389598456071803,0.000610057167112541,0.00010066295487486195,4.216995340119887e-05
0.465,68.25400400001116,11141118.333333554,0.9243500000001511,0.18410000000000362,3682.000000000292,6.126315326514332e-06,0.020448586671945396,0.019396789402370426,0.000610957097949413,0.00011997799819697269,1.7133214538081643e-05
0.4655,68.25400400001116,11125989.166666884,0.9243500000001511,0.18385000000000357,3677.0000000002897,6.134645915753543e-06,0.02046248495800472,0.019411597305978794,0.0006144470259966434,0.0001270272541613703,0.00010237512467287511
0.466,68.25031200001116,11119937.500000216,0.9243000000001511,0.18375000000000355,3675.000000000289,6.13765248231025e-06,0.020466945054336126,0.019415722556078107,0.0006139248743405292,0.00011569126205679475,7.767497777952118e-05
0.4665,68.23923600001116,11116911.666666882,0.9241500000001511,0.18370000000000355,3674.0000000002883,6.138326726533299e-06,0.0204664083092275,0.019415840363091484,0.0006116337291339987,0.00013782148418929057,7.860880530937094e-05
0.467,68.22446800001116,11107834.16666688,0.923950000000151,0.18355000000000352,3671.000000000287,6.142013553348107e-06,0.020470338277613027,0.019420142293643188,0.0006138651164245976,0.00012472110961163967,8.781081871129623e-05
0.4675,68.22077600001116,11098756.666666878,0.923900000000151,0.18340000000000348,3668.0000000002856,6.146704360579415e-06,0.020477599521079838,0.01942743939114738,0.0006131961460682776,0.00012567752469179176,8.76805927902425e-05
0.468,68.22077600001116,11086653.333333543,0.923900000000151,0.18320000000000344,3664.0000000002838,6.153414736518914e-06,0.020488774178134873,0.019438876464720107,0.0006150395697722478,0.00011825962360297767,6.153374363908676e-05
0.4685,68.20970000001115,11071524.166666873,0.9237500000001511,0.1829500000000034,3659.0000000002815,6.160822933970613e-06,0.020499439530555982,0.01945072539096075,0.0006138687668139316,0.00012823357874825058,6.255900130649329e-05
0.46900000000000003,68.20231600001115,11062446.666666871,0.923650000000151,0.18280000000000335,3656.00000000028,6.165210830395858e-06,0.020505628328308358,0.019457833883886912,0.0006152100541356281,0.00012840027484667556,5.1163699922471114e-05
0.46950000000000003,68.19862400001115,11050343.333333535,0.923600000000151,0.18260000000000332,3652.0000000002783,6.171629418453355e-06,0.020515744400696794,0.019468147409168905,0.0006196837656826221,0.00011096941715096239,1.553520744817282e-05
0.47000000000000003,68.18385600001115,11044291.666666867,0.9234000000001509,0.1825000000000033,3650.0000000002774,6.173673971849099e-06,0.020516920597926036,0.019470472224282415,0.0006165819737763828,0.00013640141990844558,6.496327896077437e-05
0.47050000000000003,68.17647200001115,11035214.166666865,0.9233000000001509,0.18235000000000326,3647.000000000276,6.178083267830544e-06,0.020523134593279917,0.01947617046478863,0.0006155874635349438,0.00013577672640851374,6.40230569446803e-05
0.47100000000000003,68.16539600001114,11026136.666666863,0.9231500000001509,0.18220000000000325,3644.0000000002747,6.182164983142472e-06,0.020528245317126097,0.019481844376726735,0.0006153044175957183,0.00013456999138258284,5.211675970613192e-05
0.47150000000000003,68.14324400001114,11017059.166666862,0.9228500000001508,0.1820500000000032,3641.0000000002733,6.185248074748012e-06,0.020530026784684702,0.019484837971813853,0.0006185988365640775,0.000129874444675746,8.501538708012751e-05
0.47200000000000003,68.13955200001114,10995878.333333524,0.9228000000001507,0.18170000000000314,3634.00000000027,6.1968266594446634e-06,0.020548676847964797,0.019504462651479232,0.0006189375415893276,0.00011373283918804248,3.409994412352049e-05
0.47250000000000003,68.13586000001114,10977723.33333352,0.9227500000001507,0.1814000000000031,3628.0000000002674,6.20673867714617e-06,0.020564547226113995,0.01952108322783077,0.0006232756062304218,0.00010697745899083234,6.206697566602148e-05
0.47300000000000003,68.12847600001113,10971671.666666852,0.9226500000001507,0.18130000000000304,3626.0000000002665,6.209489134367095e-06,0.020567988618978867,0.01952517156353081,0.0006211965998428363,0.00014015919399519344,5.1248502391816456e-05
0.47350000000000003,68.12109200001113,10959568.333333516,0.9225500000001507,0.181100000000003,3622.0000000002647,6.215672910475944e-06,0.020577112258223406,0.019534638325827074,0.0006201579229100721,0.00011687547478653591,6.215631675348716e-05
0.47400000000000003,68.10632400001113,10944439.166666847,0.9223500000001507,0.18085000000000295,3617.000000000262,6.222915853691301e-06,0.020586865818856468,0.019545364037592636,0.0006188791562543954,0.00013006897756155802,6.432926678745197e-05
0.47450000000000003,68.10263200001113,10935361.666666845,0.9223000000001507,0.18070000000000294,3614.000000000261,6.227743907876543e-06,0.020594292196483167,0.019553083965245185,0.0006232968335699221,0.00012031935340194948,8.418505509109054e-05
0.47500000000000003,68.09894000001113,10926284.166666843,0.9222500000001507,0.1805500000000029,3611.0000000002597,6.232579984306348e-06,0.020601728292615952,0.019560431156499178,0.0006228852421412224,0.000108465333789178,1.6049921764578062e-05
0.47550000000000003,68.08786400001112,10914180.833333507,0.9221000000001506,0.18035000000000287,3607.0000000002574,6.238476807353312e-06,0.020609795659614582,0.01957000723250017,0.0006230717746314644,0.00011511822920688233,6.449313605651116e-05
0.47600000000000003,68.08786400001112,10905103.333333505,0.9221000000001506,0.18020000000000283,3604.0000000002565,6.243669768069755e-06,0.020618371741873538,0.019578658128408793,0.0006245258943019805,0.00011832617089083236,2.5060966891352774e-05
0.47650000000000003,68.08048000001112,10899051.666666837,0.9220000000001506,0.1801000000000028,3602.0000000002556,6.246459057371511e-06,0.02062185843900749,0.019582725334922526,0.0006258096018457125,0.00014348154017550946,9.095551462860137e-05
0.47700000000000004,68.06940400001112,10883922.500000168,0.9218500000001505,0.17985000000000276,3597.0000000002533,6.254124282859426e-06,0.020632828817006305,0.019594369650647078,0.000624575838847791,0.00011212089860040398,6.0910427070664306e-05
0.47750000000000004,68.06202000001112,10877870.8333335,0.9217500000001505,0.17975000000000274,3595.000000000252,6.256924819464294e-06,0.02063632850099752,0.019597834593370684,0.0006274634194692345,0.00012056400082761698,6.256883010249178e-05
0.47800000000000004,68.04725200001111,10859715.833333496,0.9215500000001504,0.17945000000000266,3589.0000000002497,6.2660251008725835e-06,0.02064908953137904,0.019611673964019537,0.0006279468346730211,0.0001278755135933434,4.4982823348947876e-05
0.47850000000000004,68.03617600001111,10853664.166666828,0.9214000000001504,0.17935000000000265,3587.0000000002487,6.268498357352906e-06,0.020651483393379248,0.019614263674511075,0.0006245213097941538,0.00012821736397988358,6.636427898488123e-05
0.47900000000000004,68.03248400001111,10844586.666666826,0.9213500000001504,0.17920000000000263,3584.0000000002474,6.273404979935622e-06,0.020659003641559905,0.019622821956834558,0.0006275502887834544,0.0001313997619714267,8.326708473517425e-05
0.47950000000000004,68.0214080000111,10838535.000000158,0.9212000000001503,0.1791000000000026,3582.0000000002465,6.27588580929158e-06,0.02066140595792077,0.01962529794521539,0.0006273230036475408,0.00012925145722727095,6.582406771438027e-05
0.48,68.0177160000111,10826431.666666823,0.9211500000001503,0.17890000000000256,3578.0000000002447,6.282560874551938e-06,0.020671829779240987,0.019635901053176537,0.0006272246199622324,0.00011655607424375451,5.8633431303498314e-05
0.4805,68.0140240000111,10814328.333333487,0.9211000000001504,0.17870000000000252,3574.0000000002424,6.289250881200679e-06,0.020682271722922543,0.01964672710075499,0.0006298868782995013,0.00013141274964956136,8.857626663107026e-05
0.481,68.0029480000111,10808276.666666819,0.9209500000001503,0.1786000000000025,3572.000000000242,6.291747528052744e-06,0.020684691988158387,0.019649854651440642,0.000626442619293378,0.00013773187287842784,6.794223756658635e-05
0.4815,67.9955640000111,10808276.666666819,0.9208500000001503,0.1786000000000025,3572.000000000242,6.291064347909625e-06,0.020682445974303906,0.019647563905370428,0.0006264218280958479,0.00015199296267042823,4.5309693796783685e-05
0.482,67.9881800000111,10793147.500000149,0.9207500000001503,0.17835000000000245,3567.0000000002397,6.2991986350608254e-06,0.02069468896642589,0.01966090371258031,0.0006304502327697631,0.0001307108143780818,5.2986282370211805e-05
0.4825,67.9771040000111,10784070.000000147,0.9206000000001502,0.1782000000000024,3564.000000000238,6.303473920329724e-06,0.02070002420076688,0.01966718541646056,0.0006298511000241287,0.00010970849418119378,6.211522204154578e-05
0.483,67.96233600001109,10768940.833333477,0.9204000000001502,0.17795000000000236,3559.0000000002356,6.310958250382889e-06,0.02071005945986983,0.019677469143997026,0.0006336279973514862,0.00010737961180337123,6.918214569175177e-05
0.4835,67.96233600001109,10762889.16666681,0.9204000000001502,0.17785000000000234,3557.0000000002346,6.314506722831797e-06,0.020715880967893584,0.019683521958925802,0.000632608778801942,0.00011926226451215455,7.347822945375467e-05
0.484,67.95495200001109,10756837.500000142,0.9203000000001501,0.17775000000000232,3555.000000000234,6.317372740827422e-06,0.02071945600985735,0.01968752436306761,0.0006286346005425258,0.00012908870329755363,8.453867112722605e-05
0.4845,67.94018400001109,10744734.166666806,0.9201000000001501,0.1775500000000023,3551.000000000232,6.323114462038595e-06,0.02072661705559865,0.019695576647216842,0.000631585104244122,0.0001425536221166331,6.608888120375975e-05
0.485,67.93280000001108,10735656.666666804,0.92000000000015,0.17740000000000225,3548.0000000002306,6.327773149725996e-06,0.020733124249317312,0.01970305088803994,0.0006341471369347753,0.00012486820636766266,4.368446381787183e-05
0.4855,67.91803200001108,10717501.6666668,0.91980000000015,0.1771000000000022,3542.0000000002283,6.337114199967645e-06,0.02074616629244497,0.01971650197870452,0.0006314264684305474,0.00013426375835560967,3.4036782943152366e-05
0.486,67.91434000001108,10705398.333333464,0.9197500000001501,0.17690000000000214,3538.0000000002265,6.343933956062689e-06,0.02075676218941225,0.019727847715502022,0.000633249470555589,0.00010008828528934088,3.766626897143881e-05
0.4865,67.90326400001108,10702372.50000013,0.91960000000015,0.17685000000000214,3537.000000000226,6.344692637077457e-06,0.020756310557992107,0.01972747969793897,0.000634142336644398,0.00013121604292304096,6.620322957508663e-05
0.487,67.88849600001107,10687243.33333346,0.9194000000001499,0.1766000000000021,3532.0000000002237,6.352292530690976e-06,0.020766479551091885,0.019738639099351665,0.0006341108983949803,0.00011867429099520164,5.878750442315659e-05
0.4875,67.87372800001107,10684217.500000127,0.9192000000001499,0.17655000000000207,3531.000000000223,6.352709311656213e-06,0.020764901897576436,0.01973766189814853,0.0006343961850404386,0.00012857743899325353,8.011207371686973e-05
0.488,67.87003600001107,10666062.500000123,0.9191500000001499,0.17625000000000202,3525.0000000002206,6.363176289282974e-06,0.020781436134581773,0.01975450964245779,0.0006346181805886492,0.00013325210594859074,5.4656693421440025e-05
0.4885,67.86634400001107,10660010.833333455,0.9191000000001499,0.176150000000002,3523.0000000002196,6.366442310527073e-06,0.020786203284547927,0.01975924865630773,0.0006383111629470929,0.0001150655882915501,7.31481836565499e-05
0.489,67.85526800001107,10653959.166666787,0.9189500000001498,0.17605000000000198,3521.0000000002187,6.369018966424325e-06,0.02078871259535149,0.019762452459517865,0.0006358520519022151,0.00012073053835931919,8.252923296743397e-05
0.4895,67.84788400001106,10644881.666666785,0.9188500000001498,0.17590000000000194,3518.0000000002174,6.373756526807514e-06,0.020795311363525165,0.01976984659757768,0.0006366765936690788,0.00013950584888299997,8.22204836921893e-05
0.49,67.83680800001106,10641855.833333451,0.9187000000001497,0.17585000000000192,3517.0000000002165,6.374528001735002e-06,0.020794872283880526,0.019769900115769345,0.0006382073789537275,0.00011634661906633745,2.2969371665991088e-05
0.4905,67.83680800001106,10632778.33333345,0.9187000000001497,0.1757000000000019,3514.0000000002156,6.379970114428573e-06,0.02080374695318271,0.019778556251089804,0.0006386778638518265,0.0001328977347203579,3.833112143967032e-05
0.491,67.81834800001106,10617649.16666678,0.9184500000001496,0.17545000000000185,3509.0000000002133,6.387322366322018e-06,0.020812898134628412,0.019788734274095703,0.000638767052673481,0.0001427302162262039,8.198884549705455e-05
0.4915,67.81096400001105,10599494.166666776,0.9183500000001497,0.1751500000000018,3503.0000000002105,6.397566047374464e-06,0.020828446791992777,0.019804675843848752,0.0006413084163183414,0.00012696139885906915,7.399106852888622e-05
0.492,67.80727200001105,10593442.500000108,0.9183000000001497,0.17505000000000176,3501.000000000209,6.400872237708409e-06,0.02083326087816034,0.01981067055125979,0.0006406980006768819,0.00012167544653066547,7.912858833875459e-05
0.4925,67.80358000001105,10572261.66666677,0.9182500000001497,0.1747000000000017,3494.0000000002065,6.413346749994716e-06,0.020852983954604568,0.019830779855530827,0.0006428365294047653,0.00014006955091774035,9.174802070348042e-05
0.493,67.79619600001105,10566210.000000102,0.9181500000001496,0.17460000000000167,3492.0000000002055,6.416321083909027e-06,0.020856683136049742,0.019835370851998838,0.000640822824839293,0.0001241207942152719,8.546187310233244e-05
0.4935,67.78881200001105,10560158.333333435,0.9180500000001496,0.17450000000000165,3490.000000000204,6.419298826802035e-06,0.020860386147459605,0.019839536551976823,0.0006427964378320371,0.00012825828934539716,6.314181763423046e-05
0.494,67.78512000001105,10554106.666666767,0.9180000000001496,0.17440000000000164,3488.0000000002033,6.4226298009757725e-06,0.020865229443178545,0.019843838393781676,0.0006400430420517967,0.00012136717410075381,5.91284826215989e-05
0.4945,67.77773600001105,10542003.33333343,0.9179000000001496,0.1742000000000016,3484.000000000202,6.429303222253811e-06,0.020874929522535862,0.019854064249644282,0.0006427864643671681,0.00012489380074069464,6.900868079628781e-05
0.495,67.77404400001105,10529900.000000095,0.9178500000001495,0.17400000000000154,3480.0000000001996,6.436342605343872e-06,0.020885785382254825,0.01986622527737945,0.0006446765578879773,0.00014347546461731625,7.670518543373417e-05
0.4955,67.76296800001104,10523848.333333427,0.9177000000001495,0.17390000000000153,3478.0000000001987,6.438991313223072e-06,0.02088837537488996,0.019868681388425725,0.0006424416037750025,0.00011628125657131403,5.3773914155589146e-05
0.496,67.75558400001104,10514770.833333425,0.9176000000001495,0.17375000000000151,3475.0000000001974,6.443847904437015e-06,0.02089511282962063,0.019876257222329323,0.000644254666928645,0.00012642967676253773,5.845340976076354e-05
0.4965,67.75189200001104,10499641.666666755,0.9175500000001494,0.17350000000000146,3470.000000000195,6.452781356825079e-06,0.02090902210104025,0.019890979723390986,0.0006470986183333116,0.00013922874167171428,9.366738748560564e-05
0.497,67.73343200001104,10484512.500000086,0.9173000000001494,0.1732500000000014,3465.000000000193,6.4603320373751745e-06,0.02091840143178875,0.019901499659338715,0.0006465890035393012,0.0001267618645021351,7.390042916427167e-05
0.4975,67.73343200001104,10472409.16666675,0.9173000000001494,0.17305000000000137,3461.000000000191,6.46779847139699e-06,0.020930485982737036,0.019914311779199504,0.000645541566557822,0.00012575339011114138,8.019014147377734e-05
0.498,67.72604800001103,10457280.00000008,0.9172000000001493,0.1728000000000013,3456.0000000001887,6.476449707764401e-06,0.020943337768577278,0.01992708858708343,0.000647927406077563,0.00013066726123886957,8.114866028369106e-05
0.4985,67.71497200001103,10448202.500000078,0.9170500000001494,0.17265000000000127,3453.0000000001874,6.481016423639427e-06,0.020949007078147862,0.019933148664833193,0.0006461673079399022,0.00013825541744109194,7.643637705519093e-05
0.499,67.70020400001103,10442150.83333341,0.9168500000001493,0.17255000000000126,3451.0000000001864,6.483358177885976e-06,0.020950506501489653,0.019935525641020562,0.0006467963178743763,0.00012936821425650974,4.138533527283594e-05
0.4995,67.69282000001103,10433073.333333408,0.9167500000001493,0.17240000000000122,3448.000000000185,6.4882914015119745e-06,0.020957332655528696,0.019942870193117725,0.0006486020655237715,0.00014884921063971294,7.275525889105257e-05
0.5,67.67805200001102,10420970.000000073,0.9165500000001492,0.17220000000000119,3444.0000000001833,6.494410021333e-06,0.020964924699578863,0.01995090067269768,0.0006501087365773508,0.00011933899488523926,4.5124595767694926e-05
0.5005000000000001,67.66697600001102,10405840.833333403,0.9164000000001492,0.17195000000000113,3439.000000000181,6.502787913423678e-06,0.02097672614794246,0.019964058266860072,0.0006516331037735719,0.00013037606566424626,9.136168525303725e-05
0.501,67.66328400001102,10390711.666666733,0.9163500000001492,0.17170000000000107,3434.0000000001787,6.5119008370787485e-06,0.020990846560350666,0.01997853006337545,0.0006476193705673065,0.00011524509971768056,7.030611482276147e-05
0.5015000000000001,67.65590000001102,10390711.666666733,0.9162500000001491,0.17170000000000107,3434.0000000001787,6.511190202404543e-06,0.020988555860505187,0.019975961828547894,0.0006513515822222092,0.00011909934451464322,6.339776551189801e-05
0.502,67.64851600001101,10381634.166666731,0.9161500000001491,0.17155000000000106,3431.0000000001774,6.516172205067323e-06,0.02099543812860446,0.019983816358778023,0.0006500764050822844,0.00013029557448566385,9.608750411378204e-05
0.5025000000000001,67.63744000001101,10375582.500000063,0.916000000000149,0.17145000000000105,3429.0000000001764,6.51890532411174e-06,0.020998121573139995,0.019986783605411028,0.0006532376883883259,0.00011243233107010797,4.823465972903895e-05
0.503,67.63005600001101,10366505.000000061,0.915900000000149,0.171300000000001,3426.000000000175,6.523901353446567e-06,0.021005019742340047,0.01999381432098799,0.0006503324951936468,0.0001287114201516656,5.66906307845004e-05
0.5035000000000001,67.618980000011,10354401.666666726,0.9157500000001491,0.17110000000000097,3422.0000000001733,6.53045749786707e-06,0.021013850520333607,0.020003764327799788,0.0006503488600575683,0.00011695207698747134,7.62577058601471e-05
0.504,67.611596000011,10351375.833333392,0.915650000000149,0.17105000000000095,3421.0000000001723,6.5316530950686625e-06,0.02101462654361924,0.020005089394948977,0.0006562000937005973,0.00013276498159366465,0.00010109580324896008
0.5045000000000001,67.600520000011,10342298.33333339,0.915500000000149,0.1709000000000009,3418.0000000001714,6.5363150260453684e-06,0.021020402753886048,0.02001133269921338,0.000654692106731688,0.0001223442924354198,6.095927118360288e-05
0.505,67.589444000011,10324143.333333386,0.9153500000001489,0.17060000000000086,3412.0000000001687,6.546736307097376e-06,0.02103542967010925,0.020027484794672798,0.0006533431753743911,0.0001368832179041192,5.7604622685988004e-05
0.5055000000000001,67.578368000011,10312040.00000005,0.9152000000001489,0.17040000000000083,3408.0000000001664,6.55334618562483e-06,0.021044321628041096,0.020036551787359972,0.0006539270446705366,0.00013213920183528414,9.2722534984e-05
0.506,67.574676000011,10302962.500000048,0.9151500000001489,0.1702500000000008,3405.0000000001655,6.5587617153814426e-06,0.021052439975426634,0.020045074224446204,0.0006569964197229517,0.00014211169554430777,5.281054435410966e-06
0.5065000000000001,67.563600000011,10299936.666666714,0.9150000000001488,0.17020000000000077,3404.0000000001646,6.5596131497259055e-06,0.021052080893873372,0.020045666047585727,0.0006567328502658778,0.00012914790544671278,5.0531087062128856e-05
0.507,67.55990800001099,10296910.83333338,0.9149500000001488,0.17015000000000077,3403.0000000001646,6.561182192750918e-06,0.021054023270513908,0.02004702853274337,0.000657702418764044,0.00013617892070190034,5.466883090365802e-05
0.5075000000000001,67.54514000001099,10287833.333333379,0.9147500000001487,0.17000000000000073,3400.0000000001633,6.565535989114393e-06,0.021058705491988967,0.020053007137484438,0.0006549865123238993,0.00013502255108786238,9.23572073467628e-05
0.508,67.54144800001099,10275730.000000043,0.9147000000001487,0.1698000000000007,3396.000000000161,6.572909953843737e-06,0.021069952140633647,0.0200647195870786,0.0006573047244731841,0.00012327676713732506,2.80792935893817e-05
0.5085000000000001,67.52668000001098,10266652.500000041,0.9145000000001487,0.16965000000000066,3393.00000000016,6.577283101771557e-06,0.02107465581039088,0.02006994225668632,0.0006558556400613309,0.00013999486186451053,8.658650066290794e-05
0.509,67.51191200001098,10251523.333333371,0.9143000000001487,0.1694000000000006,3388.0000000001573,6.585549269589274e-06,0.02108558860382275,0.02008161656848472,0.0006603648445747913,0.00014743751370435555,8.869328341598748e-05
0.5095000000000001,67.50083600001098,10230342.500000034,0.9141500000001487,0.16905000000000053,3381.0000000001546,6.598101285466323e-06,0.021103942125819248,0.020100279909037868,0.000657765393370169,0.00013337682694017366,7.419904305902715e-05
0.51,67.49345200001098,10221265.000000032,0.9140500000001486,0.16890000000000052,3378.000000000153,6.6032386402280705e-06,0.02111100161656692,0.02010836276648217,0.0006595232877030254,0.00013125698095057295,6.603191804935127e-05
0.5105000000000001,67.47868400001097,10215213.333333364,0.9138500000001486,0.16880000000000048,3376.0000000001523,6.6057048245699e-06,0.021112633350063668,0.02011063368875542,0.0006588705703651393,0.0001265174905181377,6.135917385569684e-05
0.511,67.46760800001097,10194032.500000026,0.9137000000001485,0.1684500000000004,3369.000000000149,6.61834342788399e-06,0.02113108645838003,0.020129591509119537,0.0006610644019894486,0.00013513612680722694,7.973286667820913e-05
0.5115000000000001,67.45653200001097,10175877.500000022,0.9135500000001485,0.16815000000000035,3363.0000000001464,6.629062898999209e-06,0.021146456097322745,0.02014632482177999,0.0006622496131738782,0.00013476278109231173,4.0098096746092455e-05
0.512,67.44545600001096,10175877.500000022,0.9134000000001484,0.16815000000000035,3363.0000000001464,6.627974442500002e-06,0.021142983966210255,0.02014342534254973,0.000660277990326119,0.00012926031148694888,4.879358725658801e-05
0.5125,67.44176400001096,10169825.833333354,0.9133500000001484,0.16805000000000034,3361.000000000145,6.631555456825915e-06,0.021148115978906805,0.020148790854525613,0.0006661233418677198,0.00013861460445813942,7.954859261131816e-05
0.513,67.43068800001096,10166800.00000002,0.9132000000001483,0.16800000000000032,3360.000000000145,6.632439705709842e-06,0.021147789097604053,0.020148375013556517,0.0006625938046991524,0.00011651954345701553,6.132702462236178e-05
0.5135,67.41961200001096,10154696.666666685,0.9130500000001484,0.16780000000000028,3356.0000000001432,6.6392541513641966e-06,0.02115691254008125,0.020158069568563662,0.0006617176824564314,0.00012771627910155046,8.102773088084083e-05
0.514,67.40115200001095,10145619.166666683,0.9128000000001483,0.16765000000000024,3353.000000000142,6.643374927915358e-06,0.021160579664283193,0.02016201206968683,0.0006628208394067349,0.00012141108349100038,2.107261257341945e-05
0.5145,67.38638400001095,10142593.333333349,0.9126000000001483,0.16760000000000025,3352.0000000001414,6.643900803806013e-06,0.0211590987355612,0.020161383570733032,0.0006629933811867568,0.00013425161544708145,6.643853337968776e-05
0.515,67.38269200001095,10130490.000000013,0.9125500000001482,0.16740000000000022,3348.0000000001396,6.651474114283797e-06,0.021170574812044526,0.020172877051069443,0.00066580418760264,0.0001282890672711319,5.4428623605219514e-05
0.5155,67.37161600001095,10112335.00000001,0.9124000000001482,0.16710000000000014,3342.000000000137,6.662320423523438e-06,0.021186087332605748,0.02018942370625461,0.0006675184060634667,0.00013849890779392605,5.8649978790816735e-05
0.516,67.35684800001094,10103257.500000007,0.9122000000001481,0.1669500000000001,3339.0000000001355,6.6668446290724445e-06,0.021190956618221894,0.020195535397621103,0.0006659621172181558,0.0001232991485328303,8.267506304095514e-05
0.5165,67.33838800001094,10097205.83333334,0.911950000000148,0.16685000000000008,3337.000000000134,6.669012112015236e-06,0.021191496569937546,0.020196772879833114,0.0006673732963757082,0.00013931010139700802,5.7793671565385076e-05
0.517,67.33100400001094,10091154.166666672,0.911850000000148,0.16675000000000006,3335.0000000001332,6.672279789602286e-06,0.021195525424113567,0.02020112178172383,0.0006620793157408766,0.000126275120822363,4.9077296781965815e-05
0.5175,67.32731200001093,10088128.333333338,0.911800000000148,0.16670000000000007,3334.000000000133,6.673915098556694e-06,0.021197541473018684,0.020202547075939648,0.0006658183833509508,0.00012209190755761438,7.399887494429024e-05
0.518,67.32362000001093,10076025.000000002,0.911750000000148,0.1665,3330.000000000131,6.6815653990547785e-06,0.021209105782843546,0.020214605179657393,0.0006661805776628259,0.00013762183133875764,7.963187682883913e-05
0.5185,67.31254400001093,10072999.166666668,0.911600000000148,0.16645000000000001,3329.000000000131,6.6824729046697455e-06,0.02120880122672126,0.020214571583641063,0.0006683481130043288,0.000136125832276798,7.134932313773749e-05
0.519,67.30516000001093,10060895.833333332,0.911500000000148,0.16624999999999995,3325.0000000001287,6.689778039150185e-06,0.021219226594704224,0.020226240130328553,0.0006684812224022695,0.00012760324919410405,5.7201486744972714e-05
0.5195,67.30146800001093,10057869.999999998,0.911450000000148,0.16619999999999996,3324.0000000001287,6.691423532021287e-06,0.021221254021394628,0.02022867742421671,0.000670033664372202,0.00014359577022754022,6.574752383177733e-05
0.52,67.28670000001092,10042740.833333328,0.9112500000001479,0.1659499999999999,3319.000000000126,6.7000334984924145e-06,0.021232572551812018,0.02024044040994493,0.0006704110785890577,0.00014855791948875982,8.212629995520895e-05
0.5205,67.27562400001092,10033663.333333327,0.9111000000001479,0.16579999999999986,3316.000000000125,6.704991164743515e-06,0.02123867831014056,0.020247454914812165,0.0006731002132414425,0.00012835522116083503,7.24087639248934e-05
0.521,67.26824000001092,10021559.99999999,0.9110000000001478,0.16559999999999983,3312.000000000123,6.712352168725327e-06,0.021249167192576753,0.02025818926588895,0.0006718107353576168,0.0001467835204414728,6.436726480125594e-05
0.5215,67.26085600001092,10009456.666666655,0.9109000000001478,0.1653999999999998,3308.0000000001214,6.719730974409633e-06,0.021259676504116504,0.02026926313498844,0.000672209686225533,0.00011674323273994646,3.0213753730607232e-05
0.522,67.24978000001092,10000379.166666653,0.9107500000001478,0.16524999999999976,3305.00000000012,6.724723020919891e-06,0.021265820698577485,0.02027613405361237,0.0006732790135467832,0.00013652551015559954,6.546166533634399e-05
0.5225,67.24608800001091,9979198.333333315,0.9107000000001477,0.16489999999999969,3298.000000000117,6.738626265738216e-06,0.021287208295197552,0.020299013171401682,0.0006746875009778541,0.00012695843689811611,5.831968796637111e-05
0.523,67.23132000001091,9967094.99999998,0.9105000000001477,0.16469999999999965,3294.000000000115,6.745327500140317e-06,0.02129545143904319,0.020307037805185054,0.0006762387456980593,0.00014107662955749865,8.676989342248638e-05
0.5235,67.22024400001091,9951965.83333331,0.9103500000001477,0.1644499999999996,3289.000000000113,6.754468928627358e-06,0.021308121156869173,0.02032052710084961,0.0006745259569515253,0.00012753115086812857,5.587817813428591e-05
0.524,67.22024400001091,9933810.833333306,0.9103500000001477,0.16414999999999955,3283.00000000011,6.766813373821318e-06,0.0213275835504898,0.0203416147268173,0.0006756774264561172,0.0001313778807714611,4.52434508464483e-05
0.5245,67.2017840000109,9927759.166666638,0.9101000000001476,0.1640499999999995,3281.0000000001087,6.7690787892646564e-06,0.021328224123912005,0.02034211435255492,0.0006759207895371591,0.00013141398453417777,5.558238191285813e-05
0.525,67.1944000000109,9909604.166666634,0.9100000000001476,0.16374999999999945,3275.000000000106,6.780735019269046e-06,0.021345406796982776,0.020360174815631994,0.0006761664161426274,0.00013281003147993736,4.316740579974202e-05
0.5255,67.1796320000109,9900526.666666633,0.9098000000001475,0.1635999999999994,3272.000000000105,6.785460436785968e-06,0.021350496576427534,0.02036641004269497,0.0006779038367547162,0.00013545721767614774,6.432543764675809e-05
0.526,67.1648640000109,9885397.499999963,0.9096000000001475,0.16334999999999938,3267.0000000001023,6.794351365234544e-06,0.021362131257901852,0.02037867090452491,0.0006777206038946006,0.0001430942976528677,8.176536859327817e-05
0.5265,67.1611720000109,9879345.833333295,0.9095500000001475,0.16324999999999934,3265.000000000102,6.79813958667248e-06,0.02136749839005561,0.02038382748588808,0.0006819188670581129,0.00014170948422005176,7.359120587850944e-05
0.527,67.15748000001089,9873294.166666627,0.9095000000001475,0.16314999999999932,3263.000000000101,6.801932451961398e-06,0.0213728708154582,0.02038989750518059,0.000678183254309187,0.00013020553822021963,3.565473413423154e-05
0.5275,67.15378800001089,9858164.999999957,0.9094500000001474,0.16289999999999927,3258.000000000098,6.811996755989698e-06,0.021388088911444114,0.02040560908847589,0.0006812375297488838,0.0001223828604021886,4.10891920320134e-05
0.528,67.14640400001089,9846061.666666621,0.9093500000001474,0.16269999999999923,3254.000000000097,6.819620501396196e-06,0.021398877362967125,0.020417080401281,0.0006795216865659618,0.00012597278488001547,7.10269632503403e-05
0.5285,67.13163600001089,9836984.16666662,0.9091500000001473,0.1625499999999992,3251.000000000095,6.824412326238322e-06,0.021404039853129078,0.020422761112632595,0.0006844681365780296,0.00014596018860262464,6.412896721630076e-05
0.529,67.12056000001088,9818829.166666616,0.9090000000001474,0.16224999999999914,3245.0000000000923,6.835902617378725e-06,0.021420283991594152,0.02043995397267737,0.0006824045122406198,0.0001374523558968185,7.39473069429172e-05
0.5295,67.11317600001088,9812777.499999948,0.9089000000001474,0.16214999999999913,3243.0000000000914,6.839365918570072e-06,0.021424530850826233,0.020445150952850252,0.0006840546717724176,0.00013503479756189274,6.435004827327677e-05
0.53,67.10210000001088,9809751.666666614,0.9087500000001473,0.1620999999999991,3242.000000000091,6.840346451177025e-06,0.021424298472295655,0.020444609490395553,0.0006832793370326635,0.00013006556050000793,2.2640286249636265e-05
0.5305,67.09840800001088,9797648.333333278,0.9087000000001473,0.16189999999999907,3238.000000000089,6.848419714323753e-06,0.021436347897103282,0.02045756853969784,0.0006844144125018795,0.00013152534290335319,9.57186729331636e-05
0.531,67.07256400001087,9782519.166666608,0.9083500000001472,0.16164999999999902,3233.000000000087,6.856369290699364e-06,0.02144465474283348,0.02046730132686664,0.0006857207934828588,0.00014665778673182619,7.539399244013074e-05
0.5315,67.06518000001087,9764364.166666605,0.9082500000001471,0.16134999999999897,3227.000000000084,6.8683612015369794e-06,0.02146221856457206,0.02048581871063917,0.0006861190486493519,0.00012047049201486,3.9201888639233846e-05
0.532,67.05410400001087,9755286.666666603,0.9081000000001471,0.16119999999999893,3224.000000000083,6.873616972131826e-06,0.021468655554124763,0.02049234735780282,0.000687397946054203,0.00014506139549719482,6.436918688849767e-05
0.5325,67.04672000001086,9743183.333333267,0.9080000000001471,0.1609999999999989,3220.0000000000814,6.8813977635657735e-06,0.02147962035920874,0.020504143925772673,0.000690811001392722,0.00014275668570856953,9.609700717718215e-05
0.533,67.03933600001086,9731079.999999931,0.907900000000147,0.16079999999999886,3216.000000000079,6.889197910202294e-06,0.02149060708489052,0.02051596620027491,0.0006863127602194958,0.00013913792689796214,8.161075773621313e-05
0.5335,67.03195200001086,9722002.49999993,0.907800000000147,0.16064999999999882,3213.0000000000778,6.894870886940355e-06,0.02149826951485776,0.02052328669003362,0.0006911900788753841,0.00012609094665300472,6.782234120305187e-05
0.534,67.01349200001086,9718976.666666595,0.907550000000147,0.1605999999999988,3212.0000000000773,6.895118107428802e-06,0.021495694455849142,0.020521652807371397,0.0006889075970709504,0.00013375595827438586,7.120096115662081e-05
0.5345,67.01349200001086,9712924.999999927,0.907550000000147,0.16049999999999878,3210.0000000000764,6.899414131171749e-06,0.021502389875778675,0.02052861811577411,0.0006905910844378542,0.00013478473094315536,6.308995424963502e-05
0.535,67.00610800001085,9706873.33333326,0.907450000000147,0.16039999999999877,3208.0000000000755,6.902954813463247e-06,0.02150672154150075,0.020533160611479567,0.0006931136235825711,0.0001387008829553045,7.246467854919363e-05
0.5355,66.99503200001085,9703847.499999925,0.9073000000001469,0.16034999999999874,3207.000000000075,6.90396587539235e-06,0.021506518786613447,0.02053345615067021,0.0006887035403372135,0.00013696567562393626,7.858701420838859e-05
0.536,66.98395600001085,9688718.333333256,0.9071500000001469,0.16009999999999872,3202.0000000000728,6.913603398868345e-06,0.02151974531989651,0.02054723095491768,0.0006909442549674405,0.00013725951886031846,7.017965643995302e-05
0.5365,66.96918800001085,9670563.333333252,0.9069500000001468,0.15979999999999864,3196.0000000000696,6.925055520724033e-06,0.021535186893598113,0.020563761019786395,0.0006911609291070697,0.00013390998865941606,8.132260617554542e-05
0.537,66.96180400001084,9655434.166666582,0.9068500000001468,0.15954999999999858,3191.0000000000673,6.935141687484424e-06,0.02154967574873003,0.02057910114880649,0.0006955833000053551,0.00012004765705752373,5.821317528517263e-05
0.5375,66.96180400001084,9655434.166666582,0.9068500000001468,0.15954999999999858,3191.0000000000673,6.935141687484424e-06,0.02154967574873003,0.02057910114880649,0.0006955833000053551,0.00012004765705752373,5.821317528517263e-05
0.538,66.94703600001084,9643330.833333246,0.9066500000001467,0.15934999999999855,3187.000000000066,6.94231455469732e-06,0.02155843934265306,0.02058824864317184,0.0006944544255009174,0.00014147130726061046,5.971925536105138e-05
0.5385,66.94703600001084,9637279.166666579,0.9066500000001467,0.15924999999999853,3185.000000000065,6.946673935893364e-06,0.021565207005642125,0.020595279234277255,0.0006912544977421295,0.00013977283247504983,8.109487791309886e-05
0.539,66.93596000001084,9628201.666666577,0.9065000000001467,0.1590999999999985,3182.0000000000637,6.952072912197843e-06,0.021571800944457438,0.020603128169973967,0.0006969730564613133,0.0001365533003904606,6.402618399702389e-05
0.5395,66.90642400001083,9619124.166666575,0.9061000000001467,0.15894999999999848,3179.0000000000623,6.955562984815558e-06,0.02157245390012558,0.020604020844792462,0.0006956802323255728,0.0001372837602097985,5.4574695548091585e-05
0.54,66.88796400001083,9607020.833333239,0.9058500000001466,0.15874999999999842,3175.00000000006,6.9624043874175165e-06,0.021580082790233067,0.020613089370752367,0.0006986372942863632,0.00014165722205443645,5.597886207432584e-05
0.5405,66.87688800001082,9591891.66666657,0.9057000000001465,0.15849999999999836,3170.000000000058,6.9722313725059275e-06,0.021593518771454167,0.02062656834221088,0.00069666832729464,0.00013388084813624075,4.9014554409306165e-05
0.541,66.86212000001082,9582814.166666567,0.9055000000001465,0.15834999999999835,3167.000000000057,6.977294856931276e-06,0.021598973146754057,0.020633290814114563,0.0006952242147048925,0.00013242647981685478,4.6832075253438885e-05
0.5415,66.85104400001082,9570710.833333232,0.9053500000001464,0.1581499999999983,3163.000000000055,6.984961218050752e-06,0.02160904584929709,0.020644141715146336,0.0006987122784990564,0.00014053040803768473,6.867119859097044e-05
0.542,66.83627600001081,9555581.666666562,0.9051500000001463,0.15789999999999826,3158.0000000000528,6.994474887191924e-06,0.021621368229330595,0.02065645426311722,0.0006967609236599402,0.0001272510296447351,7.583244332104569e-05
0.5425,66.82520000001081,9549529.999999894,0.9050000000001464,0.15779999999999822,3156.000000000052,6.997747533125877e-06,0.02162463381629136,0.02066062223851881,0.0007020721835961425,0.00012946217141942277,6.89564899120881e-05
0.543,66.82150800001081,9534400.833333224,0.9049500000001464,0.1575499999999982,3151.0000000000496,7.008464314442927e-06,0.021640588258524145,0.020676999653080112,0.0006992172980940158,0.00014192722920444083,7.343671330215408e-05
0.5435,66.82150800001081,9522297.499999888,0.9049500000001464,0.15734999999999813,3147.0000000000477,7.017372435592523e-06,0.021654337013563448,0.020691556762383843,0.0007009722599722501,0.00014043058255843013,7.154502883845633e-05
0.544,66.81781600001081,9510194.166666552,0.9049000000001464,0.1571499999999981,3143.0000000000455,7.0259150159319335e-06,0.021666914808827556,0.020704984331694334,0.0007009385091031136,0.00013372548127700188,3.640065111722541e-05
0.5445,66.7993560000108,9498090.833333217,0.9046500000001463,0.15694999999999806,3139.000000000044,7.032924528956999e-06,0.021674725557694556,0.02071311341959892,0.000704447975371297,0.0001470183678097005,6.491400344698668e-05
0.545,66.7919720000108,9482961.666666547,0.9045500000001463,0.156699999999998,3134.000000000042,7.043366233862414e-06,0.021689610780354113,0.020728968419211537,0.0007046920782967171,0.00014204572565409984,6.8567344619124e-05
0.5455,66.7698200000108,9470858.333333211,0.9042500000001462,0.15649999999999797,3130.00000000004,7.050028376521134e-06,0.021696267408919407,0.020736967858571057,0.0007074192021849554,0.0001440317357670129,6.030285409603453e-05
0.546,66.7661280000108,9461780.83333321,0.9042000000001461,0.15634999999999794,3127.000000000038,7.056401873609064e-06,0.02170547218004817,0.020745679202728688,0.0007057349580796734,0.00013220188500383785,8.91477598404023e-05
0.5465,66.7661280000108,9452703.333333207,0.9042000000001461,0.1561999999999979,3124.0000000000373,7.0631781878282815e-06,0.021715891616056218,0.0207572165025989,0.0007046142005713488,0.00014230437593719595,4.702589488388151e-05
0.547,66.7587440000108,9440599.999999871,0.9041000000001461,0.15599999999999786,3120.0000000000355,7.071451390802671e-06,0.021727404362631077,0.020769504729674537,0.0007052742368600318,0.00014028104070872363,7.808484468596049e-05
0.5475,66.75136000001079,9431522.49999987,0.9040000000001461,0.15584999999999782,3117.000000000034,7.077474501069336e-06,0.021735453382689604,0.020777814442182355,0.0007097940077723741,0.00015521182562905963,7.056963369273088e-05
0.548,66.73659200001079,9416393.3333332,0.903800000000146,0.15559999999999777,3112.000000000032,7.087277436018858e-06,0.02174809475038719,0.020790987027294604,0.0007071051683173966,0.00014101988152793394,7.625320710422791e-05
0.5485,66.72920800001079,9416393.3333332,0.903700000000146,0.15559999999999777,3112.000000000032,7.086493271664352e-06,0.02174568845782613,0.02078879851738094,0.0007111811847754527,0.0001411391352063806,8.89879538936038e-05
0.549,66.72182400001078,9410341.666666532,0.903600000000146,0.15549999999999775,3110.0000000000305,7.090265833423874e-06,0.021750272434247757,0.020794429186157013,0.0007060197901960976,0.00014259476709413947,7.647617052303407e-05
0.5495,66.70705600001078,9401264.16666653,0.903400000000146,0.15534999999999774,3107.0000000000296,7.095541069522308e-06,0.02175595403608909,0.020800727479865888,0.000707747132619322,0.0001396596764258089,6.690350081515197e-05
0.55,66.70336400001078,9398238.333333196,0.903350000000146,0.15529999999999772,3106.000000000029,7.09743269261758e-06,0.021758251684054524,0.020802214183361475,0.0007107906686863652,0.00015029409682089918,9.130238349539705e-05
0.5505,66.69967200001078,9374031.666666524,0.9033000000001459,0.15489999999999765,3098.0000000000255,7.1153666183133e-06,0.021785120930786706,0.02083114424780116,0.0007122354596218645,0.00013694136591390938,7.028813729556968e-05
0.551,66.69598000001078,9367979.999999857,0.9032500000001459,0.1547999999999976,3096.0000000000246,7.119568999935076e-06,0.02179095006479336,0.02083728932945414,0.0007105010330234419,0.0001472274446577461,7.473454091970704e-05
0.5515,66.68490400001077,9355876.66666652,0.9031000000001459,0.15459999999999757,3092.0000000000223,7.12759545426655e-06,0.02180141943467488,0.020847907685821263,0.0007140527640803431,0.00014261219972077735,7.12829818462306e-05
0.552,66.68121200001077,9346799.166666519,0.9030500000001459,0.15444999999999753,3089.0000000000214,7.13412268852592e-06,0.021810795862954625,0.020858040785674617,0.0007111367994819211,0.00013261906868759963,7.961410739032406e-05
0.5525,66.67382800001077,9346799.166666519,0.9029500000001458,0.15444999999999753,3089.0000000000214,7.1333326854598074e-06,0.021808380628843275,0.020855454483409485,0.0007121538253080004,0.00015092044166967764,8.125941787104497e-05
0.553,66.66644400001077,9340747.499999851,0.9028500000001458,0.15434999999999752,3087.0000000000205,7.137163701300333e-06,0.021813028038777278,0.020860790493800394,0.0007114123965921958,0.00014480116303891078,7.091651803331649e-05
0.5535,66.65906000001077,9331669.99999985,0.9027500000001458,0.1541999999999975,3084.000000000019,7.143315183671502e-06,0.021821217693181724,0.020869603111323264,0.0007144969264013405,0.0001406355473166592,5.031241202227544e-05
0.554,66.64429200001076,9322592.499999847,0.9025500000001457,0.15404999999999747,3081.0000000000177,7.148686591204309e-06,0.021827002115496767,0.02087587659219338,0.0007136095107753063,0.0001481048684733636,7.780735952733466e-05
0.5545,66.64060000001076,9310489.166666511,0.9025000000001457,0.15384999999999743,3077.0000000000155,7.157583109445847e-06,0.021839974700620116,0.02088946825112576,0.000715732604788267,0.0001365051311482096,7.107051224260205e-05
0.555,66.62952400001076,9307463.333333177,0.9023500000001456,0.1537999999999974,3076.0000000000155,7.158720009284149e-06,0.021839893966585724,0.020889373256853104,0.0007173631811282121,0.00014796933679364415,8.283881624869652e-05
0.5555,66.61106400001076,9298385.833333176,0.9021000000001457,0.15364999999999737,3073.0000000000136,7.1637233810218015e-06,0.021844498097753556,0.02089512236229946,0.000717130214187935,0.00015087004933663577,9.497333405264472e-05
0.556,66.60368000001075,9286282.49999984,0.9020000000001456,0.15344999999999734,3069.0000000000123,7.172265112547664e-06,0.02185630591772991,0.020906588355311236,0.0007181992203728171,0.00014202705890686945,5.511385303844529e-05
0.5565,66.59260400001075,9277204.999999838,0.9018500000001456,0.1532999999999973,3066.000000000011,7.178089090411596e-06,0.0218633597725376,0.020914108864005628,0.0007191274354053657,0.0001407562797542175,8.331446197762995e-05
0.557,66.57414400001075,9259049.999999834,0.9016000000001455,0.15299999999999725,3060.000000000008,7.190170049844416e-06,0.02187871726173471,0.020930954120596684,0.0007172200706377568,0.00013969242171690133,5.9319364031506056e-05
0.5575,66.55568400001074,9240894.99999983,0.9013500000001454,0.1526999999999972,3054.0000000000055,7.20229847866597e-06,0.021894125942849466,0.020947557888321172,0.0007179673470957352,0.00014965681526629565,5.4356591942899095e-05
0.558,66.53722400001074,9234843.333333163,0.9011000000001453,0.15259999999999715,3052.000000000004,7.205019251365603e-06,0.021895223873755146,0.02094967601190449,0.0007213177407756348,0.0001398339364843961,9.120422138123457e-05
0.5585,66.52245600001073,9216688.333333159,0.9009000000001454,0.1522999999999971,3046.0000000000014,7.217609361859944e-06,0.021911913336414884,0.02096700555282551,0.00072335335601245,0.00014154163666328223,8.451116463163931e-05
0.559,66.49292000001073,9207610.833333157,0.9005000000001452,0.15214999999999707,3043.0,7.221517199586103e-06,0.021912978108054225,0.02096869374371484,0.0007217449351365305,0.00013932230361105187,6.163957762673526e-05
0.5595,66.48184400001072,9204584.999999823,0.9003500000001452,0.15209999999999707,3042.0,7.222687823515347e-06,0.0219129288119193,0.020969168343704266,0.0007236431758049388,0.00014649186334887284,7.94818327169211e-05
0.56,66.47446000001072,9201559.16666649,0.9002500000001452,0.15204999999999705,3040.999999999999,7.224260453687098e-06,0.02191409720113155,0.020970061027787815,0.0007205457445386153,0.0001512570366984174,7.489283397796315e-05
0.5605,66.44861600001072,9192481.666666487,0.8999000000001451,0.151899999999997,3037.999999999998,7.228582923473732e-06,0.021916390522892334,0.020973708006037286,0.0007226224646254169,0.00014399249790096721,7.728003141273914e-05
0.561,66.43384800001071,9183404.166666485,0.899700000000145,0.151749999999997,3034.9999999999964,7.234120027206181e-06,0.021922346393682332,0.020980692092858823,0.0007229739969358593,0.00014098518855874934,5.9905098972265384e-05
0.5615,66.43015600001071,9165249.166666482,0.8996500000001451,0.15144999999999692,3028.999999999994,7.248046920711508e-06,0.02194282854049407,0.02100152437542221,0.0007230072309645238,0.00014305478703963002,5.882297577261868e-05
0.562,66.41908000001071,9156171.66666648,0.899500000000145,0.1512999999999969,3025.9999999999923,7.254023015078762e-06,0.021950042596054018,0.021009730459150243,0.0007239492826490334,0.00014400537169533857,5.828180835335522e-05
0.5625,66.3858520000107,9147094.166666478,0.8990500000001449,0.15114999999999687,3022.999999999991,7.257589217997964e-06,0.021949944832467195,0.021009556922123612,0.0007273904586704134,0.00015098200840525376,6.936094883667363e-05
0.5630000000000001,66.3821600000107,9144068.333333144,0.8990000000001449,0.15109999999999685,3021.999999999991,7.259587043769767e-06,0.02195235528471801,0.021012165718758538,0.0007217214314712683,0.00014431214089621834,7.940173436707527e-05
0.5635,66.3710840000107,9134990.833333142,0.8988500000001448,0.15094999999999684,3018.999999999989,7.265588462095201e-06,0.02195959503860309,0.021020465582887473,0.0007244086104407906,0.00015165336752750042,7.548856774252994e-05
0.5640000000000001,66.3637000000107,9116835.833333138,0.8987500000001448,0.15064999999999676,3012.9999999999864,7.279247012145436e-06,0.021979003453632025,0.02104074065699535,0.0007275188012071795,0.00014303290742471368,7.613127517135663e-05
0.5645,66.34893200001069,9101706.666666469,0.8985500000001447,0.1503999999999967,3007.9999999999845,7.289724271493273e-06,0.021992367874144204,0.02105460934573318,0.000726450673871001,0.00014031819346194008,3.6501567253219645e-05
0.5650000000000001,66.33416400001069,9092629.166666467,0.8983500000001448,0.1502499999999967,3004.9999999999827,7.295377693746865e-06,0.02199844548040408,0.021061728216277147,0.0007292395176634213,0.00013659387426482217,7.058964415329188e-05
0.5655,66.32308800001069,9083551.666666465,0.8982000000001447,0.15009999999999665,3001.9999999999814,7.3014488642579955e-06,0.022005759631525096,0.02106964414489121,0.0007308046849773776,0.00014774611606111689,6.804819572449816e-05
0.5660000000000001,66.30832000001068,9074474.166666463,0.8980000000001446,0.1499499999999966,2998.99999999998,7.3071253256285655e-06,0.02201186098986911,0.021076233593968343,0.0007313232220337918,0.0001309553411995321,7.309231939021887e-05
0.5665,66.28616800001068,9059344.999999793,0.8977000000001445,0.14969999999999656,2993.9999999999777,7.316883063843157e-06,0.02202287349761793,0.02108825063316597,0.000731587273165685,0.00015293445670989993,8.169939375682884e-05
0.5670000000000001,66.27878400001067,9044215.833333123,0.8976000000001445,0.14944999999999653,2988.9999999999754,7.328306314377786e-06,0.022038830386693818,0.02110486464241107,0.0007318236869547234,0.0001425617599553913,7.529547344337865e-05
0.5675,66.27509200001067,9041189.99999979,0.8975500000001445,0.1493999999999965,2987.999999999975,7.330350540140426e-06,0.022041290102253076,0.021107444626536045,0.0007348952890963524,0.00014614427269841614,7.669181195234103e-05
0.5680000000000001,66.26770800001067,9032112.499999788,0.8974500000001445,0.14924999999999647,2984.999999999974,7.336900199151885e-06,0.022049906370878995,0.021116725416204518,0.0007342787501110005,0.00014629308496575142,6.11981656373231e-05
0.5685,66.26032400001067,9020009.166666452,0.8973500000001444,0.14904999999999644,2980.999999999972,7.345926459240913e-06,0.022062236409732136,0.02112957999602002,0.0007315294977640697,0.00014730194981189208,4.034651476546687e-05
0.5690000000000001,66.24555600001067,8998828.333333114,0.8971500000001444,0.14869999999999636,2973.9999999999686,7.361575701430643e-06,0.022083262411141554,0.021152502123007014,0.0007360833909758326,0.00014208800853590274,8.898887557324482e-05
0.5695,66.23078800001066,8995802.49999978,0.8969500000001444,0.14864999999999637,2972.999999999968,7.362410190754219e-06,0.02208205225600334,0.021151661255428802,0.0007370422541671488,0.00014570022022359974,7.171570376488663e-05
0.5700000000000001,66.20863600001066,8989750.833333112,0.8966500000001443,0.14854999999999632,2970.9999999999673,7.364902234499709e-06,0.022082095329254786,0.021152101280097996,0.0007362426875695046,0.0001492248483756411,7.294109176327911e-05
0.5705,66.20125200001065,8986724.999999778,0.8965500000001443,0.14849999999999633,2969.999999999967,7.366560343174214e-06,0.022083349387472057,0.02115320444594666,0.0007383671116363337,0.00014621331941786013,8.970583650674242e-05
0.5710000000000001,66.19017600001065,8980673.33333311,0.8964000000001442,0.1483999999999963,2967.999999999966,7.370291017527152e-06,0.022087092636496858,0.021157404145193345,0.0007349307047015839,0.00014272681472660817,9.327019055280133e-05
0.5715,66.17910000001065,8974621.666666443,0.8962500000001442,0.1482999999999963,2965.999999999965,7.374026723133432e-06,0.022090840916062886,0.02116157986064064,0.0007373751677832033,0.00014802957616958493,7.747145232227465e-05
0.5720000000000001,66.17171600001065,8962518.333333107,0.8961500000001441,0.14809999999999623,2961.999999999963,7.38316102003462e-06,0.02210328554464933,0.0211746624954347,0.0007374131976821247,0.00015440791138048683,8.5347698311572e-05
0.5725,66.16433200001065,8950414.99999977,0.8960500000001441,0.1478999999999962,2957.999999999962,7.39232002091661e-06,0.022115757073083008,0.02118734574118518,0.0007382208278813646,0.0001429402602015983,7.23966412285586e-05
0.5730000000000001,66.16064000001064,8941337.499999769,0.8960000000001441,0.14774999999999616,2954.99999999996,7.3994120007227505e-06,0.022125745776107,0.021198255574232928,0.0007399078114537209,0.0001415021324353223,4.486263427646797e-05
0.5735,66.16064000001064,8941337.499999769,0.8960000000001441,0.14774999999999616,2954.99999999996,7.3994120007227505e-06,0.022125745776107,0.021198255574232928,0.0007399078114537209,0.0001415021324353223,4.486263427646797e-05
0.5740000000000001,66.14587200001064,8935285.833333101,0.895800000000144,0.14764999999999615,2952.9999999999595,7.402770681745103e-06,0.02212829667378183,0.021201494271932332,0.0007411555170682154,0.00014601928005604002,8.491028737538514e-05
0.5745,66.14218000001064,8917130.833333097,0.895750000000144,0.1473499999999961,2946.999999999956,7.417428457230299e-06,0.022149575055983084,0.021223417533210043,0.000742095293417503,0.00014197491720492733,6.036433095237312e-05
0.5750000000000001,66.13479600001064,8905027.499999762,0.895650000000144,0.14714999999999606,2942.9999999999545,7.426680714912156e-06,0.0221621478682496,0.021236510010980477,0.0007434669457735515,0.00014177146085564508,5.859573924539195e-05
0.5755,66.10526000001063,8902001.666666428,0.895250000000144,0.14709999999999604,2941.999999999954,7.425887174065803e-06,0.022156014697100452,0.021231308035856086,0.0007436843865636277,0.00015454172964339292,7.307289538774861e-05
0.5760000000000001,66.09787600001063,8895949.99999976,0.8951500000001439,0.14699999999999602,2939.9999999999527,7.430108757357271e-06,0.022161073776932265,0.021236222794861405,0.0007423958385499677,0.00014142313368997975,9.06834695425472e-05
0.5765,66.08680000001063,8886872.499999758,0.8950000000001439,0.14684999999999598,2936.999999999952,7.436451912639956e-06,0.022168673664798067,0.021244501322309678,0.0007456088052451865,0.00014888377890684144,7.521054734266602e-05
0.577,66.08310800001063,8886872.499999758,0.8949500000001439,0.14684999999999598,2936.999999999952,7.436036468399026e-06,0.0221674351926197,0.021244006427381886,0.000745433235498122,0.0001379910932754015,7.658239382378822e-05
0.5775,66.07941600001062,8871743.333333088,0.8949000000001438,0.14659999999999593,2931.9999999999495,7.448301141866418e-06,0.022185088859183588,0.02126190529149496,0.0007432693503712716,0.00015831731547372385,9.531335653024134e-05
0.578,66.06834000001062,8859639.999999752,0.8947500000001438,0.1463999999999959,2927.9999999999477,7.457226252986856e-06,0.022196516277288195,0.02127389426394278,0.0007456564853267888,0.00015125736569528234,6.634686404740963e-05
0.5785,66.05726400001062,8841484.999999749,0.8946000000001437,0.14609999999999584,2921.9999999999445,7.471286101827069e-06,0.022215568625501843,0.021293968134257556,0.000745035407198823,0.0001418988310544706,4.934077467267142e-05
0.579,66.04988000001062,8832407.499999747,0.8945000000001437,0.1459499999999958,2918.9999999999436,7.478128698207427e-06,0.02222449711323709,0.02130318213244476,0.0007482258820621424,0.00014383290265923166,4.924169169291401e-05
0.5795,66.04618800001062,8826355.833333079,0.8944500000001437,0.1458499999999958,2916.9999999999427,7.482837679236158e-06,0.022230872035340722,0.021310387385025848,0.0007482723809123156,0.00016090178237623427,8.68621463366506e-05
0.58,66.03880400001061,8820304.16666641,0.8943500000001438,0.14574999999999577,2914.9999999999413,7.487134542319264e-06,0.022236010806693494,0.02131555131354232,0.0007487772230679329,0.0001447138774178863,7.879418109875415e-05
0.5805,66.03511200001061,8817278.333333077,0.8943000000001436,0.14569999999999575,2913.9999999999413,7.489285185698368e-06,0.022238582495496647,0.021318129219369947,0.0007503585892143551,0.0001567426532862617,7.801427857518912e-05
0.581,66.02403600001061,8802149.166666407,0.8941500000001437,0.1454499999999957,2908.999999999939,7.500899467830259e-06,0.022253952867723106,0.0213352528114243,0.0007494336685788083,0.00015004176593445346,5.7997546626670896e-05
0.5815,65.9981920000106,8799123.333333073,0.8938000000001436,0.1453999999999957,2907.9999999999386,7.5005417585175215e-06,0.022249066439524377,0.02133009216785577,0.0007502457420948836,0.00015494427512439406,9.268282331022137e-05
0.582,65.9871160000106,8790045.833333071,0.8936500000001435,0.14524999999999566,2904.9999999999372,7.5070275230850695e-06,0.022256815953974194,0.02133840238673158,0.000749923456797576,0.00015804797400428513,7.584697192490918e-05
0.5825,65.9686560000106,8780968.33333307,0.8934000000001435,0.14509999999999562,2901.9999999999354,7.512685787692653e-06,0.0222620875761047,0.02134465561975744,0.0007520394182803683,0.00015773782260216127,8.098856921569998e-05
0.583,65.9538880000106,8762813.333333066,0.8932000000001434,0.14479999999999557,2895.9999999999327,7.52656544093289e-06,0.02228014831037669,0.021363724159547112,0.00075115883576345,0.00015732130272981697,9.03541520341645e-05
0.5835,65.93912000001059,8756761.666666398,0.8930000000001433,0.14469999999999555,2893.999999999932,7.5300804692464446e-06,0.022282855143949086,0.02136669072731404,0.0007526490273364557,0.00014077069626033598,6.25877374291638e-05
0.584,65.92804400001059,8750709.99999973,0.8928500000001434,0.14459999999999554,2891.999999999931,7.534022267908847e-06,0.022286814582053196,0.021371332991144784,0.0007550740593137767,0.00014623507207420534,7.199438400444588e-05
0.5845,65.92435200001059,8741632.499999728,0.8928000000001434,0.1444499999999955,2888.99999999993,7.5414234126191685e-06,0.022297134386257328,0.021382248551082714,0.0007542726785069672,0.00015280125011938578,7.427119933205098e-05
0.585,65.91327600001058,8732554.999999726,0.8926500000001433,0.14429999999999546,2885.9999999999286,7.547994372782381e-06,0.022304972194592765,0.02139109431778354,0.0007559588192593383,0.0001557429397372207,8.099556696163428e-05
0.5855,65.90220000001058,8726503.333333058,0.8925000000001433,0.14419999999999544,2883.9999999999277,7.55195952865573e-06,0.022308955475533018,0.02139454848540656,0.0007540281242658992,0.0001534818718774731,9.068462383396283e-05
0.586,65.86897200001057,8717425.833333056,0.8920500000001431,0.1440499999999954,2880.999999999926,7.556011746970718e-06,0.022309313585128724,0.021395658965827034,0.0007536866607104161,0.00015925433194544192,8.699864599108649e-05
0.5865,65.84312800001057,8711374.166666389,0.891700000000143,0.1439499999999954,2878.9999999999254,7.558294103811521e-06,0.02230830500776996,0.02139599363065236,0.0007540531865674407,0.0001393016107277342,5.5580965238017416e-05
0.587,65.82466800001056,8708348.333333055,0.891450000000143,0.1438999999999954,2877.999999999925,7.558800530297192e-06,0.022305924812395846,0.021393742176326617,0.0007545338440259377,0.00015528431881593367,5.710021505453113e-05
0.5875,65.80990000001056,8702296.666666387,0.891250000000143,0.14379999999999535,2875.999999999924,7.562359974705452e-06,0.022308673182380216,0.021396587229642803,0.000754633949536707,0.0001416926286883776,5.5879466142393834e-05
0.588,65.80251600001056,8693219.166666385,0.8911500000001429,0.14364999999999534,2872.9999999999227,7.569407228604826e-06,0.022317813144304095,0.021407106318123356,0.0007554809625270772,0.00013095086150644283,6.45377551976124e-05
0.5885,65.79513200001055,8687167.499999717,0.8910500000001429,0.14354999999999532,2870.9999999999213,7.57383025019521e-06,0.022323080051551734,0.021412506629788497,0.0007573407555065326,0.00014871929035772133,0.00010063091616683825
0.589,65.77667200001055,8675064.166666381,0.8908000000001428,0.14334999999999526,2866.99999999992,7.582269218567284e-06,0.02233237951689504,0.021422166756787844,0.0007588209689807305,0.0001446369697553978,5.361587086874589e-05
0.5895,65.75821200001054,8662960.833333045,0.8905500000001427,0.14314999999999523,2862.999999999918,7.59073176771022e-06,0.022341702841505245,0.02143234481095703,0.0007599898966448715,0.00016650101774017207,8.519970982373166e-05
0.59,65.75082800001054,8653883.333333043,0.8904500000001427,0.1429999999999952,2859.9999999999163,7.597840815203897e-06,0.022350907351494798,0.02144212144950901,0.0007608290143520963,0.00015033843871812034,8.797977166338504e-05
0.5905,65.72498400001054,8641779.999999708,0.8901000000001427,0.14279999999999515,2855.999999999915,7.605491461251358e-06,0.022357762351142174,0.02144974826068354,0.0007609489855404525,0.00015490847645191976,7.724535525005788e-05
0.591,65.71021600001053,8635728.33333304,0.8899000000001426,0.14269999999999514,2853.9999999999136,7.609111063206532e-06,0.022360569388838108,0.02145400994130185,0.000760411946933977,0.00014317840117097108,8.871255108762493e-05
0.5915,65.70652400001053,8629676.666666372,0.8898500000001426,0.14259999999999512,2851.9999999999127,7.614019219725047e-06,0.02236715151413853,0.021460121056099096,0.0007600761463980608,0.00014979307715202032,7.954877526594795e-05
0.592,65.70283200001053,8626650.833333038,0.8898000000001426,0.1425499999999951,2850.9999999999122,7.616261892290503e-06,0.022369816833504596,0.021462858562713627,0.0007594548719923052,0.00015322338469876787,9.192617228764386e-05
0.5925,65.68806400001053,8614547.499999702,0.8896000000001425,0.14234999999999506,2846.9999999999104,7.625248337189249e-06,0.022380494356617132,0.021475071486072164,0.0007622722951526355,0.00014795661154079397,8.296088854900021e-05
0.593,65.67329600001052,8614547.499999702,0.8894000000001425,0.14234999999999506,2846.9999999999104,7.623534027760923e-06,0.022375462777629813,0.021470113492270092,0.0007613769906546657,0.00015384682482715115,7.366171282321849e-05
0.5935,65.66222000001052,8605469.9999997,0.8892500000001424,0.14219999999999502,2843.9999999999095,7.630288641993151e-06,0.02238348536637998,0.021477846383007433,0.0007631904769681296,0.00016148510329475646,7.661364805966251e-05
0.594,65.65852800001052,8599418.333333032,0.8892000000001424,0.142099999999995,2841.9999999999086,7.635228971883504e-06,0.02239010092347685,0.021485057762367796,0.0007617341714799856,0.00016381094675851397,8.309442104234327e-05
0.5945,65.64376000001052,8593366.666666364,0.8890000000001423,0.141999999999995,2839.9999999999072,7.638887358855803e-06,0.022392945577405773,0.021489107705117548,0.0007618578034185578,0.00015012868594755063,7.569773683558508e-05
0.595,65.64006800001052,8587314.999999696,0.8889500000001423,0.14189999999999497,2837.9999999999063,7.643840711562676e-06,0.02239957467694882,0.021495446779688582,0.0007647858842708037,0.00015719132886527702,7.850466374555864e-05
0.5955,65.62160800001051,8581263.333333028,0.8887000000001423,0.14179999999999496,2835.9999999999054,7.647080091938232e-06,0.02240116990262036,0.02149791047678296,0.0007635903135725208,0.0001607405505772307,8.543929197938293e-05
0.596,65.60684000001051,8575211.66666636,0.8885000000001423,0.14169999999999494,2833.9999999999045,7.650754587789127e-06,0.022404029816692258,0.021500846179887498,0.0007644820313501118,0.0001527191201896294,5.2548356463890536e-05
0.5965,65.6031480000105,8563108.333333025,0.8884500000001423,0.14149999999999488,2829.999999999903,7.661137223342327e-06,0.022418595755333882,0.021515927743693486,0.0007657814510299895,0.0001582784656703676,8.232127771970871e-05
0.597,65.5994560000105,8551004.999999689,0.8884000000001422,0.14129999999999485,2825.9999999999013,7.671549250645145e-06,0.022433193500182795,0.021531551205117218,0.000766980433254934,0.0001540241249197132,9.009841543066352e-05
0.5975,65.5920720000105,8544953.333333021,0.8883000000001422,0.14119999999999483,2823.9999999999004,7.676118223389505e-06,0.02243860982562777,0.02153761834940223,0.000767623359099462,0.00015843769810625796,6.75121643743493e-05
0.598,65.5846880000105,8538901.666666353,0.8882000000001422,0.1410999999999948,2821.999999999899,7.680693672353205e-06,0.02244403280290247,0.02154330711272698,0.0007668208777378249,0.00014610614305579715,6.67816016751936e-05
0.5985,65.5773040000105,8523772.499999683,0.8881000000001421,0.14084999999999476,2816.999999999897,7.693460143382867e-06,0.022461413152783955,0.021561147428232168,0.0007686168158523331,0.00014987216562419527,7.969559249999622e-05
0.599,65.5588440000105,8520746.66666635,0.8878500000001421,0.14079999999999473,2815.9999999998963,7.694025719187318e-06,0.02245907696690712,0.021559045147973813,0.0007690348021790311,0.00015105320593546826,7.383446770233205e-05
0.5995,65.54038400001049,8514694.999999681,0.887600000000142,0.14069999999999472,2813.999999999896,7.697326093302573e-06,0.022460730476540278,0.021561020130815355,0.0007704232942259408,0.0001606987805087756,8.395587874298791e-05
0.6,65.52561600001049,8505617.49999968,0.887400000000142,0.1405499999999947,2810.999999999894,7.703804691430452e-06,0.022467649001568835,0.021568796069518153,0.0007704089990891044,0.00015023374466330142,7.161547594095368e-05
0.6005,65.51454000001048,8499565.833333012,0.887250000000142,0.14044999999999466,2808.999999999893,7.707986653045273e-06,0.02247184688454646,0.021573918206626724,0.000771873476868238,0.0001637679702244556,7.170120382285387e-05
0.601,65.51454000001048,8496539.999999678,0.887250000000142,0.14039999999999467,2807.999999999893,7.7107316625371e-06,0.02247584791608067,0.021578131312186485,0.0007718758572413676,0.00015562786589658415,9.565598064975215e-05
0.6015,65.49977200001048,8490488.33333301,0.8870500000001419,0.14029999999999465,2805.9999999998918,7.714488192965694e-06,0.022478788186743356,0.021580897553188764,0.0007715495415460897,0.0001544766825650986,8.407871037378955e-05
0.602,65.48131200001048,8469307.499999672,0.8868000000001418,0.13994999999999458,2798.999999999889,7.731601668733012e-06,0.02250053591212576,0.021603741578684117,0.0007718025499775746,0.00015631889102399614,7.665356601797184e-05
0.6025,65.46285200001047,8457204.166666336,0.8865500000001417,0.13974999999999452,2794.9999999998868,7.740483818284671e-06,0.022510282966043137,0.02161445804395915,0.0007744454821523821,0.00014234862315686152,6.792142681531599e-05
0.603,65.45546800001047,8448126.666666334,0.8864500000001417,0.1395999999999945,2791.9999999998854,7.74792691713268e-06,0.022519832873165675,0.021625171322524603,0.0007752910626617167,0.00014951002051091919,4.63866255971031e-05
0.6035,65.43331600001046,8442074.999999667,0.8861500000001417,0.1394999999999945,2789.999999999885,7.750856987175907e-06,0.02252027895470003,0.021625881537468118,0.0007750611356274708,0.00016836730320453233,9.077119074400382e-05
0.604,65.42224000001046,8432997.499999665,0.8860000000001417,0.13934999999999445,2786.999999999883,7.757886801224957e-06,0.022528582284674834,0.0216346754966436,0.0007773849374862834,0.00015976432919357283,8.017273325404725e-05
0.6045,65.41485600001046,8426945.833332997,0.8859000000001416,0.13924999999999443,2784.9999999998827,7.76258175782504e-06,0.02253412643021474,0.02164088688348183,0.0007753429999247833,0.00016481991611026772,6.967096904956722e-05
0.605,65.38162800001045,8408790.833332993,0.8854500000001415,0.13894999999999436,2778.9999999998795,7.775389981260258e-06,0.022546980678714593,0.021654656358676846,0.0007788714188139794,0.00015125354546446964,7.910218987720572e-05
0.6055,65.35947600001045,8408790.833332993,0.8851500000001414,0.13894999999999436,2778.9999999998795,7.772755595361135e-06,0.022539341529277158,0.02164725955505244,0.0007769930794278539,0.00015530009387933191,8.115455543036006e-05
0.606,65.34470800001044,8408790.833332993,0.8849500000001413,0.13894999999999436,2778.9999999998795,7.770999338095054e-06,0.022534248761485694,0.02164304127154365,0.0007765384614592012,0.0001579400475588214,8.249463053554989e-05
0.6065,65.32255600001044,8393661.666666323,0.8846500000001413,0.13869999999999433,2773.9999999998777,7.782367051965573e-06,0.02254690197771609,0.02165630660383567,0.0007776065340053811,0.0001582421064455645,5.310095016419449e-05
0.607,65.30040400001043,8384584.166666323,0.8843500000001412,0.13854999999999432,2770.999999999877,7.788150575149347e-06,0.022551453582991165,0.021661798005295885,0.0007795304309491449,0.00015102123109040404,6.296940468719326e-05
0.6075,65.29671200001043,8369454.999999658,0.8843000000001412,0.13829999999999434,2765.999999999878,7.801787810557928e-06,0.02257055087798943,0.021681536375135858,0.0007801994809051148,0.0001569324276580857,6.422047639322223e-05
0.608,65.29302000001043,8363403.333332992,0.8842500000001412,0.13819999999999436,2763.9999999998786,7.806991651326924e-06,0.02257743863988759,0.02168890674635863,0.0007789447012740653,0.00015963838548893586,8.908324996129049e-05
0.6085,65.28563600001043,8354325.833332993,0.8841500000001412,0.13804999999999437,2760.9999999998786,7.81459058485925e-06,0.022587146509547906,0.021698976250166747,0.0007804910228561932,0.00016642162727018044,8.034807509978263e-05
0.609,65.28194400001043,8348274.166666327,0.8841000000001412,0.13794999999999438,2758.999999999879,7.819813137028192e-06,0.022594053923054226,0.021706519714223018,0.0007812472353351406,0.00015192130060843383,7.816704256723614e-05
0.6095,65.27086800001042,8336170.833332995,0.8839500000001411,0.1377499999999944,2754.9999999998795,7.829838100128474e-06,0.02260661397121934,0.021719120629863347,0.000782941954726613,0.00015276517578015177,7.706296805513619e-05
0.61,65.25610000001042,8330119.166666329,0.883750000000141,0.13764999999999442,2752.99999999988,7.83375347871831e-06,0.022609707329472897,0.021723270013941167,0.000780835578839819,0.00015568279833839157,7.780460797949847e-05
0.6105,65.23764000001042,8324067.499999663,0.8835000000001411,0.13754999999999443,2750.9999999998804,7.837231017169558e-06,0.022611526264228052,0.021725549153561872,0.0007828415737116928,0.00015535850584073537,4.7165864841274075e-05
0.611,65.21179600001041,8321041.66666633,0.8831500000001409,0.13749999999999443,2749.9999999998804,7.836975058212429e-06,0.022606677856005633,0.021720964534045446,0.0007823990944800739,0.00015194618719986731,6.85281281079761e-05
0.6115,65.20441200001041,8311964.166666331,0.8830500000001409,0.13734999999999445,2746.999999999881,7.844645464365838e-06,0.022616457665078037,0.021730889526819525,0.0007846492880155405,0.00015208547557260093,7.383724911148473e-05
0.612,65.1896440000104,8305912.499999665,0.8828500000001408,0.13724999999999446,2744.9999999998813,7.84858304250292e-06,0.022619571081171647,0.021735062744433056,0.0007854991300562076,0.00016877713618293415,9.23282661766254e-05
0.6125,65.1822600000104,8296834.999999666,0.8827500000001408,0.13709999999999448,2741.9999999998818,7.856280135740077e-06,0.022629378104496285,0.021745455851304978,0.0007868808023625942,0.00016515623985227667,8.437955840823224e-05
0.613,65.1638000000104,8284731.666666334,0.8825000000001407,0.1368999999999945,2737.999999999882,7.865529340219591e-06,0.022639488444361224,0.021756677406171578,0.0007845583484607557,0.0001563658899494279,6.588219835764558e-05
0.6135,65.14534000001039,8281705.833333001,0.8822500000001408,0.13684999999999448,2736.9999999998827,7.866174108455677e-06,0.02263720926190167,0.021754198070828443,0.0007843405528238198,0.00015575579056542233,8.369943255303703e-05
0.614,65.12688000001039,8263550.833333002,0.8820000000001407,0.1365499999999945,2730.9999999998836,7.881222166299939e-06,0.02265564084005867,0.02177373887418627,0.0007862871401222117,0.00016711450541815243,0.00010597573221277465
0.6145,65.10472800001038,8251447.49999967,0.8817000000001406,0.13634999999999453,2726.9999999998845,7.8900978282917e-06,0.02266453886560653,0.021783687400229946,0.0007900718701357999,0.00016226250960207347,9.837015940762547e-05
0.615,65.09734400001038,8242369.999999671,0.8816000000001405,0.13619999999999455,2723.9999999998845,7.897891504508166e-06,0.02267444391001707,0.0217940308845619,0.000790957613984127,0.00016073561929935457,7.554203411933072e-05
0.6155,65.08257600001038,8221189.16666634,0.8814000000001405,0.1358499999999946,2716.999999999886,7.916443069318293e-06,0.02269848338904907,0.021818760935762495,0.0007887185361899996,0.00014277774132722643,4.570779280469527e-05
0.616,65.07888400001038,8209085.833333008,0.8813500000001405,0.1356499999999946,2712.9999999998863,7.927665189680128e-06,0.022713921720234155,0.02183575336753582,0.0007920803761507902,0.00015802453355473413,7.564486254202665e-05
0.6165,65.07150000001037,8200008.333333009,0.8812500000001404,0.13549999999999462,2709.9999999998868,7.935540715915486e-06,0.022723911894480763,0.02184553103071805,0.0007946898405749486,0.00016171951742057088,7.636945085263658e-05
0.617,65.06411600001037,8193956.666666343,0.8811500000001404,0.13539999999999464,2707.999999999887,7.940500376905372e-06,0.022729722175545922,0.021851992111297385,0.0007931229336957536,0.00015348400279833858,6.443644982074603e-05
0.6175,65.04196400001037,8178827.499999678,0.8808500000001404,0.13514999999999466,2702.9999999998877,7.952480230205728e-06,0.022742989287182453,0.02186597331109118,0.0007955640287381997,0.00016123107642203847,6.679891333189549e-05
0.618,65.02350400001036,8160672.49999968,0.8806000000001403,0.1348499999999947,2696.999999999889,7.967909997615137e-06,0.022761811253734148,0.021885875965238062,0.0007974856147724373,0.0001595547890672486,7.597022104632357e-05
0.6185,64.99766000001036,8151594.999999681,0.8802500000001402,0.1346999999999947,2693.9999999998895,7.973612526139105e-06,0.02276542945861544,0.021890966987388114,0.0007983897330741053,0.00015273671514036532,5.707432941096282e-05
0.619,64.97920000001035,8142517.4999996815,0.8800000000001401,0.13454999999999473,2690.99999999989,7.980234614173429e-06,0.02277164644207149,0.02189709757573364,0.0007980634921469077,0.0001504618669419564,7.496912248514368e-05
0.6195,64.96443200001035,8130414.166666349,0.8798000000001401,0.13434999999999475,2686.9999999998904,7.990297993225996e-06,0.022783410369773955,0.02190969693509095,0.0007977438598158499,0.0001558396119258438,8.711104797663272e-05
0.62,64.95704800001035,8124362.499999683,0.87970000000014,0.13424999999999476,2684.999999999891,7.995340926751222e-06,0.022789303635391674,0.021916796641404244,0.0007986619459802817,0.00015936089572308136,5.683045007555197e-05
0.6205,64.94597200001034,8109233.333333018,0.87955000000014,0.1339999999999948,2679.9999999998918,8.008891757134402e-06,0.022806662869163344,0.02193423153737699,0.0008001469051845586,0.00016792998340595168,9.496432309580079e-05
0.621,64.93489600001034,8100155.833333019,0.87940000000014,0.1338499999999948,2676.999999999892,8.016499600266479e-06,0.022815546822869154,0.021944536037553117,0.0008004402284343225,0.00016323353652951015,8.682637620708833e-05
0.6215,64.91643600001034,8097129.999999686,0.87915000000014,0.1337999999999948,2675.999999999892,8.017215482524407e-06,0.022813322092830247,0.021941946610687997,0.000799760275533449,0.00014679622103281668,7.883377735998672e-05
0.622,64.90166800001033,8078974.999999688,0.8789500000001399,0.13349999999999485,2669.999999999893,8.033403742431786e-06,0.022833744906277705,0.021964043461949932,0.000804797818595621,0.00015664091004664673,6.91297232630019e-05
0.6225,64.88690000001033,8066871.666666356,0.8787500000001398,0.13329999999999487,2665.9999999998936,8.043626164047422e-06,0.022845668455552606,0.021976600431599075,0.000804588973766049,0.00015737422938459528,7.984268521560397e-05
0.623,64.87951600001033,8057794.166666357,0.8786500000001398,0.13314999999999486,2662.9999999998945,8.051771323274202e-06,0.022855931928552016,0.021987599621563457,0.0008042353337577905,0.00016641244495792527,7.756490269614719e-05
0.6235,64.86844000001032,8048716.666666358,0.8785000000001397,0.13299999999999487,2659.999999999895,8.059476148373071e-06,0.022864912867995534,0.021996917825006852,0.0008052755154952277,0.00016308519424442508,6.13471822960332e-05
0.624,64.85736400001032,8045690.833333025,0.8783500000001397,0.13294999999999488,2658.999999999895,8.061130528569213e-06,0.022865307172101657,0.021997864606283037,0.0008067169884237292,0.00016622171724671754,8.151727827994425e-05
0.6245,64.83890400001032,8039639.166666359,0.8781000000001397,0.1328499999999949,2656.9999999998954,8.064902249449562e-06,0.02286740074799151,0.022000023515725678,0.0008071219916192329,0.00016056428203707463,8.340886229906089e-05
0.625,64.82044400001031,8024509.999999694,0.8778500000001396,0.13259999999999492,2651.9999999998963,8.07780711844247e-06,0.022882430686019282,0.022015838690365094,0.0008069108629161648,0.00016587884392776412,0.000103102915801853
0.6255000000000001,64.81306000001031,8012406.6666663615,0.8777500000001396,0.13239999999999494,2647.9999999998968,8.08908767320174e-06,0.022897098310801663,0.022031113837672752,0.0008069505211807878,0.00015454212676764835,8.758154389668168e-05
0.626,64.80198400001031,8000303.333333029,0.8776000000001396,0.13219999999999496,2643.999999999897,8.099940877243334e-06,0.022910495890219002,0.022045178156092728,0.0008087996712054026,0.00015728621165048907,9.222576120408034e-05
0.6265000000000001,64.7872160000103,7994251.666666363,0.8774000000001395,0.13209999999999497,2641.9999999998977,8.104225223500732e-06,0.022913942735638647,0.022049810293605383,0.0008091624429631079,0.00016925436881314723,8.181781091687932e-05
0.627,64.7761400000103,7973070.833333032,0.8772500000001394,0.131749999999995,2634.9999999998986,8.124365298399278e-06,0.022940435889502394,0.022077319069087904,0.0008112898204456789,0.00016884787530346644,9.403380203960305e-05
0.6275000000000001,64.7687560000103,7967019.166666366,0.8771500000001394,0.13164999999999502,2632.999999999899,8.12960966267029e-06,0.022946530843321072,0.02208383936111837,0.0008114887440066628,0.0001591828416181382,7.254339650743003e-05
0.628,64.7466040000103,7960967.4999997,0.8768500000001394,0.13154999999999503,2630.9999999998995,8.133006949219769e-06,0.022947399694076345,0.02208469994482413,0.0008138373298913212,0.00017112239541407117,8.375269889674253e-05
0.6285000000000001,64.73922000001029,7954915.833333034,0.8767500000001394,0.13144999999999504,2628.9999999999,8.13826586684138e-06,0.022953508557712977,0.022091588760567722,0.000811670990334054,0.000163447283967135,8.947749274148888e-05
0.629,64.72445200001029,7951889.999999701,0.8765500000001393,0.13139999999999505,2627.9999999999,8.139505450906982e-06,0.022952638203377913,0.022090775120089327,0.0008132119837403626,0.00015226298855578832,7.863899919149823e-05
0.6295000000000001,64.72445200001029,7933734.999999703,0.8765500000001393,0.13109999999999508,2621.999999999901,8.158131321504022e-06,0.022978884725453813,0.022118250255232993,0.0008150147067648793,0.00017412582242553673,9.647400297122264e-05
0.63,64.70968400001028,7927683.333333037,0.8763500000001392,0.1309999999999951,2619.9999999999013,8.162496063374467e-06,0.022982408572577225,0.022122483767573607,0.000814318089142992,0.00016763908256363366,6.499020673845714e-05
0.6305000000000001,64.70599200001028,7927683.333333037,0.8763000000001392,0.1309999999999951,2619.9999999999013,8.162030353551714e-06,0.02298109731681982,0.022120571439173415,0.0008169739538411408,0.00016570872886034673,4.802136697550148e-05
0.631,64.69491600001028,7924657.499999704,0.8761500000001392,0.1309499999999951,2618.9999999999013,8.163749158876923e-06,0.022981549748792435,0.022121804942239615,0.0008171431442066946,0.00016801162079454893,8.269739104464081e-05
0.6315000000000001,64.66907200001027,7918605.833333038,0.8758000000001391,0.1308499999999951,2616.999999999902,8.166724466545429e-06,0.022981145637551697,0.022122223612943796,0.0008177627903525203,0.0001581019683673766,6.446585111435431e-05
0.632,64.65799600001027,7906502.499999706,0.875650000000139,0.13064999999999513,2612.9999999999022,8.177825277360334e-06,0.022994789685791432,0.022136794957911994,0.0008150662790682463,0.0001602673366412583,8.18001797269336e-05
0.6325000000000001,64.65061200001027,7900450.83333304,0.875550000000139,0.13054999999999514,2610.9999999999027,8.183154779881782e-06,0.023000967838941507,0.022142812233142153,0.0008175220519953733,0.00015796249280832636,9.014706543164098e-05
0.633,64.64692000001027,7897424.999999707,0.8755000000001391,0.13049999999999515,2609.9999999999027,8.18582259407499e-06,0.023004059955343444,0.02214566174084982,0.0008170574846092173,0.0001653238969671008,7.173313990343946e-05
0.6335000000000001,64.63953600001027,7894399.166666374,0.875400000000139,0.13044999999999515,2608.999999999903,8.188024780017057e-06,0.02300584008419697,0.022147891752634694,0.0008179017666017445,0.00016435185966761736,8.218715204993386e-05
0.634,64.62107600001026,7876244.1666663755,0.875150000000139,0.1301499999999952,2602.999999999904,8.204554687816537e-06,0.023025761703947874,0.02216892397048378,0.0008196774625316844,0.00015611599725006523,6.271810023952514e-05
0.6345000000000001,64.59154000001026,7873218.333333042,0.8747500000001388,0.1300999999999952,2601.999999999904,8.20395640834034e-06,0.023019659628954733,0.02216351899199754,0.0008196413199477786,0.00017483081748642247,8.477916936297766e-05
0.635,64.58046400001025,7870192.499999709,0.8746000000001388,0.1300499999999952,2600.9999999999045,8.20570322771808e-06,0.02302013623794816,0.022164682480563025,0.0008210851342512782,0.0001600403466330455,7.673384689319904e-05
0.6355000000000001,64.58046400001025,7867166.666666376,0.8746000000001388,0.1299999999999952,2599.9999999999045,8.208859267421049e-06,0.02302456274952641,0.022168891139996854,0.0008199549507770203,0.00016068416955684707,7.067020458103455e-05
0.636,64.56938800001025,7855063.333333044,0.8744500000001387,0.12979999999999522,2595.999999999905,8.220097694949113e-06,0.023038342456577588,0.022183759549595502,0.0008221936021904749,0.00016994051140793688,8.501321993971157e-05
0.6365000000000001,64.56200400001025,7845985.833333045,0.8743500000001387,0.12964999999999524,2592.9999999999054,8.228666909609207e-06,0.02304902967059952,0.022195026390258273,0.000822850189033346,0.000168335663252832,8.295065662368644e-05
0.637,64.54723600001024,7836908.333333046,0.8741500000001386,0.12949999999999526,2589.999999999906,8.236313767441788e-06,0.023057099318212735,0.02220361072023103,0.0008237000031321708,0.00017077679846761926,9.286502942291377e-05
0.6375000000000001,64.53616000001024,7818753.333333048,0.8740000000001387,0.12919999999999526,2583.999999999907,8.254021740892955e-06,0.02307989172678808,0.022227046553701564,0.0008254431288541233,0.0001686102314556894,7.351520155919856e-05
0.638,64.52139200001024,7806649.999999716,0.8738000000001386,0.12899999999999529,2579.9999999999072,8.264926953304246e-06,0.02309249061254852,0.022240652002166288,0.0008260763187978897,0.00016497302895150017,6.945302632730653e-05
0.6385000000000001,64.51400800001024,7797572.499999717,0.8737000000001386,0.1288499999999953,2576.999999999908,8.273601559974284e-06,0.02310328386107708,0.022252454579485405,0.0008267451042676399,0.00017610176209768158,9.03194087890887e-05
0.639,64.50662400001023,7791520.833333051,0.8736000000001386,0.1287499999999953,2574.9999999999086,8.279079961391265e-06,0.023109608916758503,0.02225850580504521,0.0008267668579853808,0.00016631600029995585,7.38135127242013e-05
0.6395000000000001,64.48816400001023,7782443.333333052,0.8733500000001385,0.12859999999999533,2571.9999999999086,8.286364736354764e-06,0.023116465388899825,0.022266578482737158,0.0008271786752662227,0.0001603550629208567,9.971347276271583e-05
0.64,64.46970400001022,7773365.833333053,0.8731000000001384,0.12844999999999535,2568.999999999909,8.293666525195175e-06,0.023123337730338124,0.022274020549830305,0.0008286176900625261,0.00016400851291889672,0.00010014723986171425
0.6405,64.45124400001022,7755210.833333055,0.8728500000001383,0.12814999999999538,2562.99999999991,8.310701718512815e-06,0.02314375899578419,0.02229590289067221,0.0008306514847036985,0.00016696340658521998,7.9944220074053e-05
0.641,64.42909200001021,7740081.666666389,0.8725500000001383,0.1278999999999954,2557.9999999999113,8.32408426353975e-06,0.023158404581181895,0.022310747128148702,0.0008311205435213828,0.0001625717107387287,8.083896717754896e-05
0.6415,64.42170800001021,7731004.16666639,0.8724500000001383,0.12774999999999542,2554.9999999999113,8.332903024134426e-06,0.023169340826487608,0.02232268148119719,0.000832289244291147,0.00015959037219325488,7.222686810890502e-05
0.642,64.42170800001021,7721926.666666391,0.8724500000001383,0.12759999999999544,2551.999999999912,8.342698756529567e-06,0.023182955131420033,0.02233695064190576,0.0008312744312393368,0.00016636008818348113,7.444225152376388e-05
0.6425,64.41432400001021,7718900.833333058,0.8723500000001383,0.12754999999999544,2550.9999999999122,8.345012507719418e-06,0.023184840827704382,0.022338366514896416,0.0008357627265691064,0.0001684404343217468,9.9661499735441e-05
0.643,64.41432400001021,7709823.333333059,0.8723500000001383,0.12739999999999546,2547.9999999999127,8.354837875664143e-06,0.023198485621625433,0.02235268460923791,0.0008351442822811959,0.00017480162459343145,9.690137891019205e-05
0.6435,64.41432400001021,7700745.83333306,0.8723500000001383,0.12724999999999548,2544.999999999913,8.364686407541152e-06,0.02321215453364022,0.02236730355768219,0.0008347978997019854,0.00016884947106897088,9.298688783232747e-05
0.644,64.39955600001021,7694694.166666394,0.8721500000001382,0.1271499999999955,2542.9999999999136,8.369345760224062e-06,0.023215956739285722,0.022370784020053942,0.0008352726210925541,0.0001637069509519485,8.499825728640835e-05
0.6445,64.3847880000102,7682590.833333062,0.8719500000001381,0.1269499999999955,2538.999999999914,8.380608755142713e-06,0.023228908942904226,0.022384578712132244,0.0008379304242706918,0.0001708889755529411,0.00010460906344278041
0.645,64.3663280000102,7673513.333333063,0.871700000000138,0.12679999999999553,2535.9999999999145,8.388117046778113e-06,0.0232359803654683,0.02239246739805663,0.0008383319914646286,0.0001717266230696141,9.078130797453523e-05
0.6455,64.3626360000102,7655358.333333065,0.871650000000138,0.12649999999999556,2529.9999999999154,8.40752753790264e-06,0.02326218214317274,0.022419428071131703,0.0008406235938836209,0.00017378879658006143,0.00010249031762141252
0.646,64.33310000001019,7640229.1666664,0.871250000000138,0.1262499999999956,2524.9999999999163,8.420310254656948e-06,0.023274516991967458,0.02243334352733344,0.0008416440104709437,0.00016396510300168882,8.724330475474401e-05
0.6465,64.32571600001019,7631151.666666401,0.871150000000138,0.1260999999999956,2521.999999999917,8.429358871347173e-06,0.02328568275323641,0.02244456919817244,0.0008400839031850858,0.0001712446316774438,7.935689346329394e-05
0.647,64.29618000001018,7631151.666666401,0.8707500000001378,0.1260999999999956,2521.999999999917,8.425488420163636e-06,0.023274990840297875,0.022434279173086935,0.0008408532502772529,0.00016727002997875197,8.767057398175224e-05
0.6475,64.28510400001018,7631151.666666401,0.8706000000001378,0.1260999999999956,2521.999999999917,8.424037000969808e-06,0.023270981372223862,0.022430496134342663,0.0008413918355095139,0.0001631798603215155,8.069921713754729e-05
0.648,64.28510400001018,7622074.166666402,0.8706000000001378,0.12594999999999562,2518.9999999999172,8.434069597636306e-06,0.023284834484790653,0.02244518045701018,0.0008421729747787296,0.00016280447792072674,8.421142269902396e-05
0.6485,64.27033600001018,7616022.4999997355,0.8704000000001377,0.12584999999999563,2516.9999999999172,8.438832211960036e-06,0.023288732384507054,0.022449647130815636,0.0008443479922324271,0.0001713336605828923,9.222952530977009e-05
0.649,64.25926000001017,7594841.666666404,0.8702500000001377,0.12549999999999564,2509.9999999999186,8.460908445536485e-06,0.023317164970662156,0.022479305766686986,0.0008429149082436344,0.00016136844509481203,7.92861990013278e-05
0.6495,64.25187600001017,7585764.166666405,0.8701500000001376,0.12534999999999566,2506.999999999919,8.470059784134564e-06,0.0233284310326873,0.022491178635686754,0.0008464994662386015,0.00015825064733427272,8.654265018310652e-05
0.65,64.24449200001017,7573660.833333073,0.8700500000001377,0.12514999999999568,2502.99999999992,8.48262067892694e-06,0.023344380811286154,0.0225072201420201,0.0008494385165949644,0.00017320572813507432,9.619923339683798e-05
0.6505,64.21864800001016,7567609.166666407,0.8697000000001376,0.1250499999999957,2500.99999999992,8.485988980889588e-06,0.02334431831952567,0.022508514929732028,0.0008468277729295685,0.00016288508990697424,8.106295299797985e-05
0.651,64.18542000001015,7558531.666666408,0.8692500000001375,0.12489999999999572,2497.9999999999204,8.491784228816798e-06,0.0233462458323417,0.02251141564932396,0.000848884985476976,0.00016477598754751808,8.577821926861258e-05
0.6515,64.17434400001015,7552479.999999742,0.8691000000001374,0.12479999999999573,2495.999999999921,8.497122004958946e-06,0.023351567101480786,0.022517055524377914,0.0008481916998638334,0.00016897533107818757,9.162945098993118e-05
0.652,64.15588400001015,7540376.66666641,0.8688500000001373,0.12459999999999574,2491.999999999922,8.508312891532695e-06,0.02336357821054844,0.02252944094338432,0.0008486466229391257,0.00016688755468033682,7.898581891496492e-05
0.6525,64.14850000001015,7528273.333333078,0.8687500000001374,0.12439999999999576,2487.9999999999222,8.521011015365053e-06,0.023379660445976513,0.02254623434468482,0.0008505004135454634,0.0001678701330362083,0.0001049684052235141
0.653,64.12265600001014,7519195.833333079,0.8684000000001373,0.12424999999999578,2484.9999999999227,8.52786088051468e-06,0.023384343806483184,0.022551504642614555,0.0008529835479570146,0.00017536245652476724,9.451738759426596e-05
0.6535,64.10788800001013,7516169.999999746,0.8682000000001372,0.12419999999999579,2483.9999999999227,8.529329166319057e-06,0.02338366362053585,0.022552008631491285,0.0008516993921632739,0.00017256554934424765,8.339250800674528e-05
0.654,64.10050400001013,7510118.33333308,0.8681000000001372,0.1240999999999958,2481.999999999923,8.535218908003753e-06,0.023390388564154464,0.02255857819329171,0.0008549563708423859,0.00017508205410294184,0.00010174439490168795
0.6545,64.09681200001013,7501040.833333081,0.8680500000001372,0.12394999999999581,2478.9999999999236,8.545055736155588e-06,0.023403189333712007,0.022571444935760184,0.0008534603520973948,0.000179451092637788,8.462351688707755e-05
0.655,64.08204400001013,7491963.333333082,0.8678500000001371,0.12379999999999583,2475.999999999924,8.553438017361574e-06,0.023411967635942367,0.022581641020650606,0.0008529901025715992,0.00017432886497732787,9.471986150622234e-05
0.6555,64.07096800001013,7485911.6666664155,0.8677000000001371,0.12369999999999584,2473.9999999999245,8.558873100962177e-06,0.023417380726270354,0.022587614947091446,0.0008547101382182114,0.00017189402609045596,6.015901702635576e-05
0.656,64.05989200001012,7479859.9999997495,0.867550000000137,0.12359999999999585,2471.9999999999245,8.564316979196437e-06,0.023422802021195614,0.022593310232158444,0.0008551901647669012,0.00017017362596735526,7.623470309374633e-05
0.6565,64.03774000001012,7467756.666666417,0.867250000000137,0.12339999999999587,2467.9999999999254,8.575231205089113e-06,0.023433669296654983,0.022605105037936522,0.0008559556059863829,0.00016807797850872246,7.845874553440133e-05
0.657,64.01558800001011,7458679.166666418,0.8669500000001369,0.12324999999999589,2464.999999999926,8.58269762910599e-06,0.023439813640931707,0.02261164424124764,0.0008571762092924423,0.0001735546152989815,7.462516217545472e-05
0.6575,64.00451200001011,7446575.833333086,0.8668000000001369,0.12304999999999591,2460.9999999999263,8.59516016925617e-06,0.023454796013854848,0.022627493228353446,0.000858625163515515,0.00016898736109153216,9.481583382777612e-05
0.658,63.989744000010106,7443549.999999753,0.8666000000001368,0.12299999999999592,2459.999999999927,8.596670137234548e-06,0.02345414984591779,0.022626696431512053,0.000859415715133811,0.00017333958353700165,8.25474314151035e-05
0.6585,63.982360000010104,7431446.666666421,0.8665000000001368,0.12279999999999593,2455.9999999999272,8.60967761324339e-06,0.023470532836005756,0.022643801916207133,0.0008610918376749023,0.00016433335760855528,7.565971351858244e-05
0.659,63.9712840000101,7422369.166666422,0.8663500000001367,0.12264999999999594,2452.9999999999277,8.618714936371355e-06,0.023480815082444623,0.02265524860245005,0.0008594036019829493,0.00017051806657368302,6.597248516552857e-05
0.6595,63.9528240000101,7419343.333333089,0.8661000000001366,0.12259999999999595,2451.999999999928,8.619741819021566e-06,0.023478825515480296,0.022653801225870133,0.0008620293891252228,0.00017706152388202284,9.473976860601255e-05
0.66,63.93805600001009,7410265.83333309,0.8659000000001367,0.12244999999999596,2448.9999999999286,8.62830800379683e-06,0.023487776685745494,0.02266336114061852,0.0008619106962504012,0.00016983655631561638,8.535160501980267e-05
0.6605,63.91959600001009,7401188.333333091,0.8656500000001366,0.12229999999999598,2445.999999999929,8.636396362477672e-06,0.02349539055197395,0.022671563867981807,0.0008629627697715092,0.00017115614722120715,7.961665633924426e-05
0.661,63.91590400001009,7392110.833333092,0.8656000000001366,0.122149999999996,2442.9999999999295,8.646502391684311e-06,0.02350845430876296,0.02268492814016663,0.0008631010635664041,0.00016453523928145822,9.815292389908596e-05
0.6615,63.908520000010085,7383033.333333093,0.8655000000001365,0.12199999999999601,2439.9999999999295,8.65613320631703e-06,0.023520184224660366,0.02269711278474701,0.0008646534280315443,0.00017292760306498192,7.739092526769653e-05
0.662,63.89744400001008,7373955.833333094,0.8653500000001365,0.12184999999999603,2436.99999999993,8.665287051377398e-06,0.023530577868802954,0.022707963713793394,0.0008680607991096424,0.00017494036418469155,9.588197674067132e-05
0.6625,63.87529200001008,7364878.333333095,0.8650500000001364,0.12169999999999605,2433.9999999999304,8.67295956688293e-06,0.023536911931705158,0.0227152207904833,0.0008653263839498069,0.00017112053664925856,8.835822476634453e-05
0.663,63.860524000010074,7355800.833333096,0.8648500000001363,0.12154999999999606,2430.999999999931,8.681654852674047e-06,0.023545985298076864,0.022724733028401452,0.0008681019352999327,0.00017178353121303087,9.184173806122232e-05
0.6635,63.84575600001007,7349749.1666664295,0.8646500000001364,0.12144999999999607,2428.9999999999313,8.68679386904412e-06,0.023550229634889872,0.02272986359484543,0.0008688233814585088,0.00017264687096843394,9.990912419976359e-05
0.664,63.830988000010066,7328568.333333098,0.8644500000001363,0.12109999999999611,2421.9999999999327,8.709885082149348e-06,0.023578781903270382,0.022760018363923554,0.0008718848040073749,0.0001772724824680672,7.558233681629309e-05
0.6645,63.80883600001006,7316464.999999766,0.8641500000001362,0.12089999999999612,2417.999999999933,8.721265802544275e-06,0.02359008693339887,0.0227722313025003,0.0008715101027851868,0.00017518417282021652,7.755972211437484e-05
0.665,63.79776000001006,7307387.499999767,0.8640000000001362,0.12074999999999614,2414.9999999999336,8.730583946726802e-06,0.023600637244602207,0.022783382845805417,0.0008733779519351247,0.00017404386255385029,9.438785250274993e-05
0.6655,63.77191600001005,7301335.833333101,0.863650000000136,0.12064999999999615,2412.999999999934,8.734280610524637e-06,0.023600851420116125,0.02278327817832537,0.0008724599540257214,0.00016743295430173417,7.591167445135971e-05
0.666,63.76084000001005,7295284.166666435,0.863500000000136,0.12054999999999616,2410.9999999999345,8.740007728738747e-06,0.023606537460850965,0.022789422925412153,0.0008724039352304053,0.00018126316483798864,8.725300698861925e-05
0.6665,63.742380000010044,7283180.833333103,0.863250000000136,0.12034999999999618,2406.999999999935,8.751997438849632e-06,0.023619303948700338,0.022803936736820542,0.0008719842558025356,0.00017747553369548374,8.80089266921125e-05
0.667,63.73499600001004,7271077.499999771,0.863150000000136,0.1201499999999962,2402.999999999936,8.765550360316206e-06,0.023636215535166514,0.02282134208219518,0.0008786476238609403,0.00017296515052946622,0.00010113381294342477
0.6675,63.72022800001004,7265025.833333105,0.8629500000001359,0.12004999999999622,2400.999999999936,8.77081919071112e-06,0.02364057877139465,0.022825582406583188,0.0008765193185763612,0.00017166944105364928,8.677804602742876e-05
0.668,63.69807600001003,7255948.333333106,0.8626500000001358,0.11989999999999623,2397.9999999999363,8.778738915130832e-06,0.023647138141871277,0.022833154676685636,0.0008763306617329069,0.0001759282107223286,9.197443074159984e-05
0.6685,63.68700000001003,7249896.66666644,0.8625000000001358,0.11979999999999624,2395.999999999937,8.784538998028756e-06,0.02365289193662732,0.022839440530125106,0.00087663195026131,0.00017459974709039665,9.040554170393804e-05
0.669,63.664848000010025,7246870.833333107,0.8622000000001357,0.11974999999999625,2394.999999999937,8.785150096393837e-06,0.023649600581984707,0.02283698630833358,0.0008765817586721188,0.00017301767201551515,7.453824926471794e-05
0.6695,63.65008000001002,7234767.499999775,0.8620000000001357,0.11954999999999627,2390.9999999999377,8.79780587282342e-06,0.023663883989147406,0.02285185898749131,0.0008794664187051889,0.00017321919131746226,9.187731381095631e-05
0.67,63.63900400001002,7228715.833333109,0.8618500000001357,0.11944999999999628,2388.999999999938,8.803638912814551e-06,0.023669667676258874,0.02285827561034509,0.0008813851481733495,0.0001802696586254789,7.538541476802864e-05
0.6705,63.63162000001002,7213586.666666443,0.8617500000001356,0.1191999999999963,2383.9999999999386,8.821079296662223e-06,0.02369172672829455,0.022880930498889455,0.0008811291958182999,0.0001729978485224574,9.273112534610268e-05
0.671,63.620544000010014,7198457.499999778,0.8616000000001356,0.11894999999999632,2378.9999999999395,8.838080102579195e-06,0.023712482103996877,0.022902613999834464,0.0008832850047733983,0.00018680375664402148,9.268015680768366e-05
0.6715,63.60946800001001,7189379.999999779,0.8614500000001355,0.11879999999999634,2375.99999999994,8.847698688901125e-06,0.023723316522282278,0.02291348350017137,0.0008846722992296651,0.00017605878299111868,9.870909836362078e-05
0.672,63.59100800001001,7171224.999999781,0.8612000000001355,0.11849999999999637,2369.999999999941,8.867523749430808e-06,0.023746433561996058,0.022937834251928548,0.0008854259456429821,0.00017950795361594942,9.749783571531517e-05
0.6725,63.583624000010005,7162147.499999782,0.8611000000001354,0.11834999999999639,2366.9999999999413,8.877731713848666e-06,0.023758718080510444,0.022950740438530126,0.0008880602109994207,0.00017732367299328787,8.62867524993494e-05
0.673,63.57624000001,7156095.833333116,0.8610000000001354,0.1182499999999964,2364.999999999942,8.884207461821805e-06,0.023766001622627955,0.022958939505426493,0.0008871150915913151,0.0001760841734368847,9.351554297889694e-05
0.6735,63.55039600001,7147018.333333117,0.8606500000001354,0.11809999999999642,2361.9999999999422,8.891875329830354e-06,0.023771422412828067,0.022964767248791734,0.0008899591471942849,0.00017807651898023047,8.873215660889343e-05
0.674,63.539320000009994,7143992.499999784,0.8605000000001353,0.11804999999999642,2360.9999999999422,8.89409108422383e-06,0.02377231213195852,0.022966181113937927,0.0008887237188937125,0.0001794738578217574,0.00010530477196905688
0.6745,63.52086000000999,7128863.333333119,0.8602500000001353,0.11779999999999645,2355.999999999943,8.910377016627508e-06,0.023790610121501986,0.022985044325189972,0.0008876777525805188,0.00017828117559386743,7.59832863506025e-05
0.675,63.49501600000998,7113734.166666454,0.8599000000001351,0.11754999999999648,2350.999999999944,8.925694229274834e-06,0.02380620532029425,0.023002116072239953,0.000891373569485287,0.0001819134688446397,9.801179097728104e-05
0.6755,63.48024800000998,7107682.499999788,0.8597000000001351,0.11744999999999649,2348.9999999999445,8.93121604686364e-06,0.0238107984274247,0.023007421861640193,0.0008935596233099396,0.00017642390249641342,8.10635314126203e-05
0.676,63.465480000009975,7107682.499999788,0.859500000000135,0.11744999999999649,2348.9999999999445,8.929138295078863e-06,0.023805259107653274,0.023002044845228855,0.0008923031333440245,0.00018137955271263988,9.279203016785575e-05
0.6765,63.44702000000997,7101630.833333122,0.859250000000135,0.11734999999999648,2346.9999999999445,8.934147872374179e-06,0.023808472665186643,0.023005107229663525,0.0008924811250847865,0.00017327311874655,7.838170146829733e-05
0.677,63.43225200000997,7089527.4999997895,0.859050000000135,0.1171499999999965,2342.999999999945,8.947317293008857e-06,0.023823240598109405,0.02302104871616214,0.0008939443515328561,0.00017672481266978196,0.00010007308548347798
0.6775,63.40640800000996,7080449.99999979,0.8587000000001349,0.11699999999999652,2339.9999999999454,8.955138162124136e-06,0.023828794536427212,0.023027846851865336,0.0008961217908928392,0.00017632180036129282,9.856949833579036e-05
0.678,63.39164000000996,7071372.499999791,0.8585000000001348,0.11684999999999654,2336.999999999946,8.964545425942676e-06,0.02383853053984641,0.0230376545430318,0.0008974172947831478,0.00018723058829072845,9.412887648593326e-05
0.6785,63.380564000009954,7056243.333333126,0.8583500000001347,0.11659999999999657,2331.999999999947,8.982196475652316e-06,0.0238599030616886,0.02306024882407002,0.000897873741623225,0.0001715766114811267,8.354642922686072e-05
0.679,63.37687200000995,7041114.166666461,0.8583000000001347,0.1163499999999966,2326.9999999999477,9.000972076272277e-06,0.023884131628073308,0.023085522372767953,0.0008984078479031308,0.0001899421279639801,9.029317328809677e-05
0.6795,63.35841200000995,7035062.499999795,0.8580500000001346,0.1162499999999966,2324.999999999948,9.006090848519369e-06,0.023887442339348412,0.02308873903972052,0.0008997798389854569,0.00017851768047280283,9.212969188150872e-05
0.68,63.347336000009946,7032036.666666462,0.8579000000001347,0.11619999999999661,2323.999999999948,9.00839102564574e-06,0.023888404290528527,0.02309072038779124,0.0008991812782637024,0.00018369321048178637,0.00010213720297543753
0.6805,63.343644000009945,7016907.499999797,0.8578500000001347,0.11594999999999664,2318.999999999949,9.027287875750361e-06,0.023912749503722762,0.023115811546571236,0.0009020412871536525,0.00017454550782279864,0.00010701856732816361
0.681,63.32149200000994,7007829.999999798,0.8575500000001346,0.11579999999999666,2315.9999999999495,9.035820218243274e-06,0.02391986401157954,0.02312306281816361,0.0009037603050037704,0.00018493062314459634,9.48486900921623e-05
0.6815,63.31041600000994,7001778.333333132,0.8574000000001345,0.11569999999999667,2313.99999999995,9.042048032084958e-06,0.023926012978030587,0.023129655186386624,0.0009031449917174248,0.00018068983200004527,8.742930697824994e-05
0.682,63.28088000000993,7001778.333333132,0.8570000000001344,0.11569999999999667,2313.99999999995,9.037829675177056e-06,0.023914850870752475,0.02311966417030533,0.0009037937697331814,0.0001825803408863271,7.429458475583046e-05
0.6825,63.26980400000993,6995726.666666466,0.8568500000001344,0.11559999999999668,2311.9999999999504,9.0440646146855e-06,0.023921004796632252,0.023126188394627618,0.0009032357198302883,0.00017706193554171604,0.00010512874644736071
0.683,63.25503600000992,6989674.9999998,0.8566500000001344,0.11549999999999669,2309.9999999999504,9.04978214294824e-06,0.023925772054969676,0.023130587952066774,0.0009042787303059831,0.00018087732500906084,9.826163305745501e-05
0.6835,63.23288400000992,6983623.333333134,0.8563500000001343,0.11539999999999669,2307.999999999951,9.05445224947867e-06,0.023927753776721985,0.023133873048796945,0.0009055305832625099,0.00018556609479159858,9.142320407049905e-05
0.684,63.21073200000991,6980597.499999801,0.8560500000001342,0.11534999999999669,2306.999999999951,9.055203655562682e-06,0.023924554829480325,0.02313062001842553,0.0009051650905407202,0.00017549718817539404,9.849168706313612e-05
0.6845,63.19965600000991,6971519.999999802,0.8559000000001341,0.11519999999999671,2303.9999999999513,9.065405535666785e-06,0.023935930733679913,0.023142977440069976,0.0009068586800631667,0.00018157028105545732,0.00010355579050755513
0.685,63.1701200000099,6965468.333333136,0.855500000000134,0.11509999999999672,2301.999999999952,9.069041301603558e-06,0.023935135166771742,0.023142751778568307,0.000905847745318556,0.00017147213346234986,9.009397930545829e-05
0.6855,63.1479680000099,6959416.66666647,0.855200000000134,0.11499999999999673,2299.999999999952,9.073744399077272e-06,0.02393714243420457,0.023145021289411462,0.0009053137277332553,0.00018382444469114176,8.655528923342379e-05
0.686,63.12581600000989,6947313.333333137,0.8549000000001339,0.11479999999999675,2295.9999999999527,9.086363745411176e-06,0.02394958013493541,0.023158570138941615,0.0009064367782769397,0.0001814427228058928,8.755595436407084e-05
0.6865,63.10735600000989,6944287.499999804,0.8546500000001338,0.11474999999999676,2294.9999999999527,9.087664645222661e-06,0.023947792189098784,0.023156877369268476,0.0009081978267273899,0.00018198778760261447,8.738540636052148e-05
0.687,63.096280000009884,6932184.166666472,0.8545000000001338,0.11454999999999678,2290.9999999999536,9.101933601736873e-06,0.023964482232803126,0.023174562460545084,0.0009091783132499935,0.0001800457095777696,0.0001044617470877072
0.6875,63.07412800000988,6911003.333333141,0.8542000000001337,0.11419999999999682,2283.9999999999545,9.126623871788752e-06,0.02399275080193643,0.023204171004259106,0.0009113820844335193,0.000184290864804925,8.674594003334573e-05
0.6880000000000001,63.063052000009876,6911003.333333141,0.8540500000001338,0.11419999999999682,2283.9999999999545,9.125021210139525e-06,0.02398853761138333,0.0232002985013138,0.0009121774540814271,0.0001819300705169886,9.411258966024803e-05
0.6885,63.04828400000987,6898899.999999809,0.8538500000001337,0.11399999999999684,2279.9999999999554,9.138889388165015e-06,0.024003948390542443,0.023216494633516025,0.0009140507103764523,0.00018754150278680863,8.628038088094036e-05
0.6890000000000001,63.04459200000987,6886796.666666477,0.8538000000001337,0.11379999999999686,2275.999999999956,9.154414606889552e-06,0.024023625304970625,0.02323729625776888,0.0009150273989809427,0.00017812898491272947,9.200884560624473e-05
0.6895,63.03720800000987,6877719.166666478,0.8537000000001336,0.11364999999999688,2272.9999999999563,9.165423372551428e-06,0.024036658137209746,0.023250094832190055,0.0009144005842291492,0.00017545397252328773,7.504188939143923e-05
0.6900000000000001,63.026132000009866,6865615.833333146,0.8535500000001336,0.11344999999999689,2268.9999999999573,9.179967759630922e-06,0.024053608655228157,0.023268520142162435,0.0009172855533830995,0.00018012952894522807,7.511230819161103e-05
0.6905,63.00767200000986,6862589.999999813,0.8533000000001335,0.11339999999999689,2267.9999999999573,9.181325417956134e-06,0.024051864169651396,0.023266606860630323,0.0009174762241971186,0.00018631004217850016,8.29966666750397e-05
0.6910000000000001,63.00028800000986,6853512.499999814,0.8532000000001335,0.11324999999999691,2264.9999999999577,9.192408710133902e-06,0.024064966686960135,0.023280019806511926,0.0009194876975449227,0.0001798035874920177,9.502324070986384e-05
0.6915,62.978136000009854,6838383.333333149,0.8529000000001334,0.11299999999999694,2259.9999999999586,9.209506535415762e-06,0.0240831014323459,0.023299877402203236,0.000920677286851451,0.00018280971731649294,8.963809855510174e-05
0.6920000000000001,62.95967600000985,6829305.83333315,0.8526500000001334,0.11284999999999695,2256.999999999959,9.219044736978984e-06,0.024092037813492263,0.023309593219338606,0.000920557545651248,0.00018203675225216735,8.755819072593065e-05
0.6925,62.93014000000984,6820228.3333331505,0.8522500000001333,0.11269999999999697,2253.999999999959,9.226984336058866e-06,0.024096755593897453,0.023315077274934325,0.0009215965071759199,0.00018884532584185273,8.061579770862097e-05
0.6930000000000001,62.90798800000984,6817202.499999817,0.8519500000001332,0.11264999999999697,2252.9999999999595,9.227830330698189e-06,0.02409361853506504,0.02331229848563955,0.0009226084577184279,0.0001795691796306747,9.270167754699264e-05
0.6935,62.900604000009835,6802073.333333152,0.8518500000001331,0.112399999999997,2247.9999999999604,9.247269312985674e-06,0.024117566880349318,0.023336674712403006,0.0009248160149214138,0.0001908580387490681,9.542279669273012e-05
0.6940000000000001,62.87845200000983,6792995.833333153,0.851550000000133,0.11224999999999702,2244.9999999999604,9.256365459767542e-06,0.024125176381824903,0.023345610331077845,0.0009250742107461055,0.00018095456095068848,9.295685558662348e-05
0.6945,62.85260800000982,6777866.666666488,0.851200000000133,0.11199999999999705,2239.9999999999613,9.273213990637882e-06,0.024142159850393374,0.02336306374154999,0.0009263119846073003,0.0001874167819550541,8.926880924498534e-05
0.6950000000000001,62.82676400000982,6771814.999999822,0.8508500000001329,0.11189999999999706,2237.999999999962,9.277684638462726e-06,0.02414301349544638,0.02336518283132127,0.0009269621522917127,0.00018372882499973747,9.051555383606838e-05
0.6955,62.80092000000981,6759711.66666649,0.8505000000001328,0.11169999999999707,2233.9999999999623,9.290473188330486e-06,0.024154677737937516,0.023377374017271153,0.0009280595237814917,0.0001892320854193438,0.00010977921590582034
0.6960000000000001,62.7676920000098,6750634.166666491,0.8500500000001328,0.11154999999999708,2230.999999999963,9.298043776382704e-06,0.024158123667735554,0.02338218907425654,0.000928695139635766,0.000181682664962517,0.0001051587991479493
0.6965,62.741848000009796,6741556.666666492,0.8497000000001326,0.1113999999999971,2227.9999999999636,9.306730048007422e-06,0.024164429035255394,0.023388746711959528,0.0009298565377235045,0.0001862633585893978,0.00011257543513909838
0.6970000000000001,62.71969600000979,6729453.33333316,0.8494000000001325,0.11119999999999712,2223.999999999964,9.320176973267477e-06,0.02417761051820831,0.023402529172297896,0.000931358205992848,0.00018936626143877384,9.773143198195874e-05
0.6975,62.71600400000979,6723401.666666494,0.8493500000001325,0.11109999999999713,2221.9999999999645,9.328016844649532e-06,0.024187065195024424,0.023412673697007093,0.000930874199073733,0.00019092017032374845,8.936574768272032e-05
0.6980000000000001,62.69016000000978,6714324.166666495,0.8490000000001324,0.11094999999999715,2218.999999999965,9.336778869158173e-06,0.024193435876654686,0.023420298525871405,0.000933583303772715,0.00018964985194913986,8.257295609686026e-05
0.6985,62.68277600000978,6705246.666666496,0.8489000000001324,0.11079999999999716,2215.9999999999654,9.348317685555397e-06,0.024206955147207877,0.02343415603024893,0.0009323532232923765,0.00019257913359535853,8.66981698698555e-05
0.6990000000000001,62.656932000009775,6699194.99999983,0.8485500000001324,0.11069999999999718,2213.999999999966,9.352904640036805e-06,0.024207901252159356,0.02343545255553551,0.0009334332056824871,0.00018611755527135387,9.458122161392771e-05
0.6995,62.63847200000977,6687091.6666664975,0.8483000000001323,0.1104999999999972,2209.9999999999663,9.367072431838658e-06,0.024222660304835508,0.023451491781062747,0.0009355852195567763,0.00017926025367083023,9.290374994937356e-05
0.7000000000000001,62.60155200000976,6674988.333333165,0.8478000000001321,0.11029999999999722,2205.999999999967,9.37852605485373e-06,0.02423032090406985,0.02346049918274721,0.0009372459651324749,0.00018129117354520418,8.320770277450927e-05
0.7005,62.59047600000976,6671962.499999832,0.8476500000001321,0.11024999999999723,2204.9999999999673,9.381119273378909e-06,0.024231526667596547,0.023461723391405214,0.0009364940417149641,0.00019054051595762225,9.95310112462495e-05
0.7010000000000001,62.575708000009755,6656833.333333167,0.847450000000132,0.10999999999999725,2199.999999999968,9.400221526753658e-06,0.024253322952582642,0.02348410415706443,0.0009397683792071772,0.00018433957875138725,9.363881813737108e-05
0.7015,62.56094000000975,6650781.666666501,0.8472500000001321,0.10989999999999725,2197.999999999968,9.406554467659513e-06,0.024258628247987666,0.02349045672594934,0.0009393673990676281,0.00018763374528668424,0.00010168498982627368
0.7020000000000001,62.538788000009745,6632626.666666503,0.846950000000132,0.10959999999999728,2191.999999999969,9.428962482437017e-06,0.02428320473961471,0.02351576239448867,0.0009413453574749331,0.0001972955710925242,0.00010295075784903034
0.7025,62.52771200000974,6620523.333333171,0.8468000000001319,0.1093999999999973,2187.99999999997,9.444527094284784e-06,0.02430108662143932,0.023534218259281255,0.0009441218652303601,0.00019035576958756738,8.524688071388922e-05
0.7030000000000001,62.52032800000974,6611445.833333172,0.8467000000001319,0.10924999999999732,2184.9999999999704,9.456377557356468e-06,0.024314891794769162,0.023548998657813465,0.0009439531641226005,0.00019356134578234026,9.7143548709825e-05
0.7035,62.48340800000973,6608419.999999839,0.8462000000001317,0.10919999999999733,2183.9999999999704,9.455120588584149e-06,0.02430609584983772,0.023540942462597744,0.0009457805291901699,0.00018586526378200658,9.294996206327167e-05
0.704,62.46494800000973,6599342.49999984,0.8459500000001317,0.10904999999999734,2180.999999999971,9.465329008156683e-06,0.024315620881661323,0.023550994229004318,0.0009468372746756767,0.00019189888817086427,0.00010868042444423125
0.7045,62.44279600000972,6590264.999999841,0.8456500000001316,0.10889999999999736,2177.9999999999714,9.475005329832902e-06,0.024323732367752926,0.023559624807172948,0.0009466634283849645,0.00019014985204485348,9.550280202597879e-05
0.705,62.43172000000972,6581187.499999842,0.8455000000001316,0.10874999999999738,2174.999999999972,9.486391323755967e-06,0.024336184051018787,0.02357277675462418,0.0009470654805427763,0.00018799592955919193,9.260417805635065e-05
0.7055,62.416952000009715,6575135.833333176,0.8453000000001315,0.10864999999999739,2172.9999999999723,9.492876433606436e-06,0.024341621511897938,0.023579006057473522,0.0009481136356835323,0.00018611065175123433,8.198272303811654e-05
0.706,62.40956800000971,6566058.333333177,0.8452000000001315,0.1084999999999974,2169.9999999999727,9.504875654726066e-06,0.024355560024321952,0.023593070213557284,0.0009498693468269883,0.00018673084206305212,0.00010038740730405385
0.7065,62.39110800000971,6550929.166666511,0.8449500000001314,0.10824999999999743,2164.999999999973,9.524008947841804e-06,0.024376455534546846,0.02361540347950575,0.0009525679557923925,0.00018940167803528448,0.00010235731056768786
0.707,62.372648000009704,6541851.666666512,0.8447000000001313,0.10809999999999745,2161.9999999999736,9.534402670397526e-06,0.024386144665831305,0.023626024090857782,0.0009526223697150588,0.00019286238805377076,0.00010231559725965009
0.7075,62.339420000009696,6532774.166666513,0.8442500000001313,0.10794999999999745,2158.9999999999745,9.542564676136617e-06,0.02439008107825964,0.0236304122757255,0.0009536067101628087,0.00019100598345898572,9.230588908564593e-05
0.708,62.32465200000969,6532774.166666513,0.8440500000001312,0.10794999999999745,2158.9999999999745,9.540304074495838e-06,0.024384303159356496,0.023624821531506496,0.0009535990810554956,0.0001933789726004713,0.0001046184606720157
0.7085,62.30619200000969,6526722.499999847,0.8438000000001311,0.10784999999999746,2156.999999999975,9.54632160322599e-06,0.02438837948737503,0.02362952215778969,0.000954891845173046,0.00018790171817281584,8.960983712486781e-05
0.709,62.28773200000968,6514619.166666515,0.8435500000001311,0.10764999999999748,2152.9999999999754,9.561223826976502e-06,0.02440379169939763,0.023645797848792154,0.0009544218020522041,0.00019505280643572958,9.084614696065555e-05
0.7095,62.27296400000968,6511593.333333182,0.843350000000131,0.10759999999999749,2151.9999999999754,9.563398819952586e-06,0.02440367373910211,0.02364597401051252,0.0009553837739662075,0.0001869261345883603,8.156435717432718e-05
0.71,62.258196000009676,6508567.499999849,0.843150000000131,0.1075499999999975,2150.999999999976,9.565575835237341e-06,0.024403557042468754,0.023645943515357,0.0009558256961182187,0.00019938973786152176,9.59201713659868e-05
0.7105,62.24342800000967,6502515.833333183,0.842950000000131,0.1074499999999975,2148.999999999976,9.572207064985146e-06,0.024409118791858867,0.02365219035030865,0.0009560320094479872,0.0001874628239119982,9.24370534959012e-05
0.711,62.22866000000967,6499489.99999985,0.8427500000001309,0.10739999999999751,2147.9999999999764,9.574391221466777e-06,0.024409007241973348,0.023652201954361855,0.0009561264923951794,0.00018955046297835978,9.294680395894132e-05
0.7115,62.217584000009666,6490412.499999851,0.8426000000001309,0.10724999999999753,2144.9999999999764,9.586075461307134e-06,0.024421722901065174,0.023666159688941053,0.0009578297230501294,0.00019190535071055353,9.975126398615649e-05
0.712,62.19912400000966,6490412.499999851,0.8423500000001308,0.10724999999999753,2144.9999999999764,9.583231266119232e-06,0.02441447697111627,0.023658942476999366,0.0009571033915905039,0.00019448907167612874,0.00010462683702333183
0.7125,62.173280000009655,6472257.499999853,0.8420000000001308,0.10694999999999756,2138.9999999999777,9.606119657632761e-06,0.024438536265391043,0.02368385085606827,0.0009607924199315211,0.00018645403980144544,0.00010781777383788428
0.713,62.15851200000965,6469231.66666652,0.8418000000001307,0.10689999999999757,2137.9999999999777,9.608329891830699e-06,0.0244384446325708,0.02368461143418239,0.0009611214695422795,0.0001879555459434816,8.573607628761444e-05
0.7135,62.12528400000964,6460154.166666521,0.8413500000001306,0.10674999999999758,2134.999999999978,9.616687527453647e-06,0.024442535234062063,0.023689136565579458,0.0009602784491946582,0.00019234599705139185,0.00010837738956947417
0.714,62.11420800000964,6454102.499999855,0.8412000000001305,0.1066499999999976,2132.9999999999786,9.623988463153636e-06,0.024449631970888414,0.023696456102769117,0.0009617584616709642,0.00019438541856839312,0.00010819090381437499
0.7145,62.10682400000964,6454102.499999855,0.8411000000001305,0.1066499999999976,2132.9999999999786,9.622844384639233e-06,0.02444672545702925,0.023694432455326677,0.0009612654843316832,0.00018916174507266307,9.137189528737477e-05
0.715,62.08836400000963,6441999.166666523,0.8408500000001304,0.10644999999999762,2128.999999999979,9.6380583718917e-06,0.024462406953431135,0.023710925412228696,0.000963457829104827,0.00019904290922704906,0.00011763468590507726
0.7155,62.06990400000963,6435947.499999857,0.8406000000001304,0.10634999999999763,2126.9999999999795,9.64425269162171e-06,0.024466628584940496,0.023715185527411708,0.0009630812904929264,0.00019489911300999094,9.054206732398062e-05
0.716,62.04775200000962,6423844.1666665245,0.8403000000001303,0.10614999999999764,2122.99999999998,9.658975278693222e-06,0.024480926720057333,0.023730983930904892,0.0009645375613673548,0.00018962222284292662,9.673005762012328e-05
0.7165,62.03298400000962,6414766.666666525,0.8401000000001302,0.10599999999999765,2119.999999999981,9.670341451756257e-06,0.02449241112799369,0.023742740044515556,0.0009653410774490629,0.00019595477167796876,0.00010835940101642834
0.717,62.00344800000961,6402663.333333193,0.8397000000001301,0.10579999999999767,2115.9999999999814,9.684008790093754e-06,0.02450387718795894,0.023755060991835008,0.0009672383794644778,0.00019590059160000248,8.36519584523003e-05
0.7175,61.977604000009606,6381482.499999862,0.83935000000013,0.10544999999999771,2108.9999999999823,9.712101224129494e-06,0.024534278367392425,0.023787497166393765,0.0009704914259566488,0.00019734543378611676,0.00010931984377814787
0.718,61.9554520000096,6378456.666666529,0.83905000000013,0.10539999999999772,2107.9999999999823,9.713235542350778e-06,0.024531325891236674,0.023784155914138152,0.0009704608272200155,0.00019191142314345044,9.214687419740058e-05
0.7185,61.9406840000096,6363327.499999864,0.8388500000001299,0.10514999999999775,2102.999999999983,9.734008504200188e-06,0.024554616439740995,0.023808562886453638,0.0009737874058817621,0.00019474297631074964,9.772243214467956e-05
0.719,61.92591600000959,6351224.166666532,0.8386500000001299,0.10494999999999777,2098.999999999984,9.750233084988352e-06,0.02457214180026947,0.023827086155177982,0.0009744995858557016,0.00019368822681152124,0.00010846644675932897
0.7195,61.90007200000959,6342146.666666533,0.8383000000001298,0.10479999999999778,2095.9999999999845,9.760113610325035e-06,0.024579458287065467,0.02383501811264485,0.0009761333534568927,0.0001938303282744795,9.274644132782564e-05
0.72,61.896380000009586,6336094.999999867,0.8382500000001298,0.1046999999999978,2093.9999999999845,9.768852897567174e-06,0.024589726760762685,0.023846186968158913,0.0009764002151532085,0.00019418809316343783,9.153326089400663e-05
0.7205,61.892688000009585,6330043.333333201,0.8382000000001297,0.1045999999999978,2091.999999999985,9.777608894727558e-06,0.02460001065768954,0.02385657808936889,0.0009765807805871404,0.00019764963694755564,7.96889094497111e-05
0.721,61.86684400000958,6308862.49999987,0.8378500000001297,0.10424999999999783,2084.999999999986,9.806338939866078e-06,0.024630981675618436,0.023888666430543954,0.000979641078909882,0.00019385507871666076,9.272626285478394e-05
0.7215,61.852076000009575,6299784.999999871,0.8376500000001297,0.10409999999999785,2081.9999999999864,9.818124904264327e-06,0.024642837099532244,0.02390113536451427,0.0009809476171535414,0.00019307938478703806,9.024107605898702e-05
0.722,61.83730800000957,6293733.3333332045,0.8374500000001296,0.10399999999999786,2079.9999999999873,9.825218947949945e-06,0.024648795111424072,0.023907772125916,0.0009814306569957347,0.00018950859709726143,9.824443703427492e-05
0.7225,61.83361600000957,6281629.999999872,0.8374000000001296,0.10379999999999788,2075.9999999999877,9.843562260115739e-06,0.02467105696415603,0.02393116269796465,0.0009834025678496898,0.00019791035978793342,0.00010308299605274357
0.723,61.807772000009564,6269526.66666654,0.8370500000001295,0.1035999999999979,2071.999999999988,9.858443114792952e-06,0.024684537710585132,0.023945247374967473,0.0009838380061221372,0.00020969097031238465,0.00011274778981020316
0.7235,61.79669600000956,6251371.666666542,0.8369000000001294,0.10329999999999794,2065.999999999989,9.885301865752256e-06,0.024715925662804977,0.02397804189675072,0.0009878778758939664,0.00019991482881627235,0.00010768066915043356
0.724,61.78562000000956,6236242.499999877,0.8367500000001294,0.10304999999999796,2060.99999999999,9.907507605743487e-06,0.02474145263502647,0.024003944977241957,0.0009890265898770928,0.00020196181859732427,0.0001178688344304215
0.7245,61.77823600000956,6233216.666666544,0.8366500000001293,0.10299999999999797,2059.9999999999905,9.911132454352478e-06,0.024744499529248398,0.024007912238075114,0.000990096567755657,0.00020463122993116898,0.00010283514154041483
0.725,61.75977600000955,6224139.166666545,0.8364000000001294,0.10284999999999798,2056.999999999991,9.922621320995649e-06,0.02475513771352462,0.024019330342816517,0.0009909106087984227,0.00019899697209573185,0.00010812328309241206
0.7255,61.726548000009544,6205984.166666547,0.8359500000001292,0.10254999999999802,2050.999999999992,9.946294792621918e-06,0.024777982311885407,0.024043008595451006,0.0009939780040154242,0.00020302579126564346,0.00010631442844865984
0.726,61.70808800000954,6193880.833333215,0.8357000000001291,0.10234999999999803,2046.9999999999925,9.962750278939666e-06,0.024794762134628917,0.024060570355271576,0.0009950193738349896,0.0001930022546709719,9.532026915420171e-05
0.7265,61.697012000009536,6184803.333333216,0.8355500000001291,0.10219999999999804,2043.9999999999927,9.975581869756684e-06,0.024808497491406803,0.0240750463988947,0.0009977511692363052,0.0001978522970990593,0.00010259629443931943
0.727,61.67486000000953,6178751.66666655,0.8352500000001291,0.10209999999999805,2041.999999999993,9.981767082942702e-06,0.024811731883313037,0.024078647345078332,0.0009978846804056527,0.0002008174026615153,0.00011237982801084332
0.7275,61.656400000009526,6163622.4999998845,0.835000000000129,0.10184999999999808,2036.9999999999939,1.00032732374526e-05,0.024834728898890497,0.024102843625684867,0.0009996216186974086,0.00019799657038561128,9.800162515360983e-05
0.728,61.62686400000952,6157570.8333332185,0.8346000000001289,0.10174999999999809,2034.999999999994,1.0008307767472265e-05,0.024835026958656404,0.024103729362112993,0.0009992971232088005,0.00019996297655010232,0.00010453273822279326
0.7285,61.615788000009516,6145467.499999886,0.8344500000001288,0.10154999999999811,2030.9999999999945,1.0026216557163578e-05,0.02485500290060415,0.024124679954988876,0.0010010300278687875,0.0002001798230325147,0.00010521729632567376
0.729,61.58994400000951,6136389.999999887,0.8341000000001287,0.10139999999999813,2027.9999999999952,1.0036836641740606e-05,0.024862947101366665,0.024133807071873962,0.001002884364128462,0.00020386993477132444,8.742041036978579e-05
0.7295,61.567792000009504,6124286.666666555,0.8338000000001287,0.10119999999999815,2023.9999999999957,1.0053055212962591e-05,0.02487855177125929,0.024149623776854673,0.001004312061307604,0.000207474625336401,0.00011059679110089029
0.73,61.5493320000095,6100079.999999891,0.8335500000001286,0.1007999999999982,2015.9999999999973,1.0089922099384041e-05,0.02492039077653891,0.02419383285002294,0.0010080101001527465,0.00020054133553285225,9.49817220575707e-05
0.7305,61.52348800000949,6081924.999999893,0.8332000000001285,0.10049999999999822,2009.999999999998,1.0115791957317885e-05,0.02494707811663573,0.0242214246352843,0.0010105620764219911,0.00020610626894636887,0.00010697934859957096
0.731,61.50133600000949,6075873.333333227,0.8329000000001284,0.10039999999999823,2007.9999999999986,1.0122221551690878e-05,0.024950511984088077,0.024225086121988815,0.001011333957281807,0.00019927913369086444,9.907125733594705e-05
0.7315,61.47918400000948,6072847.499999894,0.8326000000001283,0.10034999999999823,2006.9999999999986,1.0123617298147295e-05,0.024947737980646555,0.02422273374571237,0.001011633271850642,0.0002051578895119409,0.00010791061392595483
0.732,61.45703200000948,6069821.666666561,0.8323000000001283,0.10029999999999824,2005.9999999999989,1.0125014436175453e-05,0.02494496414327249,0.024220783204023016,0.0010110256231529698,0.0002022797431881575,9.599865038262075e-05
0.7325,61.44226400000947,6057718.333333229,0.8321000000001283,0.10009999999999826,2001.9999999999993,1.0142806353659099e-05,0.024963871469133505,0.024240714472750266,0.0010130176642128162,0.00019884978067786837,8.732471952218403e-05
0.733,61.42380400000947,6045614.999999897,0.8318500000001282,0.09989999999999828,1998.0,1.0160058819493222e-05,0.024981339996925506,0.024258431823153237,0.001014915213841855,0.0002054966571481725,9.165271033532207e-05
0.7335,61.39796000000946,6030485.8333332315,0.8315000000001281,0.09964999999999831,1993.0000000000007,1.0181262620771792e-05,0.02500213258230402,0.024280429640839762,0.0010156643936406174,0.00020199874678297102,8.945750625672085e-05
0.734,61.37950000000946,6027459.9999998985,0.831250000000128,0.09959999999999831,1992.000000000001,1.0183311046445849e-05,0.025000888358450296,0.02427991172408612,0.0010173559676962649,0.00020377060614079636,0.00010680514917954992
0.7345,61.35734800000945,6018382.499999899,0.830950000000128,0.09944999999999833,1989.0000000000014,1.019498976677047e-05,0.025010705891659154,0.024290029435093185,0.0010192880215389602,0.00020230368600669248,0.00010083032490546855
0.735,61.34627200000945,6009304.9999999,0.8308000000001279,0.09929999999999835,1986.000000000002,1.0208546911832645e-05,0.02502507072034571,0.024305808535210575,0.001019988442179083,0.00020428803338431032,9.622509996577982e-05
0.7355,61.32042800000944,6009304.9999999,0.8304500000001278,0.09929999999999835,1986.000000000002,1.0204246248111963e-05,0.025014528158491454,0.024295403173181664,0.001020336339082253,0.00020498234400454245,0.00010020192323451972
0.736,61.290892000009435,6003253.333333234,0.8300500000001277,0.09919999999999836,1984.000000000002,1.0209612787734614e-05,0.02501507835638259,0.024295963123897632,0.0010195677037860285,0.00020219454185224834,0.000107227364903378
0.7365,61.25766400000943,5997201.666666568,0.8296000000001277,0.09909999999999837,1982.0000000000027,1.0214374537459626e-05,0.025014127867755913,0.024296219893937137,0.0010203541858764679,0.00020709015985429066,0.00010204040995985403
0.737,61.23920400000942,5988124.166666569,0.8293500000001276,0.09894999999999839,1979.0000000000032,1.02267759143845e-05,0.02502553658853252,0.024308107619507885,0.0010230569196424124,0.00020791805850911457,0.00010981468516874574
0.7375,61.21705200000942,5985098.333333236,0.8290500000001275,0.09889999999999839,1978.0000000000032,1.0228244982888403e-05,0.025022807000733713,0.024306359580449022,0.001021147676911254,0.00020597688492018682,0.00010523777288917804
0.738,61.20228400000941,5979046.66666657,0.8288500000001274,0.0987999999999984,1976.0000000000036,1.023612749858847e-05,0.0250294275738744,0.024313258519119092,0.0010223082245893384,0.0002045170203411211,9.64913271398937e-05
0.7385,61.18751600000941,5976020.833333237,0.8286500000001275,0.09874999999999841,1975.0000000000034,1.0238839138363734e-05,0.0250297222403552,0.024313366668218872,0.0010228510720251066,0.00020021202463564898,0.0001003559744134638
0.739,61.169056000009405,5963917.499999905,0.8284000000001274,0.09854999999999842,1971.0000000000043,1.0256522830842374e-05,0.02504754827318982,0.024332568642468275,0.0010252755363503025,0.00020180625244384473,9.816713607542013e-05
0.7395,61.1579800000094,5948788.33333324,0.8282500000001273,0.09829999999999844,1966.000000000005,1.0280745686868508e-05,0.0250748376752733,0.024360835301594514,0.0010272066410784808,0.00019860167194879044,9.246057386395408e-05
0.74,61.1358280000094,5933659.166666575,0.8279500000001272,0.09804999999999847,1961.0000000000061,1.0303225426807659e-05,0.025097690216989595,0.024384868574781546,0.0010292117707378812,0.00020576009778599323,0.00011168398380497512
0.7405,61.124752000009394,5924581.666666576,0.8278000000001272,0.09789999999999849,1958.0000000000064,1.0317142279245651e-05,0.025112359395625058,0.0243998242636238,0.0010319199522450667,0.00021107310335622035,9.966512150638925e-05
0.741,61.11367600000939,5915504.166666577,0.8276500000001271,0.0977499999999985,1955.0000000000068,1.0331101843251228e-05,0.025127065815947956,0.024415276392627614,0.001033284931307362,0.00020567926298686436,0.00011043029633537445
0.7415,61.07675600000938,5888271.666666579,0.8271500000001271,0.09729999999999855,1946.0000000000084,1.0372611770914717e-05,0.025169888513633946,0.024460105914489414,0.0010363158788760374,0.00020933455301697129,0.00010876840554610318
0.742,61.05460400000938,5873142.499999914,0.826850000000127,0.09704999999999858,1941.0000000000089,1.039555978762822e-05,0.02519314563285977,0.02448429467855728,0.0010395762862371774,0.000213044068969003,0.00010696671565799193
0.7425,61.03983600000937,5864064.999999915,0.8266500000001269,0.0968999999999986,1938.0000000000095,1.04091335958947e-05,0.025206538894899842,0.02449851144238617,0.0010391406171442663,0.00020925511818501664,0.00010283175996795649
0.743,61.02876000000937,5858013.333333249,0.8265000000001269,0.0967999999999986,1936.0000000000098,1.0417996089688583e-05,0.025214979182160206,0.024507083554671995,0.0010405492605284094,0.0002092193911633763,0.00010129316637560406
0.7435,61.002916000009364,5854987.499999916,0.8261500000001267,0.0967499999999986,1935.00000000001,1.0418966052448487e-05,0.025210813226149504,0.024503741456247966,0.0010416399507027698,0.00021029184462536315,9.461968307230363e-05
0.744,60.98445600000936,5854987.499999916,0.8259000000001268,0.0967499999999986,1935.00000000001,1.041581318491461e-05,0.025203184233525435,0.024495769694518863,0.0010409485646573904,0.0002100782812674323,0.0001013055101397147
0.7445,60.95492000000935,5851961.666666583,0.8255000000001266,0.0966999999999986,1934.0000000000102,1.0416151620953924e-05,0.025197489643480567,0.02449127965088113,0.0010407068947149555,0.00021033077805735558,9.760257476968694e-05
0.745,60.921692000009344,5845909.999999917,0.8250500000001265,0.09659999999999862,1932.0000000000105,1.0421250412683433e-05,0.025196785558608787,0.02449095625902766,0.0010407116749281248,0.0002048116045507604,0.00010309616508315703
0.7455,60.89215600000934,5833806.666666585,0.8246500000001264,0.09639999999999864,1928.0000000000111,1.0437808360694764e-05,0.025210681142114447,0.024506456203939972,0.0010421361228109985,0.00021081212624787235,0.00010623612592235088
0.746,60.87738800000933,5818677.49999992,0.8244500000001264,0.09614999999999867,1923.0000000000118,1.0462409714236641e-05,0.0252373127400429,0.024533874471414738,0.001045383033721792,0.00020495759511142064,0.00010563191148606802
0.7465,60.83677600000932,5809599.999999921,0.8239000000001262,0.09599999999999868,1920.0000000000125,1.0471766730929866e-05,0.025240172408260365,0.024537404997721217,0.001047378076253085,0.00020803130188634574,9.874703334435777e-05
0.747,60.807240000009315,5800522.499999922,0.8235000000001261,0.0958499999999987,1917.000000000013,1.0483062517214636e-05,0.025247650800759653,0.02454581669391338,0.0010485125108259657,0.00021123038785199352,0.00010754022680014831
0.7475,60.78139600000931,5791444.999999923,0.8231500000001261,0.09569999999999872,1914.0000000000134,1.0495031205512634e-05,0.025256690521982806,0.02455562808059448,0.0010488433613368372,0.00020700101727266095,0.00011502356505254988
0.748,60.766628000009305,5788419.16666659,0.822950000000126,0.09564999999999872,1913.0000000000134,1.0497966068169754e-05,0.02525715277933384,0.02455607022631157,0.0010490825809449501,0.00021606983315402827,0.00011576519056187809
0.7485,60.7592440000093,5782367.499999924,0.822850000000126,0.09554999999999873,1911.0000000000139,1.0507675964907126e-05,0.02526729529766007,0.024567122124118334,0.0010491721345366719,0.00021315156837187278,0.00010407861312091739
0.749,60.7407840000093,5779341.666666591,0.8226000000001259,0.09549999999999874,1910.000000000014,1.0509983230502339e-05,0.025266230126250237,0.024566385651501325,0.0010500036361008897,0.00020851055174672128,0.00010102130713864562
0.7495,60.71494000000929,5770264.166666592,0.8222500000001258,0.09534999999999876,1907.0000000000143,1.0522038202469947e-05,0.025275337337362272,0.02457608904526862,0.0010500323730174097,0.00021470753009633815,0.00011097568096583351
0.75,60.70017200000929,5764212.4999999255,0.8220500000001257,0.09524999999999877,1905.0000000000148,1.0530522946544748e-05,0.025282450640343245,0.024583354783948384,0.001052715295678438,0.00021103538031877394,0.0001106615949009707
0.7505000000000001,60.681712000009284,5755134.999999926,0.8218000000001257,0.09509999999999878,1902.0000000000152,1.0543925033906252e-05,0.025294686665532567,0.024596566246411586,0.00105276599730678,0.0002127251675235152,0.00010629748984388896
0.751,60.65586800000928,5752109.166666593,0.8214500000001256,0.09504999999999879,1901.0000000000155,1.0544978588290594e-05,0.02529056308381787,0.02459320612843357,0.0010542968566501036,0.00021394008349834024,0.0001121579946438073
0.7515000000000001,60.641100000009274,5740005.833333261,0.8212500000001256,0.0948499999999988,1897.000000000016,1.056464083152239e-05,0.025311048675314498,0.024614240075666254,0.0010552907387665052,0.00020988628137417827,0.00010713850837764872
0.752,60.62633200000927,5730928.333333262,0.8210500000001255,0.09469999999999881,1894.0000000000166,1.0578797792215168e-05,0.025324917483049016,0.02462896900865563,0.0010583196665522128,0.00021258491841160516,0.00010309699665278839
0.7525000000000001,60.61156400000927,5721850.833333263,0.8208500000001254,0.09454999999999883,1891.000000000017,1.0592999671873656e-05,0.025338824172576654,0.02464384540519484,0.0010588429595539326,0.0002097562402910518,9.58964874720865e-05
0.753,60.58572000000926,5718824.99999993,0.8205000000001254,0.09449999999999883,1890.000000000017,1.0594085323472916e-05,0.02533471966393545,0.02464005378777047,0.001058286047987228,0.00021420213968683996,0.00010086789935750878
0.7535000000000001,60.563568000009255,5700669.999999932,0.8202000000001253,0.09419999999999887,1884.0000000000182,1.0623938589676297e-05,0.025365751489503933,0.024672211159627744,0.0010617972818787987,0.00020759763817980329,9.862521049705282e-05
0.754,60.54141600000925,5691592.499999933,0.8199000000001252,0.09404999999999888,1881.0000000000186,1.0636990613788665e-05,0.0253766859617908,0.02468358484877445,0.0010620569720432272,0.00021203559211206417,0.00010768459469400016
0.7545000000000001,60.51188000000924,5685540.833333267,0.8195000000001251,0.0939499999999989,1879.0000000000189,1.0643117651224905e-05,0.025377800797327228,0.02468599421798109,0.0010645272711501672,0.0002114987165499727,0.00010599787733279621
0.755,60.486036000009236,5679489.166666601,0.8191500000001251,0.0938499999999989,1877.0000000000193,1.064990780421008e-05,0.02538047320415143,0.024688726141403564,0.001063680661549537,0.00021048855484144066,0.00010990497213198801
0.7555000000000001,60.44911600000923,5676463.333333268,0.8186500000001249,0.09379999999999891,1876.0000000000196,1.064908067758327e-05,0.025371740739341796,0.024680762296189183,0.0010642611756935918,0.00021703911730572406,0.00010381187560401169
0.756,60.408504000009216,5673437.499999935,0.8181000000001247,0.09374999999999892,1875.0000000000196,1.0647601916829067e-05,0.025361455402349447,0.024671430716712458,0.0010644208783349154,0.0002132734973909748,0.00010133083107926076
0.7565000000000001,60.397428000009214,5658308.33333327,0.8179500000001247,0.09349999999999895,1870.0000000000202,1.0674113965159178e-05,0.025390682067790035,0.02470190027248492,0.0010669764664938536,0.0002125945765423377,0.00010282345977563873
0.757,60.37527600000921,5649230.833333271,0.8176500000001247,0.09334999999999896,1867.000000000021,1.0687344486574182e-05,0.0254017533727408,0.024713188469734332,0.0010679813199189687,0.00021061439036149855,0.00010542673240961889
0.7575000000000001,60.3531240000092,5637127.4999999385,0.8173500000001246,0.09314999999999897,1863.0000000000216,1.0706361351594382e-05,0.0254196783660597,0.024731798187818756,0.0010695633866996607,0.00021261888845640873,0.00011187135035728209
0.758,60.3309720000092,5631075.8333332725,0.8170500000001245,0.09304999999999898,1861.0000000000216,1.0713933497907936e-05,0.02542399876975275,0.02473703850382913,0.0010705184632227604,0.00021528140134658547,0.0001029452770198831
0.7585000000000001,60.30882000000919,5628049.999999939,0.8167500000001244,0.09299999999999899,1860.000000000022,1.0715757678060756e-05,0.025421494696677024,0.024734599560971696,0.0010709195508578633,0.00021360500149026783,0.00010735943373479665
0.759,60.26451600000918,5603843.333333275,0.8161500000001243,0.09259999999999903,1852.0000000000232,1.075414004555382e-05,0.025457626001093234,0.0247733176026099,0.001075353781623425,0.00021281113700180048,0.00010328354042920134
0.7595000000000001,60.22759600000917,5600817.499999942,0.8156500000001242,0.09254999999999904,1851.0000000000232,1.0753358058892259e-05,0.025448901417267855,0.024764485434653705,0.0010744249749582207,0.00021336868405688773,0.00010301117554393141
0.76,60.198060000009164,5597791.666666609,0.815250000000124,0.09249999999999904,1850.0000000000236,1.0753894318445776e-05,0.025443294890351957,0.024759889974229555,0.0010747863943559807,0.00022004808071506506,0.00011963540030450789
0.7605000000000001,60.17960000000916,5588714.16666661,0.815000000000124,0.09234999999999906,1847.0000000000239,1.0768058305601859e-05,0.025456141020827397,0.02477351093796057,0.0010762439176237283,0.00021812266891815802,0.00011380478146694672
0.761,60.157448000009154,5570559.166666612,0.8147000000001239,0.09204999999999909,1841.0000000000248,1.0799175845753919e-05,0.02548820356232446,0.02480687521687954,0.0010790745779642448,0.0002222346372464456,0.00011903298814351407
0.7615000000000001,60.13529600000915,5555429.999999947,0.8144000000001239,0.09179999999999912,1836.0000000000257,1.082459791591465e-05,0.025513487630118462,0.02483267594683142,0.0010817397842213601,0.0002118939402588665,0.00010440748496190847
0.762,60.10206800000914,5540300.833333282,0.8139500000001237,0.09154999999999915,1831.0000000000266,1.0848159659201965e-05,0.02553418242016271,0.024854956578783175,0.0010837958053520223,0.00021228355354017774,0.00011185198865447411
0.7625000000000001,60.07253200000913,5525171.666666617,0.8135500000001237,0.09129999999999917,1826.0000000000273,1.0872518651760083e-05,0.025556552145107027,0.024878864143838386,0.00108611886575682,0.00022205179324850442,0.00011252229703935177
0.763,60.035612000009124,5519119.999999951,0.8130500000001235,0.09119999999999917,1824.0000000000277,1.087775080085406e-05,0.025554844131835144,0.024877982675425316,0.00108667963488571,0.00021679073430886755,0.00010561892823898689
0.7635000000000001,60.02084400000912,5513068.333333285,0.8128500000001235,0.09109999999999918,1822.000000000028,1.088701252569449e-05,0.025562576338929967,0.02488618249271431,0.0010880184104974384,0.0002180355654016374,9.53668141917681e-05
0.764,59.998692000009115,5503990.8333332855,0.8125500000001235,0.0909499999999992,1819.0000000000284,1.090094330038576e-05,0.025574205032656543,0.024898497072977248,0.001089176784149486,0.00021686902142018747,0.00010130921090035435
0.7645000000000001,59.98761600000911,5491887.499999953,0.8124000000001234,0.09074999999999922,1815.000000000029,1.092295062490075e-05,0.025597644070423895,0.024922619502147497,0.0010908114950471757,0.00021778775987453305,0.00010973629189607985
0.765,59.954388000009104,5485835.833333287,0.8119500000001233,0.09064999999999923,1813.0000000000293,1.0928943158617964e-05,0.025597572376347348,0.02492286792838069,0.0010923552698954917,0.00022063435349223398,0.00010965946203854577
0.7655000000000001,59.921160000009095,5473732.499999955,0.8115000000001231,0.09044999999999925,1809.00000000003,1.0947038423965655e-05,0.025611654521705777,0.024938260916223923,0.0010939548107190553,0.00021543783781961896,0.0001035988078099358
0.766,59.87316400000908,5455577.499999957,0.810850000000123,0.09014999999999929,1803.000000000031,1.0974670234271176e-05,0.025633685396941875,0.02496158780678516,0.0010958247633335292,0.00022448584150055393,0.0001142474698256867
0.7665000000000001,59.85101200000908,5437422.499999959,0.8105500000001229,0.08984999999999932,1797.000000000032,1.1007239551462025e-05,0.025666943902692536,0.02499590057126142,0.0010997803724156815,0.00021924228303721029,0.00011186056619842489
0.767,59.81040000000907,5413215.833333295,0.8100000000001227,0.08944999999999936,1789.0000000000332,1.1048959036828139e-05,0.025706812826952977,0.025038047595805454,0.0011048257994088332,0.00021939569242841877,0.00010762106406229902
0.7675000000000001,59.77348000000906,5398086.66666663,0.8095000000001227,0.08919999999999938,1784.000000000034,1.1073086389870757e-05,0.025726921014413325,0.025059244602281695,0.001106061203600845,0.0002218891026876476,0.00011790525522745677
0.768,59.75132800000905,5389009.166666631,0.8092000000001226,0.0890499999999994,1781.0000000000346,1.108762782768993e-05,0.025739037250161825,0.025072235058505324,0.0011074750091792868,0.0002276197769348357,0.00010476340097715305
0.7685,59.73286800000905,5379931.666666632,0.8089500000001225,0.08889999999999941,1778.0000000000348,1.1102904590797362e-05,0.02575278392391214,0.02508678244239919,0.0011092844108973742,0.0002248792031668002,0.00010334135841736003
0.769,59.718100000009045,5367828.3333332995,0.8087500000001224,0.08869999999999943,1774.0000000000355,1.1125188119219427e-05,0.025775426919238478,0.025110528946997144,0.0011114263090518555,0.00021988396239760668,0.00011356686706121558
0.7695,59.69594800000904,5358750.8333333,0.8084500000001223,0.08854999999999945,1771.000000000036,1.1139899923817955e-05,0.02578767956243314,0.025123189115863212,0.001113467928616525,0.00022171504773119884,0.00010916825017433845
0.77,59.673796000009034,5358750.8333333,0.8081500000001223,0.08854999999999945,1771.000000000036,1.1135766124600755e-05,0.025778110276255272,0.025114207681369398,0.0011128206109665855,0.0002243841022341436,0.0001133869132582028
0.7705,59.65164400000903,5346647.499999968,0.8078500000001222,0.08834999999999947,1767.0000000000366,1.1156831266697381e-05,0.025797690824335338,0.025134706231731533,0.0011138946760241141,0.00022147502057953003,0.00011624287895895701
0.771,59.61841600000902,5337569.999999969,0.8074000000001221,0.08819999999999949,1764.0000000000373,1.1169580164758375e-05,0.025805235854328288,0.025142998813823442,0.0011158712048561041,0.00022551659263571816,0.00010777475348363528
0.7715,59.60364800000902,5328492.49999997,0.807200000000122,0.0880499999999995,1761.0000000000377,1.1185836894770773e-05,0.025820809417423537,0.02515946913614168,0.001116779715276179,0.00022308410396087845,0.0001144571263035378
0.772,59.58518800000901,5319414.999999971,0.806950000000122,0.08789999999999952,1758.000000000038,1.1201455047220292e-05,0.02583482751586496,0.025173694065240466,0.0011198477731889354,0.00022364298743403972,0.00011969906295239596
0.7725,59.57411200000901,5310337.499999972,0.806800000000122,0.08774999999999954,1755.0000000000387,1.1218517090488e-05,0.025852092650219552,0.02519167955353065,0.0011210510381017991,0.0002194241499878461,0.0001097910691764623
0.773,59.555652000009005,5310337.499999972,0.8065500000001219,0.08774999999999954,1755.0000000000387,1.1215040851925008e-05,0.025844081977297474,0.025184393679277127,0.0011199327997331958,0.00022538941611240063,0.00010759880573388985
0.7735,59.537192000009,5298234.16666664,0.8063000000001218,0.08754999999999954,1751.0000000000393,1.123717641145079e-05,0.02586556443527253,0.025206703541629488,0.0011224264042797888,0.00022496576605349086,0.00011681047878204983
0.774,59.511348000008994,5289156.666666641,0.8059500000001217,0.08739999999999956,1748.0000000000398,1.1251575960126463e-05,0.025876513311934263,0.025217775085151085,0.0011237221966272821,0.0002297861391977621,0.00012390714953305828
0.7745,59.48919600000899,5283104.999999975,0.8056500000001217,0.08729999999999957,1746.00000000004,1.1260271374505953e-05,0.025881691918174153,0.02522376404373916,0.0011243061144316146,0.000221403276899035,0.0001080177183182885
0.775,59.474428000008984,5283104.999999975,0.8054500000001217,0.08729999999999957,1746.00000000004,1.1257476048651175e-05,0.02587526688408433,0.025218098956004825,0.0011243308200060056,0.0002268952618889996,0.00012108380143368159
0.7755,59.45596800000898,5277053.333333309,0.8052000000001216,0.08719999999999958,1744.0000000000405,1.1266887833868634e-05,0.025882063416116614,0.02522466500674449,0.0011266065744859083,0.00022738185317666744,0.00011464160411442278
0.776,59.43012400000897,5255872.499999978,0.8048500000001215,0.08684999999999962,1737.0000000000416,1.130737551186967e-05,0.025922889421274003,0.025267734454852836,0.0011292615912542768,0.00022751327301378992,0.00011582301688060479
0.7765,59.396896000008965,5243769.166666646,0.8044000000001214,0.08664999999999964,1733.000000000042,1.1327137811019688e-05,0.02593827839787075,0.025283629179687094,0.0011319335116963614,0.00023117556773020247,0.00012148745291683572
0.777,59.37474400000896,5237717.4999999795,0.8041000000001213,0.08654999999999965,1731.0000000000425,1.1335995879886456e-05,0.025943579360867306,0.0252896469656837,0.0011326507257506824,0.00022829985966012868,0.00011595266149516616
0.7775,59.33413200000895,5225614.166666647,0.8035500000001211,0.08634999999999968,1727.000000000043,1.1354480087430075e-05,0.0259558407771909,0.02530312503157767,0.0011337365601233624,0.00022168696292021608,0.00011165727677165768
0.778,59.28613600000894,5222588.333333314,0.802900000000121,0.08629999999999968,1726.0000000000432,1.1351868501986561e-05,0.025942356740803824,0.025290552086522058,0.0011339793488521004,0.0002282476131930772,0.00010375397054018611
0.7785,59.26767600000893,5207459.166666649,0.802650000000121,0.08604999999999971,1721.0000000000439,1.138130403007016e-05,0.02597192485458731,0.025320629778778914,0.0011366692434946215,0.00022423369272160507,0.00012010427537933564
0.779,59.24921600000893,5198381.66666665,0.8024000000001209,0.08589999999999973,1718.0000000000446,1.1397627146142428e-05,0.025986494705239525,0.02533669321364204,0.0011385554006358345,0.00022421372611161153,0.00010154233253850027
0.7795,59.21598800000892,5195355.833333317,0.8019500000001207,0.08584999999999973,1717.0000000000448,1.1397869539576118e-05,0.02597948308960737,0.025330130898236672,0.0011398300648170672,0.0002292146403303061,0.00012149356591380274
0.78,59.20860400000892,5186278.333333318,0.8018500000001207,0.08569999999999973,1714.0000000000452,1.141639537921877e-05,0.025998966533557072,0.025349750254262872,0.0011414601778419412,0.0002273413293974443,0.00011277347421571509
0.7805,59.16799200000891,5174174.999999986,0.8013000000001206,0.08549999999999976,1710.0000000000457,1.14352514168943e-05,0.026011502942699393,0.02536378497273136,0.0011432398799564294,0.0002345053043680085,0.00011273786879186973
0.781,59.1310720000089,5165097.499999987,0.8008000000001205,0.08534999999999977,1707.0000000000464,1.144820054219868e-05,0.026018104990103798,0.025371446409409786,0.0011437368251645268,0.0002314191562501744,0.00011094859588778293
0.7815,59.10522800000889,5152994.166666655,0.8004500000001203,0.0851499999999998,1703.000000000047,1.1470074696056295e-05,0.026037257691643976,0.025391054069949383,0.0011460492692563094,0.0002270175671115684,0.00010987866334428906
0.782,59.075692000008885,5149968.333333322,0.8000500000001203,0.0850999999999998,1702.000000000047,1.1471078689482365e-05,0.026031890450301985,0.025386822956683115,0.0011463582410258957,0.00023340236992663602,0.00012217685724204709
0.7825,59.05723200000888,5140890.833333323,0.7998000000001202,0.08494999999999982,1699.0000000000475,1.148774286687518e-05,0.026046721440108198,0.025401741461339264,0.0011482156077129158,0.0002302228740505284,0.00011291101656786548
0.783,59.02769600000887,5134839.166666657,0.7994000000001201,0.08484999999999983,1697.0000000000477,1.1495529671736033e-05,0.026049031282077188,0.025404832641700056,0.0011491361676670994,0.00023054635758027722,0.00012341181910491926
0.7835,58.98708400000886,5134839.166666657,0.79885000000012,0.08484999999999983,1697.0000000000477,1.1487620563255353e-05,0.026031109165820333,0.025387771078345063,0.0011471403525285023,0.0002276423211945027,0.00012008374587118693
0.784,58.950164000008854,5119709.999999992,0.7983500000001199,0.08459999999999986,1692.0000000000487,1.1514356086576965e-05,0.02605322579744914,0.025410686840424107,0.001150682431362105,0.0002341450510801721,0.00011115744457010858
0.7845,58.90586000000884,5107606.6666666595,0.7977500000001198,0.08439999999999988,1688.000000000049,1.1532967169230389e-05,0.026064472712974497,0.025423668835024935,0.0011518812666833373,0.00022725501807546717,0.00011139261434005408
0.785,58.88001600000884,5092477.499999994,0.7974000000001197,0.0841499999999999,1683.00000000005,1.1562155355621876e-05,0.026091708809482587,0.025451537165259122,0.0011548756630088718,0.00022975975549591077,0.0001100630873435668
0.7855,58.85048000000883,5080374.166666662,0.7970000000001195,0.08394999999999993,1679.0000000000507,1.1583886947961125e-05,0.02610966631067048,0.025470626930948117,0.001156878713920362,0.00022840328701271442,0.0001177983186941985
0.786,58.81725200000882,5068270.83333333,0.7965500000001194,0.08374999999999994,1675.0000000000512,1.1604993879406706e-05,0.02612606378799861,0.025488360540965663,0.0011593464234194118,0.00023521418877623957,0.00011241054497254389
0.7865,58.795100000008816,5050115.833333332,0.7962500000001194,0.08344999999999997,1669.0000000000523,1.1642327015933231e-05,0.026163125285601403,0.025526283546737284,0.0011634917756458848,0.00023159375955504716,0.00012129857634170524
0.787,58.76187200000881,5044064.166666666,0.7958000000001192,0.08334999999999998,1667.0000000000525,1.1649707469689302e-05,0.026164020350238192,0.025528194658044047,0.001164216542297923,0.0002350922678210093,0.00011653541019361529
0.7875,58.7212600000088,5034986.666666667,0.7952500000001191,0.0832,1664.000000000053,1.1662644588269442e-05,0.0261694960364435,0.025534285428714852,0.0011650008524048236,0.00023535861232930832,0.00011383764321618713
0.788,58.70280000000879,5022883.333333335,0.7950000000001191,0.08300000000000002,1660.0000000000537,1.1687072166386924e-05,0.026192769752265508,0.02555847194129184,0.0011674291213332627,0.0002359435473628318,0.0001263844980900289
0.7885,58.69910800000879,5016831.666666669,0.7949500000001191,0.08290000000000003,1658.000000000054,1.1700434038882196e-05,0.026206914405651843,0.025573230234165717,0.0011683686823288498,0.00023270546192523782,0.00011343229104400218
0.789,58.676956000008786,5004728.333333337,0.794650000000119,0.08270000000000005,1654.0000000000548,1.1724303916597953e-05,0.02622868232457999,0.0255958407030277,0.0011708211448767183,0.00023407440731364597,0.00011479338738677726
0.7895,58.65111200000878,4995650.833333338,0.7943000000001189,0.08255000000000007,1651.000000000055,1.1740434621383246e-05,0.02624093845796263,0.025609207153497883,0.0011729654287201987,0.00023361771867055718,0.00011391110685640044
0.79,58.625268000008774,4980521.666666673,0.7939500000001187,0.0823000000000001,1646.0000000000557,1.1770909138368445e-05,0.026269183376308323,0.025638559870297332,0.0011758792301849418,0.0002365252778903734,0.00011962042894889716
0.7905,58.60680800000877,4962366.666666674,0.7937000000001188,0.08200000000000013,1640.0000000000568,1.1810253440900245e-05,0.026308905925472408,0.02567926914399408,0.0011794755107046445,0.0002334054932867497,0.0001163271904442331
0.791,58.57358000000876,4950263.333333342,0.7932500000001186,0.08180000000000014,1636.0000000000575,1.1832416995999941e-05,0.026326114220709698,0.025697306212073685,0.0011822802024796218,0.00023674908746489,0.00012750270749273843
0.7915,58.551428000008755,4938160.00000001,0.7929500000001185,0.08160000000000016,1632.0000000000582,1.1856932136668037e-05,0.02634838827062965,0.025720706775210263,0.0011845214794142219,0.0002370036303380588,0.00011910166026239978
0.792,58.52558400000875,4907901.66666668,0.7926000000001184,0.08110000000000021,1622.0000000000596,1.1924767033842757e-05,0.02641781937660999,0.025792702176635336,0.0011907850706499826,0.00024031035951036785,0.00011191075458930368
0.7925,58.49235600000874,4889746.666666682,0.7921500000001184,0.08080000000000025,1616.0000000000607,1.1962246714896319e-05,0.026451790174392833,0.025827873035125185,0.0011935751579592343,0.00023750003254846834,0.00011795129412604605
0.793,58.470204000008735,4889746.666666682,0.7918500000001183,0.08080000000000025,1616.0000000000607,1.1957716418848261e-05,0.02644177247442914,0.025818481478487497,0.0011942136213215866,0.0002366650141775033,0.000120049797921171
0.7935,58.433284000008726,4880669.166666683,0.7913500000001181,0.08065000000000026,1613.0000000000612,1.1972391900497632e-05,0.02644963863979316,0.02582726647825335,0.0011953525851742955,0.00024084716696234811,0.00011680325020721148
0.794,58.40744000000872,4871591.666666684,0.791000000000118,0.08050000000000028,1610.0000000000616,1.1989395662952426e-05,0.026462560519306975,0.025840478249572432,0.0011969778580114823,0.0002379087693603933,0.00011435253753087318
0.7945,58.38159600000871,4853436.666666686,0.790650000000118,0.08020000000000031,1604.0000000000628,1.2028918889778133e-05,0.026500276736512823,0.02587989051843537,0.0012013103374844917,0.00024136664444860545,0.00011393618406322258
0.795,58.3372920000087,4841333.3333333535,0.7900500000001178,0.08000000000000032,1600.0000000000632,1.2049839988985497e-05,0.026513245944298706,0.025894103267386365,0.0012041313400183826,0.0002385684876515132,0.00011973090259171803
0.7955,58.28560400000869,4832255.833333354,0.7893500000001177,0.07985000000000034,1597.0000000000637,1.2061779427725891e-05,0.02651462375152538,0.0258958995700868,0.0012052792125883396,0.000244535892164784,0.00011751967475100767
0.796,58.24868400000868,4826204.166666688,0.7888500000001175,0.07975000000000035,1595.000000000064,1.206925401173802e-05,0.026514436346342447,0.025896914114292638,0.0012058301464119995,0.0002446345147064966,0.00012663031802280308
0.7965,58.21176400000867,4826204.166666688,0.7883500000001173,0.07975000000000035,1595.000000000064,1.2061604107439523e-05,0.02649763062746197,0.025880661714019197,0.001205235726105924,0.00024057307492821582,0.00011616523123224159
0.797,58.189612000008665,4817126.666666689,0.7880500000001173,0.07960000000000036,1592.0000000000643,1.2079734668939934e-05,0.02651249220918123,0.025895962744791574,0.00120638223865855,0.00023688275859713324,0.00011777034160310421
0.7975,58.15638400000866,4814100.833333356,0.7876000000001172,0.07955000000000037,1591.0000000000646,1.2080424987637888e-05,0.02650567873904982,0.02588958208080103,0.0012069767941003725,0.0002451750799149544,0.00012331327074814114
0.798,58.11577200000865,4805023.333333357,0.787050000000117,0.07940000000000039,1588.0000000000653,1.2094794961108414e-05,0.02651217668415985,0.025896933880153128,0.001207893182952545,0.0002441257481763791,0.0001262149723980318
0.7985,58.067776000008635,4786868.333333359,0.7864000000001169,0.07910000000000042,1582.0000000000662,1.213063989992239e-05,0.026540467821762215,0.02592711403484519,0.0012125714630942122,0.00024235497906412328,0.00012321303448633702
0.799,58.06039200000863,4768713.333333361,0.7863000000001169,0.07880000000000045,1576.000000000067,1.2175274113074867e-05,0.026587559474508842,0.025975658163189207,0.0012164844579163447,0.0002429601583710152,0.0001251155478612362
0.7995,58.03454800000863,4759635.833333362,0.7859500000001168,0.07865000000000047,1573.0000000000675,1.2193064770538281e-05,0.026601054992305653,0.025989798935037993,0.0012186179938112496,0.000243451741972528,0.0001242276517004353
0.8,58.00501200000862,4753584.166666696,0.7855500000001167,0.07855000000000048,1571.0000000000678,1.2202374033209313e-05,0.026604435218552852,0.02599398389423423,0.00121871210851128,0.00024144653242124889,0.00011896351400195724
0.8005,57.986552000008615,4750558.333333363,0.7853000000001167,0.07850000000000049,1570.000000000068,1.2206260386938712e-05,0.0266044370888916,0.025994423694161006,0.0012191653637086233,0.0002440048989089649,0.00012143044039116155
0.801,57.96440000000861,4744506.666666697,0.7850000000001166,0.0784000000000005,1568.0000000000684,1.2217160618035787e-05,0.02661122885271718,0.02600157810411629,0.0012200192866052397,0.00024368699799869634,0.0001255238153245875
0.8015,57.9311720000086,4735429.166666698,0.7845500000001164,0.0782500000000005,1565.000000000069,1.2233563202210617e-05,0.026621453079585352,0.02601263380788037,0.0012218536701394849,0.00024110254280123347,0.00011881100871615474
0.802,57.89056000000859,4720300.000000033,0.7840000000001163,0.07800000000000053,1560.0000000000696,1.226416965023583e-05,0.02664538884241055,0.02603789562465342,0.0012251926338393555,0.0002426722671040516,0.00012041015405728889
0.8025,57.868408000008586,4720300.000000033,0.7837000000001162,0.07800000000000053,1560.0000000000696,1.2259476728175791e-05,0.026635192923667166,0.026028260962431778,0.0012247556360945148,0.00024169321369042347,0.00011796450117735869
0.803,57.861024000008584,4705170.8333333675,0.7836000000001162,0.07775000000000055,1555.0000000000705,1.2297326930214152e-05,0.026674576135234978,0.02606862668620298,0.001227976216113609,0.0002463498016901392,0.00012285191422663365
0.8035,57.80933600000857,4693067.500000035,0.7829000000001161,0.07755000000000058,1551.000000000071,1.2318027814432274e-05,0.026685091060963072,0.02608041178845607,0.001231055879437342,0.00024533712319373905,0.00012433484993536434
0.804,57.76503200000856,4680964.166666703,0.7823000000001159,0.0773500000000006,1547.0000000000716,1.2340413201911523e-05,0.026699090457122706,0.026095483135383346,0.0012313569613544375,0.00024411911433925117,0.0001255708912250613
0.8045,57.739188000008554,4668860.833333371,0.7819500000001158,0.07715000000000062,1543.0000000000723,1.2366868506291543e-05,0.02672171405701686,0.026119219609297212,0.0012353850250717293,0.0002505688274701645,0.00012200920006808587
0.805,57.702268000008544,4656757.500000039,0.7814500000001157,0.07695000000000064,1539.0000000000728,1.2391082851105744e-05,0.02673930871047539,0.026137908779266188,0.0012384369556421991,0.00024767082208431975,0.00012223580137393777
0.8055,57.665348000008535,4647680.00000004,0.7809500000001156,0.07680000000000066,1536.0000000000734,1.2407340436520594e-05,0.026748283028841326,0.02614739193642811,0.001239533218407954,0.0002473321680066431,0.00012496267954324007
0.806,57.621044000008524,4638602.500000041,0.7803500000001155,0.07665000000000068,1533.000000000074,1.2422069793651863e-05,0.026753871988388935,0.026154029143642944,0.0012405987994053259,0.000251689611090483,0.0001279531004772125
0.8065,57.57304800000851,4623473.333333376,0.7797000000001152,0.07640000000000069,1528.0000000000746,1.24523369876344e-05,0.026775287474512043,0.02617666943827008,0.0012442813513810042,0.00025315035050895606,0.0001250021380215232
0.807,57.543512000008505,4608344.166666711,0.7793000000001151,0.07615000000000072,1523.0000000000755,1.2486808692856517e-05,0.026805444132628607,0.02620797511568123,0.001246445175876977,0.00024885328167387953,0.00012084268552895922
0.8075,57.5176680000085,4605318.333333378,0.778950000000115,0.07610000000000072,1522.0000000000757,1.2489401130795796e-05,0.02680220582621981,0.026205562241511493,0.0012478322001350081,0.0002511357291994755,0.00012718254938352754
0.808,57.49551600000849,4602292.500000045,0.778650000000115,0.07605000000000073,1521.0000000000757,1.2492799186494108e-05,0.02680068925280861,0.02620471001629048,0.0012476074262196622,0.0002499570582493096,0.000123524751896704
0.8085,57.458596000008484,4593215.000000046,0.7781500000001148,0.07590000000000074,1518.0000000000762,1.2509450570027293e-05,0.02680993228900315,0.026214788413476364,0.0012495592987294341,0.0002501993749592689,0.00012012032454087446
0.809,57.42906000000848,4584137.500000047,0.7777500000001147,0.07575000000000076,1515.0000000000766,1.2527778671562075e-05,0.02682266855861282,0.02622825860835857,0.0012519271048372009,0.00025067456963943566,0.00012707987800424664
0.8095,57.41060000000847,4578085.8333333805,0.7775000000001147,0.07565000000000077,1513.000000000077,1.254030660194216e-05,0.026831763206517513,0.02623761357862696,0.0012533955771068328,0.0002526859739236584,0.00012571617023355056
0.81,57.36260400000846,4562956.666666715,0.7768500000001145,0.0754000000000008,1508.0000000000778,1.2571367249453281e-05,0.02685373976621373,0.026260893620407857,0.0012561087402446847,0.00025212118696512525,0.0001214255759123832
0.8105,57.336760000008454,4553879.166666716,0.7765000000001144,0.07525000000000082,1505.0000000000784,1.2590751291711809e-05,0.026868380212510156,0.026276310116435785,0.0012573062380648202,0.0002502088863042352,0.00012084661942715416
0.811,57.31830000000845,4547827.50000005,0.7762500000001143,0.07515000000000083,1503.0000000000787,1.260344637082383e-05,0.026877594483116034,0.026286356167659317,0.0012584729035468366,0.00025247081862276,0.00012963604030456335
0.8115,57.29245600000844,4535724.166666718,0.7759000000001143,0.07495000000000085,1499.0000000000794,1.2631380104869205e-05,0.02690129628573378,0.02631124848536556,0.0012618253274466868,0.0002514250699353912,0.000124161067994177
0.812,57.28138000000844,4514543.333333387,0.7757500000001143,0.07460000000000089,1492.0000000000805,1.2688189207769503e-05,0.02695911559406554,0.026370783649588395,0.0012679855888180905,0.0002540459018513306,0.00012623875492193427
0.8125,57.25184400000843,4508491.666666721,0.7753500000001141,0.07450000000000088,1490.000000000081,1.2698669141011553e-05,0.026963292589686064,0.02637543664511109,0.0012675406321231277,0.00025191166917470584,0.0001287494552478131
0.8130000000000001,57.222308000008425,4502440.000000055,0.774950000000114,0.0744000000000009,1488.0000000000812,1.2709177246117157e-05,0.026967487348826428,0.02638012613161658,0.001270254254458908,0.0002545715665882538,0.0001217320986623463
0.8135,57.19277200000842,4496388.333333389,0.774550000000114,0.07430000000000091,1486.0000000000812,1.2719713636835426e-05,0.026971699938015632,0.026385049004474304,0.0012712098362625214,0.00025720449194474305,0.00012867864353728633
0.8140000000000001,57.141084000008405,4490336.666666723,0.7738500000001138,0.07420000000000092,1484.0000000000819,1.2725345167142113e-05,0.026965476683734634,0.02637959122959384,0.0012706033318562028,0.000254653176456474,0.00013112952421230227
0.8145,57.104164000008396,4487310.83333339,0.7733500000001137,0.07415000000000092,1483.0000000000819,1.2725698334917593e-05,0.026957137870994873,0.026371708383865645,0.0012715416930444406,0.0002563390804589501,0.00013105636796793377
0.8150000000000001,57.07462800000839,4472181.666666725,0.7729500000001136,0.07390000000000095,1478.0000000000828,1.2762144352366644e-05,0.026988729921827753,0.02640440718522777,0.0012750606826721197,0.0002511990326970281,0.0001199438344919063
0.8155,57.04140000000838,4466130.000000059,0.7725000000001134,0.07380000000000096,1476.000000000083,1.2771997232505017e-05,0.02699128565590793,0.026408418980328485,0.0012755180376090181,0.0002546574568458207,0.00012134922458515853
0.8160000000000001,57.01186400000837,4454026.666666727,0.7721000000001134,0.07360000000000098,1472.0000000000837,1.2800072443812852e-05,0.02701393854553518,0.0264318146695731,0.0012790203375540592,0.0002507183305650969,0.00012800111338277
0.8165,56.98602000000837,4435871.666666728,0.7717500000001133,0.07330000000000102,1466.0000000000846,1.2846634051257323e-05,0.027056892099248303,0.02647578073145236,0.0012829754442347432,0.0002591663903824768,0.00012218006397764637
0.8170000000000001,56.96017600000836,4423768.333333396,0.7714000000001132,0.07310000000000104,1462.0000000000853,1.2875940082759204e-05,0.027081592742982413,0.02650159339840608,0.0012868842498229029,0.00026082711208404185,0.00013315907573962515
0.8175,56.92694800000835,4417716.66666673,0.770950000000113,0.07300000000000105,1460.0000000000855,1.2886056824228398e-05,0.02708432638728041,0.02650484463123518,0.001286814172198074,0.000256761222304142,0.00012687914390836568
0.8180000000000001,56.88264400000834,4396535.833333399,0.7703500000001129,0.07265000000000107,1453.0000000000866,1.2938059908152875e-05,0.02712835936629592,0.026550780511641437,0.0012924416487320066,0.0002609503503508258,0.00013474337722626357
0.8185,56.84572400000833,4381406.666666734,0.7698500000001128,0.0724000000000011,1448.0000000000875,1.2974309011871558e-05,0.027157518287319594,0.026581614802054638,0.0012961669165747873,0.00025744731687112976,0.00012052063355999448
0.8190000000000001,56.78665200000832,4375355.000000068,0.7690500000001126,0.07230000000000111,1446.0000000000875,1.2978753038326589e-05,0.027148052299497048,0.026572775219878778,0.0012958522961577046,0.0002602254399249133,0.0001294774897448253
0.8195,56.76080800000831,4360225.833333403,0.7687000000001125,0.07205000000000114,1441.0000000000887,1.3017859663616217e-05,0.02718273398016727,0.026608521559781637,0.0013000847202367398,0.0002609956142277439,0.0001286343451783478
0.8200000000000001,56.734964000008304,4342070.833333405,0.7683500000001124,0.07175000000000117,1435.0000000000896,1.3066337740154486e-05,0.027227099965727256,0.026654447521703158,0.0013051718410946904,0.0002629167576630443,0.0001394877543121199
0.8205,56.7201960000083,4336019.166666739,0.7681500000001124,0.07165000000000118,1433.0000000000898,1.3081168191332339e-05,0.0272390012385626,0.02666707277773735,0.0013066453404368592,0.0002590568126998603,0.0001277331593172044
0.8210000000000001,56.66481600000829,4326941.66666674,0.7674000000001122,0.0715000000000012,1430.0000000000903,1.309581232317838e-05,0.027240935305536385,0.02666996497224171,0.0013082075551001282,0.00025830331503243784,0.00012545155519050853
0.8215,56.63158800000828,4320890.000000074,0.766950000000112,0.07140000000000121,1428.0000000000907,1.3106463714653073e-05,0.027244019720564713,0.026674048433038573,0.0013090496578873534,0.00026294452408681413,0.00013269138120222993
0.8220000000000001,56.613128000008274,4311812.5000000745,0.7667000000001121,0.07125000000000123,1425.000000000091,1.3129775007611602e-05,0.027263792471811658,0.026694363604751047,0.0013111180238729577,0.00026140117452771723,0.00012958789923749625
0.8225,56.58728400000827,4302735.000000075,0.7663500000001119,0.07110000000000125,1422.0000000000914,1.3151468542684426e-05,0.027280077400595303,0.026711101882721855,0.0013133765447549727,0.0002621003857584539,0.0001331301628444338
0.8230000000000001,56.55036400000826,4296683.333333409,0.7658500000001118,0.07100000000000126,1420.0000000000919,1.3161399063620527e-05,0.027281470681711897,0.026713251457919453,0.0013151078956258307,0.0002672643569641618,0.00013676814817841876
0.8235,56.50606000000825,4290631.666666743,0.7652500000001117,0.07090000000000127,1418.0000000000923,1.3169636638585205e-05,0.02727931471459109,0.026711868494691204,0.0013156772103956422,0.0002619166357668454,0.00013533825660767208
0.8240000000000001,56.47652400000824,4278528.333333411,0.7648500000001116,0.07070000000000128,1414.0000000000928,1.3199988313740405e-05,0.02730359274313785,0.02673741231613821,0.0013184679773136935,0.0002684965668690451,0.0001366377292095703
0.8245,56.42483600000823,4260373.333333413,0.7641500000001114,0.07040000000000131,1408.0000000000937,1.3244105993842598e-05,0.02733666420028823,0.02677269455394631,0.0013232767265252516,0.00026170762534645243,0.00013034966822403376
0.8250000000000001,56.39160800000822,4248270.000000081,0.7637000000001113,0.07020000000000133,1404.0000000000944,1.3274016952784815e-05,0.027359456291353702,0.026796514971131186,0.0013251945920920414,0.0002645101215724004,0.00012969173281973824
0.8255,56.35468800000821,4239192.500000082,0.7632000000001111,0.07005000000000135,1401.0000000000948,1.3293731766134027e-05,0.02737080171170481,0.02680843960806545,0.001328028450916988,0.0002638892079573589,0.00013420790168252133
0.8260000000000001,56.3177680000082,4227089.16666675,0.7627000000001111,0.06985000000000137,1397.0000000000955,1.3323061279167976e-05,0.027392001423582096,0.026830635246903583,0.001330617920527102,0.0002660867284457461,0.00013322118358724346
0.8265,56.27715600000819,4221037.500000084,0.7621500000001109,0.06975000000000138,1395.0000000000957,1.3332541111043689e-05,0.027391863051838227,0.026831193433485286,0.0013314701948085304,0.00026667473084512173,0.00013095662136731548
0.8270000000000001,56.218084000008176,4218011.666666751,0.7613500000001107,0.06970000000000139,1394.000000000096,1.3328100641417633e-05,0.027372923713631172,0.02681313182878567,0.0013312721679781053,0.00026395574047954017,0.000128766344301194
0.8275,56.18485600000817,4218011.666666751,0.7609000000001106,0.06970000000000139,1394.000000000096,1.3320222996065772e-05,0.027356744836165632,0.02679721875664106,0.0013304769728314514,0.0002673147784913895,0.000136175796116803
0.8280000000000001,56.15162800000816,4208934.166666752,0.7604500000001104,0.0695500000000014,1391.0000000000964,1.3341056375913147e-05,0.02737003294474331,0.02681185644875065,0.0013325660509359671,0.00026972125952807075,0.00013498000079518812
0.8285,56.11470800000815,4187753.333333419,0.7599500000001104,0.06920000000000141,1384.0000000000966,1.3399716634060028e-05,0.027421120103189717,0.026864728561035098,0.0013384624925986495,0.00026740931703691725,0.0001373667214191972
0.8290000000000001,56.02610000000813,4172624.1666667517,0.7587500000001101,0.0689500000000014,1379.000000000096,1.3427065981061954e-05,0.027427409182588847,0.026872832610009376,0.0013410831352234616,0.000266372462004077,0.00013540613611727966
0.8295,55.98918000000812,4157495.0000000843,0.7582500000001099,0.06870000000000138,1374.0000000000953,1.346704686355774e-05,0.027459161061031356,0.02690592728578629,0.0013453896470166748,0.00026719304171495917,0.00013531133903665625
0.8300000000000001,55.94118400000811,4151443.3333334173,0.7576000000001097,0.06860000000000138,1372.0000000000948,1.3475116846913558e-05,0.027455611540480106,0.026903244795549123,0.0013461104123681984,0.00026789126442497023,0.00013653204614817388
0.8305,55.9264160000081,4142365.833333417,0.7574000000001098,0.06845000000000137,1369.0000000000944,1.3501080843698291e-05,0.02747842181903064,0.026926677736184287,0.0013482773749918862,0.0002690057509775361,0.00013762382407117463
0.8310000000000001,55.87103600000809,4139340.0000000834,0.7566500000001095,0.06840000000000138,1368.0000000000941,1.3497571110371935e-05,0.02746124338976934,0.026909806359735673,0.0013473142713465237,0.00026616082361561943,0.00013705381782927294
0.8315,55.83411600000808,4133288.3333334164,0.7561500000001093,0.06830000000000137,1366.000000000094,1.3508400938237705e-05,0.027463179510930174,0.026912233069855594,0.0013492762606507167,0.00027260578472965494,0.00013755262703275099
0.8320000000000001,55.79719600000807,4127236.6666667494,0.7556500000001093,0.06820000000000136,1364.0000000000937,1.3519262525129474e-05,0.0274651331973927,0.02691523438992943,0.0013505317083717793,0.00026914357785169516,0.00013651127862121542
0.8325,55.74920000000806,4118159.166666749,0.7550000000001091,0.06805000000000136,1361.0000000000932,1.3537407794058537e-05,0.027471735457494494,0.02692326459926424,0.0013522023010636313,0.0002704282049141542,0.00013122753526145702
0.833,55.71597200000805,4106055.833333415,0.754550000000109,0.06785000000000134,1357.0000000000925,1.3569219285256579e-05,0.02749579644628911,0.026948362725050613,0.0013552040784999796,0.00026867253290567127,0.00013452426283267627
0.8335,55.67536000000804,4087900.833333414,0.7540000000001089,0.06755000000000133,1351.0000000000919,1.3619547603998126e-05,0.02753669866687886,0.026990287810517547,0.00136072246241285,0.0002722820811736873,0.00013715807648880394
0.834,55.616288000008026,4075797.50000008,0.7532000000001087,0.06735000000000131,1347.0000000000912,1.3645498334990129e-05,0.027548294201353404,0.027003361119387698,0.0013624104168056966,0.00027481241224810635,0.00013262869100367806
0.8345,55.571984000008015,4063694.166666746,0.7526000000001085,0.0671500000000013,1343.0000000000905,1.3675237781388223e-05,0.027567310913482135,0.02702391122529896,0.001366020913236211,0.00027486054866066067,0.00013829468849974733
0.835,55.54244800000801,4039487.500000078,0.7522000000001084,0.06675000000000128,1335.0000000000894,1.374987495319813e-05,0.027635090272272008,0.027093208746846797,0.0013731682264914186,0.00027567385626576314,0.00013731222519397992
0.8355,55.509220000008,4024358.333333411,0.7517500000001083,0.06650000000000128,1330.0000000000887,1.3793309492405274e-05,0.027670423394943917,0.027130158166032186,0.0013774836941580152,0.00027482857197126247,0.00014345804328954952
0.836,55.46860800000799,4018306.666666744,0.7512000000001081,0.06640000000000126,1328.0000000000884,1.3803975804071763e-05,0.027670992023617315,0.027130917210724362,0.0013792140043442046,0.0002752488363961287,0.00013771398947017577
0.8365,55.43168800000798,4015280.8333334103,0.7507000000001081,0.06635000000000127,1327.0000000000882,1.380518332362562e-05,0.027662991402985032,0.027123997088477066,0.0013788618046869426,0.0002779645176671896,0.00013625861767895653
0.837,55.39476800000797,4009229.1666667433,0.7502000000001079,0.06625000000000127,1325.0000000000878,1.3816812583467998e-05,0.02766542250815521,0.027126813922512323,0.0013798856916014844,0.0002764905752646273,0.00013420954212890952
0.8375,55.35415600000796,4006203.33333341,0.7496500000001077,0.06620000000000126,1324.0000000000878,1.3817110963748779e-05,0.027655577976077674,0.02711758315628691,0.0013799100334338842,0.00027925943923407215,0.0001361097227177361
0.838,55.324620000007954,3997125.8333334094,0.7492500000001077,0.06605000000000125,1321.0000000000873,1.3841100407356928e-05,0.02767218978497321,0.02713485122083719,0.0013826635423767745,0.0002793799099701412,0.0001362993244825604
0.8385,55.287700000007945,3981996.666666742,0.7487500000001076,0.06580000000000123,1316.0000000000866,1.388441644434833e-05,0.027706206856021685,0.02717048473729919,0.0013866489776192751,0.0002806356737665238,0.00014008415753259958
0.839,55.26185600000794,3981996.666666742,0.7484000000001074,0.06580000000000123,1316.0000000000866,1.38779262329887e-05,0.027693255737460128,0.02715753646850893,0.0013864838696417063,0.0002797815810981863,0.0001400058846289741
0.8395,55.19909200000792,3972919.1666667415,0.7475500000001073,0.06565000000000124,1313.000000000086,1.3893837172206972e-05,0.027693386294614385,0.02715927395792111,0.001387683435415439,0.00027544197697304166,0.00013008657844754782
0.84,55.162172000007914,3963841.666666741,0.7470500000001071,0.06550000000000122,1310.0000000000857,1.3916340923474546e-05,0.027706534079067452,0.027173345465243356,0.001390105860064003,0.0002790137940307044,0.00013536020365192763
0.8405,55.132636000007906,3942660.8333334066,0.7466500000001071,0.06515000000000121,1303.0000000000846,1.3983611152622236e-05,0.02776598188595492,0.027234287298953927,0.0013970276165110288,0.0002807575975079981,0.0001338601367259425
0.841,55.08094800000789,3924505.8333334057,0.7459500000001069,0.06485000000000118,1297.0000000000837,1.4035129603367952e-05,0.027804039763462362,0.02727433423200088,0.0014019955727444628,0.0002826501500379221,0.0001437722506083928
0.8415,55.044028000007884,3912402.5000000717,0.7454500000001067,0.06465000000000118,1293.000000000083,1.4069111754224386e-05,0.027828347948698363,0.027299321159026627,0.001405367364327151,0.0002780061248573064,0.00013954989899685937
0.842,55.007108000007875,3897273.3333334043,0.7449500000001066,0.06440000000000116,1288.0000000000823,1.4114254581409961e-05,0.027863608406466116,0.027336158576266922,0.0014094553113890935,0.0002826265544787595,0.00014113193355313634
0.8425,54.97757200000787,3885170.0000000703,0.7445500000001065,0.06420000000000116,1284.0000000000819,1.4150621980507127e-05,0.02789199113081571,0.027365434846309995,0.0014131669000614295,0.0002835139775697649,0.00013465125506897303
0.843,54.929576000007856,3867015.0000000694,0.7439000000001064,0.06390000000000114,1278.000000000081,1.4204645184982957e-05,0.027932981274147374,0.027408204388154642,0.0014183187490653033,0.0002834677853419795,0.00013668737017210822
0.8435,54.881580000007844,3851885.833333402,0.7432500000001062,0.06365000000000112,1273.00000000008,1.4247976802706432e-05,0.027963328932835457,0.02744010053512609,0.0014230210994759839,0.00028626743943990736,0.00014770614532023585
0.844,54.83358400000783,3839782.500000068,0.7426000000001061,0.06345000000000112,1269.0000000000794,1.4280388016770966e-05,0.027982872055954466,0.027460298906531552,0.0014259017334006024,0.0002842565963722438,0.00014309356003527467
0.8445,54.804048000007825,3833730.833333401,0.7422000000001059,0.06335000000000111,1267.0000000000791,1.4295225821150334e-05,0.02798986439709038,0.027468509466626607,0.0014279169823286455,0.00028598427118635015,0.00014512942729551874
0.845,54.767128000007816,3821627.500000067,0.7417000000001058,0.06315000000000111,1263.0000000000784,1.4330838889977334e-05,0.028015266171020646,0.027494750959799447,0.0014311846983489135,0.00028625855253836886,0.00014721426977507603
0.8455,54.730208000007806,3815575.8333334,0.7412000000001057,0.06305000000000109,1261.0000000000784,1.4343892086189748e-05,0.02801857319556732,0.02749921272640715,0.0014330697060969749,0.00028736770760321676,0.00014750664337056946
0.846,54.682212000007794,3812550.0000000666,0.7405500000001055,0.0630000000000011,1260.0000000000782,1.4342687177874871e-05,0.028005108664779045,0.02748637489866828,0.001432394844604842,0.0002865373511032164,0.00014002216400996512
0.8465,54.63421600000778,3806498.3333333996,0.7399000000001054,0.0629000000000011,1258.000000000078,1.4352880578346109e-05,0.02800276104453958,0.027484456073732445,0.0014338623958021388,0.00028914711721979985,0.00014420867687643904
0.847,54.57883600000777,3800446.6666667326,0.7391500000001052,0.06280000000000109,1256.0000000000775,1.4361163512360868e-05,0.02799663972645413,0.027479674269491147,0.0014346585815353686,0.0002881761802356007,0.00014222364708553768
0.8475,54.527148000007756,3788343.3333333987,0.738450000000105,0.06260000000000107,1252.0000000000769,1.4393401865197052e-05,0.028014770894781785,0.027499077852160686,0.0014369365756087646,0.0002898653601021641,0.00014792407427955626
0.848,54.479152000007744,3779265.833333398,0.7378000000001048,0.06245000000000107,1249.0000000000766,1.441527386602384e-05,0.028023706437655064,0.027508922881481386,0.0014395307643020432,0.0002899060764928619,0.0001487378532391507
0.8485,54.42377200000773,3764136.666666731,0.7370500000001047,0.06220000000000105,1244.000000000076,1.445850053266047e-05,0.02805142320940405,0.02753790508926563,0.0014433604308999434,0.00028818676417081415,0.00014058245472415776
0.849,54.405312000007726,3761110.8333333973,0.7368000000001046,0.06215000000000105,1243.0000000000757,1.4465224347507299e-05,0.028053186078397963,0.027539691433725887,0.0014443526857317221,0.0002895282700681027,0.00014827537494936714
0.8495,54.357316000007714,3749007.5000000633,0.7361500000001044,0.06195000000000104,1239.000000000075,1.4499121700878644e-05,0.028073644775130125,0.02756137109870994,0.0014474561691889987,0.0002894554518884462,0.00014121655429363963
0.85,54.3019360000077,3739930.000000063,0.7354000000001042,0.061800000000001035,1236.0000000000746,1.4519505980060265e-05,0.028079057473745495,0.02756856328734585,0.001450265451653706,0.00029094192854952326,0.0001427210285232188
0.8505,54.23548000000768,3727826.666666729,0.7345000000001041,0.06160000000000102,1232.000000000074,1.4548820224118104e-05,0.028090183724459185,0.02758103586846034,0.001452656789646897,0.00028979988871584905,0.00014533304611736927
0.851,54.157948000007664,3718749.1666667284,0.7334500000001037,0.06145000000000102,1229.0000000000734,1.4563485078653937e-05,0.02808424182213484,0.027575799180276122,0.0014544420122408106,0.0002906927504067426,0.00013949902904103513
0.8515,54.12841200000766,3715723.333333395,0.7330500000001037,0.061400000000001016,1228.0000000000734,1.4567395670831277e-05,0.028080351953253778,0.027572763024805342,0.0014551099649128668,0.00029265682444160637,0.00014474921184056715
0.852,54.06195600000764,3706645.8333333945,0.7321500000001034,0.061250000000001005,1225.000000000073,1.458514204778761e-05,0.02808019718955093,0.027573517942401052,0.001456313470198436,0.00029149250303598984,0.00014629878827214095
0.8525,54.01026800000763,3697568.333333394,0.7314500000001033,0.061100000000001,1222.0000000000725,1.4606969535385663e-05,0.02808776420467712,0.02758267656789955,0.0014585539892808393,0.0002925042036606678,0.0001486324868452016
0.853,53.96596400000762,3685465.00000006,0.7308500000001031,0.06090000000000099,1218.000000000072,1.4642918600504072e-05,0.02811076948494939,0.02760683493142436,0.001462173630835479,0.0002935631553612976,0.00014322905211870977
0.8535,53.9105840000076,3679413.333333393,0.7301000000001029,0.060800000000000985,1216.0000000000716,1.4651951035674182e-05,0.028105006302616305,0.02760211332656891,0.0014626460377855604,0.00029381585920146167,0.00014719136538049314
0.854,53.86628000000759,3670335.8333333926,0.7295000000001027,0.060650000000000974,1213.0000000000712,1.4676117512409302e-05,0.028116614089813172,0.027614415467388936,0.0014658370328826387,0.0002938016392026611,0.00014598070681884
0.8545,53.81459200000758,3643103.333333391,0.7288000000001026,0.060200000000000954,1204.00000000007,1.4771634805858758e-05,0.028194424735454898,0.027694156861655373,0.0014749910004822823,0.0002938543565879804,0.0001450114240907605
0.855,53.73336800000756,3624948.3333333903,0.7277000000001024,0.05990000000000094,1198.000000000069,1.4823209342295926e-05,0.028222278911924865,0.027724454888491668,0.0014804992759633782,0.0002964791326260265,0.0001502057422831895
0.8555,53.681680000007546,3609819.166666723,0.7270000000001021,0.059650000000000925,1193.0000000000682,1.4871016392097215e-05,0.028254153430598866,0.027757239158153882,0.0014851090262709022,0.0002982066922645225,0.00015091477670691828
0.856,53.62999200000753,3585612.500000055,0.726300000000102,0.059250000000000906,1185.000000000067,1.4956996050188555e-05,0.02832206876837809,0.027827208113698577,0.0014931232645957477,0.00029754593776325905,0.00015193566351558375
0.8565,53.57830400000752,3573509.166666721,0.7256000000001018,0.05905000000000089,1181.0000000000664,1.4993190586938946e-05,0.028342648226933956,0.027849743635271384,0.0014967892846167498,0.0002990582869520947,0.0001489876985104623
0.857,53.53030800000751,3564431.6666667205,0.7249500000001017,0.05890000000000088,1178.000000000066,1.5017908324797932e-05,0.028353293173725914,0.027860952959405404,0.001499655716535281,0.0003016324362358753,0.0001512175157679701
0.8575,53.474928000007495,3564431.6666667205,0.7242000000001014,0.05890000000000088,1178.000000000066,1.500237148605926e-05,0.02832396023126922,0.027832185911665367,0.0014982618028811104,0.00029894266724833814,0.00014540082405892094
0.858,53.438008000007486,3561405.833333387,0.7237000000001014,0.05885000000000088,1177.0000000000657,1.5004751073255485e-05,0.02831642628464838,0.027825516922728125,0.00149872496711514,0.0002994684355011905,0.00014944480797168298
0.8585,53.37155200000747,3543250.833333386,0.7228000000001011,0.058550000000000865,1171.0000000000648,1.5062877146012574e-05,0.028353572868375906,0.027864245842794417,0.0015045099266159086,0.00030039159133985957,0.00014981901241879165
0.859,53.34570800000746,3525095.833333385,0.7224500000001011,0.05825000000000085,1165.000000000064,1.5133122763803825e-05,0.028412727356905875,0.0279249264001617,0.00151148605155861,0.0003006760158336549,0.00014766399515999765
0.8595,53.28663600000745,3512992.500000051,0.7216500000001008,0.058050000000000844,1161.0000000000634,1.5168445705479493e-05,0.028430113581420224,0.027943279796530295,0.0015147167082993648,0.00030227687136389757,0.00014968078389212937
0.86,53.231256000007434,3497863.333333384,0.7209000000001007,0.05780000000000083,1156.0000000000628,1.5218220647082647e-05,0.02846191999533055,0.0279769122633515,0.0015198922612659157,0.0003062001278347166,0.00015299922995986212
0.8605,53.18695200000742,3485760.00000005,0.7203000000001005,0.05760000000000082,1152.000000000062,1.525835169375019e-05,0.02848756029481629,0.0280034060133428,0.001523274050603309,0.00030749414140506594,0.00015557494892405656
0.861,53.14634000000741,3479708.333333383,0.7197500000001004,0.057500000000000814,1150.0000000000618,1.527321686444218e-05,0.028490550080714234,0.028007283821638286,0.0015254905761398507,0.0003049278985767403,0.00015046896672328008
0.8615,53.0983440000074,3467605.000000049,0.7191000000001002,0.0573000000000008,1146.0000000000612,1.5312685268364377e-05,0.028514453875698453,0.028032865011233112,0.0015288519592456735,0.0003066879316365329,0.0001519521565948326
0.862,53.04296400000739,3461553.333333382,0.7183500000001,0.0572000000000008,1144.000000000061,1.532345709922327e-05,0.02850960244635857,0.028028568039480853,0.0015303348740494714,0.00030702645089075075,0.00015225976604356207
0.8625,52.987584000007374,3437346.666666714,0.7176000000000998,0.05680000000000078,1136.0000000000596,1.541525750482154e-05,0.02857994147619941,0.028101080777142046,0.0015392384667892553,0.0003079057654260411,0.00015523499749298402
0.863,52.954356000007365,3422217.5000000466,0.7171500000000998,0.056550000000000766,1131.000000000059,1.5473696806239417e-05,0.028625083806884735,0.028147379403445614,0.0015451359896690056,0.0003088670313041152,0.0001593928342970094
0.8635,52.88790000000735,3404062.5000000456,0.7162500000000995,0.05625000000000075,1125.000000000058,1.5536700633436266e-05,0.0286652963344846,0.028189268154922557,0.0015512785659498138,0.00031129462742256615,0.00015748646210109253
0.864,52.84359600000734,3379855.8333333777,0.7156500000000994,0.05585000000000073,1117.000000000057,1.563486687178915e-05,0.028743665087575795,0.02826998608228022,0.0015611709043150943,0.0003130308412670009,0.00015707417445203647
0.8645,52.77714000000732,3358675.0000000433,0.7147500000000991,0.05550000000000071,1110.000000000056,1.571367875725e-05,0.0287978936700941,0.028326170810774886,0.0015687225693539345,0.00031547379126317573,0.00015694988806018396
0.865,52.71806800000731,3352623.3333333763,0.7139500000000989,0.055400000000000706,1108.0000000000555,1.5724423163156802e-05,0.02879161101174761,0.028321013808075383,0.0015701124567381616,0.0003141458595046208,0.00015600275926286463
0.8655,52.666380000007294,3346571.6666667094,0.7132500000000987,0.0553000000000007,1106.0000000000553,1.5737412864809396e-05,0.028789376830259453,0.02831950731176515,0.0015713008820545406,0.00031447210536500686,0.00015927524537501077
0.866,52.63684400000729,3331442.500000042,0.7128500000000987,0.05505000000000069,1101.0000000000546,1.5800015758941245e-05,0.028838491372299463,0.028369590589502672,0.0015776945901274674,0.00031561329420553115,0.00015754643805478857
0.8665,52.56669600000727,3319339.166666708,0.7119000000000985,0.054850000000000676,1097.000000000054,1.5836494362459178e-05,0.02885251792136697,0.028385162093180864,0.0015814272978960772,0.0003181816380190206,0.00015951866011720367
0.867,52.49654800000725,3310261.6666667075,0.7109500000000982,0.05470000000000067,1094.0000000000534,1.5858730603876713e-05,0.028853495653601978,0.028387200021179518,0.001583282141939018,0.0003175068195648818,0.00016106160608571018
0.8675,52.44486000000724,3301184.166666707,0.710250000000098,0.05455000000000066,1091.000000000053,1.5886681067225098e-05,0.02886469040777616,0.028399849834417755,0.0015864135194080726,0.00031731429728524787,0.00015552698858369815
0.868,52.39686400000723,3283029.166666706,0.7096000000000978,0.054250000000000645,1085.000000000052,1.595991425601811e-05,0.02891790116722804,0.028454712337935364,0.0015934878735347961,0.0003184749722009577,0.0001579854774531858
0.8685,52.352560000007216,3258822.500000038,0.7090000000000977,0.05385000000000063,1077.000000000051,1.6064870056594554e-05,0.02900056154373598,0.028539186425928387,0.0016038254302766658,0.00032097081775479743,0.00015894628671569094
0.869,52.3008720000072,3249745.0000000377,0.7083000000000975,0.05370000000000062,1074.0000000000505,1.6093838747349897e-05,0.02901236434423266,0.02855209827030656,0.0016070176870367776,0.00032131605095960837,0.00015792510716855577
0.8695,52.227032000007185,3237641.6666667038,0.7073000000000973,0.05350000000000061,1070.00000000005,1.6131195906487466e-05,0.029025505245482017,0.02856704044406919,0.0016104239766986626,0.0003231425158569338,0.00016649519299469925
0.87,52.16057600000717,3228564.1666667033,0.7064000000000971,0.0533500000000006,1067.0000000000493,1.615596695848229e-05,0.029029295619608785,0.02857204844802576,0.0016131004749002278,0.00032513162717005557,0.00016424164744162007
0.8705,52.11627200000716,3219486.666666703,0.7058000000000969,0.053200000000000594,1064.000000000049,1.6187758296873386e-05,0.02904549986247023,0.028589052471269083,0.0016161944347802602,0.00032349742102098084,0.00015742803538477647
0.871,52.060892000007144,3210409.1666667024,0.7050500000000968,0.05305000000000058,1061.0000000000484,1.6216279389103797e-05,0.029055626073039808,0.028600443676197188,0.001619074239105055,0.00032507384148250504,0.00016239246678767722
0.8715,52.023972000007134,3204357.5000000354,0.7045500000000966,0.05295000000000058,1059.0000000000482,1.623538322425215e-05,0.02906242507686275,0.028607860710509633,0.0016210665008777358,0.0003223088356532428,0.00016405255222474858
0.872,51.97228400000712,3192254.1666667014,0.7038500000000965,0.05275000000000057,1055.0000000000475,1.628074748643079e-05,0.029088537951392938,0.028635371644784493,0.001625822336231563,0.0003247223236416745,0.00016746913920941107
0.8725,51.93167200000711,3189228.333333368,0.7033000000000963,0.052700000000000566,1054.0000000000475,1.6283460001036787e-05,0.029079592739765858,0.028626650436036613,0.0016258150547702908,0.0003239535200034073,0.00016732163792895443
0.873,51.861524000007094,3171073.333333367,0.7023500000000961,0.05240000000000055,1048.0000000000466,1.635456470049254e-05,0.029123324431447457,0.028672549513707832,0.0016329667331190804,0.00032583348303989854,0.00016206934136021287
0.8735,51.780300000007074,3158970.000000033,0.7012500000000957,0.052200000000000545,1044.000000000046,1.6391513689590762e-05,0.029133363329208125,0.028683588268829323,0.0016365466556757496,0.000327559287934142,0.0001632122442440248
0.874,51.72861200000706,3140815.000000032,0.7005500000000956,0.05190000000000053,1038.000000000045,1.6469805448587876e-05,0.02918827673209774,0.028740112815293452,0.0016442178039868507,0.00032997926996360507,0.000162748460298078
0.8745,51.669540000007046,3131737.5000000317,0.6997500000000954,0.05175000000000052,1035.0000000000448,1.6498681642381113e-05,0.0291971677196833,0.028750422987464563,0.001647231738044627,0.0003307232190063088,0.0001675197365219014
0.875,51.621544000007034,3119634.1666666977,0.6991000000000952,0.05155000000000051,1031.000000000044,1.654730690911884e-05,0.029226577291654635,0.02878094349050118,0.0016520788247804564,0.0003310302373958222,0.00016995531460803912
0.8755000000000001,51.55508800000702,3107530.8333333638,0.698200000000095,0.0513500000000005,1027.0000000000437,1.6590370543389035e-05,0.02924573957584989,0.028801916907054356,0.0016564719932157278,0.00033165767507137837,0.00016657772867620412
0.876,51.52924400000701,3086350.0000000293,0.6978500000000949,0.05100000000000048,1020.0000000000425,1.669585238226595e-05,0.029331209713617006,0.028888917218001055,0.001666977939888771,0.00033659172023141933,0.0001672282170182736
0.8765000000000001,51.466480000006996,3065169.166666695,0.6970000000000948,0.050650000000000465,1013.0000000000414,1.6790747003362193e-05,0.029396527145741102,0.028955895357163683,0.0016764112682159514,0.0003347774607898862,0.00016674174689319395
0.877,51.40002400000698,3059117.500000028,0.6961000000000945,0.050550000000000456,1011.0000000000412,1.6802239207878257e-05,0.029387593667806914,0.028948485672047435,0.0016777172808521913,0.0003360518519613236,0.000167901866015391
0.8775000000000001,51.340952000006965,3047014.166666694,0.6953000000000943,0.05035000000000045,1007.0000000000405,1.6849594124523488e-05,0.029412061207448992,0.028973952699242175,0.0016825010137895015,0.0003370889654094282,0.00016994352464904947
0.878,51.29295600000695,3034910.83333336,0.6946500000000941,0.05015000000000044,1003.0000000000399,1.690097627799823e-05,0.029443100190145954,0.029006178309604214,0.0016875936000850364,0.0003369081335118565,0.0001690028023479272
0.8785000000000001,51.23388400000694,3016755.833333359,0.6938500000000939,0.04985000000000042,997.000000000039,1.698310596896937e-05,0.029497551686648235,0.02906259902743184,0.0016954430090650784,0.00033851217373319153,0.00016995277697189412
0.879,51.18958000000693,3007678.3333333586,0.6932500000000937,0.04970000000000042,994.0000000000385,1.701963252941161e-05,0.029516485195999215,0.029082254777353687,0.0016991828326246802,0.00033937336559767693,0.00016912373885249936
0.8795000000000001,51.097280000006904,2995575.0000000247,0.6920000000000934,0.049500000000000405,990.0000000000381,1.7057586606914027e-05,0.0295227255389206,0.029090185469662765,0.0017029776649143558,0.00034183409996322504,0.0001708324283395506
0.88,51.05297600000689,2977420.0000000237,0.6914000000000933,0.04920000000000039,984.000000000037,1.7146716284570697e-05,0.02958692095558717,0.029155908822111574,0.0017119009884596094,0.00034255299612904035,0.00017022949458933884
0.8805000000000001,50.99021200000688,2965316.66666669,0.6905500000000931,0.04900000000000038,980.0000000000365,1.7195536845420607e-05,0.029610792687008197,0.029181459275124753,0.001716762586051267,0.00034587748905809764,0.00017329109386926257
0.881,50.92744800000686,2959265.000000023,0.6897000000000929,0.048900000000000374,978.0000000000362,1.7209492221888365e-05,0.02960456877933413,0.029176152072893955,0.0017179582451823819,0.0003435372430950697,0.0001738447013389312
0.8815000000000001,50.88683600000685,2944135.8333333554,0.6891500000000927,0.04865000000000036,973.0000000000355,1.728413323321183e-05,0.02965686743291748,0.029229877563892642,0.0017254334979388106,0.0003447546085723489,0.00017293709187007715
0.882,50.83884000000684,2941110.000000022,0.6885000000000926,0.04860000000000036,972.0000000000354,1.728559625447755e-05,0.029644132622101135,0.029217678281511773,0.001725976603193189,0.00034446779817371814,0.00017344510072779133
0.8825000000000001,50.779768000006825,2935058.333333355,0.6877000000000923,0.048500000000000355,970.000000000035,1.730111031297156e-05,0.029640197389048342,0.02921429360387048,0.0017275268070039921,0.0003449175232505367,0.00017231940686091753
0.883,50.70962000000681,2922955.000000021,0.6867500000000921,0.04830000000000034,966.0000000000343,1.734875152029588e-05,0.029660470488513186,0.02923617647749476,0.0017321861243650846,0.0003473974005948744,0.00017071673564137319
0.8835000000000001,50.62839600000679,2913877.5000000205,0.6856500000000919,0.04815000000000033,963.0000000000339,1.7374922590262094e-05,0.02965905201986534,0.02923589382687021,0.001734245941812672,0.0003476699204713976,0.0001741360441501317
0.884,50.55824800000677,2901774.1666666865,0.6847000000000917,0.047950000000000326,959.0000000000334,1.7423219415480504e-05,0.029679661929815325,0.029257845476976442,0.0017393784130939173,0.00034996076309349146,0.00017404155379109257
0.8845000000000001,50.52132800000676,2886645.000000019,0.6842000000000915,0.04770000000000031,954.0000000000326,1.7501746144748117e-05,0.0297356065883323,0.02931514658565853,0.0017474031273490404,0.00035114059937697725,0.00017570007709681435
0.885,50.44748800000674,2883619.1666666856,0.6832000000000913,0.04765000000000031,953.0000000000325,1.7494504330931267e-05,0.02970772038918528,0.02928805538621137,0.0017462456304947714,0.00035074436754059003,0.00017558209842361905
0.8855000000000001,50.39210800000673,2868490.000000018,0.6824500000000912,0.047400000000000296,948.0000000000317,1.7567468598463445e-05,0.029753261854635026,0.029335656949992933,0.001753673725224964,0.0003502804348291976,0.00017551926350718828
0.886,50.32565200000671,2853360.8333333507,0.6815500000000909,0.04715000000000028,943.000000000031,1.763732487391555e-05,0.02979269466645929,0.029376359523566944,0.00176086316322441,0.0003517479846874398,0.00017270863928279672
0.8865000000000001,50.255504000006695,2841257.5000000168,0.6806000000000907,0.046950000000000276,939.0000000000305,1.7687768180112645e-05,0.029814467354677805,0.02939951013484974,0.0017654029463319153,0.0003549426801062516,0.00017848903036216682
0.887,50.177972000006676,2832180.0000000163,0.6795500000000904,0.046800000000000265,936.0000000000301,1.771708436610893e-05,0.029816138467008896,0.029402395306472692,0.0017689279792162218,0.0003538819001264862,0.0001765615673286887
0.8875000000000001,50.10782400000666,2820076.6666666823,0.6786000000000901,0.04660000000000025,932.0000000000294,1.776824885375683e-05,0.029838281002918493,0.029426448642580153,0.0017736570439334165,0.00035573404263202277,0.00017859814832221017
0.888,50.052444000006645,2804947.500000015,0.67785000000009,0.046350000000000245,927.0000000000288,1.7844342541172832e-05,0.029885575839181094,0.029474705435735063,0.0017811894878546662,0.00035549865156761956,0.0001782311752174854
0.8885000000000001,49.95276000000662,2795870.0000000144,0.6765000000000896,0.046200000000000234,924.0000000000283,1.786662470000621e-05,0.029874435566824308,0.029465695871608508,0.0017834194928012467,0.00035811709308610797,0.0001808189439165051
0.889,49.889996000006605,2786792.500000014,0.6756500000000895,0.04605000000000023,921.0000000000279,1.790230022508183e-05,0.029885453934877678,0.02947726817790286,0.0017870024956574428,0.00035927164583957717,0.00017920588543386462
0.8895000000000001,49.83092400000659,2771663.3333333465,0.6748500000000892,0.045800000000000216,916.0000000000271,1.79787073706666e-05,0.029931425486138797,0.02952488823298298,0.0017946062791496544,0.0003578893482323059,0.00018022517730605903
0.89,49.75339200000657,2765611.6666666795,0.673800000000089,0.045700000000000206,914.0000000000267,1.799001378236629e-05,0.029917533996666912,0.02951253936216112,0.001795649549277791,0.0003599074953348946,0.00018093773200462645
0.8905000000000001,49.70170400000656,2750482.500000012,0.6731000000000887,0.0454500000000002,909.000000000026,1.8070176414504124e-05,0.029968535995549578,0.029564814807330326,0.0018035473315026087,0.00036169711506729593,0.0001803528158419861
0.891,49.646324000006544,2732327.500000011,0.6723500000000886,0.04515000000000018,903.0000000000252,1.81699755977299e-05,0.030034430777038497,0.02963257712708996,0.0018134730901092123,0.0003626863595322558,0.0001804923653121878
0.8915000000000001,49.572484000006526,2711146.6666666768,0.6713500000000884,0.044800000000000166,896.000000000024,1.8284692823703013e-05,0.030106678959973508,0.029706987175074414,0.0018250527138348055,0.0003669075698613489,0.00018421306707197665
0.892,49.50233600000651,2702069.1666666763,0.6704000000000881,0.044650000000000155,893.0000000000236,1.8320158717873802e-05,0.03011453327483242,0.02971547328232558,0.0018283858268619672,0.0003676668026374246,0.0001856665499740943
0.8925000000000001,49.42849600000649,2699043.333333343,0.6694000000000878,0.04460000000000015,892.0000000000235,1.8313339170794954e-05,0.030086463505215426,0.02968837301202794,0.001827738912290491,0.00036494966260143644,0.000182246854092015
0.893,49.34727200000647,2686940.000000009,0.6683000000000876,0.04440000000000014,888.000000000023,1.8365602506943328e-05,0.03010459822343171,0.02970793607751188,0.001833066439138495,0.00036724965365304716,0.00018406967174981363
0.8935000000000001,49.28081600000645,2680888.333333342,0.6674000000000874,0.04430000000000014,886.0000000000225,1.838227105070507e-05,0.030097969475523432,0.029702506705572868,0.0018349752346128755,0.00036849141170302034,0.00018431315982788768
0.894,49.18851600000643,2668785.000000008,0.6661500000000871,0.044100000000000125,882.0000000000219,1.8431052332805485e-05,0.03010964202326194,0.029716098889866847,0.0018397647387969672,0.0003676283518406683,0.00018286190540478883
0.8945000000000001,49.11836800000641,2662733.333333341,0.6652000000000868,0.04400000000000012,880.0000000000217,1.8446596730179368e-05,0.03010084974414424,0.029707615661411047,0.0018412567575700467,0.0003671895778704554,0.00018301022025795245
0.895,49.02976000000639,2653655.8333333405,0.6640000000000865,0.04385000000000011,877.0000000000213,1.8476307056902163e-05,0.030097895633258227,0.029705953224988136,0.0018443146636692828,0.0003679841668831531,0.00018507990486714372
0.8955000000000001,48.966996000006375,2641552.5000000065,0.6631500000000863,0.043650000000000105,873.0000000000206,1.853720340595398e-05,0.03012815222134824,0.029738053120655993,0.0018503626919123327,0.000372210041445315,0.00018422662290516726
0.896,48.87100400000635,2626423.333333339,0.661850000000086,0.04340000000000009,868.0000000000199,1.8607435968055256e-05,0.03015557058602479,0.02976690109386074,0.0018572139851973904,0.0003720093183613731,0.00018643120856265521
0.8965,48.81562400000634,2623397.5000000056,0.6611000000000858,0.04335000000000009,867.0000000000198,1.8607787801889052e-05,0.030138764717975886,0.029751404558709362,0.0018571159581338471,0.00037156204606866806,0.0001859013476202217
0.897,48.73070800000632,2608268.333333338,0.6599500000000855,0.043100000000000076,862.0000000000191,1.8683165139580945e-05,0.030173468394903976,0.02978760659988834,0.0018648546416206566,0.0003734907787138426,0.00018842235151134848
0.8975,48.642100000006295,2605242.5000000047,0.6587500000000852,0.043050000000000074,861.0000000000189,1.867085309717088e-05,0.030136088851502877,0.029751105336110396,0.0018635112930313748,0.0003726618325156665,0.00018764902159999875
0.898,48.59041200000628,2596165.000000004,0.6580500000000851,0.04290000000000006,858.0000000000184,1.8716226433992526e-05,0.030156649016370034,0.029772516677329296,0.0018679411933667453,0.00037515159245180094,0.0001865404386017858
0.8985,48.50180400000626,2587087.5000000037,0.6568500000000848,0.04275000000000006,855.000000000018,1.874764730609467e-05,0.03015441978865849,0.029771691962105683,0.0018709190869849763,0.00037584871421818505,0.0001860609477569914
0.899,48.42427200000624,2578010.0000000033,0.6558000000000845,0.04260000000000005,852.0000000000175,1.878358578904123e-05,0.030159173933552746,0.029777907430383062,0.0018747339350351688,0.0003736768045909166,0.00018605276072440537
0.8995,48.38366000000623,2556829.166666669,0.6552500000000844,0.04225000000000003,845.0000000000165,1.8923305722096356e-05,0.030258437086567003,0.029879096145594426,0.0018887151271796026,0.0003787941177373781,0.00018866687462563883
0.9,48.28766800000621,2550777.500000002,0.6539500000000841,0.04215000000000003,843.0000000000163,1.8930568424727823e-05,0.03023420637252305,0.029855940969518636,0.001889440707972834,0.00037896867595118433,0.0001909695734397482
0.9005,48.20644400000619,2541700.0000000014,0.6528500000000838,0.042000000000000016,840.0000000000157,1.8966221033169203e-05,0.030237200464622003,0.029859797494112234,0.0018927697640205893,0.00037993181498257764,0.00018979205962430296
0.901,48.117836000006164,2529596.6666666674,0.6516500000000834,0.04180000000000001,836.0000000000152,1.9021939993071156e-05,0.030253740024869774,0.02987844054183216,0.0018984426516391794,0.0003805665995981236,0.0001901707287876249
0.9015,48.040304000006145,2520519.166666667,0.6506000000000832,0.04165,833.0000000000147,1.905968605013166e-05,0.030259334011678136,0.029884898884328076,0.0019021396422150727,0.0003809133767365697,0.00018975660938711585
0.902,47.996000000006134,2508415.833333333,0.6500000000000831,0.041449999999999994,829.0000000000141,1.9133988616323704e-05,0.03030427462278206,0.029930907814803374,0.0019100077027315583,0.00038328976170682704,0.00019163779750076723
0.9025,47.874164000006104,2499338.3333333326,0.6483500000000826,0.04129999999999998,826.0000000000136,1.9154735219923987e-05,0.030282190810369758,0.02991106042877972,0.0019117428424298291,0.0003819179597815721,0.00018967651914176696
0.903,47.792940000006084,2490260.833333332,0.6472500000000824,0.04114999999999998,823.0000000000132,1.9191941406408008e-05,0.03028586198726146,0.029915526664706038,0.001915273637468826,0.0003837253429716838,0.00018888549471803313
0.9035,47.722792000006066,2472105.833333331,0.6463000000000821,0.04084999999999996,817.0000000000123,1.930451008873586e-05,0.030352251835740494,0.029983823923588827,0.001926455035810331,0.00038640744588481503,0.00019055838457362854
0.904,47.64895200000605,2453950.83333333,0.6453000000000819,0.04054999999999995,811.0000000000114,1.9417239886294697e-05,0.030417184994991322,0.03005062405214103,0.0019378934485225743,0.0003884974282452962,0.0001948390994154818
0.9045,47.58988000000603,2441847.4999999963,0.6445000000000817,0.040349999999999935,807.0000000000108,1.9489292431245647e-05,0.030454672264754134,0.030089615603302946,0.0019450310828521221,0.00038978146141443434,0.00019489288988783167
0.905,47.475428000006005,2432769.999999996,0.6429500000000813,0.04019999999999993,804.0000000000103,1.9514967711705622e-05,0.030438058706618143,0.030074073492840553,0.0019475684965798515,0.00039049020876935945,0.0001962503610961219
0.9055,47.38682000000598,2417640.8333333284,0.641750000000081,0.039949999999999916,799.0000000000097,1.9600438306078446e-05,0.030476160743854515,0.030114156253809806,0.0019559076739677863,0.0003923027612067204,0.00019628282608094902
0.906,47.28344400000596,2399485.8333333274,0.6403500000000807,0.0396499999999999,793.0000000000088,1.9705656663252957e-05,0.03052450152136982,0.03016471982949184,0.001966363354301284,0.00039424454732143777,0.0001956306445238995
0.9065,47.194836000005935,2384356.66666666,0.6391500000000804,0.039399999999999887,788.0000000000081,1.9793530330336234e-05,0.03056380628258903,0.030206090485747863,0.0019751752887207956,0.0003949866442652149,0.00019943492093648364
0.907,47.076692000005906,2375279.1666666595,0.63755000000008,0.03924999999999988,785.0000000000075,1.9819435399701178e-05,0.030545495444265967,0.030189307133522424,0.0019777706314773394,0.00039653267613555944,0.0001982842618943553
0.9075,46.98439200000588,2366201.666666659,0.6363000000000797,0.03909999999999987,782.0000000000072,1.9856461375160063e-05,0.03054402707651108,0.030188628468574775,0.001981417571900369,0.0003972720048285389,0.00019788416750307657
0.908,46.914244000005866,2354098.333333325,0.6353500000000795,0.03889999999999986,778.0000000000066,1.992875290539663e-05,0.030576725883165727,0.030222707864436833,0.001988822285379847,0.0003991099027356201,0.00019959804368995665
0.9085,46.80717600000584,2345020.8333333246,0.6339000000000791,0.038749999999999854,775.000000000006,1.996023887492372e-05,0.030565931981931742,0.03021376481537784,0.001991965729049813,0.00039961820275267833,0.00019974589203832548
0.909,46.73333600000582,2326865.8333333237,0.6329000000000788,0.03844999999999984,769.0000000000052,2.0084241785895555e-05,0.0306365359668024,0.03028625134241489,0.0020041251382210096,0.00040232968627544206,0.0002023244273563887
0.9095,46.6631880000058,2308710.833333323,0.6319500000000786,0.03814999999999982,763.0000000000042,2.0211794100101038e-05,0.030710590905391463,0.030362260631501208,0.0020167363626284584,0.00040415058852752444,0.00020222827369329694
0.91,46.589348000005785,2287529.9999999884,0.6309500000000783,0.037799999999999806,756.0000000000032,2.0366660983683722e-05,0.030803620152047267,0.030457558623472797,0.002032345500140413,0.0004076320023710772,0.0002045254286974206
0.9105,46.508124000005765,2275426.6666666544,0.6298500000000781,0.03759999999999979,752.0000000000026,2.0439298124310464e-05,0.03083158989095439,0.03048670280550299,0.00203935953037018,0.000408854996991106,0.0002045098842366291
0.911,46.41213200000574,2269374.9999999874,0.6285500000000778,0.03749999999999979,750.0000000000024,2.0451504048474137e-05,0.030808950561707314,0.03046540494808839,0.0020404844044406237,0.00040907365564314826,0.0002029687067007552
0.9115,46.312448000005716,2254245.83333332,0.6272000000000774,0.037249999999999776,745.0000000000016,2.0544541910730376e-05,0.030845769777521008,0.030503649164536496,0.0020498254902613323,0.0004110913926637388,0.0002041282457026844
0.912,46.22014800000569,2248194.166666653,0.6259500000000771,0.037149999999999773,743.0000000000014,2.055878833122998e-05,0.030825699141643848,0.030485194085740595,0.0020512315086893243,0.00041188805323046237,0.00020496178976981102
0.9125,46.105696000005665,2239116.6666666525,0.6244000000000767,0.03699999999999976,740.0000000000008,2.059101997067562e-05,0.030811634021159953,0.030472282529828365,0.002054468775325556,0.0004106196170058349,0.00020413019848077122
0.913,46.03554800000565,2217935.833333318,0.6234500000000764,0.036649999999999745,732.9999999999998,2.075603239198277e-05,0.030911303994486605,0.030574455797721424,0.002070903413256308,0.00041530558078419454,0.0002084554758650986
0.9135,45.95801600000563,2205832.499999984,0.6224000000000762,0.03644999999999973,728.9999999999992,2.0834771452504194e-05,0.03094378952089959,0.030608245446414946,0.002078841490435716,0.00041632288029499586,0.00020847369838222638
0.914,45.862024000005604,2199780.833333317,0.6211000000000759,0.03634999999999973,726.9999999999989,2.0848451493465875e-05,0.03092160309645827,0.03058680621088296,0.0020800208629686194,0.00041707353246495,0.00020751479556915133
0.9145,45.75495600000558,2193729.16666665,0.6196500000000755,0.03624999999999973,724.9999999999987,2.085715807367861e-05,0.03089193608725571,0.03055822761845815,0.0020808261883055474,0.0004168827356795851,0.00020868813749991182
0.915,45.622044000005545,2175574.1666666493,0.6178500000000751,0.03594999999999971,718.9999999999977,2.097011662438808e-05,0.030930452567190007,0.03059912488440049,0.002092178479585456,0.0004195958740596745,0.00020996487222170573
0.9155,45.52605200000552,2160444.999999982,0.6165500000000748,0.0356999999999997,713.999999999997,2.1072534593570262e-05,0.03097325567485524,0.030643828255791355,0.002102494965401124,0.00042168080450809465,0.00020785950205476657
0.916,45.422676000005495,2142289.999999981,0.6151500000000744,0.03539999999999968,707.999999999996,2.1202860490412548e-05,0.031033592373803282,0.03070662814759252,0.002115363368920661,0.0004237833630389314,0.00021297912449866972
0.9165,45.31191600000547,2124134.99999998,0.613650000000074,0.035099999999999666,701.9999999999952,2.133193794180026e-05,0.031089935785274022,0.030764920384013312,0.002128319937464737,0.0004270838223602945,0.00021389616636910807
0.917,45.215924000005444,2112031.666666646,0.6123500000000737,0.034899999999999654,697.9999999999945,2.1408733928392435e-05,0.031112839444986,0.030789746669781612,0.0021356803346990194,0.0004279814720633183,0.00021288357995726703
0.9175,45.13100800000542,2084799.1666666456,0.6112000000000735,0.03444999999999965,688.9999999999939,2.1647652551667468e-05,0.03125657260150871,0.030935541118144803,0.0021595432298671664,0.0004328737746705949,0.00021542462977127094
0.918,45.0313240000054,2072695.8333333125,0.6098500000000731,0.034249999999999656,684.9999999999939,2.172596831421519e-05,0.03127845957306493,0.030959466389244187,0.002167434383987789,0.00043500010150999366,0.00021842313863559354
0.9185,44.93164000000537,2063618.3333333128,0.6085000000000728,0.03409999999999966,681.9999999999939,2.17732316457125e-05,0.03127778613848919,0.030959940543359654,0.0021721656486072024,0.0004364737713036721,0.00021753514934449227
0.919,44.84672400000535,2045463.3333333132,0.6073500000000724,0.033799999999999664,675.999999999994,2.192497087049835e-05,0.031356912019780234,0.03104141122521922,0.0021871409681638162,0.0004389539516566151,0.0002204192482201993
0.9195,44.75442400000533,2027308.3333333137,0.6061000000000721,0.033499999999999676,669.999999999994,2.2075785544875558e-05,0.031432177720562594,0.03111818728319998,0.0022021270560609357,0.00044169966827581195,0.0002208868920000361
0.92,44.6362800000053,2021256.6666666472,0.6045000000000718,0.03339999999999967,667.999999999994,2.208342994539984e-05,0.03139609699364731,0.03108336433336685,0.0022028169826043974,0.0004416375968913955,0.0002206467088366435
0.9205,44.52921200000527,2012179.1666666474,0.6030500000000714,0.03324999999999968,664.999999999994,2.212984446796149e-05,0.0313913565624784,0.031079894956819665,0.002207565318123635,0.00044230852083809415,0.0002206805461348659
0.921,44.42583600000525,2003101.6666666477,0.6016500000000711,0.033099999999999685,661.999999999994,2.2178522807548796e-05,0.03138936337171327,0.0310795653901548,0.0022122099316614556,0.000442923240950683,0.0002202977437858428
0.9215,44.31507600000522,1997049.9999999811,0.6001500000000707,0.03299999999999968,659.9999999999941,2.2190268646256048e-05,0.03135851029477238,0.031049796191750304,0.0022135245149092066,0.0004443896017861295,0.0002241682167274784
0.922,44.2227760000052,1987972.4999999814,0.5989000000000704,0.03284999999999969,656.999999999994,2.2245164860180718e-05,0.03136456038687679,0.031057359739384834,0.0022190925277783425,0.0004445037313271215,0.00022173347821328416
0.9225,44.10463200000517,1972843.333333315,0.59730000000007,0.0325999999999997,651.9999999999941,2.2355871474845398e-05,0.03140047988345308,0.031095271689867792,0.00222977497336344,0.00044727995171987096,0.00022450813278001864
0.923,44.012332000005145,1960739.999999982,0.5960500000000697,0.0323999999999997,647.9999999999941,2.2446796617606388e-05,0.0314313294845336,0.031127593454495034,0.0022389105435763387,0.00044934862746427983,0.00022349609881832158
0.9235,43.90526400000512,1945610.8333333158,0.5946000000000693,0.03214999999999971,642.9999999999941,2.2566313492809078e-05,0.03147653886212045,0.03117495875342771,0.0022508256301070123,0.0004517974972051989,0.00022650775478633983
0.924,43.805580000005094,1936533.333333316,0.593250000000069,0.03199999999999971,639.9999999999941,2.2620617598460556e-05,0.03147859276187931,0.031178309395916946,0.0022563185148664396,0.0004521098436193523,0.00022709464706720676
0.9245,43.66897600000506,1921404.1666666497,0.5914000000000685,0.031749999999999716,634.9999999999942,2.272763677605854e-05,0.03150373162018058,0.031205078388736904,0.0022667915234597076,0.0004540768245942145,0.00022798350332709695
0.925,43.55821600000503,1915352.4999999832,0.5899000000000681,0.03164999999999972,632.9999999999941,2.2741618579350494e-05,0.031473430464481277,0.03117616722724724,0.0022684296693759685,0.00045517159332356745,0.0002270756399592693
0.9255,43.46960800000501,1900223.333333317,0.5887000000000678,0.03139999999999973,627.9999999999942,2.2876052113175496e-05,0.03153419469843209,0.031239119731419775,0.0022817120714289465,0.0004583728293238134,0.0002293068127079648
0.926,43.34408000000498,1882068.3333333174,0.5870000000000674,0.031099999999999735,621.9999999999942,2.3030024591741893e-05,0.031594423011292116,0.03130111587012853,0.002297073818044047,0.00046081249695467967,0.0002306037876508759
0.9265,43.248088000004955,1860887.4999999846,0.5857000000000671,0.030749999999999743,614.9999999999943,2.3240570964126155e-05,0.031703351114340056,0.031412496974901824,0.0023179197008684313,0.00046531276935773383,0.00023273846503858378
0.927,43.14102000000493,1842732.499999985,0.5842500000000668,0.03044999999999975,608.9999999999943,2.3411439262076985e-05,0.03178026884289676,0.03149121695515302,0.002334733019707745,0.000467878496218641,0.000233595374838656
0.9275,43.0302600000049,1836680.8333333186,0.5827500000000664,0.030349999999999752,606.9999999999943,2.34282730124161e-05,0.03175085520564209,0.03146291645755655,0.0023363371788810874,0.0004686634662154388,0.00023343186303697612
0.928,42.93426800000488,1818525.833333319,0.5814500000000661,0.03004999999999976,600.9999999999943,2.3609380308503663e-05,0.0318377682060433,0.03155250751167476,0.002354408896155097,0.00047212320646036624,0.00023609200487089782
0.9285,42.83089200000485,1803396.6666666528,0.5800500000000657,0.029799999999999768,595.9999999999944,2.375012263894901e-05,0.03189405719967794,0.03161029063464014,0.0023685241795250384,0.00047590202469230706,0.0002369885183589229
0.929,42.70905600000482,1797344.9999999863,0.5784000000000653,0.02969999999999977,593.9999999999943,2.376230272986274e-05,0.031856827832675995,0.03157410591693883,0.002369704319667325,0.00047602514158371,0.00023887936424091312
0.9295,42.601988000004795,1782215.83333332,0.5769500000000649,0.02944999999999978,588.9999999999943,2.3903944294067515e-05,0.03191155643066742,0.03163059115774733,0.002383718112761127,0.000477840829496499,0.00023860364275806603
0.93,42.45800000000476,1773138.3333333202,0.5750000000000645,0.02929999999999978,585.9999999999943,2.3945114265387305e-05,0.03188500504757796,0.031606074746256804,0.00238777425180509,0.000478491409811359,0.00023859966185153892
0.9305,42.30293600000472,1754983.3333333207,0.5729000000000639,0.02899999999999979,579.9999999999944,2.410446594934711e-05,0.031932451948367656,0.031655640699415795,0.002403641175089191,0.00048129159668129585,0.00024021026051556017
0.931,42.2069440000047,1739854.1666666544,0.5716000000000636,0.028749999999999797,574.9999999999944,2.4258897560861657e-05,0.03199821325378736,0.03172367663192292,0.0024188271288561503,0.000485645843940593,0.00024342862860086804
0.9315,42.074032000004664,1712621.666666655,0.5698000000000631,0.028299999999999808,565.9999999999944,2.4567032415218158e-05,0.03215004889021441,0.03187841012420316,0.002449422291014711,0.0004917013360404986,0.00024624188532396834
0.932,41.94481200000463,1706569.9999999886,0.5680500000000627,0.02819999999999981,563.9999999999944,2.4578430418913324e-05,0.0321080861624378,0.03183782445617803,0.0024507308704101688,0.0004917592766398659,0.0002477044857018408
0.9325,41.84882000000461,1694466.6666666556,0.5667500000000624,0.027999999999999813,559.9999999999945,2.469734036275222e-05,0.03214881090700247,0.031879858409210635,0.0024623560636667045,0.000494250945426489,0.00024713552019065563
0.933,41.70483200000457,1679337.4999999893,0.5648000000000619,0.02774999999999982,554.9999999999945,2.4834097970184574e-05,0.03218218933265559,0.03191555784524812,0.0024760888859530696,0.0004962397129393857,0.0002483965444031434
0.9335,41.58299600000454,1670259.9999999895,0.5631500000000614,0.027599999999999826,551.9999999999945,2.489612156191539e-05,0.032175250304293614,0.03190991847045157,0.0024822839554735155,0.0004974615030390709,0.00024906032261857964
0.934,41.472236000004514,1655130.8333333232,0.5616500000000612,0.02734999999999983,546.9999999999947,2.5056772047731232e-05,0.032235875737094334,0.031972158856209056,0.002498093085224456,0.0005006221461676926,0.0002509264891403696
0.9345,41.33194000000448,1643027.4999999902,0.5597500000000606,0.027149999999999837,542.9999999999945,2.5155963609863332e-05,0.0322449385187679,0.031983188746850875,0.0025079706294916047,0.0005037792673245275,0.0002510816679833511
0.935,41.187952000004444,1624872.4999999907,0.5578000000000601,0.026849999999999843,536.9999999999947,2.534842087610239e-05,0.032311618974554826,0.032052522426736854,0.0025271001126795888,0.0005064651098126535,0.000252621682461682
0.9355,41.073500000004415,1612769.1666666577,0.5562500000000598,0.026649999999999847,532.9999999999947,2.5467686789236513e-05,0.032342513095294144,0.032084972641838336,0.0025388671569215354,0.0005097978269274134,0.0002539798878421298
0.936,40.93320400000438,1597639.9999999914,0.5543500000000593,0.026399999999999854,527.9999999999948,2.562104353922323e-05,0.03238429318808503,0.032128633876304685,0.0025540442328554126,0.0005121206982583998,0.0002568527366315745
0.9365,40.80029200000435,1591588.3333333249,0.5525500000000588,0.026299999999999858,525.9999999999948,2.5634952924387628e-05,0.032340448783486325,0.03208590561453316,0.002555493913949841,0.0005130271934047905,0.00025617443027136874
0.937,40.65261200000431,1576459.1666666586,0.5505500000000584,0.026049999999999865,520.9999999999947,2.5787291456436614e-05,0.03237764264280286,0.03212545389746998,0.0025704821128535874,0.0005156696472117631,0.00025799920371253666
0.9375,40.549236000004285,1558304.166666659,0.549150000000058,0.025749999999999874,514.9999999999948,2.6021387138264822e-05,0.03248289112906349,0.03223238096263359,0.0025939073088565166,0.000520717438858941,0.00026070907587991647
0.9380000000000001,40.37940400000424,1543174.9999999928,0.5468500000000575,0.025499999999999877,509.9999999999947,2.6166445153663344e-05,0.03250501875921163,0.03225741581794564,0.0026081908829053515,0.0005236033116302823,0.0002618356556720616
0.9385,40.2169560000042,1525019.9999999932,0.5446500000000569,0.025199999999999886,503.9999999999948,2.6371428571431445e-05,0.03256638235435314,0.03232073442043529,0.0026285401815469484,0.0005274581365244287,0.00026416017250435926
0.9390000000000001,40.05820000000416,1491735.8333333274,0.5425000000000564,0.0246499999999999,492.9999999999948,2.6853414059574437e-05,0.03279771032390588,0.03255582769034516,0.0026762589309287693,0.0005368748397572663,0.00026719593196381246
0.9395,39.92159600000413,1482658.3333333277,0.5406500000000559,0.024499999999999904,489.9999999999949,2.6925688206433906e-05,0.03278577129036725,0.032545371792373705,0.0026834914409371497,0.0005382304788891394,0.00026886111787295886
0.9400000000000001,39.76284000000409,1470554.9999999946,0.5385000000000554,0.02429999999999991,485.9999999999949,2.7039342289138615e-05,0.03278950061731643,0.03255135710045527,0.002694670786341395,0.0005411321426010499,0.0002709976879064696
0.9405,39.60408400000405,1461477.4999999949,0.5363500000000548,0.024149999999999915,482.99999999999494,2.709866145732944e-05,0.0327598530295953,0.032523216857962334,0.0027006410351805934,0.0005421651343873969,0.0002708657849516549
0.9410000000000001,39.460096000004015,1449374.1666666619,0.5344000000000544,0.02394999999999992,478.99999999999494,2.7225610134031973e-05,0.03277675151613753,0.03254185359740182,0.002713061446988967,0.0005442588827299298,0.0002717469227015436
0.9415,39.297648000003974,1443322.4999999953,0.5322000000000539,0.02384999999999992,476.99999999999494,2.7227212213489432e-05,0.032710177177663016,0.0324764503878681,0.002713286591587938,0.0005448750424824216,0.00027228091024495874
0.9420000000000001,39.18688800000395,1437270.8333333288,0.5307000000000535,0.023749999999999924,474.99999999999494,2.72647903868761e-05,0.03268658099692316,0.03245405229628218,0.002717084725138031,0.0005449457290793024,0.00027161338078203283
0.9425,39.057668000003915,1403986.666666663,0.528950000000053,0.02319999999999994,463.99999999999534,2.7819116040990906e-05,0.032962701996429235,0.032733706694234095,0.002772041574651966,0.0005563547290894222,0.0002785033858253242
0.9430000000000001,38.902604000003876,1382805.8333333302,0.5268500000000524,0.022849999999999947,456.9999999999957,2.8133092197208188e-05,0.03308232582152322,0.03285605532845372,0.0028031565896042953,0.0005624592441629793,0.00028127621265484193
0.9435,38.74384800000384,1364650.8333333307,0.5247000000000519,0.022549999999999955,450.9999999999961,2.839103384809954e-05,0.03316575779740754,0.03294205444609141,0.0028287073311568183,0.0005676576241929909,0.00028423270235242203
0.9440000000000001,38.610936000003804,1346495.8333333312,0.5229000000000514,0.02224999999999996,444.9999999999964,2.867512475283352e-05,0.033274056320186145,0.03305229938376244,0.00285691836618533,0.0005731757699588232,0.0002861547499161831
0.9445,38.459564000003766,1343469.999999998,0.520850000000051,0.022199999999999963,443.9999999999965,2.862703595912363e-05,0.03318091041212353,0.03296048299589706,0.0028520496235997007,0.0005721591730600623,0.0002856127376747142
0.9450000000000001,38.289732000003724,1331366.6666666649,0.5185500000000504,0.021999999999999967,439.9999999999967,2.875971958639276e-05,0.03318420405494447,0.03296550317527237,0.002865186461745626,0.0005753196787408516,0.0002877423695570477
0.9455,38.130976000003685,1307159.9999999988,0.5164000000000499,0.02159999999999998,431.99999999999716,2.9170855901346217e-05,0.03335119774067104,0.03313535081123057,0.0029059500074113346,0.0005836484022473524,0.00029152359800157303
0.9460000000000001,37.95376000000364,1298082.499999999,0.5140000000000493,0.021449999999999983,428.9999999999973,2.9238326531636986e-05,0.03331206407343336,0.03309810322062221,0.002912593428958464,0.0005846657225616878,0.0002927652567233133
0.9465,37.75439200000359,1282953.3333333328,0.5113000000000486,0.02119999999999999,423.99999999999756,2.9427720415918172e-05,0.03333188854650958,0.03311988829243625,0.002931316532627558,0.0005889080723093101,0.0002942790634601019
0.9470000000000001,37.566100000003544,1255720.8333333335,0.508750000000048,0.02075,414.9999999999981,2.9915964602007645e-05,0.03352334874717151,0.033314513309420604,0.002979765676805978,0.0005986260683495752,0.0002994726357552375
0.9475,37.3815000000035,1240591.6666666672,0.5062500000000474,0.020500000000000008,409.9999999999984,3.0131993470860126e-05,0.03356140343833861,0.033354855264645725,0.003001026195204004,0.0006024712702675211,0.0003011071745953171
0.9480000000000001,37.21536000000346,1222436.6666666677,0.5040000000000467,0.020200000000000017,403.99999999999875,3.0443589442945994e-05,0.0336594361773332,0.03345573277606929,0.003031920084719727,0.0006085700178095446,0.00030393240063476406
0.9485,37.041836000003414,1204281.6666666681,0.5016500000000462,0.019900000000000022,397.9999999999991,3.075844881250375e-05,0.03375407731175681,0.033552780184476286,0.0030630756837115463,0.0006148848908778298,0.0003074274061484449
0.9490000000000001,36.883080000003375,1192178.3333333351,0.4995000000000457,0.019700000000000027,393.9999999999993,3.093755268717067e-05,0.033779586493001286,0.03357975971547923,0.0030808649042684258,0.0006189038661890288,0.0003088364987699379
0.9495,36.73909200000334,1180075.000000002,0.4975500000000452,0.019500000000000035,389.99999999999955,3.113284494629856e-05,0.03381982532579949,0.033622268340146214,0.0031001859523195952,0.0006225827106944952,0.00031171357879942075
0.9500000000000001,36.55080000000329,1158894.1666666693,0.49500000000004457,0.019150000000000042,382.99999999999994,3.1539376977912026e-05,0.03395257487762042,0.03375735623319215,0.0031403267326147667,0.0006307666537864975,0.0003150077731771134
0.9505,36.358816000003245,1155868.333333336,0.4924000000000439,0.019100000000000044,381.99999999999994,3.145584574944651e-05,0.0338184168157515,0.03362445596995348,0.0031320798500319973,0.0006291691716015379,0.00031467500791371265
0.9510000000000001,36.12991200000319,1143765.000000003,0.48930000000004314,0.01890000000000005,378.0000000000002,3.158857982190668e-05,0.03378284464162028,0.03359129748634765,0.0031451186529335737,0.0006317012895237418,0.00031587539343592367
0.9515,35.93423600000314,1134687.5000000033,0.4866500000000425,0.01875000000000005,375.0000000000004,3.1668839217849e-05,0.033734011464527994,0.033544212376470005,0.003152965484465371,0.0006333195435581019,0.0003172519630836846
0.9520000000000001,35.7680960000031,1128635.8333333367,0.4844000000000419,0.018650000000000055,373.0000000000005,3.169144106860833e-05,0.03366794517300164,0.03347980677857596,0.0031551935731170717,0.0006338093179330764,0.0003168194117296177
0.9525,35.61672400000306,1125610.0000000035,0.4823500000000414,0.018600000000000057,372.00000000000057,3.164215314363141e-05,0.03357049223181957,0.03338291348141487,0.003150290249376979,0.0006327802902029098,0.0003164393872879572
0.9530000000000001,35.432124000003014,1116532.5000000037,0.4798500000000408,0.01845000000000006,369.00000000000074,3.173407312371373e-05,0.03353198055807403,0.03334630011035103,0.003159181299013796,0.0006342418613142647,0.0003173627233797145
0.9535,35.269676000002974,1089300.0000000044,0.47765000000004026,0.01800000000000007,360.00000000000125,3.237829431745417e-05,0.033792893116345,0.033610603187279896,0.0032229637436900255,0.0006474122476426908,0.0003237219849200396
0.9540000000000001,35.05554000000292,1080222.5000000047,0.47475000000003953,0.017850000000000074,357.0000000000014,3.245214758996667e-05,0.03372855247379153,0.03354803517505671,0.0032302040892745643,0.000649019452997815,0.0003247324658749545
0.9545,34.830328000002865,1068119.1666666716,0.47170000000003875,0.017650000000000082,353.00000000000165,3.260902817491747e-05,0.03370119881689541,0.03352260907008614,0.003245691405566245,0.0006519216431411627,0.00032589769841102347
0.9550000000000001,34.59773200000281,1056015.8333333386,0.468550000000038,0.017450000000000087,349.0000000000019,3.276251255702697e-05,0.033667436053731965,0.033490932303394616,0.003260803334385268,0.0006551067527263493,0.0003278196178269242
0.9555,34.39467200000276,1043912.5000000054,0.4658000000000373,0.017250000000000088,345.000000000002,3.2947849556358965e-05,0.033663303951955395,0.03348869140917374,0.0032790143136300983,0.0006586315169955462,0.0003294257501767259
0.9560000000000001,34.20268800000271,1031809.1666666719,0.4632000000000367,0.017050000000000086,341.0000000000019,3.314826918091527e-05,0.0336711654289769,0.033498521681441816,0.003298806425165517,0.0006628389224765293,0.0003313646025190293
0.9565,33.984860000002655,1025757.5000000051,0.4602500000000359,0.016950000000000083,339.0000000000018,3.313147600675841e-05,0.03355526991237811,0.033384410422222684,0.0032970744880574335,0.0006623994412708379,0.000331772056629234
0.9570000000000001,33.778108000002604,1019705.8333333384,0.4574500000000352,0.016850000000000084,337.0000000000018,3.312534546319561e-05,0.03344994980606608,0.03328087557773636,0.003296444395400341,0.000662413822110183,0.0003310522343373398
0.9575,33.63412000000257,1001550.8333333381,0.45550000000003477,0.01655000000000008,331.0000000000017,3.358203985319674e-05,0.033607881736481146,0.033440738830223915,0.003341552862728746,0.0006717497323835527,0.0003363545269055923
0.9580000000000001,33.47905600000253,986421.6666666713,0.4534000000000342,0.016300000000000075,326.0000000000016,3.3939903320590456e-05,0.03370850143636513,0.03354368653507757,0.003376850063455711,0.0006786713798538869,0.00033925426452618155
0.9585,33.25384400000247,965240.8333333377,0.4503500000000335,0.015950000000000072,319.0000000000014,3.445134400827668e-05,0.033847104206989755,0.033684631016155965,0.0034274554650959377,0.0006889734964123819,0.00034501067223234133
0.9590000000000001,33.054476000002424,944060.0000000041,0.4476500000000328,0.015600000000000065,312.0000000000013,3.501310933627342e-05,0.034019501394398105,0.03385974030000021,0.0034829305618089227,0.0007000450394309433,0.00035017166564438513
0.9595,32.818188000002365,934982.500000004,0.444450000000032,0.015450000000000064,309.00000000000125,3.510032326808494e-05,0.03393988111962491,0.033782189717472086,0.0034913680954759296,0.0007019593890400108,0.00035101357048921924
0.96,32.59666800000231,916827.5000000037,0.44145000000003126,0.015150000000000061,303.00000000000114,3.555376338515389e-05,0.034042921241149854,0.033888019060762824,0.003536057005991861,0.0007108496785140964,0.0003558256352514398
0.9605,32.38253200000226,898672.5000000035,0.4385500000000305,0.014850000000000056,297.00000000000097,3.603374087890987e-05,0.03415918254057033,0.03400649273162007,0.003583489104245422,0.0007204947990263091,0.0003602183176271081
0.961,32.1536280000022,880517.5000000033,0.43545000000002976,0.014550000000000052,291.0000000000009,3.651673930387764e-05,0.034265600237249144,0.03411554826424262,0.003631030048797409,0.0007301838241556402,0.0003654547050812533
0.9615,31.928416000002148,874465.8333333365,0.4324000000000291,0.014450000000000051,289.00000000000085,3.6511907936180506e-05,0.03414312811789806,0.03399449849137575,0.0036304838677112218,0.0007301252776709488,0.0003650536960584594
0.962,31.754892000002105,862362.500000003,0.43005000000002847,0.014250000000000049,285.0000000000008,3.6823136442043796e-05,0.034195034266205425,0.03404830841397617,0.0036610963051137025,0.0007365333119969777,0.0003685548271068737
0.9625,31.49645200000204,853285.0000000029,0.42655000000002763,0.014100000000000047,282.00000000000074,3.691199540599206e-05,0.03409666533839948,0.033952018133365076,0.0036696980454982396,0.0007379566846798262,0.00036891163769140113
0.963,31.197400000001966,844207.5000000028,0.42250000000002663,0.013950000000000046,279.0000000000007,3.695465865915887e-05,0.03395401400077892,0.03381146222376823,0.003673707570734389,0.0007387564279619681,0.00036942361138260396
0.9635,30.88358000000189,826052.5000000026,0.41825000000002555,0.01365000000000004,273.00000000000057,3.738694574497601e-05,0.03397982255135914,0.033840157305674905,0.003716172799325289,0.0007476295248881824,0.00037383697774753854
0.964,30.57345200000181,816975.0000000024,0.4140500000000245,0.01350000000000004,270.0000000000005,3.7422751002174757e-05,0.033824967249382464,0.033687778868381646,0.003719546212833922,0.0007482010976670436,0.0003741261462899931
0.9645,30.35931600000176,810923.3333333357,0.4111500000000238,0.013400000000000039,268.0000000000004,3.743796084299174e-05,0.033713153219774424,0.033577133115584794,0.003720899450753768,0.0007484255206795734,0.0003744819583746993
0.965,30.08241600000169,798820.0000000022,0.40740000000002285,0.013200000000000035,264.00000000000034,3.76585663854205e-05,0.033657784234793,0.03352399904825386,0.0037424796660035326,0.0007529263613308294,0.0003768285043196781
0.9655,29.812900000001623,789742.5000000021,0.403750000000022,0.013050000000000034,261.0000000000003,3.7750152739660766e-05,0.03354738986888114,0.033415719881979444,0.0037512986254177485,0.0007548809002957651,0.000377343755080327
0.966,29.550768000001558,771587.5000000019,0.4002000000000211,0.01275000000000003,255.0000000000002,3.829866087773776e-05,0.033641349472775,0.033512042843439074,0.0038052402952823794,0.0007658653948008756,0.000383254744749391
0.9665,29.296020000001494,759484.1666666684,0.3967500000000202,0.012550000000000026,251.00000000000006,3.857357570544231e-05,0.03361603360852062,0.03348910557946492,0.0038321728280113184,0.0007712553858215263,0.00038593570558954486
0.967,29.004352000001422,741329.1666666681,0.39280000000001924,0.012250000000000023,244.99999999999997,3.9124795440623695e-05,0.03368641476481952,0.03356219620515815,0.0038863423069076942,0.0007823998676342463,0.0003914498726666727
0.9675,28.66838000000134,738303.3333333348,0.38825000000001814,0.012200000000000023,243.99999999999994,3.883008338939454e-05,0.03336436988508006,0.03324199888720059,0.0038569802979958965,0.0007761934562734046,0.00038827160445153324
0.968,28.421016000001277,723174.1666666679,0.3849000000000173,0.01195000000000002,238.99999999999986,3.930037508253714e-05,0.03342068157658658,0.03330080705865661,0.0039030878209533886,0.0007858229901628066,0.000393042171651391
0.9685,28.125656000001204,717122.5000000012,0.3809000000000163,0.011850000000000019,236.9999999999998,3.9220155552225954e-05,0.03321262083083827,0.03309388974876904,0.003894868764772136,0.0007841958547363805,0.0003919930079511248
0.969,27.83029600000113,698967.5000000009,0.3769000000000153,0.011550000000000015,230.99999999999966,3.9816294749042115e-05,0.03328790413925774,0.03317218227896318,0.0039534054844246125,0.0007961075828694027,0.00039822445843803236
0.9695,27.50909200000105,680812.5000000007,0.3725500000000142,0.01125000000000001,224.99999999999957,4.040626751124726e-05,0.03333953748309591,0.03322692259609435,0.00401124929931825,0.000807966778495301,0.00040407584959366836
0.97,27.22111600000098,659631.6666666671,0.36865000000001324,0.010900000000000007,217.9999999999994,4.126714555345427e-05,0.033516000717615,0.033406069177179705,0.004095727319622438,0.0008251362799155187,0.0004129562864171128
0.9705,26.8962200000009,635425.0000000001,0.3642500000000122,0.0105,209.99999999999923,4.23279222567587e-05,0.03374085130223683,0.033634248534656463,0.004199805370729248,0.0008463308937164971,0.0004235313636481429
0.971,26.552864000000813,629373.3333333334,0.359600000000011,0.0104,207.9999999999992,4.218936931974792e-05,0.033469879472998905,0.033364773287401686,0.004185773753808525,0.0008434012092244458,0.00042185705637884477
0.9715,26.227968000000732,602140.833333333,0.3552000000000099,0.009949999999999994,198.99999999999903,4.355786312449177e-05,0.03379966942450763,0.03369867697558175,0.004320011505548692,0.0008707970204693306,0.00043578334077917053
0.972,25.921532000000656,593063.3333333329,0.35105000000000885,0.009799999999999993,195.99999999999895,4.370786481488881e-05,0.03365944607633312,0.03355974533648253,0.004334335335852733,0.0008738402559833203,0.00043705571189910764
0.9725,25.633556000000585,583985.8333333328,0.3471500000000079,0.00964999999999999,192.99999999999892,4.3894140126117114e-05,0.03354320254036168,0.033445689254184924,0.004352252662682552,0.0008775933317182068,0.00043915103077153233
0.973,25.319736000000507,574908.3333333327,0.34290000000000687,0.009499999999999988,189.99999999999886,4.404134456217751e-05,0.033393095803840846,0.033297373780703514,0.004366274365757671,0.0008806102205980223,0.0004405647686588409
0.9735,25.020684000000433,559779.1666666658,0.33885000000000587,0.009249999999999986,184.99999999999875,4.4697419071509695e-05,0.03344164074884356,0.03334830289055299,0.004430254541284534,0.0008936128790801017,0.00044686448780510414
0.974,24.666252000000345,556753.3333333324,0.3340500000000047,0.009199999999999984,183.99999999999875,4.430373474788425e-05,0.03305738870080458,0.03296582250505667,0.004391033894832109,0.0008858518498734396,0.00044309821970649476
0.9745,24.36350800000027,538598.3333333322,0.32995000000000363,0.00889999999999998,177.9999999999986,4.523502300725089e-05,0.03319739790553554,0.033108241515293416,0.004482024192073463,0.0009043957254998829,0.0004523432640953475
0.975,24.031228000000187,526494.9999999987,0.3254500000000025,0.008699999999999979,173.99999999999855,4.564379148899846e-05,0.033118871839130724,0.03303186135282632,0.004521585239854569,0.0009125460332355361,0.0004564019528879032
0.9755,23.614032000000083,511365.8333333321,0.31980000000000114,0.008449999999999978,168.99999999999858,4.6178353070779675e-05,0.033021815854619586,0.03293795295541601,0.004573259656402402,0.0009231985799484043,0.0004618699551337472
0.976,23.182067999999976,496236.6666666655,0.3139499999999997,0.00819999999999998,163.99999999999866,4.6715749877410704e-05,0.032908218226478186,0.03282685469694654,0.00462513255753595,0.0009338589067933906,0.00046698314490318767
0.9765,22.820251999999886,484133.33333333227,0.30904999999999844,0.007999999999999981,159.99999999999878,4.7136295786284636e-05,0.03279703108028565,0.03271759700180757,0.0046656248792053875,0.0009423318180601028,0.0004714348297749253
0.977,22.366135999999774,469004.1666666657,0.3028999999999969,0.0077499999999999835,154.99999999999886,4.768856566661594e-05,0.03265871998005024,0.03258233051146638,0.004718723221481542,0.0009532888700958976,0.0004766810432239506
0.9775,22.008011999999685,459926.66666666575,0.2980499999999957,0.007599999999999984,151.9999999999989,4.7851132789284654e-05,0.032451371428105,0.03237683532500091,0.004733858216693205,0.0009565879732583653,0.00047847327360147143
0.978,21.62773599999959,450849.1666666658,0.29289999999999444,0.007449999999999985,148.99999999999898,4.797111228995573e-05,0.0322100910045363,0.03213745671091916,0.004744699817359166,0.0009589559914513604,0.0004795879115151042
0.9785,21.243767999999495,435719.99999999924,0.28769999999999313,0.007199999999999987,143.99999999999906,4.875554943541617e-05,0.03218283313272228,0.03211292392311162,0.004820468570002463,0.0009746067716372638,0.0004875804253862607
0.979,20.874567999999403,408487.4999999994,0.2826999999999919,0.0067499999999999895,134.9999999999992,5.1102097371399206e-05,0.03266061904188301,0.032594263963070844,0.005048693847689169,0.0010215257835996644,0.0005108189349778428
0.9795,20.438911999999295,387306.6666666662,0.27679999999999044,0.0063999999999999925,127.99999999999935,5.2771908565131814e-05,0.03284176338854191,0.03277813829314232,0.005210262516758741,0.0010548572074633973,0.0005276142197238577
0.98,20.043867999999197,381254.9999999996,0.2714499999999891,0.006299999999999993,125.9999999999994,5.2573390512909254e-05,0.03246160244669307,0.032399838952578856,0.0051896274496496374,0.001050892193515969,0.0005257118564070053
0.9805,19.630363999999094,369151.66666666634,0.2658499999999877,0.006099999999999994,121.99999999999946,5.317696159211646e-05,0.03230889365860173,0.03224939236538608,0.005247002114236323,0.0010629912348748673,0.0005317591954578389
0.981,19.150403999998975,350996.66666666645,0.2593499999999861,0.005799999999999996,115.99999999999956,5.4560073694904e-05,0.03232380626914575,0.03226737910330796,0.005379801964461493,0.0010905773856030125,0.0005456113572543772
0.9815,18.629831999998846,341919.1666666665,0.25229999999998437,0.005649999999999997,112.99999999999962,5.448607102555581e-05,0.03185981660953352,0.03180583166055715,0.005370529140677426,0.0010891231628269867,0.0005449191469731739
0.982,18.179407999998734,323764.1666666666,0.24619999999998285,0.005349999999999999,106.99999999999973,5.615015456208733e-05,0.031949295203458995,0.031897937824364744,0.005530152562622425,0.001122340596566117,0.0005613455067120584
0.9825,17.688371999998612,299557.5000000001,0.2395499999999812,0.004950000000000001,98.99999999999989,5.9048336296032e-05,0.032317926618907415,0.032269741553022716,0.005808562002216539,0.0011801544384878087,0.0005903980171354141
0.983,17.134571999998474,284428.33333333355,0.23204999999997933,0.004700000000000003,93.99999999999997,6.0242141840059755e-05,0.03212790982372537,0.03208199720810242,0.005920907051705114,0.0012040016268964325,0.0006022600479760535
0.9835,16.661995999998357,272325.0000000003,0.22564999999997773,0.004500000000000005,90.00000000000004,6.11842320756388e-05,0.031928523913406934,0.03188525201182755,0.0060089685209531495,0.0012227374648566744,0.0006116951491316303
0.984,16.141423999998228,260221.666666667,0.21859999999997598,0.004300000000000005,86.0000000000001,6.202951586147018e-05,0.031642124050665375,0.03160116513030992,0.006086969846547168,0.0012395698720819761,0.0006201651968799557
0.9845,15.613467999998283,245092.5000000003,0.21144999999997674,0.004050000000000004,81.0000000000001,6.370438915918792e-05,0.03153768097300815,0.03149913913993281,0.0062441896871737405,0.001273034672176679,0.0006369215900406156
0.985,15.100279999998403,236015.00000000026,0.20449999999997837,0.003900000000000004,78.0000000000001,6.398017075185216e-05,0.031082115264594846,0.03104584358570635,0.006266503881902883,0.0012784683946587458,0.0006396295754265821
0.9855,14.576015999998525,220885.83333333355,0.19739999999998,0.003650000000000003,73.0000000000001,6.598891282449158e-05,0.031013453412760253,0.030979357305433046,0.006454259161481136,0.0013185483147783812,0.0006596792135832554
0.986,13.99267999999866,208782.50000000017,0.18949999999998185,0.0034500000000000025,69.0000000000001,6.702036808639924e-05,0.030623089562798782,0.030591120020301232,0.006546932393388822,0.0013391132576167151,0.0006700211374844276
0.9865,13.376115999998804,199705.00000000015,0.1811499999999838,0.003300000000000002,66.0000000000001,6.697937457749578e-05,0.02993165350960481,0.02990162241906246,0.006536143466348116,0.001338235502202032,0.000669609682850871
0.987,12.689403999998964,178524.16666666674,0.17184999999998596,0.0029500000000000012,59.000000000000085,7.107947476764934e-05,0.03003222938786596,0.030005124238544012,0.006916704697372726,0.001419981702301925,0.0007105918576786604
0.9875,12.083915999999105,163395.00000000003,0.16364999999998786,0.0027,54.00000000000005,7.395523730835768e-05,0.02989392656896723,0.029869255299744744,0.007178931490607769,0.0014772706163314999,0.00073928858174071
0.988,11.423047999999259,148265.8333333333,0.15469999999998996,0.0024499999999999995,49.000000000000014,7.704437187708515e-05,0.029665787654670914,0.029644012613862698,0.00745688164665637,0.001538795713487716,0.0007701691950004841
0.9885,10.758487999999414,133136.6666666666,0.14569999999999206,0.002199999999999999,43.99999999999998,8.080785158107774e-05,0.029484688995664185,0.02946539547735499,0.007793195604035901,0.0016136804149937461,0.0008077379957460201
0.989,10.197303999999544,127084.99999999993,0.1380999999999938,0.0020999999999999986,41.99999999999997,8.024002832749381e-05,0.028604371653956174,0.028586414282425338,0.0077256005185532455,0.0016022252484451792,0.0008020403343254918
0.9895,9.584431999999687,105904.16666666663,0.12979999999999575,0.0017499999999999992,34.99999999999999,9.05009906755292e-05,0.02945122111858088,0.02943563268379881,0.008650632045667767,0.0018065588687982933,0.0009045556494794758
0.99,9.001095999999823,96826.66666666664,0.1218999999999976,0.0015999999999999994,32.0,9.296091985678695e-05,0.028926186003811378,0.02891228568049222,0.008850042503855278,0.001855333800106457,0.0009291212171724448
0.9905,8.343919999999976,87749.16666666666,0.11299999999999967,0.0014499999999999997,29.000000000000007,9.508831043029822e-05,0.02816707489925923,0.028154844396495272,0.00900905034890832,0.001897387756951957,0.0009503269782617031
0.991,7.697820000000053,78671.66666666667,0.10425000000000072,0.0013,26.000000000000014,9.784742495180458e-05,0.02744425803933098,0.02743354344575326,0.009216217977239441,0.00195192690550292,0.0009778252072843896
0.9915,7.073872000000049,72620.00000000001,0.09580000000000065,0.0012000000000000001,24.000000000000018,9.740941889286763e-05,0.02624955977213406,0.026239983600348262,0.009132154208924707,0.0019427777648811677,0.0009733854582067001
0.992,6.438848000000044,54465.000000000015,0.08720000000000058,0.0009000000000000002,18.000000000000014,0.00011821992105021651,0.027589311474695365,0.027581750440658574,0.010866048307414469,0.002355668904212706,0.001181069196815341
0.9925,5.851820000000039,48413.33333333334,0.07925000000000053,0.0008000000000000001,16.000000000000014,0.00012087207380886887,0.026594983026922606,0.026588317389762497,0.011003643257679599,0.002407417692066438,0.0012074296199964744
0.993,5.102344000000033,45387.50000000001,0.06910000000000045,0.00075,15.000000000000009,0.000112417383640871,0.02394933548586164,0.023944030545471544,0.010176089940809404,0.0022384217674805904,0.0011228938070639068
0.9935,4.4894720000000286,36310.0,0.06080000000000038,0.0006,12.000000000000002,0.0001236428532084833,0.02355988648553321,0.023555142278207195,0.01094784848277005,0.0024592455443293287,0.0012346779176662466
0.994,3.8802920000000243,24206.666666666664,0.052550000000000326,0.0003999999999999999,7.999999999999998,0.00016029848526576801,0.024939360400170626,0.024936750550710395,0.013484092332111602,0.003179636577787952,0.0015995997633443035
0.9945,3.223116000000019,21180.833333333332,0.04365000000000026,0.00034999999999999994,6.999999999999999,0.00015217134988393686,0.022145903371928774,0.02214393443399255,0.012541285502010686,0.003014938517589241,0.00151805557628372
0.995,2.661932000000015,9077.5,0.0360500000000002,0.00015,2.9999999999999996,0.0002932450564582776,0.027937825767349826,0.02793676690746304,0.02022654830060678,0.005739253206666073,0.0029161468464312668
0.9955,2.1229000000000107,9077.5,0.028750000000000143,0.00015,2.9999999999999996,0.00023386394932525592,0.02228073339053948,0.02227928302260286,0.016130977987437393,0.0045771629876840865,0.0023256836413618346
0.996,1.5617160000000063,6051.666666666667,0.021150000000000085,9.999999999999999e-05,2.0,0.0002580637840815213,0.020074552961472432,0.020073800721561712,0.015844508556734894,0.004998300853327143,0.002559358279739806
0.9965,1.0485280000000023,3025.8333333333335,0.01420000000000003,4.9999999999999996e-05,1.0,0.0003465253649132478,0.01906041935716985,0.01906048059889965,0.01670028433588511,0.006512641619294798,0.0034089865502218127
0.997,0.6497919999999994,3025.8333333333335,0.008799999999999992,4.9999999999999996e-05,1.0,0.00021474811346736415,0.011812350251035908,0.01181148866524878,0.010349752050519702,0.0040361699891297235,0.0021127024769028984
0.9975,0.31381999999999954,0.0,0.004249999999999993,0.0,0.0,,0.0,0.0,0.0,0.0,0.0
0.998,0.132912,0.0,0.0018,0.0,0.0,,0.0,0.0,0.0,0.0,0.0
0.9985,0.029536000000000003,0.0,0.0004,0.0,0.0,,0.0,0.0,0.0,0.0,0.0
0.999,0.0,0.0,0.0,0.0,0.0,,0.0,0.0,0.0,0.0,0.0
0.9995,0.0,0.0,0.0,0.0,0.0,,0.0,0.0,0.0,0.0,0.0
1.0,0.0,0.0,0.0,0.0,0.0,,0.0,0.0,0.0,0.0,0.0
